author,seed_short_titles,seed_titles_full,unjournal_evals,n_seed_dois_cited_by_author,n_citing_works_by_author
Esther Duflo,"Cognitive Behavioral Therapy among Ghana's Rural Poor Is Effective Regardless…; Selecting the Most Effective Nudge; The Long-Run Effects of Psychotherapy on Depression, Beliefs, and Economic…; A Welfare Analysis of Policies Impacting Climate Change","Cognitive Behavioral Therapy among Ghana's Rural Poor Is Effective Regardless of Baseline Mental Distress; Selecting the Most Effective Nudge: Evidence from a Large-Scale Experiment on Immunization; The Long-Run Effects of Psychotherapy on Depression, Beliefs, and Economic Outcomes; A Welfare Analysis of Policies Impacting Climate Change",,4,5
Julian Jamison,"Cognitive Behavioral Therapy among Ghana's Rural Poor Is Effective Regardless…; How Effective Is (More) Money? Randomizing Unconditional Cash Transfer Amounts…; Selecting the Most Effective Nudge; The Long-Run Effects of Psychotherapy on Depression, Beliefs, and Economic…","Cognitive Behavioral Therapy among Ghana's Rural Poor Is Effective Regardless of Baseline Mental Distress; How Effective Is (More) Money? Randomizing Unconditional Cash Transfer Amounts in the US; Selecting the Most Effective Nudge: Evidence from a Large-Scale Experiment on Immunization; The Long-Run Effects of Psychotherapy on Depression, Beliefs, and Economic Outcomes",,4,5
Berk Özler,"How Effective Is (More) Money? Randomizing Unconditional Cash Transfer Amounts…; Effects of Emigration on Rural Labor Markets; Selecting the Most Effective Nudge; The Long-Run Effects of Psychotherapy on Depression, Beliefs, and Economic…","How Effective Is (More) Money? Randomizing Unconditional Cash Transfer Amounts in the US; Effects of Emigration on Rural Labor Markets; Selecting the Most Effective Nudge: Evidence from a Large-Scale Experiment on Immunization; The Long-Run Effects of Psychotherapy on Depression, Beliefs, and Economic Outcomes",,4,3
Johannes Haushofer,"Cognitive Behavioral Therapy among Ghana's Rural Poor Is Effective Regardless…; The Comparative Impact of Cash Transfers and a Psychotherapy Program…; The Long-Run Effects of Psychotherapy on Depression, Beliefs, and Economic…","Cognitive Behavioral Therapy among Ghana's Rural Poor Is Effective Regardless of Baseline Mental Distress; The Comparative Impact of Cash Transfers and a Psychotherapy Program on Psychological and Economic Well-being; The Long-Run Effects of Psychotherapy on Depression, Beliefs, and Economic Outcomes",,3,10
Ahmed Mushfiq Mobarak,"Effects of Emigration on Rural Labor Markets; Selecting the Most Effective Nudge; The Long-Run Effects of Psychotherapy on Depression, Beliefs, and Economic…","Effects of Emigration on Rural Labor Markets; Selecting the Most Effective Nudge: Evidence from a Large-Scale Experiment on Immunization; The Long-Run Effects of Psychotherapy on Depression, Beliefs, and Economic Outcomes",,3,8
Dean Karlan,Cognitive Behavioral Therapy among Ghana's Rural Poor Is Effective Regardless…; The Comparative Impact of Cash Transfers and a Psychotherapy Program…; Selecting the Most Effective Nudge,Cognitive Behavioral Therapy among Ghana's Rural Poor Is Effective Regardless of Baseline Mental Distress; The Comparative Impact of Cash Transfers and a Psychotherapy Program on Psychological and Economic Well-being; Selecting the Most Effective Nudge: Evidence from a Large-Scale Experiment on Immunization,,3,7
Vikram Patel,"Cognitive Behavioral Therapy among Ghana's Rural Poor Is Effective Regardless…; The Comparative Impact of Cash Transfers and a Psychotherapy Program…; The Long-Run Effects of Psychotherapy on Depression, Beliefs, and Economic…","Cognitive Behavioral Therapy among Ghana's Rural Poor Is Effective Regardless of Baseline Mental Distress; The Comparative Impact of Cash Transfers and a Psychotherapy Program on Psychological and Economic Well-being; The Long-Run Effects of Psychotherapy on Depression, Beliefs, and Economic Outcomes",,3,6
Abhijit Banerjee,"Cognitive Behavioral Therapy among Ghana's Rural Poor Is Effective Regardless…; Selecting the Most Effective Nudge; The Long-Run Effects of Psychotherapy on Depression, Beliefs, and Economic…","Cognitive Behavioral Therapy among Ghana's Rural Poor Is Effective Regardless of Baseline Mental Distress; Selecting the Most Effective Nudge: Evidence from a Large-Scale Experiment on Immunization; The Long-Run Effects of Psychotherapy on Depression, Beliefs, and Economic Outcomes",,3,5
Asad Islam,"Cognitive Behavioral Therapy among Ghana's Rural Poor Is Effective Regardless…; The Comparative Impact of Cash Transfers and a Psychotherapy Program…; The Long-Run Effects of Psychotherapy on Depression, Beliefs, and Economic…","Cognitive Behavioral Therapy among Ghana's Rural Poor Is Effective Regardless of Baseline Mental Distress; The Comparative Impact of Cash Transfers and a Psychotherapy Program on Psychological and Economic Well-being; The Long-Run Effects of Psychotherapy on Depression, Beliefs, and Economic Outcomes",,3,5
David E. Bloom,Advance Market Commitments; Advance Market Commitments; Economic vs. Epidemiological Approaches to Measuring the Human Capital Impacts…,Advance Market Commitments: Insights from Theory and Experience; Advance Market Commitments: Insights from Theory and Experience; Economic vs. Epidemiological Approaches to Measuring the Human Capital Impacts of Infectious Disease Elimination,,3,5
David Manheim,Advance Market Commitments; Towards best practices in AGI safety and governance,Advance Market Commitments: Insights from Theory and Experience; Towards best practices in AGI safety and governance: A survey of expert opinion,,3,5
Gharad Bryan,Effects of Emigration on Rural Labor Markets; The Comparative Impact of Cash Transfers and a Psychotherapy Program…; Selecting the Most Effective Nudge,Effects of Emigration on Rural Labor Markets; The Comparative Impact of Cash Transfers and a Psychotherapy Program on Psychological and Economic Well-being; Selecting the Most Effective Nudge: Evidence from a Large-Scale Experiment on Immunization,,3,5
Kate Orkin,"Cognitive Behavioral Therapy among Ghana's Rural Poor Is Effective Regardless…; The Comparative Impact of Cash Transfers and a Psychotherapy Program…; The Long-Run Effects of Psychotherapy on Depression, Beliefs, and Economic…","Cognitive Behavioral Therapy among Ghana's Rural Poor Is Effective Regardless of Baseline Mental Distress; The Comparative Impact of Cash Transfers and a Psychotherapy Program on Psychological and Economic Well-being; The Long-Run Effects of Psychotherapy on Depression, Beliefs, and Economic Outcomes",,3,5
Tabassum Rahman,"Cognitive Behavioral Therapy among Ghana's Rural Poor Is Effective Regardless…; The Comparative Impact of Cash Transfers and a Psychotherapy Program…; The Long-Run Effects of Psychotherapy on Depression, Beliefs, and Economic…","Cognitive Behavioral Therapy among Ghana's Rural Poor Is Effective Regardless of Baseline Mental Distress; The Comparative Impact of Cash Transfers and a Psychotherapy Program on Psychological and Economic Well-being; The Long-Run Effects of Psychotherapy on Depression, Beliefs, and Economic Outcomes",,3,5
Christopher Blattman,"Cognitive Behavioral Therapy among Ghana's Rural Poor Is Effective Regardless…; How Effective Is (More) Money? Randomizing Unconditional Cash Transfer Amounts…; The Long-Run Effects of Psychotherapy on Depression, Beliefs, and Economic…","Cognitive Behavioral Therapy among Ghana's Rural Poor Is Effective Regardless of Baseline Mental Distress; How Effective Is (More) Money? Randomizing Unconditional Cash Transfer Amounts in the US; The Long-Run Effects of Psychotherapy on Depression, Beliefs, and Economic Outcomes",,3,4
Crick Lund,"Cognitive Behavioral Therapy among Ghana's Rural Poor Is Effective Regardless…; The Comparative Impact of Cash Transfers and a Psychotherapy Program…; The Long-Run Effects of Psychotherapy on Depression, Beliefs, and Economic…","Cognitive Behavioral Therapy among Ghana's Rural Poor Is Effective Regardless of Baseline Mental Distress; The Comparative Impact of Cash Transfers and a Psychotherapy Program on Psychological and Economic Well-being; The Long-Run Effects of Psychotherapy on Depression, Beliefs, and Economic Outcomes",,3,4
Judith Bass,"Cognitive Behavioral Therapy among Ghana's Rural Poor Is Effective Regardless…; The Comparative Impact of Cash Transfers and a Psychotherapy Program…; The Long-Run Effects of Psychotherapy on Depression, Beliefs, and Economic…","Cognitive Behavioral Therapy among Ghana's Rural Poor Is Effective Regardless of Baseline Mental Distress; The Comparative Impact of Cash Transfers and a Psychotherapy Program on Psychological and Economic Well-being; The Long-Run Effects of Psychotherapy on Depression, Beliefs, and Economic Outcomes",,3,4
Margaret A. Sheridan,"Cognitive Behavioral Therapy among Ghana's Rural Poor Is Effective Regardless…; How Effective Is (More) Money? Randomizing Unconditional Cash Transfer Amounts…; The Long-Run Effects of Psychotherapy on Depression, Beliefs, and Economic…","Cognitive Behavioral Therapy among Ghana's Rural Poor Is Effective Regardless of Baseline Mental Distress; How Effective Is (More) Money? Randomizing Unconditional Cash Transfer Amounts in the US; The Long-Run Effects of Psychotherapy on Depression, Beliefs, and Economic Outcomes",,3,4
Nathan Barker,Cognitive Behavioral Therapy among Ghana's Rural Poor Is Effective Regardless…; Effects of Emigration on Rural Labor Markets; The Comparative Impact of Cash Transfers and a Psychotherapy Program…,Cognitive Behavioral Therapy among Ghana's Rural Poor Is Effective Regardless of Baseline Mental Distress; Effects of Emigration on Rural Labor Markets; The Comparative Impact of Cash Transfers and a Psychotherapy Program on Psychological and Economic Well-being,,3,4
Wietse A. Tol,"Cognitive Behavioral Therapy among Ghana's Rural Poor Is Effective Regardless…; The Comparative Impact of Cash Transfers and a Psychotherapy Program…; The Long-Run Effects of Psychotherapy on Depression, Beliefs, and Economic…","Cognitive Behavioral Therapy among Ghana's Rural Poor Is Effective Regardless of Baseline Mental Distress; The Comparative Impact of Cash Transfers and a Psychotherapy Program on Psychological and Economic Well-being; The Long-Run Effects of Psychotherapy on Depression, Beliefs, and Economic Outcomes",,3,4
Abu Bakkar Siddique,"Cognitive Behavioral Therapy among Ghana's Rural Poor Is Effective Regardless…; The Comparative Impact of Cash Transfers and a Psychotherapy Program…; The Long-Run Effects of Psychotherapy on Depression, Beliefs, and Economic…","Cognitive Behavioral Therapy among Ghana's Rural Poor Is Effective Regardless of Baseline Mental Distress; The Comparative Impact of Cash Transfers and a Psychotherapy Program on Psychological and Economic Well-being; The Long-Run Effects of Psychotherapy on Depression, Beliefs, and Economic Outcomes",,3,3
David Reinstein,"Advance Market Commitments; Effects of Emigration on Rural Labor Markets; When do ""Nudges"" Increase Welfare?","Advance Market Commitments: Insights from Theory and Experience; Effects of Emigration on Rural Labor Markets; When do ""Nudges"" Increase Welfare?",,3,3
Frank Schilbach,"Cognitive Behavioral Therapy among Ghana's Rural Poor Is Effective Regardless…; The Comparative Impact of Cash Transfers and a Psychotherapy Program…; The Long-Run Effects of Psychotherapy on Depression, Beliefs, and Economic…","Cognitive Behavioral Therapy among Ghana's Rural Poor Is Effective Regardless of Baseline Mental Distress; The Comparative Impact of Cash Transfers and a Psychotherapy Program on Psychological and Economic Well-being; The Long-Run Effects of Psychotherapy on Depression, Beliefs, and Economic Outcomes",,3,3
John A. List,"Effects of Emigration on Rural Labor Markets; When do ""Nudges"" Increase Welfare?; Cash Transfers for Child Development","Effects of Emigration on Rural Labor Markets; When do ""Nudges"" Increase Welfare?; Cash Transfers for Child Development: Experimental Evidence from India",,3,3
John R. Walker,"Cognitive Behavioral Therapy among Ghana's Rural Poor Is Effective Regardless…; The Comparative Impact of Cash Transfers and a Psychotherapy Program…; The Long-Run Effects of Psychotherapy on Depression, Beliefs, and Economic…","Cognitive Behavioral Therapy among Ghana's Rural Poor Is Effective Regardless of Baseline Mental Distress; The Comparative Impact of Cash Transfers and a Psychotherapy Program on Psychological and Economic Well-being; The Long-Run Effects of Psychotherapy on Depression, Beliefs, and Economic Outcomes",,3,3
Laura Murray,"Cognitive Behavioral Therapy among Ghana's Rural Poor Is Effective Regardless…; The Comparative Impact of Cash Transfers and a Psychotherapy Program…; The Long-Run Effects of Psychotherapy on Depression, Beliefs, and Economic…","Cognitive Behavioral Therapy among Ghana's Rural Poor Is Effective Regardless of Baseline Mental Distress; The Comparative Impact of Cash Transfers and a Psychotherapy Program on Psychological and Economic Well-being; The Long-Run Effects of Psychotherapy on Depression, Beliefs, and Economic Outcomes",,3,3
Mahreen Mahmud,"Cognitive Behavioral Therapy among Ghana's Rural Poor Is Effective Regardless…; Selecting the Most Effective Nudge; The Long-Run Effects of Psychotherapy on Depression, Beliefs, and Economic…","Cognitive Behavioral Therapy among Ghana's Rural Poor Is Effective Regardless of Baseline Mental Distress; Selecting the Most Effective Nudge: Evidence from a Large-Scale Experiment on Immunization; The Long-Run Effects of Psychotherapy on Depression, Beliefs, and Economic Outcomes",,3,3
Marc Witte,"Cognitive Behavioral Therapy among Ghana's Rural Poor Is Effective Regardless…; The Comparative Impact of Cash Transfers and a Psychotherapy Program…; The Long-Run Effects of Psychotherapy on Depression, Beliefs, and Economic…","Cognitive Behavioral Therapy among Ghana's Rural Poor Is Effective Regardless of Baseline Mental Distress; The Comparative Impact of Cash Transfers and a Psychotherapy Program on Psychological and Economic Well-being; The Long-Run Effects of Psychotherapy on Depression, Beliefs, and Economic Outcomes",,3,3
Sarah M. Murray,"Cognitive Behavioral Therapy among Ghana's Rural Poor Is Effective Regardless…; The Comparative Impact of Cash Transfers and a Psychotherapy Program…; The Long-Run Effects of Psychotherapy on Depression, Beliefs, and Economic…","Cognitive Behavioral Therapy among Ghana's Rural Poor Is Effective Regardless of Baseline Mental Distress; The Comparative Impact of Cash Transfers and a Psychotherapy Program on Psychological and Economic Well-being; The Long-Run Effects of Psychotherapy on Depression, Beliefs, and Economic Outcomes",,3,3
Thandi Davies,"Cognitive Behavioral Therapy among Ghana's Rural Poor Is Effective Regardless…; The Comparative Impact of Cash Transfers and a Psychotherapy Program…; The Long-Run Effects of Psychotherapy on Depression, Beliefs, and Economic…","Cognitive Behavioral Therapy among Ghana's Rural Poor Is Effective Regardless of Baseline Mental Distress; The Comparative Impact of Cash Transfers and a Psychotherapy Program on Psychological and Economic Well-being; The Long-Run Effects of Psychotherapy on Depression, Beliefs, and Economic Outcomes",,3,3
Francesco Capozza,"Information Avoidance and Moral Behavior; The Comparative Impact of Cash Transfers and a Psychotherapy Program…; The Long-Run Effects of Psychotherapy on Depression, Beliefs, and Economic…","Information Avoidance and Moral Behavior: Experimental Evidence from Food Choices; The Comparative Impact of Cash Transfers and a Psychotherapy Program on Psychological and Economic Well-being; The Long-Run Effects of Psychotherapy on Depression, Beliefs, and Economic Outcomes",,3,2
Luca Parisotto,"How Effective Is (More) Money? Randomizing Unconditional Cash Transfer Amounts…; Selecting the Most Effective Nudge; The Long-Run Effects of Psychotherapy on Depression, Beliefs, and Economic…","How Effective Is (More) Money? Randomizing Unconditional Cash Transfer Amounts in the US; Selecting the Most Effective Nudge: Evidence from a Large-Scale Experiment on Immunization; The Long-Run Effects of Psychotherapy on Depression, Beliefs, and Economic Outcomes",,3,2
Sarah Baird,"How Effective Is (More) Money? Randomizing Unconditional Cash Transfer Amounts…; Effects of Emigration on Rural Labor Markets; The Long-Run Effects of Psychotherapy on Depression, Beliefs, and Economic…","How Effective Is (More) Money? Randomizing Unconditional Cash Transfer Amounts in the US; Effects of Emigration on Rural Labor Markets; The Long-Run Effects of Psychotherapy on Depression, Beliefs, and Economic Outcomes",,3,2
Michael Mulford,"Cognitive Behavioral Therapy among Ghana's Rural Poor Is Effective Regardless…; The Comparative Impact of Cash Transfers and a Psychotherapy Program…; The Long-Run Effects of Psychotherapy on Depression, Beliefs, and Economic…","Cognitive Behavioral Therapy among Ghana's Rural Poor Is Effective Regardless of Baseline Mental Distress; The Comparative Impact of Cash Transfers and a Psychotherapy Program on Psychological and Economic Well-being; The Long-Run Effects of Psychotherapy on Depression, Beliefs, and Economic Outcomes",,3,1
Ugo Gentilini,How Effective Is (More) Money? Randomizing Unconditional Cash Transfer Amounts…; The Comparative Impact of Cash Transfers and a Psychotherapy Program…,How Effective Is (More) Money? Randomizing Unconditional Cash Transfer Amounts in the US; The Comparative Impact of Cash Transfers and a Psychotherapy Program on Psychological and Economic Well-being,,2,18
David Denkenberger,Long term cost-effectiveness of resilient foods for global catastrophes compared…; Long Term Cost-Effectiveness of Resilient Foods for Global Catastrophes Compared…,Long term cost-effectiveness of resilient foods for global catastrophes compared to artificial general intelligence safety; Long Term Cost-Effectiveness of Resilient Foods for Global Catastrophes Compared to Artificial General Intelligence Safety,,2,9
Matthew O. Jackson,Selecting the Most Effective Nudge,Selecting the Most Effective Nudge: Evidence from a Large-Scale Experiment on Immunization,,2,7
Christopher B. Barrett,Money (Not) to Burn; Advance Market Commitments,Money (Not) to Burn: Payments for Ecosystem Services to Reduce Crop Residue Burning; Advance Market Commitments: Insights from Theory and Experience,,2,6
Corey Vernot,"Effects of Emigration on Rural Labor Markets; The Long-Run Effects of Psychotherapy on Depression, Beliefs, and Economic…","Effects of Emigration on Rural Labor Markets; The Long-Run Effects of Psychotherapy on Depression, Beliefs, and Economic Outcomes",,2,5
Joshua M. Pearce,Long term cost-effectiveness of resilient foods for global catastrophes compared…; Long Term Cost-Effectiveness of Resilient Foods for Global Catastrophes Compared…,Long term cost-effectiveness of resilient foods for global catastrophes compared to artificial general intelligence safety; Long Term Cost-Effectiveness of Resilient Foods for Global Catastrophes Compared to Artificial General Intelligence Safety,,2,5
Nicolas Treich,The animal welfare cost of meat; Information Avoidance and Moral Behavior,The animal welfare cost of meat: evidence from a survey of hypothetical scenarios among Belgian consumers; Information Avoidance and Moral Behavior: Experimental Evidence from Food Choices,,2,5
Romain Espinosa,The animal welfare cost of meat; Information Avoidance and Moral Behavior,The animal welfare cost of meat: evidence from a survey of hypothetical scenarios among Belgian consumers; Information Avoidance and Moral Behavior: Experimental Evidence from Food Choices,,2,5
Ross Tieman,Long term cost-effectiveness of resilient foods for global catastrophes compared…; Long Term Cost-Effectiveness of Resilient Foods for Global Catastrophes Compared…,Long term cost-effectiveness of resilient foods for global catastrophes compared to artificial general intelligence safety; Long Term Cost-Effectiveness of Resilient Foods for Global Catastrophes Compared to Artificial General Intelligence Safety,,2,5
Erin Kelley,"Effects of Emigration on Rural Labor Markets; The Long-Run Effects of Psychotherapy on Depression, Beliefs, and Economic…","Effects of Emigration on Rural Labor Markets; The Long-Run Effects of Psychotherapy on Depression, Beliefs, and Economic Outcomes",,2,4
Giovanna D’Adda,Information Avoidance and Moral Behavior; Selecting the Most Effective Nudge,Information Avoidance and Moral Behavior: Experimental Evidence from Food Choices; Selecting the Most Effective Nudge: Evidence from a Large-Scale Experiment on Immunization,,2,4
Olivier Sterck,Effects of Emigration on Rural Labor Markets; Selecting the Most Effective Nudge,Effects of Emigration on Rural Labor Markets; Selecting the Most Effective Nudge: Evidence from a Large-Scale Experiment on Immunization,,2,4
Christopher Udry,Cognitive Behavioral Therapy among Ghana's Rural Poor Is Effective Regardless…; The Comparative Impact of Cash Transfers and a Psychotherapy Program…,Cognitive Behavioral Therapy among Ghana's Rural Poor Is Effective Regardless of Baseline Mental Distress; The Comparative Impact of Cash Transfers and a Psychotherapy Program on Psychological and Economic Well-being,,2,3
Dennis Egger,"Effects of Emigration on Rural Labor Markets; The Long-Run Effects of Psychotherapy on Depression, Beliefs, and Economic…","Effects of Emigration on Rural Labor Markets; The Long-Run Effects of Psychotherapy on Depression, Beliefs, and Economic Outcomes",,2,3
Emily Breza,Effects of Emigration on Rural Labor Markets; Selecting the Most Effective Nudge,Effects of Emigration on Rural Labor Markets; Selecting the Most Effective Nudge: Evidence from a Large-Scale Experiment on Immunization,,2,3
Fatima Zahra,"Effects of Emigration on Rural Labor Markets; The Long-Run Effects of Psychotherapy on Depression, Beliefs, and Economic…","Effects of Emigration on Rural Labor Markets; The Long-Run Effects of Psychotherapy on Depression, Beliefs, and Economic Outcomes",,2,3
Gaurav Khanna,Effects of Emigration on Rural Labor Markets; The Comparative Impact of Cash Transfers and a Psychotherapy Program…,Effects of Emigration on Rural Labor Markets; The Comparative Impact of Cash Transfers and a Psychotherapy Program on Psychological and Economic Well-being,,2,3
Gregory Lane,"Effects of Emigration on Rural Labor Markets; The Long-Run Effects of Psychotherapy on Depression, Beliefs, and Economic…","Effects of Emigration on Rural Labor Markets; The Long-Run Effects of Psychotherapy on Depression, Beliefs, and Economic Outcomes",,2,3
Howard White,Advance Market Commitments; Effects of Emigration on Rural Labor Markets,Advance Market Commitments: Insights from Theory and Experience; Effects of Emigration on Rural Labor Markets,,2,3
Jenny C. Aker,Selecting the Most Effective Nudge; Building Resilient Education Systems,Selecting the Most Effective Nudge: Evidence from a Large-Scale Experiment on Immunization; Building Resilient Education Systems: Evidence from Large-Scale Randomized Trials in Five Countries,,2,3
Jessica Leight,The Comparative Impact of Cash Transfers and a Psychotherapy Program…; Selecting the Most Effective Nudge,The Comparative Impact of Cash Transfers and a Psychotherapy Program on Psychological and Economic Well-being; Selecting the Most Effective Nudge: Evidence from a Large-Scale Experiment on Immunization,,2,3
Joël Cariolle,Selecting the Most Effective Nudge; Building Resilient Education Systems,Selecting the Most Effective Nudge: Evidence from a Large-Scale Experiment on Immunization; Building Resilient Education Systems: Evidence from Large-Scale Randomized Trials in Five Countries,,2,3
Liu Yong,Effects of Emigration on Rural Labor Markets,Effects of Emigration on Rural Labor Markets,,2,3
Maarten Voors,"The Comparative Impact of Cash Transfers and a Psychotherapy Program…; The Long-Run Effects of Psychotherapy on Depression, Beliefs, and Economic…","The Comparative Impact of Cash Transfers and a Psychotherapy Program on Psychological and Economic Well-being; The Long-Run Effects of Psychotherapy on Depression, Beliefs, and Economic Outcomes",,2,3
Massimo Tavoni,Information Avoidance and Moral Behavior; Selecting the Most Effective Nudge,Information Avoidance and Moral Behavior: Experimental Evidence from Food Choices; Selecting the Most Effective Nudge: Evidence from a Large-Scale Experiment on Immunization,,2,3
Patricio Domínguez,The Comparative Impact of Cash Transfers and a Psychotherapy Program…; Selecting the Most Effective Nudge,The Comparative Impact of Cash Transfers and a Psychotherapy Program on Psychological and Economic Well-being; Selecting the Most Effective Nudge: Evidence from a Large-Scale Experiment on Immunization,,2,3
Reshmaan Hussam,"Effects of Emigration on Rural Labor Markets; The Long-Run Effects of Psychotherapy on Depression, Beliefs, and Economic…","Effects of Emigration on Rural Labor Markets; The Long-Run Effects of Psychotherapy on Depression, Beliefs, and Economic Outcomes",,2,3
Santiago M. Perez‐Vincent,The Comparative Impact of Cash Transfers and a Psychotherapy Program…; Selecting the Most Effective Nudge,The Comparative Impact of Cash Transfers and a Psychotherapy Program on Psychological and Economic Well-being; Selecting the Most Effective Nudge: Evidence from a Large-Scale Experiment on Immunization,,2,3
Sebastián Chaskel,"Cognitive Behavioral Therapy among Ghana's Rural Poor Is Effective Regardless…; The Long-Run Effects of Psychotherapy on Depression, Beliefs, and Economic…","Cognitive Behavioral Therapy among Ghana's Rural Poor Is Effective Regardless of Baseline Mental Distress; The Long-Run Effects of Psychotherapy on Depression, Beliefs, and Economic Outcomes",,2,3
Thanh Lê,Biodiversity Risk,Biodiversity Risk,,2,3
Vincent Reina,How Effective Is (More) Money? Randomizing Unconditional Cash Transfer Amounts…; The Comparative Impact of Cash Transfers and a Psychotherapy Program…,How Effective Is (More) Money? Randomizing Unconditional Cash Transfer Amounts in the US; The Comparative Impact of Cash Transfers and a Psychotherapy Program on Psychological and Economic Well-being,,2,3
Wim Naudé,Stagnation and Scientific Incentives,Stagnation and Scientific Incentives,,2,3
Лілія Нікіфорова,Stagnation and Scientific Incentives; Choose Your Moments,Stagnation and Scientific Incentives; Choose Your Moments: Peer Review and Scientific Risk Taking,,2,3
Anatoliy A. Shiyan,Stagnation and Scientific Incentives; Choose Your Moments,Stagnation and Scientific Incentives; Choose Your Moments: Peer Review and Scientific Risk Taking,,2,2
Anonymous Anonymous,"Legalizing Entrepreneurship; When do ""Nudges"" Increase Welfare?","Legalizing Entrepreneurship; When do ""Nudges"" Increase Welfare?",,2,2
Anton Korinek,Towards best practices in AGI safety and governance,Towards best practices in AGI safety and governance: A survey of expert opinion,,2,2
Bei Liu,Does the Squeaky Wheel Get More Grease? The Direct and…,Does the Squeaky Wheel Get More Grease? The Direct and Indirect Effects of Citizen Participation on Environmental Governance in China,,2,2
Caroline Flammer,The Governance of Nonprofits and Their Social Impact; Biodiversity Risk,The Governance of Nonprofits and Their Social Impact: Evidence from a Randomized Program in Healthcare in the Democratic Republic of Congo; Biodiversity Risk,,2,2
Christopher M. Snyder,Advance Market Commitments; Advance Market Commitments,Advance Market Commitments: Insights from Theory and Experience; Advance Market Commitments: Insights from Theory and Experience,,2,2
Daniel Salicath,"Cognitive Behavioral Therapy among Ghana's Rural Poor Is Effective Regardless…; The Long-Run Effects of Psychotherapy on Depression, Beliefs, and Economic…","Cognitive Behavioral Therapy among Ghana's Rural Poor Is Effective Regardless of Baseline Mental Distress; The Long-Run Effects of Psychotherapy on Depression, Beliefs, and Economic Outcomes",,2,2
Dayong Zhang,Does the Squeaky Wheel Get More Grease? The Direct and…; Biodiversity Risk,Does the Squeaky Wheel Get More Grease? The Direct and Indirect Effects of Citizen Participation on Environmental Governance in China; Biodiversity Risk,,2,2
Dimitrios Gouglas,Advance Market Commitments; Advance Market Commitments,Advance Market Commitments: Insights from Theory and Experience; Advance Market Commitments: Insights from Theory and Experience,,2,2
Elisa M. Maffioli,Selecting the Most Effective Nudge; Water Treatment And Child Mortality,Selecting the Most Effective Nudge: Evidence from a Large-Scale Experiment on Immunization; Water Treatment And Child Mortality: A Meta-Analysis And Cost-effectiveness Analysis,,2,2
Erin Grela,"Cognitive Behavioral Therapy among Ghana's Rural Poor Is Effective Regardless…; The Long-Run Effects of Psychotherapy on Depression, Beliefs, and Economic…","Cognitive Behavioral Therapy among Ghana's Rural Poor Is Effective Regardless of Baseline Mental Distress; The Long-Run Effects of Psychotherapy on Depression, Beliefs, and Economic Outcomes",,2,2
Felix Stein,Advance Market Commitments; Advance Market Commitments,Advance Market Commitments: Insights from Theory and Experience; Advance Market Commitments: Insights from Theory and Experience,,2,2
Francisco Gallego,The Comparative Impact of Cash Transfers and a Psychotherapy Program…; Building Resilient Education Systems,The Comparative Impact of Cash Transfers and a Psychotherapy Program on Psychological and Economic Well-being; Building Resilient Education Systems: Evidence from Large-Scale Randomized Trials in Five Countries,,2,2
Frederico Finan,Selecting the Most Effective Nudge; A Welfare Analysis of Policies Impacting Climate Change,Selecting the Most Effective Nudge: Evidence from a Large-Scale Experiment on Immunization; A Welfare Analysis of Policies Impacting Climate Change,,2,2
Garima Sharma,"Cognitive Behavioral Therapy among Ghana's Rural Poor Is Effective Regardless…; The Long-Run Effects of Psychotherapy on Depression, Beliefs, and Economic…","Cognitive Behavioral Therapy among Ghana's Rural Poor Is Effective Regardless of Baseline Mental Distress; The Long-Run Effects of Psychotherapy on Depression, Beliefs, and Economic Outcomes",,2,2
Girija Vaidyanathan,"Cognitive Behavioral Therapy among Ghana's Rural Poor Is Effective Regardless…; The Long-Run Effects of Psychotherapy on Depression, Beliefs, and Economic…","Cognitive Behavioral Therapy among Ghana's Rural Poor Is Effective Regardless of Baseline Mental Distress; The Long-Run Effects of Psychotherapy on Depression, Beliefs, and Economic Outcomes",,2,2
Hitoshi Shigeoka,Cognitive Behavioral Therapy among Ghana's Rural Poor Is Effective Regardless…; Urban Forests,Cognitive Behavioral Therapy among Ghana's Rural Poor Is Effective Regardless of Baseline Mental Distress; Urban Forests: Environmental Health Values and Risks,,2,2
Jules Gazeaud,Effects of Emigration on Rural Labor Markets; Water Treatment And Child Mortality,Effects of Emigration on Rural Labor Markets; Water Treatment And Child Mortality: A Meta-Analysis And Cost-effectiveness Analysis,,2,2
Kelsey Wright,Cognitive Behavioral Therapy among Ghana's Rural Poor Is Effective Regardless…; The Comparative Impact of Cash Transfers and a Psychotherapy Program…,Cognitive Behavioral Therapy among Ghana's Rural Poor Is Effective Regardless of Baseline Mental Distress; The Comparative Impact of Cash Transfers and a Psychotherapy Program on Psychological and Economic Well-being,,2,2
Kendall Hoyt,Advance Market Commitments; Advance Market Commitments,Advance Market Commitments: Insights from Theory and Experience; Advance Market Commitments: Insights from Theory and Experience,,2,2
Klaus Prettner,Advance Market Commitments; Advance Market Commitments,Advance Market Commitments: Insights from Theory and Experience; Advance Market Commitments: Insights from Theory and Experience,,2,2
Luke Kemp,Population ethical intuitions; Long term cost-effectiveness of resilient foods for global catastrophes compared…,Population ethical intuitions; Long term cost-effectiveness of resilient foods for global catastrophes compared to artificial general intelligence safety,,2,2
Madeline McKelway,"Cognitive Behavioral Therapy among Ghana's Rural Poor Is Effective Regardless…; The Long-Run Effects of Psychotherapy on Depression, Beliefs, and Economic…","Cognitive Behavioral Therapy among Ghana's Rural Poor Is Effective Regardless of Baseline Mental Distress; The Long-Run Effects of Psychotherapy on Depression, Beliefs, and Economic Outcomes",,2,2
Marcella Alsan,Do Celebrity Endorsements Matter? A Twitter Experiment Promoting Vaccination in…; Selecting the Most Effective Nudge,Do Celebrity Endorsements Matter? A Twitter Experiment Promoting Vaccination in Indonesia; Selecting the Most Effective Nudge: Evidence from a Large-Scale Experiment on Immunization,,2,2
Mark J. D. Jordans,"Cognitive Behavioral Therapy among Ghana's Rural Poor Is Effective Regardless…; The Long-Run Effects of Psychotherapy on Depression, Beliefs, and Economic…","Cognitive Behavioral Therapy among Ghana's Rural Poor Is Effective Regardless of Baseline Mental Distress; The Long-Run Effects of Psychotherapy on Depression, Beliefs, and Economic Outcomes",,2,2
Maryam Kouchaki,Population ethical intuitions; The Comparative Impact of Cash Transfers and a Psychotherapy Program…,Population ethical intuitions; The Comparative Impact of Cash Transfers and a Psychotherapy Program on Psychological and Economic Well-being,,2,2
Matthew J. Kotchen,Advance Market Commitments; A Welfare Analysis of Policies Impacting Climate Change,Advance Market Commitments: Insights from Theory and Experience; A Welfare Analysis of Policies Impacting Climate Change,,2,2
Matthias Kalkuhl,The Macroeconomic Impact of Climate Change,The Macroeconomic Impact of Climate Change: Global vs. Local Temperature,,2,2
Matthias Rodemeier,"When do ""Nudges"" Increase Welfare?; Biodiversity Risk","When do ""Nudges"" Increase Welfare?; Biodiversity Risk",,2,2
Maulik Jagnani,Money (Not) to Burn; Effects of Emigration on Rural Labor Markets,Money (Not) to Burn: Payments for Ecosystem Services to Reduce Crop Residue Burning; Effects of Emigration on Rural Labor Markets,,2,2
Michael Kremer,Advance Market Commitments; Advance Market Commitments,Advance Market Commitments: Insights from Theory and Experience; Advance Market Commitments: Insights from Theory and Experience,,2,2
Michael Kühn,Advance Market Commitments; Advance Market Commitments,Advance Market Commitments: Insights from Theory and Experience; Advance Market Commitments: Insights from Theory and Experience,,2,2
Mika Akesaka,Cognitive Behavioral Therapy among Ghana's Rural Poor Is Effective Regardless…; Urban Forests,Cognitive Behavioral Therapy among Ghana's Rural Poor Is Effective Regardless of Baseline Mental Distress; Urban Forests: Environmental Health Values and Risks,,2,2
Ming‐ang Zhang,Does the Squeaky Wheel Get More Grease? The Direct and…; Urban Forests,Does the Squeaky Wheel Get More Grease? The Direct and Indirect Effects of Citizen Participation on Environmental Governance in China; Urban Forests: Environmental Health Values and Risks,,2,2
Nikita Zakharov,How Effective Is (More) Money? Randomizing Unconditional Cash Transfer Amounts…; Misperceptions and Demand for Democracy under Authoritarianism,How Effective Is (More) Money? Randomizing Unconditional Cash Transfer Amounts in the US; Misperceptions and Demand for Democracy under Authoritarianism,,2,2
Peter Schwardmann,"Information Avoidance and Moral Behavior; The Long-Run Effects of Psychotherapy on Depression, Beliefs, and Economic…","Information Avoidance and Moral Behavior: Experimental Evidence from Food Choices; The Long-Run Effects of Psychotherapy on Depression, Beliefs, and Economic Outcomes",,2,2
Qiang Ji,Does the Squeaky Wheel Get More Grease? The Direct and…; Biodiversity Risk,Does the Squeaky Wheel Get More Grease? The Direct and Indirect Effects of Citizen Participation on Environmental Governance in China; Biodiversity Risk,,2,2
Qiang Wang,Biodiversity Risk,Biodiversity Risk,,2,2
Richard Sedlmayr,"Cognitive Behavioral Therapy among Ghana's Rural Poor Is Effective Regardless…; The Long-Run Effects of Psychotherapy on Depression, Beliefs, and Economic…","Cognitive Behavioral Therapy among Ghana's Rural Poor Is Effective Regardless of Baseline Mental Distress; The Long-Run Effects of Psychotherapy on Depression, Beliefs, and Economic Outcomes",,2,2
Rob Garlick,"Cognitive Behavioral Therapy among Ghana's Rural Poor Is Effective Regardless…; The Long-Run Effects of Psychotherapy on Depression, Beliefs, and Economic…","Cognitive Behavioral Therapy among Ghana's Rural Poor Is Effective Regardless of Baseline Mental Distress; The Long-Run Effects of Psychotherapy on Depression, Beliefs, and Economic Outcomes",,2,2
Rohini Pande,Effects of Emigration on Rural Labor Markets; Intergenerational Child Mortality Impacts of Deworming,Effects of Emigration on Rural Labor Markets; Intergenerational Child Mortality Impacts of Deworming: Experimental Evidence from Two Decades of the Kenya Life Panel Survey,,2,2
Samantha Kassirer,Population ethical intuitions; The Comparative Impact of Cash Transfers and a Psychotherapy Program…,Population ethical intuitions; The Comparative Impact of Cash Transfers and a Psychotherapy Program on Psychological and Economic Well-being,,2,2
Seán Ó hÉigeartaigh,Stagnation and Scientific Incentives; Towards best practices in AGI safety and governance,Stagnation and Scientific Incentives; Towards best practices in AGI safety and governance: A survey of expert opinion,,2,2
Shuangyan Li,Does the Squeaky Wheel Get More Grease? The Direct and…,Does the Squeaky Wheel Get More Grease? The Direct and Indirect Effects of Citizen Participation on Environmental Governance in China,,2,2
Siddhartha Roy,The Effect of Lead Exposure on Children’s Learning in the…; Stagnation and Scientific Incentives,The Effect of Lead Exposure on Children’s Learning in the Developing World: A Meta-Analysis; Stagnation and Scientific Incentives,,2,2
Sihan Zhang,Does the Squeaky Wheel Get More Grease? The Direct and…; Urban Forests,Does the Squeaky Wheel Get More Grease? The Direct and Indirect Effects of Citizen Participation on Environmental Governance in China; Urban Forests: Environmental Health Values and Risks,,2,2
Sofia Amaral,The Comparative Impact of Cash Transfers and a Psychotherapy Program…; Selecting the Most Effective Nudge,The Comparative Impact of Cash Transfers and a Psychotherapy Program on Psychological and Economic Well-being; Selecting the Most Effective Nudge: Evidence from a Large-Scale Experiment on Immunization,,2,2
Stefan Dercon,"Cognitive Behavioral Therapy among Ghana's Rural Poor Is Effective Regardless…; The Long-Run Effects of Psychotherapy on Depression, Beliefs, and Economic…","Cognitive Behavioral Therapy among Ghana's Rural Poor Is Effective Regardless of Baseline Mental Distress; The Long-Run Effects of Psychotherapy on Depression, Beliefs, and Economic Outcomes",,2,2
Stuart Russell,Towards best practices in AGI safety and governance,Towards best practices in AGI safety and governance: A survey of expert opinion,,2,2
Susan Athey,Advance Market Commitments; Selecting the Most Effective Nudge,Advance Market Commitments: Insights from Theory and Experience; Selecting the Most Effective Nudge: Evidence from a Large-Scale Experiment on Immunization,,2,2
Sutanuka Roy,"When do ""Nudges"" Increase Welfare?; Cash Transfers for Child Development","When do ""Nudges"" Increase Welfare?; Cash Transfers for Child Development: Experimental Evidence from India",,2,2
Tanvir Ahmed Mozumder,"Cognitive Behavioral Therapy among Ghana's Rural Poor Is Effective Regardless…; The Long-Run Effects of Psychotherapy on Depression, Beliefs, and Economic…","Cognitive Behavioral Therapy among Ghana's Rural Poor Is Effective Regardless of Baseline Mental Distress; The Long-Run Effects of Psychotherapy on Depression, Beliefs, and Economic Outcomes",,2,2
Tanvir Shatil,"Cognitive Behavioral Therapy among Ghana's Rural Poor Is Effective Regardless…; The Long-Run Effects of Psychotherapy on Depression, Beliefs, and Economic…","Cognitive Behavioral Therapy among Ghana's Rural Poor Is Effective Regardless of Baseline Mental Distress; The Long-Run Effects of Psychotherapy on Depression, Beliefs, and Economic Outcomes",,2,2
Xinze Li,Does the Squeaky Wheel Get More Grease? The Direct and…; Effects of Emigration on Rural Labor Markets,Does the Squeaky Wheel Get More Grease? The Direct and Indirect Effects of Citizen Participation on Environmental Governance in China; Effects of Emigration on Rural Labor Markets,,2,2
Bingqian Tu,Does the Squeaky Wheel Get More Grease? The Direct and…; Urban Forests,Does the Squeaky Wheel Get More Grease? The Direct and Indirect Effects of Citizen Participation on Environmental Governance in China; Urban Forests: Environmental Health Values and Risks,,2,1
Björn Nilsson,"Cognitive Behavioral Therapy among Ghana's Rural Poor Is Effective Regardless…; The Long-Run Effects of Psychotherapy on Depression, Beliefs, and Economic…","Cognitive Behavioral Therapy among Ghana's Rural Poor Is Effective Regardless of Baseline Mental Distress; The Long-Run Effects of Psychotherapy on Depression, Beliefs, and Economic Outcomes",,2,1
Chiara Dell’Aira,"How Effective Is (More) Money? Randomizing Unconditional Cash Transfer Amounts…; The Long-Run Effects of Psychotherapy on Depression, Beliefs, and Economic…","How Effective Is (More) Money? Randomizing Unconditional Cash Transfer Amounts in the US; The Long-Run Effects of Psychotherapy on Depression, Beliefs, and Economic Outcomes",,2,1
Clémence Pougué Biyong,"Cognitive Behavioral Therapy among Ghana's Rural Poor Is Effective Regardless…; The Long-Run Effects of Psychotherapy on Depression, Beliefs, and Economic…","Cognitive Behavioral Therapy among Ghana's Rural Poor Is Effective Regardless of Baseline Mental Distress; The Long-Run Effects of Psychotherapy on Depression, Beliefs, and Economic Outcomes",,2,1
Daniel Bennett,"The Comparative Impact of Cash Transfers and a Psychotherapy Program…; The Long-Run Effects of Psychotherapy on Depression, Beliefs, and Economic…","The Comparative Impact of Cash Transfers and a Psychotherapy Program on Psychological and Economic Well-being; The Long-Run Effects of Psychotherapy on Depression, Beliefs, and Economic Outcomes",,2,1
Danish Us-Salam,"How Effective Is (More) Money? Randomizing Unconditional Cash Transfer Amounts…; The Long-Run Effects of Psychotherapy on Depression, Beliefs, and Economic…","How Effective Is (More) Money? Randomizing Unconditional Cash Transfer Amounts in the US; The Long-Run Effects of Psychotherapy on Depression, Beliefs, and Economic Outcomes",,2,1
Debayan Pakrashi,Cognitive Behavioral Therapy among Ghana's Rural Poor Is Effective Regardless…; The Comparative Impact of Cash Transfers and a Psychotherapy Program…,Cognitive Behavioral Therapy among Ghana's Rural Poor Is Effective Regardless of Baseline Mental Distress; The Comparative Impact of Cash Transfers and a Psychotherapy Program on Psychological and Economic Well-being,,2,1
Ebenezer Kwabena Tetteh,Advance Market Commitments; Advance Market Commitments,Advance Market Commitments: Insights from Theory and Experience; Advance Market Commitments: Insights from Theory and Experience,,2,1
Firoz Ahmed,Cognitive Behavioral Therapy among Ghana's Rural Poor Is Effective Regardless…; The Comparative Impact of Cash Transfers and a Psychotherapy Program…,Cognitive Behavioral Therapy among Ghana's Rural Poor Is Effective Regardless of Baseline Mental Distress; The Comparative Impact of Cash Transfers and a Psychotherapy Program on Psychological and Economic Well-being,,2,1
George Lin,How Effective Is (More) Money? Randomizing Unconditional Cash Transfer Amounts…; The Comparative Impact of Cash Transfers and a Psychotherapy Program…,How Effective Is (More) Money? Randomizing Unconditional Cash Transfer Amounts in the US; The Comparative Impact of Cash Transfers and a Psychotherapy Program on Psychological and Economic Well-being,,2,1
Jingqi Dang,Does the Squeaky Wheel Get More Grease? The Direct and…; Urban Forests,Does the Squeaky Wheel Get More Grease? The Direct and Indirect Effects of Citizen Participation on Environmental Governance in China; Urban Forests: Environmental Health Values and Risks,,2,1
Lina Meng,The Environmental Effects of Economic Production; Biodiversity Risk,The Environmental Effects of Economic Production: Evidence from Ecological Observations; Biodiversity Risk,,2,1
Manuela Angelucci,"The Comparative Impact of Cash Transfers and a Psychotherapy Program…; The Long-Run Effects of Psychotherapy on Depression, Beliefs, and Economic…","The Comparative Impact of Cash Transfers and a Psychotherapy Program on Psychological and Economic Well-being; The Long-Run Effects of Psychotherapy on Depression, Beliefs, and Economic Outcomes",,2,1
Matthew Z. Fowle,How Effective Is (More) Money? Randomizing Unconditional Cash Transfer Amounts…; The Comparative Impact of Cash Transfers and a Psychotherapy Program…,How Effective Is (More) Money? Randomizing Unconditional Cash Transfer Amounts in the US; The Comparative Impact of Cash Transfers and a Psychotherapy Program on Psychological and Economic Well-being,,2,1
Michael Vlassopoulos,Cognitive Behavioral Therapy among Ghana's Rural Poor Is Effective Regardless…; The Comparative Impact of Cash Transfers and a Psychotherapy Program…,Cognitive Behavioral Therapy among Ghana's Rural Poor Is Effective Regardless of Baseline Mental Distress; The Comparative Impact of Cash Transfers and a Psychotherapy Program on Psychological and Economic Well-being,,2,1
Michelle Acampora,"The Comparative Impact of Cash Transfers and a Psychotherapy Program…; The Long-Run Effects of Psychotherapy on Depression, Beliefs, and Economic…","The Comparative Impact of Cash Transfers and a Psychotherapy Program on Psychological and Economic Well-being; The Long-Run Effects of Psychotherapy on Depression, Beliefs, and Economic Outcomes",,2,1
Pengfei Liu,The Environmental Effects of Economic Production; Biodiversity Risk,The Environmental Effects of Economic Production: Evidence from Ecological Observations; Biodiversity Risk,,2,1
Ru Yan,Does the Squeaky Wheel Get More Grease? The Direct and…; Urban Forests,Does the Squeaky Wheel Get More Grease? The Direct and Indirect Effects of Citizen Participation on Environmental Governance in China; Urban Forests: Environmental Health Values and Risks,,2,1
Sara R. Jaffee,How Effective Is (More) Money? Randomizing Unconditional Cash Transfer Amounts…; The Comparative Impact of Cash Transfers and a Psychotherapy Program…,How Effective Is (More) Money? Randomizing Unconditional Cash Transfer Amounts in the US; The Comparative Impact of Cash Transfers and a Psychotherapy Program on Psychological and Economic Well-being,,2,1
Vahid Moghani,"The Comparative Impact of Cash Transfers and a Psychotherapy Program…; The Long-Run Effects of Psychotherapy on Depression, Beliefs, and Economic…","The Comparative Impact of Cash Transfers and a Psychotherapy Program on Psychological and Economic Well-being; The Long-Run Effects of Psychotherapy on Depression, Beliefs, and Economic Outcomes",,2,1
Yufei Li,The Environmental Effects of Economic Production; Biodiversity Risk,The Environmental Effects of Economic Production: Evidence from Ecological Observations; Biodiversity Risk,,2,1
Florian Ulrich Jehn,Long term cost-effectiveness of resilient foods for global catastrophes compared…,Long term cost-effectiveness of resilient foods for global catastrophes compared to artificial general intelligence safety,,1,5
Juan B. García Martínez,Long term cost-effectiveness of resilient foods for global catastrophes compared…,Long term cost-effectiveness of resilient foods for global catastrophes compared to artificial general intelligence safety,,1,5
Lisa A. Gennetian,How Effective Is (More) Money? Randomizing Unconditional Cash Transfer Amounts…,How Effective Is (More) Money? Randomizing Unconditional Cash Transfer Amounts in the US,,1,5
Aleena Asfa Durrani,How Effective Is (More) Money? Randomizing Unconditional Cash Transfer Amounts…,How Effective Is (More) Money? Randomizing Unconditional Cash Transfer Amounts in the US,,1,4
Aleksandra Gracheva,How Effective Is (More) Money? Randomizing Unconditional Cash Transfer Amounts…,How Effective Is (More) Money? Randomizing Unconditional Cash Transfer Amounts in the US,,1,4
Alexandra Symeonidou,How Effective Is (More) Money? Randomizing Unconditional Cash Transfer Amounts…,How Effective Is (More) Money? Randomizing Unconditional Cash Transfer Amounts in the US,,1,4
Arun G. Chandrasekhar,Selecting the Most Effective Nudge,Selecting the Most Effective Nudge: Evidence from a Large-Scale Experiment on Immunization,,1,4
Ashleigh Messenger,How Effective Is (More) Money? Randomizing Unconditional Cash Transfer Amounts…,How Effective Is (More) Money? Randomizing Unconditional Cash Transfer Amounts in the US,,1,4
Barbora Doubravová,How Effective Is (More) Money? Randomizing Unconditional Cash Transfer Amounts…,How Effective Is (More) Money? Randomizing Unconditional Cash Transfer Amounts in the US,,1,4
Christian Gomes,How Effective Is (More) Money? Randomizing Unconditional Cash Transfer Amounts…,How Effective Is (More) Money? Randomizing Unconditional Cash Transfer Amounts in the US,,1,4
Clara Amanda Hu,How Effective Is (More) Money? Randomizing Unconditional Cash Transfer Amounts…,How Effective Is (More) Money? Randomizing Unconditional Cash Transfer Amounts in the US,,1,4
Daria Stefania Pascu,How Effective Is (More) Money? Randomizing Unconditional Cash Transfer Amounts…,How Effective Is (More) Money? Randomizing Unconditional Cash Transfer Amounts in the US,,1,4
Deniz Mısra Gürol,How Effective Is (More) Money? Randomizing Unconditional Cash Transfer Amounts…,How Effective Is (More) Money? Randomizing Unconditional Cash Transfer Amounts in the US,,1,4
Eduardo García‐Garzón,How Effective Is (More) Money? Randomizing Unconditional Cash Transfer Amounts…,How Effective Is (More) Money? Randomizing Unconditional Cash Transfer Amounts in the US,,1,4
Etienne Fize,How Effective Is (More) Money? Randomizing Unconditional Cash Transfer Amounts…,How Effective Is (More) Money? Randomizing Unconditional Cash Transfer Amounts in the US,,1,4
Fredrik Nilsson,How Effective Is (More) Money? Randomizing Unconditional Cash Transfer Amounts…,How Effective Is (More) Money? Randomizing Unconditional Cash Transfer Amounts in the US,,1,4
Harry Anthony Patrinos,Building Resilient Education Systems,Building Resilient Education Systems: Evidence from Large-Scale Randomized Trials in Five Countries,,1,4
J. Boehm,How Effective Is (More) Money? Randomizing Unconditional Cash Transfer Amounts…,How Effective Is (More) Money? Randomizing Unconditional Cash Transfer Amounts in the US,,1,4
Jennifer Chen,How Effective Is (More) Money? Randomizing Unconditional Cash Transfer Amounts…,How Effective Is (More) Money? Randomizing Unconditional Cash Transfer Amounts in the US,,1,4
Julia Marie Oberschulte,How Effective Is (More) Money? Randomizing Unconditional Cash Transfer Amounts…,How Effective Is (More) Money? Randomizing Unconditional Cash Transfer Amounts in the US,,1,4
Justine Li,How Effective Is (More) Money? Randomizing Unconditional Cash Transfer Amounts…,How Effective Is (More) Money? Randomizing Unconditional Cash Transfer Amounts in the US,,1,4
Kai Ruggeri,How Effective Is (More) Money? Randomizing Unconditional Cash Transfer Amounts…,How Effective Is (More) Money? Randomizing Unconditional Cash Transfer Amounts in the US,,1,4
Katherine Bibilouri,How Effective Is (More) Money? Randomizing Unconditional Cash Transfer Amounts…,How Effective Is (More) Money? Randomizing Unconditional Cash Transfer Amounts in the US,,1,4
Katherinne Rabanal,How Effective Is (More) Money? Randomizing Unconditional Cash Transfer Amounts…,How Effective Is (More) Money? Randomizing Unconditional Cash Transfer Amounts in the US,,1,4
Maksymilian Pyrkowski,How Effective Is (More) Money? Randomizing Unconditional Cash Transfer Amounts…,How Effective Is (More) Money? Randomizing Unconditional Cash Transfer Amounts in the US,,1,4
Mathias Houe Andersen,How Effective Is (More) Money? Randomizing Unconditional Cash Transfer Amounts…,How Effective Is (More) Money? Randomizing Unconditional Cash Transfer Amounts in the US,,1,4
Maximilian Kasy,How Effective Is (More) Money? Randomizing Unconditional Cash Transfer Amounts…,How Effective Is (More) Money? Randomizing Unconditional Cash Transfer Amounts in the US,,1,4
Milica Vdović,How Effective Is (More) Money? Randomizing Unconditional Cash Transfer Amounts…,How Effective Is (More) Money? Randomizing Unconditional Cash Transfer Amounts in the US,,1,4
Narjes Al-Zahli,How Effective Is (More) Money? Randomizing Unconditional Cash Transfer Amounts…,How Effective Is (More) Money? Randomizing Unconditional Cash Transfer Amounts in the US,,1,4
Natalia Alexander,How Effective Is (More) Money? Randomizing Unconditional Cash Transfer Amounts…,How Effective Is (More) Money? Randomizing Unconditional Cash Transfer Amounts in the US,,1,4
Neža Grilc,How Effective Is (More) Money? Randomizing Unconditional Cash Transfer Amounts…,How Effective Is (More) Money? Randomizing Unconditional Cash Transfer Amounts in the US,,1,4
Nicholas Dutra,How Effective Is (More) Money? Randomizing Unconditional Cash Transfer Amounts…,How Effective Is (More) Money? Randomizing Unconditional Cash Transfer Amounts in the US,,1,4
Olivia Symone Tutuska,How Effective Is (More) Money? Randomizing Unconditional Cash Transfer Amounts…,How Effective Is (More) Money? Randomizing Unconditional Cash Transfer Amounts in the US,,1,4
Pika Ranc,How Effective Is (More) Money? Randomizing Unconditional Cash Transfer Amounts…,How Effective Is (More) Money? Randomizing Unconditional Cash Transfer Amounts in the US,,1,4
Qihang Yuan,How Effective Is (More) Money? Randomizing Unconditional Cash Transfer Amounts…,How Effective Is (More) Money? Randomizing Unconditional Cash Transfer Amounts in the US,,1,4
Rachel Krasner,How Effective Is (More) Money? Randomizing Unconditional Cash Transfer Amounts…,How Effective Is (More) Money? Randomizing Unconditional Cash Transfer Amounts in the US,,1,4
Romy Levin,How Effective Is (More) Money? Randomizing Unconditional Cash Transfer Amounts…,How Effective Is (More) Money? Randomizing Unconditional Cash Transfer Amounts in the US,,1,4
Sarah Ashcroft-Jones,How Effective Is (More) Money? Randomizing Unconditional Cash Transfer Amounts…,How Effective Is (More) Money? Randomizing Unconditional Cash Transfer Amounts in the US,,1,4
Sofia Pelica,How Effective Is (More) Money? Randomizing Unconditional Cash Transfer Amounts…,How Effective Is (More) Money? Randomizing Unconditional Cash Transfer Amounts in the US,,1,4
Sun Young Park,How Effective Is (More) Money? Randomizing Unconditional Cash Transfer Amounts…,How Effective Is (More) Money? Randomizing Unconditional Cash Transfer Amounts in the US,,1,4
Takahiro Kubo,Banning Wildlife Trade Can Boost the Unregulated Trade of Threatened…,Banning Wildlife Trade Can Boost the Unregulated Trade of Threatened Species,,1,4
Takashi Obi,How Effective Is (More) Money? Randomizing Unconditional Cash Transfer Amounts…,How Effective Is (More) Money? Randomizing Unconditional Cash Transfer Amounts in the US,,1,4
Tatianna Dugué,How Effective Is (More) Money? Randomizing Unconditional Cash Transfer Amounts…,How Effective Is (More) Money? Randomizing Unconditional Cash Transfer Amounts in the US,,1,4
Xavier Jaravel,How Effective Is (More) Money? Randomizing Unconditional Cash Transfer Amounts…,How Effective Is (More) Money? Randomizing Unconditional Cash Transfer Amounts in the US,,1,4
Zoe Heidenry,How Effective Is (More) Money? Randomizing Unconditional Cash Transfer Amounts…,How Effective Is (More) Money? Randomizing Unconditional Cash Transfer Amounts in the US,,1,4
Žiga Mekiš Recek,How Effective Is (More) Money? Randomizing Unconditional Cash Transfer Amounts…,How Effective Is (More) Money? Randomizing Unconditional Cash Transfer Amounts in the US,,1,4
Adam Osman,Selecting the Most Effective Nudge,Selecting the Most Effective Nudge: Evidence from a Large-Scale Experiment on Immunization,,1,3
Alesha Miller,Advance Market Commitments,Advance Market Commitments: Insights from Theory and Experience,,1,3
Alexander Mathys,Advance Market Commitments,Advance Market Commitments: Insights from Theory and Experience,,1,3
Andrew G. Mude,Advance Market Commitments,Advance Market Commitments: Insights from Theory and Experience,,1,3
Bing Zhang,Does the Squeaky Wheel Get More Grease? The Direct and…,Does the Squeaky Wheel Get More Grease? The Direct and Indirect Effects of Citizen Participation on Environmental Governance in China,,1,3
Claire Cullen,Building Resilient Education Systems,Building Resilient Education Systems: Evidence from Large-Scale Randomized Trials in Five Countries,,1,3
Claire Song,Advance Market Commitments,Advance Market Commitments: Insights from Theory and Experience,,1,3
Colin Crossley,Building Resilient Education Systems,Building Resilient Education Systems: Evidence from Large-Scale Randomized Trials in Five Countries,,1,3
Cynthia Mathys,Advance Market Commitments,Advance Market Commitments: Insights from Theory and Experience,,1,3
Daniel L. Tortorice,Advance Market Commitments,Advance Market Commitments: Insights from Theory and Experience,,1,3
Daniel Mason-D’Croz,Advance Market Commitments,Advance Market Commitments: Insights from Theory and Experience,,1,3
Edward S. Buckler,Advance Market Commitments,Advance Market Commitments: Insights from Theory and Experience,,1,3
Elana Safran,Selecting the Most Effective Nudge,Selecting the Most Effective Nudge: Evidence from a Large-Scale Experiment on Immunization,,1,3
Elizabeth Bageant,Advance Market Commitments,Advance Market Commitments: Insights from Theory and Experience,,1,3
Giampaolo Abate Romero Landini,How Effective Is (More) Money? Randomizing Unconditional Cash Transfer Amounts…,How Effective Is (More) Money? Randomizing Unconditional Cash Transfer Amounts in the US,,1,3
H. Luke Shaefer,How Effective Is (More) Money? Randomizing Unconditional Cash Transfer Amounts…,How Effective Is (More) Money? Randomizing Unconditional Cash Transfer Amounts in the US,,1,3
Hai Hong Trinh,Biodiversity Risk,Biodiversity Risk,,1,3
Isabella Culotta,Advance Market Commitments,Advance Market Commitments: Insights from Theory and Experience,,1,3
Isabelle Augenstein,Stagnation and Scientific Incentives,Stagnation and Scientific Incentives,,1,3
Jason Kerwin,Selecting the Most Effective Nudge,Selecting the Most Effective Nudge: Evidence from a Large-Scale Experiment on Immunization,,1,3
Jessica Fanzo,Advance Market Commitments,Advance Market Commitments: Insights from Theory and Experience,,1,3
Jiali Liu,Advance Market Commitments,Advance Market Commitments: Insights from Theory and Experience,,1,3
Jianbo Shen,Advance Market Commitments,Advance Market Commitments: Insights from Theory and Experience,,1,3
Joseph P. Kaboski,Effects of Emigration on Rural Labor Markets,Effects of Emigration on Rural Labor Markets,,1,3
Joël J. van der Weele,Information Avoidance and Moral Behavior,Information Avoidance and Moral Behavior: Experimental Evidence from Food Choices,,1,3
Kai Li,Biodiversity Risk,Biodiversity Risk,,1,3
Kamakhya Misra,Advance Market Commitments,Advance Market Commitments: Insights from Theory and Experience,,1,3
Karen Cooper,Advance Market Commitments,Advance Market Commitments: Insights from Theory and Experience,,1,3
Katherine Michelmore,How Effective Is (More) Money? Randomizing Unconditional Cash Transfer Amounts…,How Effective Is (More) Money? Randomizing Unconditional Cash Transfer Amounts in the US,,1,3
Laté Lawson-Lartego,Advance Market Commitments,Advance Market Commitments: Insights from Theory and Experience,,1,3
Laura Derksen,Selecting the Most Effective Nudge,Selecting the Most Effective Nudge: Evidence from a Large-Scale Experiment on Immunization,,1,3
Lindiwe Majele Sibanda,Advance Market Commitments,Advance Market Commitments: Insights from Theory and Experience,,1,3
Mario Herrero,Advance Market Commitments,Advance Market Commitments: Insights from Theory and Experience,,1,3
Mark L. Kahn,Advance Market Commitments,Advance Market Commitments: Insights from Theory and Experience,,1,3
Markus Leippold,Biodiversity Risk,Biodiversity Risk,,1,3
Mattie Toma,Selecting the Most Effective Nudge,Selecting the Most Effective Nudge: Evidence from a Large-Scale Experiment on Immunization,,1,3
Michael Hinge,Long term cost-effectiveness of resilient foods for global catastrophes compared…,Long term cost-effectiveness of resilient foods for global catastrophes compared to artificial general intelligence safety,,1,3
Moumita Koley,Stagnation and Scientific Incentives,Stagnation and Scientific Incentives,,1,3
Natalia Ordaz Reynoso,Selecting the Most Effective Nudge,Selecting the Most Effective Nudge: Evidence from a Large-Scale Experiment on Immunization,,1,3
Natasha Pilkauskas,How Effective Is (More) Money? Randomizing Unconditional Cash Transfer Amounts…,How Effective Is (More) Money? Randomizing Unconditional Cash Transfer Amounts in the US,,1,3
Noam Angrist,Building Resilient Education Systems,Building Resilient Education Systems: Evidence from Large-Scale Randomized Trials in Five Countries,,1,3
Philip K. Thornton,Advance Market Commitments,Advance Market Commitments: Insights from Theory and Experience,,1,3
Pompa Debroy,Selecting the Most Effective Nudge,Selecting the Most Effective Nudge: Evidence from a Large-Scale Experiment on Immunization,,1,3
Quinn Marshall,Advance Market Commitments,Advance Market Commitments: Insights from Theory and Experience,,1,3
Rebecca Nelson,Advance Market Commitments,Advance Market Commitments: Insights from Theory and Experience,,1,3
Rikin Gandhi,Advance Market Commitments,Advance Market Commitments: Insights from Theory and Experience,,1,3
Roy Steiner,Advance Market Commitments,Advance Market Commitments: Insights from Theory and Experience,,1,3
Ruchir Agarwal,Advance Market Commitments,Advance Market Commitments: Insights from Theory and Experience,,1,3
Russell J. Funk,Stagnation and Scientific Incentives,Stagnation and Scientific Incentives,,1,3
Sarah Halpern‐Meekin,How Effective Is (More) Money? Randomizing Unconditional Cash Transfer Amounts…,How Effective Is (More) Money? Randomizing Unconditional Cash Transfer Amounts in the US,,1,3
Shenggen Fan,Advance Market Commitments,Advance Market Commitments: Insights from Theory and Experience,,1,3
Stephen A. Wood,Advance Market Commitments,Advance Market Commitments: Insights from Theory and Experience,,1,3
Steven James,Advance Market Commitments,Advance Market Commitments: Insights from Theory and Experience,,1,3
Tim G. Benton,Advance Market Commitments,Advance Market Commitments: Insights from Theory and Experience,,1,3
Vasco Amaral Grilo,Long term cost-effectiveness of resilient foods for global catastrophes compared…,Long term cost-effectiveness of resilient foods for global catastrophes compared to artificial general intelligence safety,,1,3
Veronica Mazariegos-Anastassiou,Advance Market Commitments,Advance Market Commitments: Insights from Theory and Experience,,1,3
A. K. Pan,How Effective Is (More) Money? Randomizing Unconditional Cash Transfer Amounts…,How Effective Is (More) Money? Randomizing Unconditional Cash Transfer Amounts in the US,,1,2
Aarne Mämmelä,Stagnation and Scientific Incentives,Stagnation and Scientific Incentives,,1,2
Adrian Towse,Advance Market Commitments,Advance Market Commitments: Insights from Theory and Experience,,1,2
Alessandra Voena,The Comparative Impact of Cash Transfers and a Psychotherapy Program…,The Comparative Impact of Cash Transfers and a Psychotherapy Program on Psychological and Economic Well-being,,1,2
Alessandro Belmonte,Selecting the Most Effective Nudge,Selecting the Most Effective Nudge: Evidence from a Large-Scale Experiment on Immunization,,1,2
Alexandra Scacco,"The Long-Run Effects of Psychotherapy on Depression, Beliefs, and Economic…","The Long-Run Effects of Psychotherapy on Depression, Beliefs, and Economic Outcomes",,1,2
Amani Matabaro,"The Long-Run Effects of Psychotherapy on Depression, Beliefs, and Economic…","The Long-Run Effects of Psychotherapy on Depression, Beliefs, and Economic Outcomes",,1,2
Amanuel Alemu Abajobir,"The Long-Run Effects of Psychotherapy on Depression, Beliefs, and Economic…","The Long-Run Effects of Psychotherapy on Depression, Beliefs, and Economic Outcomes",,1,2
Andrés Moya,"The Long-Run Effects of Psychotherapy on Depression, Beliefs, and Economic…","The Long-Run Effects of Psychotherapy on Depression, Beliefs, and Economic Outcomes",,1,2
Anicet Munyehirwe,Effects of Emigration on Rural Labor Markets,Effects of Emigration on Rural Labor Markets,,1,2
Anna Rogers,Stagnation and Scientific Incentives,Stagnation and Scientific Incentives,,1,2
Anthony DeFusco,How Effective Is (More) Money? Randomizing Unconditional Cash Transfer Amounts…,How Effective Is (More) Money? Randomizing Unconditional Cash Transfer Amounts in the US,,1,2
Anton Bogs,Does the Squeaky Wheel Get More Grease? The Direct and…,Does the Squeaky Wheel Get More Grease? The Direct and Indirect Effects of Citizen Participation on Environmental Governance in China,,1,2
Arjun Kharel,"The Long-Run Effects of Psychotherapy on Depression, Beliefs, and Economic…","The Long-Run Effects of Psychotherapy on Depression, Beliefs, and Economic Outcomes",,1,2
Ashish Shenoy,Effects of Emigration on Rural Labor Markets,Effects of Emigration on Rural Labor Markets,,1,2
Ashrita Saran,Effects of Emigration on Rural Labor Markets,Effects of Emigration on Rural Labor Markets,,1,2
Axel Ockenfels,Advance Market Commitments,Advance Market Commitments: Insights from Theory and Experience,,1,2
Bao-Min Gan,Banning Wildlife Trade Can Boost the Unregulated Trade of Threatened…,Banning Wildlife Trade Can Boost the Unregulated Trade of Threatened Species,,1,2
Benjamin J. Keys,How Effective Is (More) Money? Randomizing Unconditional Cash Transfer Amounts…,How Effective Is (More) Money? Randomizing Unconditional Cash Transfer Amounts in the US,,1,2
Bernd Beber,"The Long-Run Effects of Psychotherapy on Depression, Beliefs, and Economic…","The Long-Run Effects of Psychotherapy on Depression, Beliefs, and Economic Outcomes",,1,2
Bettina Rockenbach,Selecting the Most Effective Nudge,Selecting the Most Effective Nudge: Evidence from a Large-Scale Experiment on Immunization,,1,2
Brian M. Lucey,Biodiversity Risk,Biodiversity Risk,,1,2
C. Austin Davis,Effects of Emigration on Rural Labor Markets,Effects of Emigration on Rural Labor Markets,,1,2
Caroline Ratcliffe,How Effective Is (More) Money? Randomizing Unconditional Cash Transfer Amounts…,How Effective Is (More) Money? Randomizing Unconditional Cash Transfer Amounts in the US,,1,2
Carolyn Nekesa,"The Long-Run Effects of Psychotherapy on Depression, Beliefs, and Economic…","The Long-Run Effects of Psychotherapy on Depression, Beliefs, and Economic Outcomes",,1,2
Cass R. Sunstein,"When do ""Nudges"" Increase Welfare?","When do ""Nudges"" Increase Welfare?",,1,2
Chad P. Bown,Advance Market Commitments,Advance Market Commitments: Insights from Theory and Experience,,1,2
Chenxin Ding,Does the Squeaky Wheel Get More Grease? The Direct and…,Does the Squeaky Wheel Get More Grease? The Direct and Indirect Effects of Citizen Participation on Environmental Governance in China,,1,2
Chiara Colesanti Senni,Biodiversity Risk,Biodiversity Risk,,1,2
Chia‐Hsuan Hsu,Banning Wildlife Trade Can Boost the Unregulated Trade of Threatened…,Banning Wildlife Trade Can Boost the Unregulated Trade of Threatened Species,,1,2
Corinne Low,The Comparative Impact of Cash Transfers and a Psychotherapy Program…,The Comparative Impact of Cash Transfers and a Psychotherapy Program on Psychological and Economic Well-being,,1,2
Cynthia Kinnan,Selecting the Most Effective Nudge,Selecting the Most Effective Nudge: Evidence from a Large-Scale Experiment on Immunization,,1,2
Daifu Yang,Does the Squeaky Wheel Get More Grease? The Direct and…,Does the Squeaky Wheel Get More Grease? The Direct and Indirect Effects of Citizen Participation on Environmental Governance in China,,1,2
David Bishai,Advance Market Commitments,Advance Market Commitments: Insights from Theory and Experience,,1,2
David Lagakos,Effects of Emigration on Rural Labor Markets,Effects of Emigration on Rural Labor Markets,,1,2
David M. Silverman,How Effective Is (More) Money? Randomizing Unconditional Cash Transfer Amounts…,How Effective Is (More) Money? Randomizing Unconditional Cash Transfer Amounts in the US,,1,2
David Phillips,How Effective Is (More) Money? Randomizing Unconditional Cash Transfer Amounts…,How Effective Is (More) Money? Randomizing Unconditional Cash Transfer Amounts in the US,,1,2
David Yokum,Selecting the Most Effective Nudge,Selecting the Most Effective Nudge: Evidence from a Large-Scale Experiment on Immunization,,1,2
Denny John,Effects of Emigration on Rural Labor Markets,Effects of Emigration on Rural Labor Markets,,1,2
Derek Foster,Advance Market Commitments,Advance Market Commitments: Insights from Theory and Experience,,1,2
Dillon Bowen,Selecting the Most Effective Nudge,Selecting the Most Effective Nudge: Evidence from a Large-Scale Experiment on Immunization,,1,2
Divyangana Rakesh,How Effective Is (More) Money? Randomizing Unconditional Cash Transfer Amounts…,How Effective Is (More) Money? Randomizing Unconditional Cash Transfer Amounts in the US,,1,2
Dongmei Mu,Does the Squeaky Wheel Get More Grease? The Direct and…,Does the Squeaky Wheel Get More Grease? The Direct and Indirect Effects of Citizen Participation on Environmental Governance in China,,1,2
Douglas Gollin,Effects of Emigration on Rural Labor Markets,Effects of Emigration on Rural Labor Markets,,1,2
Edward Miguel,Selecting the Most Effective Nudge,Selecting the Most Effective Nudge: Evidence from a Large-Scale Experiment on Immunization,,1,2
Ella Beveridge,Effects of Emigration on Rural Labor Markets,Effects of Emigration on Rural Labor Markets,,1,2
Elle Tibbitts,How Effective Is (More) Money? Randomizing Unconditional Cash Transfer Amounts…,How Effective Is (More) Money? Randomizing Unconditional Cash Transfer Amounts in the US,,1,2
Eric Ochieng,"The Long-Run Effects of Psychotherapy on Depression, Beliefs, and Economic…","The Long-Run Effects of Psychotherapy on Depression, Beliefs, and Economic Outcomes",,1,2
Erica R.H. Fuchs,Advance Market Commitments,Advance Market Commitments: Insights from Theory and Experience,,1,2
Erwin Bulte,Effects of Emigration on Rural Labor Markets,Effects of Emigration on Rural Labor Markets,,1,2
Farah Said,Selecting the Most Effective Nudge,Selecting the Most Effective Nudge: Evidence from a Large-Scale Experiment on Immunization,,1,2
Farrah Jasmine Dingal,Long term cost-effectiveness of resilient foods for global catastrophes compared…,Long term cost-effectiveness of resilient foods for global catastrophes compared to artificial general intelligence safety,,1,2
Francisco Buera,Effects of Emigration on Rural Labor Markets,Effects of Emigration on Rural Labor Markets,,1,2
Friederike Stock,How Effective Is (More) Money? Randomizing Unconditional Cash Transfer Amounts…,How Effective Is (More) Money? Randomizing Unconditional Cash Transfer Amounts in the US,,1,2
Gabriel Reyes,How Effective Is (More) Money? Randomizing Unconditional Cash Transfer Amounts…,How Effective Is (More) Money? Randomizing Unconditional Cash Transfer Amounts in the US,,1,2
Gauri Kartini Shastry,Advance Market Commitments,Advance Market Commitments: Insights from Theory and Experience,,1,2
Greg J. Duncan,How Effective Is (More) Money? Randomizing Unconditional Cash Transfer Amounts…,How Effective Is (More) Money? Randomizing Unconditional Cash Transfer Amounts in the US,,1,2
Guangyu Cao,Does the Squeaky Wheel Get More Grease? The Direct and…,Does the Squeaky Wheel Get More Grease? The Direct and Indirect Effects of Citizen Participation on Environmental Governance in China,,1,2
Hanming Fang,Selecting the Most Effective Nudge,Selecting the Most Effective Nudge: Evidence from a Large-Scale Experiment on Immunization,,1,2
Harrison Mitchell,Effects of Emigration on Rural Labor Markets,Effects of Emigration on Rural Labor Markets,,1,2
Harry Pickard,Selecting the Most Effective Nudge,Selecting the Most Effective Nudge: Evidence from a Large-Scale Experiment on Immunization,,1,2
Heather Barry Kappes,Selecting the Most Effective Nudge,Selecting the Most Effective Nudge: Evidence from a Large-Scale Experiment on Immunization,,1,2
Hengchen Dai,Selecting the Most Effective Nudge,Selecting the Most Effective Nudge: Evidence from a Large-Scale Experiment on Immunization,,1,2
Hirokazu Yoshikawa,How Effective Is (More) Money? Randomizing Unconditional Cash Transfer Amounts…,How Effective Is (More) Money? Randomizing Unconditional Cash Transfer Amounts in the US,,1,2
Hui Sun,Does the Squeaky Wheel Get More Grease? The Direct and…,Does the Squeaky Wheel Get More Grease? The Direct and Indirect Effects of Citizen Participation on Environmental Governance in China,,1,2
Huong Ha,Selecting the Most Effective Nudge,Selecting the Most Effective Nudge: Evidence from a Large-Scale Experiment on Immunization,,1,2
Ilana Brody,Selecting the Most Effective Nudge,Selecting the Most Effective Nudge: Evidence from a Large-Scale Experiment on Immunization,,1,2
Ishita Ghai,Water Treatment And Child Mortality,Water Treatment And Child Mortality: A Meta-Analysis And Cost-effectiveness Analysis,,1,2
Jianhao Lin,Does the Squeaky Wheel Get More Grease? The Direct and…,Does the Squeaky Wheel Get More Grease? The Direct and Indirect Effects of Citizen Participation on Environmental Governance in China,,1,2
Jianxian Wu,Does the Squeaky Wheel Get More Grease? The Direct and…,Does the Squeaky Wheel Get More Grease? The Direct and Indirect Effects of Citizen Participation on Environmental Governance in China,,1,2
Jiasong Xie,Does the Squeaky Wheel Get More Grease? The Direct and…,Does the Squeaky Wheel Get More Grease? The Direct and Indirect Effects of Citizen Participation on Environmental Governance in China,,1,2
Jim Leitzel,Information Avoidance and Moral Behavior,Information Avoidance and Moral Behavior: Experimental Evidence from Food Choices,,1,2
Johannes Stroebel,Biodiversity Risk,Biodiversity Risk,,1,2
John Eric Humphries,How Effective Is (More) Money? Randomizing Unconditional Cash Transfer Amounts…,How Effective Is (More) Money? Randomizing Unconditional Cash Transfer Amounts in the US,,1,2
John Eyers,Effects of Emigration on Rural Labor Markets,Effects of Emigration on Rural Labor Markets,,1,2
Jörg Peters,Effects of Emigration on Rural Labor Markets,Effects of Emigration on Rural Labor Markets,,1,2
Karim Naguib,Effects of Emigration on Rural Labor Markets,Effects of Emigration on Rural Labor Markets,,1,2
Katharina Büsch,How Effective Is (More) Money? Randomizing Unconditional Cash Transfer Amounts…,How Effective Is (More) Money? Randomizing Unconditional Cash Transfer Amounts in the US,,1,2
Katherine Dai,"The Long-Run Effects of Psychotherapy on Depression, Beliefs, and Economic…","The Long-Run Effects of Psychotherapy on Depression, Beliefs, and Economic Outcomes",,1,2
Katherine Magnuson,How Effective Is (More) Money? Randomizing Unconditional Cash Transfer Amounts…,How Effective Is (More) Money? Randomizing Unconditional Cash Transfer Amounts in the US,,1,2
Kazi Iqbal,Effects of Emigration on Rural Labor Markets,Effects of Emigration on Rural Labor Markets,,1,2
Khánh Hoàng,Biodiversity Risk,Biodiversity Risk,,1,2
Kimberly G. Noble,How Effective Is (More) Money? Randomizing Unconditional Cash Transfer Amounts…,How Effective Is (More) Money? Randomizing Unconditional Cash Transfer Amounts in the US,,1,2
King King Li,Selecting the Most Effective Nudge,Selecting the Most Effective Nudge: Evidence from a Large-Scale Experiment on Immunization,,1,2
Kris‐Stella Trump,Selecting the Most Effective Nudge,Selecting the Most Effective Nudge: Evidence from a Large-Scale Experiment on Immunization,,1,2
Lelys Dinarte,Selecting the Most Effective Nudge,Selecting the Most Effective Nudge: Evidence from a Large-Scale Experiment on Immunization,,1,2
Leon Mait,The Comparative Impact of Cash Transfers and a Psychotherapy Program…,The Comparative Impact of Cash Transfers and a Psychotherapy Program on Psychological and Economic Well-being,,1,2
Lian Zhou,Does the Squeaky Wheel Get More Grease? The Direct and…,Does the Squeaky Wheel Get More Grease? The Direct and Indirect Effects of Citizen Participation on Environmental Governance in China,,1,2
Lorenz Göette,Selecting the Most Effective Nudge,Selecting the Most Effective Nudge: Evidence from a Large-Scale Experiment on Immunization,,1,2
Lorenzo Lorenzo‐Luaces,The Comparative Impact of Cash Transfers and a Psychotherapy Program…,The Comparative Impact of Cash Transfers and a Psychotherapy Program on Psychological and Economic Well-being,,1,2
Lucian A. Taylor,Biodiversity Risk,Biodiversity Risk,,1,2
Maarit Olkkola,Selecting the Most Effective Nudge,Selecting the Most Effective Nudge: Evidence from a Large-Scale Experiment on Immunization,,1,2
Magdalena Larreboure,The Comparative Impact of Cash Transfers and a Psychotherapy Program…,The Comparative Impact of Cash Transfers and a Psychotherapy Program on Psychological and Economic Well-being,,1,2
Maira Emy Reimão,Effects of Emigration on Rural Labor Markets,Effects of Emigration on Rural Labor Markets,,1,2
Manisha Shah,The Comparative Impact of Cash Transfers and a Psychotherapy Program…,The Comparative Impact of Cash Transfers and a Psychotherapy Program on Psychological and Economic Well-being,,1,2
Marcel Fafchamps,Selecting the Most Effective Nudge,Selecting the Most Effective Nudge: Evidence from a Large-Scale Experiment on Immunization,,1,2
Margaret Kyle,Advance Market Commitments,Advance Market Commitments: Insights from Theory and Experience,,1,2
Margaret McMillan,Selecting the Most Effective Nudge,Selecting the Most Effective Nudge: Evidence from a Large-Scale Experiment on Immunization,,1,2
Mary Steffel,Selecting the Most Effective Nudge,Selecting the Most Effective Nudge: Evidence from a Large-Scale Experiment on Immunization,,1,2
Maryam Mottaghi,Long term cost-effectiveness of resilient foods for global catastrophes compared…,Long term cost-effectiveness of resilient foods for global catastrophes compared to artificial general intelligence safety,,1,2
Matthias Sutter,Selecting the Most Effective Nudge,Selecting the Most Effective Nudge: Evidence from a Large-Scale Experiment on Immunization,,1,2
Matthijs M. Maas,Towards best practices in AGI safety and governance,Towards best practices in AGI safety and governance: A survey of expert opinion,,1,2
Maximiliane Sievert,Effects of Emigration on Rural Labor Markets,Effects of Emigration on Rural Labor Markets,,1,2
Md Nahid Ferdous Pabon,Effects of Emigration on Rural Labor Markets,Effects of Emigration on Rural Labor Markets,,1,2
Melika Miralem,How Effective Is (More) Money? Randomizing Unconditional Cash Transfer Amounts…,How Effective Is (More) Money? Randomizing Unconditional Cash Transfer Amounts in the US,,1,2
Mengdi Liu,Does the Squeaky Wheel Get More Grease? The Direct and…,Does the Squeaky Wheel Get More Grease? The Direct and Indirect Effects of Citizen Participation on Environmental Governance in China,,1,2
Meriah Lee DeJoseph,How Effective Is (More) Money? Randomizing Unconditional Cash Transfer Amounts…,How Effective Is (More) Money? Randomizing Unconditional Cash Transfer Amounts in the US,,1,2
Mia Ellis,Selecting the Most Effective Nudge,Selecting the Most Effective Nudge: Evidence from a Large-Scale Experiment on Immunization,,1,2
Michael Rieser,Selecting the Most Effective Nudge,Selecting the Most Effective Nudge: Evidence from a Large-Scale Experiment on Immunization,,1,2
Michael Walker,"The Long-Run Effects of Psychotherapy on Depression, Beliefs, and Economic…","The Long-Run Effects of Psychotherapy on Depression, Beliefs, and Economic Outcomes",,1,2
Michael Waugh,Effects of Emigration on Rural Labor Markets,Effects of Emigration on Rural Labor Markets,,1,2
Michael Y. Roleda,Long term cost-effectiveness of resilient foods for global catastrophes compared…,Long term cost-effectiveness of resilient foods for global catastrophes compared to artificial general intelligence safety,,1,2
Mingwei Xu,Does the Squeaky Wheel Get More Grease? The Direct and…,Does the Squeaky Wheel Get More Grease? The Direct and Indirect Effects of Citizen Participation on Environmental Governance in China,,1,2
Mohammad Rezoanul Hoque,Effects of Emigration on Rural Labor Markets,Effects of Emigration on Rural Labor Markets,,1,2
Monica E Ellwood-Lowe,How Effective Is (More) Money? Randomizing Unconditional Cash Transfer Amounts…,How Effective Is (More) Money? Randomizing Unconditional Cash Transfer Amounts in the US,,1,2
Moti Shatner,Stagnation and Scientific Incentives,Stagnation and Scientific Incentives,,1,2
Mélissa Hidrobo,The Comparative Impact of Cash Transfers and a Psychotherapy Program…,The Comparative Impact of Cash Transfers and a Psychotherapy Program on Psychological and Economic Well-being,,1,2
Nahian Azad Shashi,Effects of Emigration on Rural Labor Markets,Effects of Emigration on Rural Labor Markets,,1,2
Natalie Bau,The Comparative Impact of Cash Transfers and a Psychotherapy Program…,The Comparative Impact of Cash Transfers and a Psychotherapy Program on Psychological and Economic Well-being,,1,2
Nathan A. Fox,How Effective Is (More) Money? Randomizing Unconditional Cash Transfer Amounts…,How Effective Is (More) Money? Randomizing Unconditional Cash Transfer Amounts in the US,,1,2
Nathan Fiala,Effects of Emigration on Rural Labor Markets,Effects of Emigration on Rural Labor Markets,,1,2
Niccolò F. Meriggi,"The Long-Run Effects of Psychotherapy on Depression, Beliefs, and Economic…","The Long-Run Effects of Psychotherapy on Depression, Beliefs, and Economic Outcomes",,1,2
Nicole Kovski,How Effective Is (More) Money? Randomizing Unconditional Cash Transfer Amounts…,How Effective Is (More) Money? Randomizing Unconditional Cash Transfer Amounts in the US,,1,2
Nikhil Kalathil,Advance Market Commitments,Advance Market Commitments: Insights from Theory and Experience,,1,2
Nina Blöndal,Effects of Emigration on Rural Labor Markets,Effects of Emigration on Rural Labor Markets,,1,2
Nneka Osadolor,Water Treatment And Child Mortality,Water Treatment And Child Mortality: A Meta-Analysis And Cost-effectiveness Analysis,,1,2
Nuole Chen,Selecting the Most Effective Nudge,Selecting the Most Effective Nudge: Evidence from a Large-Scale Experiment on Immunization,,1,2
Nursena Aksünger,"The Long-Run Effects of Psychotherapy on Depression, Beliefs, and Economic…","The Long-Run Effects of Psychotherapy on Depression, Beliefs, and Economic Outcomes",,1,2
Ottmar Edenhofer,The Macroeconomic Impact of Climate Change,The Macroeconomic Impact of Climate Change: Global vs. Local Temperature,,1,2
Paula López-Peña,Effects of Emigration on Rural Labor Markets,Effects of Emigration on Rural Labor Markets,,1,2
Peiyao Shen,Selecting the Most Effective Nudge,Selecting the Most Effective Nudge: Evidence from a Large-Scale Experiment on Immunization,,1,2
Pheliciah Mwachofi,"The Long-Run Effects of Psychotherapy on Depression, Beliefs, and Economic…","The Long-Run Effects of Psychotherapy on Depression, Beliefs, and Economic Outcomes",,1,2
Philipp Barteska,Selecting the Most Effective Nudge,Selecting the Most Effective Nudge: Evidence from a Large-Scale Experiment on Immunization,,1,2
Post Raj Pokharel,Biodiversity Risk,Biodiversity Risk,,1,2
Rebecca Johnson,Selecting the Most Effective Nudge,Selecting the Most Effective Nudge: Evidence from a Large-Scale Experiment on Immunization,,1,2
Rebecca Littman,"The Long-Run Effects of Psychotherapy on Depression, Beliefs, and Economic…","The Long-Run Effects of Psychotherapy on Depression, Beliefs, and Economic Outcomes",,1,2
Rekha Balu,Selecting the Most Effective Nudge,Selecting the Most Effective Nudge: Evidence from a Large-Scale Experiment on Immunization,,1,2
Robert Collinson,How Effective Is (More) Money? Randomizing Unconditional Cash Transfer Amounts…,How Effective Is (More) Money? Randomizing Unconditional Cash Transfer Amounts in the US,,1,2
Robert F. Stambaugh,Biodiversity Risk,Biodiversity Risk,,1,2
Robin L. Chazdon,The global potential for natural regeneration in deforested tropical regions,The global potential for natural regeneration in deforested tropical regions,,1,2
Russell Burnett,Selecting the Most Effective Nudge,Selecting the Most Effective Nudge: Evidence from a Large-Scale Experiment on Immunization,,1,2
Russell Golman,Information Avoidance and Moral Behavior,Information Avoidance and Moral Behavior: Experimental Evidence from Food Choices,,1,2
Saad B. Omer,Selecting the Most Effective Nudge,Selecting the Most Effective Nudge: Evidence from a Large-Scale Experiment on Immunization,,1,2
Sabina Shaikh,Information Avoidance and Moral Behavior,Information Avoidance and Moral Behavior: Experimental Evidence from Food Choices,,1,2
Sara Lowes,The Comparative Impact of Cash Transfers and a Psychotherapy Program…,The Comparative Impact of Cash Transfers and a Psychotherapy Program on Psychological and Economic Well-being,,1,2
Sarah Shaukat,Selecting the Most Effective Nudge,Selecting the Most Effective Nudge: Evidence from a Large-Scale Experiment on Immunization,,1,2
Shalini Roy,The Comparative Impact of Cash Transfers and a Psychotherapy Program…,The Comparative Impact of Cash Transfers and a Psychotherapy Program on Psychological and Economic Well-being,,1,2
Shi‐Sheng Liu,Banning Wildlife Trade Can Boost the Unregulated Trade of Threatened…,Banning Wildlife Trade Can Boost the Unregulated Trade of Threatened Species,,1,2
Silvia Saccardo,Selecting the Most Effective Nudge,Selecting the Most Effective Nudge: Evidence from a Large-Scale Experiment on Immunization,,1,2
Sin-Tung Choi,Banning Wildlife Trade Can Boost the Unregulated Trade of Threatened…,Banning Wildlife Trade Can Boost the Unregulated Trade of Threatened Species,,1,2
Sonja Dobkowitz,Selecting the Most Effective Nudge,Selecting the Most Effective Nudge: Evidence from a Large-Scale Experiment on Immunization,,1,2
Sreyashi Sharmin,The Comparative Impact of Cash Transfers and a Psychotherapy Program…,The Comparative Impact of Cash Transfers and a Psychotherapy Program on Psychological and Economic Well-being,,1,2
Stephanie Bonds,Water Treatment And Child Mortality,Water Treatment And Child Mortality: A Meta-Analysis And Cost-effectiveness Analysis,,1,2
Steven McCabe,The Macroeconomic Impact of Climate Change,The Macroeconomic Impact of Climate Change: Global vs. Local Temperature,,1,2
Suchi Kapoor Malhotra,Effects of Emigration on Rural Labor Markets,Effects of Emigration on Rural Labor Markets,,1,2
Suwen Ge,How Effective Is (More) Money? Randomizing Unconditional Cash Transfer Amounts…,How Effective Is (More) Money? Randomizing Unconditional Cash Transfer Amounts in the US,,1,2
Sylvie Borau,Information Avoidance and Moral Behavior,Information Avoidance and Moral Behavior: Experimental Evidence from Food Choices,,1,2
Thang Ngoc Bach,Biodiversity Risk,Biodiversity Risk,,1,2
Thato Letsomo,Building Resilient Education Systems,Building Resilient Education Systems: Evidence from Large-Scale Randomized Trials in Five Countries,,1,2
Theresa K. Meyer,Long term cost-effectiveness of resilient foods for global catastrophes compared…,Long term cost-effectiveness of resilient foods for global catastrophes compared to artificial general intelligence safety,,1,2
Thomas Giroux,Biodiversity Risk,Biodiversity Risk,,1,2
Thorsten Staake,Selecting the Most Effective Nudge,Selecting the Most Effective Nudge: Evidence from a Large-Scale Experiment on Immunization,,1,2
Tingwei Luo,Does the Squeaky Wheel Get More Grease? The Direct and…,Does the Squeaky Wheel Get More Grease? The Direct and Indirect Effects of Citizen Participation on Environmental Governance in China,,1,2
Tingyu Yu,Biodiversity Risk,Biodiversity Risk,,1,2
Tobias Schimanski,Biodiversity Risk,Biodiversity Risk,,1,2
Tomas Folke,How Effective Is (More) Money? Randomizing Unconditional Cash Transfer Amounts…,How Effective Is (More) Money? Randomizing Unconditional Cash Transfer Amounts in the US,,1,2
Tomohiko Endo,Banning Wildlife Trade Can Boost the Unregulated Trade of Threatened…,Banning Wildlife Trade Can Boost the Unregulated Trade of Threatened Species,,1,2
Tristan Reed,Advance Market Commitments,Advance Market Commitments: Insights from Theory and Experience,,1,2
Tzu‐Pi Chen,Banning Wildlife Trade Can Boost the Unregulated Trade of Threatened…,Banning Wildlife Trade Can Boost the Unregulated Trade of Threatened Species,,1,2
Uri Schattner,Stagnation and Scientific Incentives,Stagnation and Scientific Incentives,,1,2
Verena Tiefenbeck,Selecting the Most Effective Nudge,Selecting the Most Effective Nudge: Evidence from a Large-Scale Experiment on Immunization,,1,2
Veronika Cheplygina,Stagnation and Scientific Incentives,Stagnation and Scientific Incentives,,1,2
Vis Taraz,Effects of Emigration on Rural Labor Markets,Effects of Emigration on Rural Labor Markets,,1,2
Wei Zhang,Does the Squeaky Wheel Get More Grease? The Direct and…,Does the Squeaky Wheel Get More Grease? The Direct and Indirect Effects of Citizen Participation on Environmental Governance in China,,1,2
Wei‐Ting Chen,Banning Wildlife Trade Can Boost the Unregulated Trade of Threatened…,Banning Wildlife Trade Can Boost the Unregulated Trade of Threatened Species,,1,2
Wenbiao Sha,Does the Squeaky Wheel Get More Grease? The Direct and…,Does the Squeaky Wheel Get More Grease? The Direct and Indirect Effects of Citizen Participation on Environmental Governance in China,,1,2
Wendy Janssens,"The Long-Run Effects of Psychotherapy on Depression, Beliefs, and Economic…","The Long-Run Effects of Psychotherapy on Depression, Beliefs, and Economic Outcomes",,1,2
Willem E. Frankenhuis,How Effective Is (More) Money? Randomizing Unconditional Cash Transfer Amounts…,How Effective Is (More) Money? Randomizing Unconditional Cash Transfer Amounts in the US,,1,2
Winnie van Dijk,How Effective Is (More) Money? Randomizing Unconditional Cash Transfer Amounts…,How Effective Is (More) Money? Randomizing Unconditional Cash Transfer Amounts in the US,,1,2
Xi Weng,Does the Squeaky Wheel Get More Grease? The Direct and…,Does the Squeaky Wheel Get More Grease? The Direct and Indirect Effects of Citizen Participation on Environmental Governance in China,,1,2
Xianfeng Zhang,Does the Squeaky Wheel Get More Grease? The Direct and…,Does the Squeaky Wheel Get More Grease? The Direct and Indirect Effects of Citizen Participation on Environmental Governance in China,,1,2
Xiaoyu Chen,Does the Squeaky Wheel Get More Grease? The Direct and…,Does the Squeaky Wheel Get More Grease? The Direct and Indirect Effects of Citizen Participation on Environmental Governance in China,,1,2
Ximeng Fang,Selecting the Most Effective Nudge,Selecting the Most Effective Nudge: Evidence from a Large-Scale Experiment on Immunization,,1,2
Xinyi Lv,Does the Squeaky Wheel Get More Grease? The Direct and…,Does the Squeaky Wheel Get More Grease? The Direct and Indirect Effects of Citizen Participation on Environmental Governance in China,,1,2
Xueping Liang,Does the Squeaky Wheel Get More Grease? The Direct and…,Does the Squeaky Wheel Get More Grease? The Direct and Indirect Effects of Citizen Participation on Environmental Governance in China,,1,2
Yacov Tsur,Does the Squeaky Wheel Get More Grease? The Direct and…,Does the Squeaky Wheel Get More Grease? The Direct and Indirect Effects of Citizen Participation on Environmental Governance in China,,1,2
Yu Gao,Information Avoidance and Moral Behavior,Information Avoidance and Moral Behavior: Experimental Evidence from Food Choices,,1,2
Yuan Zhi Seah,Selecting the Most Effective Nudge,Selecting the Most Effective Nudge: Evidence from a Large-Scale Experiment on Immunization,,1,2
Yvonne van Dalen,"The Long-Run Effects of Psychotherapy on Depression, Beliefs, and Economic…","The Long-Run Effects of Psychotherapy on Depression, Beliefs, and Economic Outcomes",,1,2
Zachary Wagner,Water Treatment And Child Mortality,Water Treatment And Child Mortality: A Meta-Analysis And Cost-effectiveness Analysis,,1,2
Zhaoxuan Qiu,Does the Squeaky Wheel Get More Grease? The Direct and…,Does the Squeaky Wheel Get More Grease? The Direct and Indirect Effects of Citizen Participation on Environmental Governance in China,,1,2
Zhiwei Wang,Does the Squeaky Wheel Get More Grease? The Direct and…,Does the Squeaky Wheel Get More Grease? The Direct and Indirect Effects of Citizen Participation on Environmental Governance in China,,1,2
Ľuboš Pástor,Biodiversity Risk,Biodiversity Risk,,1,2
A R T Hidayat,Effects of Emigration on Rural Labor Markets,Effects of Emigration on Rural Labor Markets,,1,1
A. K. Chaurasia,Biodiversity Risk,Biodiversity Risk,,1,1
A. Rani Elwy,Selecting the Most Effective Nudge,Selecting the Most Effective Nudge: Evidence from a Large-Scale Experiment on Immunization,,1,1
A. Yu. Kolpakov,The Macroeconomic Impact of Climate Change,The Macroeconomic Impact of Climate Change: Global vs. Local Temperature,,1,1
A. de Ruyter,The Macroeconomic Impact of Climate Change,The Macroeconomic Impact of Climate Change: Global vs. Local Temperature,,1,1
A.C. Sim,Do Celebrity Endorsements Matter? A Twitter Experiment Promoting Vaccination in…,Do Celebrity Endorsements Matter? A Twitter Experiment Promoting Vaccination in Indonesia,,1,1
Aaron S. Kesselheim,Advance Market Commitments,Advance Market Commitments: Insights from Theory and Experience,,1,1
Aaron Salzberg,The Effect of Lead Exposure on Children’s Learning in the…,The Effect of Lead Exposure on Children’s Learning in the Developing World: A Meta-Analysis,,1,1
Abdelaziz Abdalla Alowais,The Benefits and Costs of Guest Worker Programs,The Benefits and Costs of Guest Worker Programs: Experimental Evidence from the India-UAE Migration Corridor,,1,1
Abel Lucena,The Effect of Public Science on Corporate R&amp;D,The Effect of Public Science on Corporate R&amp;D,,1,1
Abhishek Gupta,Towards best practices in AGI safety and governance,Towards best practices in AGI safety and governance: A survey of expert opinion,,1,1
Abideen Salako,Water Treatment And Child Mortality,Water Treatment And Child Mortality: A Meta-Analysis And Cost-effectiveness Analysis,,1,1
Abraham Loeb,Towards best practices in AGI safety and governance,Towards best practices in AGI safety and governance: A survey of expert opinion,,1,1
Abu Shonchoy,Effects of Emigration on Rural Labor Markets,Effects of Emigration on Rural Labor Markets,,1,1
Abubakr Suliman,The Benefits and Costs of Guest Worker Programs,The Benefits and Costs of Guest Worker Programs: Experimental Evidence from the India-UAE Migration Corridor,,1,1
Achim Wambach,Advance Market Commitments,Advance Market Commitments: Insights from Theory and Experience,,1,1
Adam Laycock,The Effect of Lead Exposure on Children’s Learning in the…,The Effect of Lead Exposure on Children’s Learning in the Developing World: A Meta-Analysis,,1,1
Adam McCloskey,Selecting the Most Effective Nudge,Selecting the Most Effective Nudge: Evidence from a Large-Scale Experiment on Immunization,,1,1
Adam Rose,The Macroeconomic Impact of Climate Change,The Macroeconomic Impact of Climate Change: Global vs. Local Temperature,,1,1
Adeline Delavande,Selecting the Most Effective Nudge,Selecting the Most Effective Nudge: Evidence from a Large-Scale Experiment on Immunization,,1,1
Adrien Bilal,The Macroeconomic Impact of Climate Change,The Macroeconomic Impact of Climate Change: Global vs. Local Temperature,,1,1
Adélaïde Fadhuile,"When do ""Nudges"" Increase Welfare?","When do ""Nudges"" Increase Welfare?",,1,1
Aelita Sargsyan,The Effect of Lead Exposure on Children’s Learning in the…,The Effect of Lead Exposure on Children’s Learning in the Developing World: A Meta-Analysis,,1,1
Afshan Naseem,Towards best practices in AGI safety and governance,Towards best practices in AGI safety and governance: A survey of expert opinion,,1,1
Agnė Paliokaitė,The Effect of Public Science on Corporate R&amp;D,The Effect of Public Science on Corporate R&amp;D,,1,1
Agudelo Nicolás,Advance Market Commitments,Advance Market Commitments: Insights from Theory and Experience,,1,1
Aguilar David,Advance Market Commitments,Advance Market Commitments: Insights from Theory and Experience,,1,1
Ahmed M. Fallatah,Water Treatment And Child Mortality,Water Treatment And Child Mortality: A Meta-Analysis And Cost-effectiveness Analysis,,1,1
Ahsan Alam,The Comparative Impact of Cash Transfers and a Psychotherapy Program…,The Comparative Impact of Cash Transfers and a Psychotherapy Program on Psychological and Economic Well-being,,1,1
Aidan Coville,Do Celebrity Endorsements Matter? A Twitter Experiment Promoting Vaccination in…,Do Celebrity Endorsements Matter? A Twitter Experiment Promoting Vaccination in Indonesia,,1,1
Aidan Hollis,Advance Market Commitments,Advance Market Commitments: Insights from Theory and Experience,,1,1
Aikaterini Taka,How Effective Is (More) Money? Randomizing Unconditional Cash Transfer Amounts…,How Effective Is (More) Money? Randomizing Unconditional Cash Transfer Amounts in the US,,1,1
Aishwarya Atluri,Water Treatment And Child Mortality,Water Treatment And Child Mortality: A Meta-Analysis And Cost-effectiveness Analysis,,1,1
Ajay Pillarisetti,The Macroeconomic Impact of Climate Change,The Macroeconomic Impact of Climate Change: Global vs. Local Temperature,,1,1
Akash R. Wasil,The Comparative Impact of Cash Transfers and a Psychotherapy Program…,The Comparative Impact of Cash Transfers and a Psychotherapy Program on Psychological and Economic Well-being,,1,1
Akhter Ahmed,The Comparative Impact of Cash Transfers and a Psychotherapy Program…,The Comparative Impact of Cash Transfers and a Psychotherapy Program on Psychological and Economic Well-being,,1,1
Akshay Kotak,Stagnation and Scientific Incentives,Stagnation and Scientific Incentives,,1,1
Alain de Janvry,Selecting the Most Effective Nudge,Selecting the Most Effective Nudge: Evidence from a Large-Scale Experiment on Immunization,,1,1
Alan Chan,Towards best practices in AGI safety and governance,Towards best practices in AGI safety and governance: A survey of expert opinion,,1,1
Alan de Brauw,Effects of Emigration on Rural Labor Markets,Effects of Emigration on Rural Labor Markets,,1,1
Alberto Binetti,Ends versus Means,"Ends versus Means: Kantians, Utilitarians, and Moral Decisions",,1,1
Alberto Ciancio,Selecting the Most Effective Nudge,Selecting the Most Effective Nudge: Evidence from a Large-Scale Experiment on Immunization,,1,1
Alberto Garcı́a,Urban Forests,Urban Forests: Environmental Health Values and Risks,,1,1
Alberto González‐García,Urban Forests,Urban Forests: Environmental Health Values and Risks,,1,1
Aleida March,The Comparative Impact of Cash Transfers and a Psychotherapy Program…,The Comparative Impact of Cash Transfers and a Psychotherapy Program on Psychological and Economic Well-being,,1,1
Alejandro Ganimian,Building Resilient Education Systems,Building Resilient Education Systems: Evidence from Large-Scale Randomized Trials in Five Countries,,1,1
Aleksandr Christenko,The Effect of Public Science on Corporate R&amp;D,The Effect of Public Science on Corporate R&amp;D,,1,1
Alessandra Calvo–Friedman,How Effective Is (More) Money? Randomizing Unconditional Cash Transfer Amounts…,How Effective Is (More) Money? Randomizing Unconditional Cash Transfer Amounts in the US,,1,1
Alessandro Palma,"When do ""Nudges"" Increase Welfare?","When do ""Nudges"" Increase Welfare?",,1,1
Alex Tabarrok,Advance Market Commitments,Advance Market Commitments: Insights from Theory and Experience,,1,1
Alexander F. Wagner,Biodiversity Risk,Biodiversity Risk,,1,1
Alexander Pfaff,Advance Market Commitments,Advance Market Commitments: Insights from Theory and Experience,,1,1
Alexandra Hartman,Cognitive Behavioral Therapy among Ghana's Rural Poor Is Effective Regardless…,Cognitive Behavioral Therapy among Ghana's Rural Poor Is Effective Regardless of Baseline Mental Distress,,1,1
Alexandra Sadler,Biodiversity Risk,Biodiversity Risk,,1,1
Alexandre Alahi,Towards best practices in AGI safety and governance,Towards best practices in AGI safety and governance: A survey of expert opinion,,1,1
Alexandre Garel,Biodiversity Risk,Biodiversity Risk,,1,1
Alexandre Sollaci,The Macroeconomic Impact of Climate Change,The Macroeconomic Impact of Climate Change: Global vs. Local Temperature,,1,1
Alexey Makarin,Cognitive Behavioral Therapy among Ghana's Rural Poor Is Effective Regardless…,Cognitive Behavioral Therapy among Ghana's Rural Poor Is Effective Regardless of Baseline Mental Distress,,1,1
Alexis Poindron,Selecting the Most Effective Nudge,Selecting the Most Effective Nudge: Evidence from a Large-Scale Experiment on Immunization,,1,1
Alfonso Sousa‐Poza,Economic vs. Epidemiological Approaches to Measuring the Human Capital Impacts…,Economic vs. Epidemiological Approaches to Measuring the Human Capital Impacts of Infectious Disease Elimination,,1,1
Alfredo Burlando,Selecting the Most Effective Nudge,Selecting the Most Effective Nudge: Evidence from a Large-Scale Experiment on Immunization,,1,1
Alice Dominici,Selecting the Most Effective Nudge,Selecting the Most Effective Nudge: Evidence from a Large-Scale Experiment on Immunization,,1,1
Alina Fahrenwaldt,Information Avoidance and Moral Behavior,Information Avoidance and Moral Behavior: Experimental Evidence from Food Choices,,1,1
Alireza Ghassemi Toussi,The Effect of Lead Exposure on Children’s Learning in the…,The Effect of Lead Exposure on Children’s Learning in the Developing World: A Meta-Analysis,,1,1
Alison Karasz,The Comparative Impact of Cash Transfers and a Psychotherapy Program…,The Comparative Impact of Cash Transfers and a Psychotherapy Program on Psychological and Economic Well-being,,1,1
Alissa Kleinnijenhuis,The Macroeconomic Impact of Climate Change,The Macroeconomic Impact of Climate Change: Global vs. Local Temperature,,1,1
Allison Witman,How Effective Is (More) Money? Randomizing Unconditional Cash Transfer Amounts…,How Effective Is (More) Money? Randomizing Unconditional Cash Transfer Amounts in the US,,1,1
Alvin E. Roth,Advance Market Commitments,Advance Market Commitments: Insights from Theory and Experience,,1,1
Alvin Kuowei Tay,The Comparative Impact of Cash Transfers and a Psychotherapy Program…,The Comparative Impact of Cash Transfers and a Psychotherapy Program on Psychological and Economic Well-being,,1,1
Alyas Widita,Do Celebrity Endorsements Matter? A Twitter Experiment Promoting Vaccination in…,Do Celebrity Endorsements Matter? A Twitter Experiment Promoting Vaccination in Indonesia,,1,1
Amanda Johnson,How Effective Is (More) Money? Randomizing Unconditional Cash Transfer Amounts…,How Effective Is (More) Money? Randomizing Unconditional Cash Transfer Amounts in the US,,1,1
Amanda Lenhardt,The Comparative Impact of Cash Transfers and a Psychotherapy Program…,The Comparative Impact of Cash Transfers and a Psychotherapy Program on Psychological and Economic Well-being,,1,1
Amar Rao,Biodiversity Risk,Biodiversity Risk,,1,1
Amber van Druten,Information Avoidance and Moral Behavior,Information Avoidance and Moral Behavior: Experimental Evidence from Food Choices,,1,1
Amel Gacem,Water Treatment And Child Mortality,Water Treatment And Child Mortality: A Meta-Analysis And Cost-effectiveness Analysis,,1,1
Amelia Clarke,The Macroeconomic Impact of Climate Change,The Macroeconomic Impact of Climate Change: Global vs. Local Temperature,,1,1
Amir Jina,"The Long-Run Effects of Psychotherapy on Depression, Beliefs, and Economic…","The Long-Run Effects of Psychotherapy on Depression, Beliefs, and Economic Outcomes",,1,1
Amitrajeet A. Batabyal,Money (Not) to Burn,Money (Not) to Burn: Payments for Ecosystem Services to Reduce Crop Residue Burning,,1,1
Amrita Ahuja,Advance Market Commitments,Advance Market Commitments: Insights from Theory and Experience,,1,1
Amrita Singh,Biodiversity Risk,Biodiversity Risk,,1,1
Amy Freeman,How Effective Is (More) Money? Randomizing Unconditional Cash Transfer Amounts…,How Effective Is (More) Money? Randomizing Unconditional Cash Transfer Amounts in the US,,1,1
Amy McQueen,Information Avoidance and Moral Behavior,Information Avoidance and Moral Behavior: Experimental Evidence from Food Choices,,1,1
Amy Ogan,How Effective Is (More) Money? Randomizing Unconditional Cash Transfer Amounts…,How Effective Is (More) Money? Randomizing Unconditional Cash Transfer Amounts in the US,,1,1
Améline Vallet,Urban Forests,Urban Forests: Environmental Health Values and Risks,,1,1
Ana Julia Paula Carcedo,Stagnation and Scientific Incentives,Stagnation and Scientific Incentives,,1,1
Ana-Maria Boromisa,The Macroeconomic Impact of Climate Change,The Macroeconomic Impact of Climate Change: Global vs. Local Temperature,,1,1
Anand M. Osuri,The global potential for natural regeneration in deforested tropical regions,The global potential for natural regeneration in deforested tropical regions,,1,1
Anand Nair,The Governance of Nonprofits and Their Social Impact,The Governance of Nonprofits and Their Social Impact: Evidence from a Randomized Program in Healthcare in the Democratic Republic of Congo,,1,1
Anant Bhan,"The Long-Run Effects of Psychotherapy on Depression, Beliefs, and Economic…","The Long-Run Effects of Psychotherapy on Depression, Beliefs, and Economic Outcomes",,1,1
Anastasia Spartinou,How Effective Is (More) Money? Randomizing Unconditional Cash Transfer Amounts…,How Effective Is (More) Money? Randomizing Unconditional Cash Transfer Amounts in the US,,1,1
Anazélia M. Tedesco,The global potential for natural regeneration in deforested tropical regions,The global potential for natural regeneration in deforested tropical regions,,1,1
Anca Balietti,Effects of Emigration on Rural Labor Markets,Effects of Emigration on Rural Labor Markets,,1,1
Anca D. Dragan,Towards best practices in AGI safety and governance,Towards best practices in AGI safety and governance: A survey of expert opinion,,1,1
Anders Bach‐Mortensen,The Comparative Impact of Cash Transfers and a Psychotherapy Program…,The Comparative Impact of Cash Transfers and a Psychotherapy Program on Psychological and Economic Well-being,,1,1
Anders H. Lund,Stagnation and Scientific Incentives,Stagnation and Scientific Incentives,,1,1
Anders Kjelsrud,The Comparative Impact of Cash Transfers and a Psychotherapy Program…,The Comparative Impact of Cash Transfers and a Psychotherapy Program on Psychological and Economic Well-being,,1,1
Anders Kärnä,Stagnation and Scientific Incentives,Stagnation and Scientific Incentives,,1,1
Anders Sandberg,Long Term Cost-Effectiveness of Resilient Foods for Global Catastrophes Compared…,Long Term Cost-Effectiveness of Resilient Foods for Global Catastrophes Compared to Artificial General Intelligence Safety,,1,1
Andrea Prieto,Building Resilient Education Systems,Building Resilient Education Systems: Evidence from Large-Scale Randomized Trials in Five Countries,,1,1
Andrea Repetto,The Comparative Impact of Cash Transfers and a Psychotherapy Program…,The Comparative Impact of Cash Transfers and a Psychotherapy Program on Psychological and Economic Well-being,,1,1
Andrea Sauchelli,Population ethical intuitions,Population ethical intuitions,,1,1
Andreas G. F. Hoepner,Biodiversity Risk,Biodiversity Risk,,1,1
Andreas Kjær Stage,Choose Your Moments,Choose Your Moments: Peer Review and Scientific Risk Taking,,1,1
Andreas Kotsadam,The Comparative Impact of Cash Transfers and a Psychotherapy Program…,The Comparative Impact of Cash Transfers and a Psychotherapy Program on Psychological and Economic Well-being,,1,1
Andreas Löschel,Information Avoidance and Moral Behavior,Information Avoidance and Moral Behavior: Experimental Evidence from Food Choices,,1,1
Andreas Mokros,"The Long-Run Effects of Psychotherapy on Depression, Beliefs, and Economic…","The Long-Run Effects of Psychotherapy on Depression, Beliefs, and Economic Outcomes",,1,1
Andreas Richter,Biodiversity Risk,Biodiversity Risk,,1,1
Andreas T. Schmidt,Population ethical intuitions,Population ethical intuitions,,1,1
Andreas de Barros,Building Resilient Education Systems,Building Resilient Education Systems: Evidence from Large-Scale Randomized Trials in Five Countries,,1,1
Andrew Balmford,Banning Wildlife Trade Can Boost the Unregulated Trade of Threatened…,Banning Wildlife Trade Can Boost the Unregulated Trade of Threatened Species,,1,1
Andrew Barry,Advance Market Commitments,Advance Market Commitments: Insights from Theory and Experience,,1,1
Andrew Chi-Chih Yao,Towards best practices in AGI safety and governance,Towards best practices in AGI safety and governance: A survey of expert opinion,,1,1
Andrew J. McDonald,Money (Not) to Burn,Money (Not) to Burn: Payments for Ecosystem Services to Reduce Crop Residue Burning,,1,1
Andrew Laitha,The Benefits and Costs of Guest Worker Programs,The Benefits and Costs of Guest Worker Programs: Experimental Evidence from the India-UAE Migration Corridor,,1,1
Andrew Simon,Cash Transfers for Child Development,Cash Transfers for Child Development: Experimental Evidence from India,,1,1
Andrew Urquhart,Biodiversity Risk,Biodiversity Risk,,1,1
Andrés Felipe Suárez‐Castro,The global potential for natural regeneration in deforested tropical regions,The global potential for natural regeneration in deforested tropical regions,,1,1
Andy Gray,Advance Market Commitments,Advance Market Commitments: Insights from Theory and Experience,,1,1
Angela Duckworth,How Effective Is (More) Money? Randomizing Unconditional Cash Transfer Amounts…,How Effective Is (More) Money? Randomizing Unconditional Cash Transfer Amounts in the US,,1,1
Angela Ofori-Atta,The Comparative Impact of Cash Transfers and a Psychotherapy Program…,The Comparative Impact of Cash Transfers and a Psychotherapy Program on Psychological and Economic Well-being,,1,1
Angélica M. Almeyda Zambrano,The global potential for natural regeneration in deforested tropical regions,The global potential for natural regeneration in deforested tropical regions,,1,1
Anil Cacodcar,Advance Market Commitments,Advance Market Commitments: Insights from Theory and Experience,,1,1
Anirudh Sankar,Selecting the Most Effective Nudge,Selecting the Most Effective Nudge: Evidence from a Large-Scale Experiment on Immunization,,1,1
Anja Groth,Stagnation and Scientific Incentives,Stagnation and Scientific Incentives,,1,1
Anjini Kochar,Advance Market Commitments,Advance Market Commitments: Insights from Theory and Experience,,1,1
Ankai Xu,Advance Market Commitments,Advance Market Commitments: Insights from Theory and Experience,,1,1
Anke Haberkamp,"The Long-Run Effects of Psychotherapy on Depression, Beliefs, and Economic…","The Long-Run Effects of Psychotherapy on Depression, Beliefs, and Economic Outcomes",,1,1
Ann H. Kelly,Advance Market Commitments,Advance Market Commitments: Insights from Theory and Experience,,1,1
Ann P. Kinzig,The Macroeconomic Impact of Climate Change,The Macroeconomic Impact of Climate Change: Global vs. Local Temperature,,1,1
Anna Cretì,Biodiversity Risk,Biodiversity Risk,,1,1
Anna Fabry,The Benefits and Costs of Guest Worker Programs,The Benefits and Costs of Guest Worker Programs: Experimental Evidence from the India-UAE Migration Corridor,,1,1
Anna Gassman‐Pines,How Effective Is (More) Money? Randomizing Unconditional Cash Transfer Amounts…,How Effective Is (More) Money? Randomizing Unconditional Cash Transfer Amounts in the US,,1,1
Anna Reuter,Selecting the Most Effective Nudge,Selecting the Most Effective Nudge: Evidence from a Large-Scale Experiment on Immunization,,1,1
Anna Schrimpf,Selecting the Most Effective Nudge,Selecting the Most Effective Nudge: Evidence from a Large-Scale Experiment on Immunization,,1,1
Anna Tompsett,Water Treatment And Child Mortality,Water Treatment And Child Mortality: A Meta-Analysis And Cost-effectiveness Analysis,,1,1
Annan Khampeera,The Macroeconomic Impact of Climate Change,The Macroeconomic Impact of Climate Change: Global vs. Local Temperature,,1,1
Anne Bartsch,Do Celebrity Endorsements Matter? A Twitter Experiment Promoting Vaccination in…,Do Celebrity Endorsements Matter? A Twitter Experiment Promoting Vaccination in Indonesia,,1,1
Anne Karing,Selecting the Most Effective Nudge,Selecting the Most Effective Nudge: Evidence from a Large-Scale Experiment on Immunization,,1,1
Anthony J. Pavlo,The Comparative Impact of Cash Transfers and a Psychotherapy Program…,The Comparative Impact of Cash Transfers and a Psychotherapy Program on Psychological and Economic Well-being,,1,1
Antoine Nebout,"When do ""Nudges"" Increase Welfare?","When do ""Nudges"" Increase Welfare?",,1,1
Antonio Gaitán Torres,Population ethical intuitions,Population ethical intuitions,,1,1
Anujit Chakraborty,Ends versus Means,"Ends versus Means: Kantians, Utilitarians, and Moral Decisions",,1,1
Anushka Patel,"The Long-Run Effects of Psychotherapy on Depression, Beliefs, and Economic…","The Long-Run Effects of Psychotherapy on Depression, Beliefs, and Economic Outcomes",,1,1
Aparna Gomes,Advance Market Commitments,Advance Market Commitments: Insights from Theory and Experience,,1,1
Aras Canipek,Biodiversity Risk,Biodiversity Risk,,1,1
Areti Lagiou,The Effect of Public Science on Corporate R&amp;D,The Effect of Public Science on Corporate R&amp;D,,1,1
Areti-Dimitra Koulouvari,The Effect of Public Science on Corporate R&amp;D,The Effect of Public Science on Corporate R&amp;D,,1,1
Arielle Bernhardt,Intergenerational Child Mortality Impacts of Deworming,Intergenerational Child Mortality Impacts of Deworming: Experimental Evidence from Two Decades of the Kenya Life Panel Survey,,1,1
Arkodipta Sarkar,Does the Squeaky Wheel Get More Grease? The Direct and…,Does the Squeaky Wheel Get More Grease? The Direct and Indirect Effects of Citizen Participation on Environmental Governance in China,,1,1
Arnab Acharya,Advance Market Commitments,Advance Market Commitments: Insights from Theory and Experience,,1,1
Arndt Reichert,Do Celebrity Endorsements Matter? A Twitter Experiment Promoting Vaccination in…,Do Celebrity Endorsements Matter? A Twitter Experiment Promoting Vaccination in Indonesia,,1,1
Arregocés Leonardo,Advance Market Commitments,Advance Market Commitments: Insights from Theory and Experience,,1,1
Arthur Baker,Advance Market Commitments,Advance Market Commitments: Insights from Theory and Experience,,1,1
Arthur Moonga,The Comparative Impact of Cash Transfers and a Psychotherapy Program…,The Comparative Impact of Cash Transfers and a Psychotherapy Program on Psychological and Economic Well-being,,1,1
Arthur Romec,Biodiversity Risk,Biodiversity Risk,,1,1
Asbjørn Andersen,The Comparative Impact of Cash Transfers and a Psychotherapy Program…,The Comparative Impact of Cash Transfers and a Psychotherapy Program on Psychological and Economic Well-being,,1,1
Ashish Arora,The Effect of Public Science on Corporate R&amp;D,The Effect of Public Science on Corporate R&amp;D,,1,1
Ashley V. Whillans,The Comparative Impact of Cash Transfers and a Psychotherapy Program…,The Comparative Impact of Cash Transfers and a Psychotherapy Program on Psychological and Economic Well-being,,1,1
Ashwin Acharya,Towards best practices in AGI safety and governance,Towards best practices in AGI safety and governance: A survey of expert opinion,,1,1
Atheendar Venkataramani,The Comparative Impact of Cash Transfers and a Psychotherapy Program…,The Comparative Impact of Cash Transfers and a Psychotherapy Program on Psychological and Economic Well-being,,1,1
Atılım Güneş Baydin,Towards best practices in AGI safety and governance,Towards best practices in AGI safety and governance: A survey of expert opinion,,1,1
Audun Langørgen,Selecting the Most Effective Nudge,Selecting the Most Effective Nudge: Evidence from a Large-Scale Experiment on Immunization,,1,1
Aurinta Elenskė,The Effect of Public Science on Corporate R&amp;D,The Effect of Public Science on Corporate R&amp;D,,1,1
Aurélien Baillon,Information Avoidance and Moral Behavior,Information Avoidance and Moral Behavior: Experimental Evidence from Food Choices,,1,1
Aviv Ovadya,Towards best practices in AGI safety and governance,Towards best practices in AGI safety and governance: A survey of expert opinion,,1,1
Ayman Abdalmajeed Alsmadi,The Comparative Impact of Cash Transfers and a Psychotherapy Program…,The Comparative Impact of Cash Transfers and a Psychotherapy Program on Psychological and Economic Well-being,,1,1
Ayoub Saei,The Effect of Lead Exposure on Children’s Learning in the…,The Effect of Lead Exposure on Children’s Learning in the Developing World: A Meta-Analysis,,1,1
B Shrestha,Building Resilient Education Systems,Building Resilient Education Systems: Evidence from Large-Scale Randomized Trials in Five Countries,,1,1
B. Akomolafe,The Macroeconomic Impact of Climate Change,The Macroeconomic Impact of Climate Change: Global vs. Local Temperature,,1,1
B. Dhillon,Money (Not) to Burn,Money (Not) to Burn: Payments for Ecosystem Services to Reduce Crop Residue Burning,,1,1
B. Kelsey Jack,A Welfare Analysis of Policies Impacting Climate Change,A Welfare Analysis of Policies Impacting Climate Change,,1,1
B. N. Porfiriev,The Macroeconomic Impact of Climate Change,The Macroeconomic Impact of Climate Change: Global vs. Local Temperature,,1,1
B. S. Karky,Biodiversity Risk,Biodiversity Risk,,1,1
B. Wang,The Macroeconomic Impact of Climate Change,The Macroeconomic Impact of Climate Change: Global vs. Local Temperature,,1,1
B.V.E. Hyde,Population ethical intuitions,Population ethical intuitions,,1,1
Babatunde Adewale,Water Treatment And Child Mortality,Water Treatment And Child Mortality: A Meta-Analysis And Cost-effectiveness Analysis,,1,1
Babatunde Lawal Salako,Water Treatment And Child Mortality,Water Treatment And Child Mortality: A Meta-Analysis And Cost-effectiveness Analysis,,1,1
Bachir El Khadir,Stagnation and Scientific Incentives,Stagnation and Scientific Incentives,,1,1
Baihui Pan,How Effective Is (More) Money? Randomizing Unconditional Cash Transfer Amounts…,How Effective Is (More) Money? Randomizing Unconditional Cash Transfer Amounts in the US,,1,1
Balasubramani Ravindran,Water Treatment And Child Mortality,Water Treatment And Child Mortality: A Meta-Analysis And Cost-effectiveness Analysis,,1,1
Barnabás Szászi,How Effective Is (More) Money? Randomizing Unconditional Cash Transfer Amounts…,How Effective Is (More) Money? Randomizing Unconditional Cash Transfer Amounts in the US,,1,1
Bashiru Yachori,Water Treatment And Child Mortality,Water Treatment And Child Mortality: A Meta-Analysis And Cost-effectiveness Analysis,,1,1
Bassirou Karimou,The Comparative Impact of Cash Transfers and a Psychotherapy Program…,The Comparative Impact of Cash Transfers and a Psychotherapy Program on Psychological and Economic Well-being,,1,1
Bastian Schnabel,Water Treatment And Child Mortality,Water Treatment And Child Mortality: A Meta-Analysis And Cost-effectiveness Analysis,,1,1
Bastien Kolt,The Comparative Impact of Cash Transfers and a Psychotherapy Program…,The Comparative Impact of Cash Transfers and a Psychotherapy Program on Psychological and Economic Well-being,,1,1
Battista Biggio,Towards best practices in AGI safety and governance,Towards best practices in AGI safety and governance: A survey of expert opinion,,1,1
Bauyrzhan Yedgenov,Do Celebrity Endorsements Matter? A Twitter Experiment Promoting Vaccination in…,Do Celebrity Endorsements Matter? A Twitter Experiment Promoting Vaccination in Indonesia,,1,1
Bella Tonkonogy,Advance Market Commitments,Advance Market Commitments: Insights from Theory and Experience,,1,1
Ben Bucknall,Towards best practices in AGI safety and governance,Towards best practices in AGI safety and governance: A survey of expert opinion,,1,1
Ben Garfinkel,Towards best practices in AGI safety and governance,Towards best practices in AGI safety and governance: A survey of expert opinion,,1,1
Bence Pálfi,How Effective Is (More) Money? Randomizing Unconditional Cash Transfer Amounts…,How Effective Is (More) Money? Randomizing Unconditional Cash Transfer Amounts in the US,,1,1
Benjamin Collier,Biodiversity Risk,Biodiversity Risk,,1,1
Benjamin Dennis,Biodiversity Risk,Biodiversity Risk,,1,1
Benjamin Faber,Effects of Emigration on Rural Labor Markets,Effects of Emigration on Rural Labor Markets,,1,1
Benjamin Golub,Selecting the Most Effective Nudge,Selecting the Most Effective Nudge: Evidence from a Large-Scale Experiment on Immunization,,1,1
Benjamin K. Sovacool,Advance Market Commitments,Advance Market Commitments: Insights from Theory and Experience,,1,1
Benjamin Ly Serena,"The Long-Run Effects of Psychotherapy on Depression, Beliefs, and Economic…","The Long-Run Effects of Psychotherapy on Depression, Beliefs, and Economic Outcomes",,1,1
Benjamin Lê Cook,How Effective Is (More) Money? Randomizing Unconditional Cash Transfer Amounts…,How Effective Is (More) Money? Randomizing Unconditional Cash Transfer Amounts in the US,,1,1
Benjamin Olken,Selecting the Most Effective Nudge,Selecting the Most Effective Nudge: Evidence from a Large-Scale Experiment on Immunization,,1,1
Benjamin Wall,Stagnation and Scientific Incentives,Stagnation and Scientific Incentives,,1,1
Benny Smith,Information Avoidance and Moral Behavior,Information Avoidance and Moral Behavior: Experimental Evidence from Food Choices,,1,1
Bernardo A. Bastien-Olvera,The Environmental Effects of Economic Production,The Environmental Effects of Economic Production: Evidence from Ecological Observations,,1,1
Berta Martín‐López,The global potential for natural regeneration in deforested tropical regions,The global potential for natural regeneration in deforested tropical regions,,1,1
Bethany Springer,How Effective Is (More) Money? Randomizing Unconditional Cash Transfer Amounts…,How Effective Is (More) Money? Randomizing Unconditional Cash Transfer Amounts in the US,,1,1
Beverley Nielsen,The Macroeconomic Impact of Climate Change,The Macroeconomic Impact of Climate Change: Global vs. Local Temperature,,1,1
Bhattacharjee Suchiradipta,Stagnation and Scientific Incentives,Stagnation and Scientific Incentives,,1,1
Bhaven N. Sampat,Advance Market Commitments,Advance Market Commitments: Insights from Theory and Experience,,1,1
Bianca Vandresen,The animal welfare cost of meat,The animal welfare cost of meat: evidence from a survey of hypothetical scenarios among Belgian consumers,,1,1
Bill Schultz,Selecting the Most Effective Nudge,Selecting the Most Effective Nudge: Evidence from a Large-Scale Experiment on Immunization,,1,1
Binghan Jiang,Biodiversity Risk,Biodiversity Risk,,1,1
Bingnan Guo,Does the Squeaky Wheel Get More Grease? The Direct and…,Does the Squeaky Wheel Get More Grease? The Direct and Indirect Effects of Citizen Participation on Environmental Governance in China,,1,1
Bingrui Gao,Does the Squeaky Wheel Get More Grease? The Direct and…,Does the Squeaky Wheel Get More Grease? The Direct and Indirect Effects of Citizen Participation on Environmental Governance in China,,1,1
Birgit Stark,Do Celebrity Endorsements Matter? A Twitter Experiment Promoting Vaccination in…,Do Celebrity Endorsements Matter? A Twitter Experiment Promoting Vaccination in Indonesia,,1,1
Bo Jellesmark Thorsen,Biodiversity Risk,Biodiversity Risk,,1,1
Bo Zhang,Does the Squeaky Wheel Get More Grease? The Direct and…,Does the Squeaky Wheel Get More Grease? The Direct and Indirect Effects of Citizen Participation on Environmental Governance in China,,1,1
Bob Fischer,The animal welfare cost of meat,The animal welfare cost of meat: evidence from a survey of hypothetical scenarios among Belgian consumers,,1,1
Bohui Zhang,Does the Squeaky Wheel Get More Grease? The Direct and…,Does the Squeaky Wheel Get More Grease? The Direct and Indirect Effects of Citizen Participation on Environmental Governance in China,,1,1
Bowen Guan,Effects of Emigration on Rural Labor Markets,Effects of Emigration on Rural Labor Markets,,1,1
Brad Wong,Building Resilient Education Systems,Building Resilient Education Systems: Evidence from Large-Scale Randomized Trials in Five Countries,,1,1
Brajesh Tripathi,"The Long-Run Effects of Psychotherapy on Depression, Beliefs, and Economic…","The Long-Run Effects of Psychotherapy on Depression, Beliefs, and Economic Outcomes",,1,1
Brandon Joel Tan,Advance Market Commitments,Advance Market Commitments: Insights from Theory and Experience,,1,1
Brian Beckage,The Macroeconomic Impact of Climate Change,The Macroeconomic Impact of Climate Change: Global vs. Local Temperature,,1,1
Brian C. Albrecht,Advance Market Commitments,Advance Market Commitments: Insights from Theory and Experience,,1,1
Brian Jacob,How Effective Is (More) Money? Randomizing Unconditional Cash Transfer Amounts…,How Effective Is (More) Money? Randomizing Unconditional Cash Transfer Amounts in the US,,1,1
Brian O’Callaghan,Biodiversity Risk,Biodiversity Risk,,1,1
Brittney Sandler,Selecting the Most Effective Nudge,Selecting the Most Effective Nudge: Evidence from a Large-Scale Experiment on Immunization,,1,1
Brooke Williams,The global potential for natural regeneration in deforested tropical regions,The global potential for natural regeneration in deforested tropical regions,,1,1
Bruce P. Lanphear,The Effect of Lead Exposure on Children’s Learning in the…,The Effect of Lead Exposure on Children’s Learning in the Developing World: A Meta-Analysis,,1,1
Bryan Patenaude,"The Long-Run Effects of Psychotherapy on Depression, Beliefs, and Economic…","The Long-Run Effects of Psychotherapy on Depression, Beliefs, and Economic Outcomes",,1,1
Busara Lab Busara Lab,The Comparative Impact of Cash Transfers and a Psychotherapy Program…,The Comparative Impact of Cash Transfers and a Psychotherapy Program on Psychological and Economic Well-being,,1,1
Béatrice Roussillon,"When do ""Nudges"" Increase Welfare?","When do ""Nudges"" Increase Welfare?",,1,1
C. D. West,The Comparative Impact of Cash Transfers and a Psychotherapy Program…,The Comparative Impact of Cash Transfers and a Psychotherapy Program on Psychological and Economic Well-being,,1,1
Canice Prendergast,Advance Market Commitments,Advance Market Commitments: Insights from Theory and Experience,,1,1
Cao Truong Son,Water Treatment And Child Mortality,Water Treatment And Child Mortality: A Meta-Analysis And Cost-effectiveness Analysis,,1,1
Carl Johan Lagerkvist,Biodiversity Risk,Biodiversity Risk,,1,1
Carl Shulman,Population ethical intuitions,Population ethical intuitions,,1,1
Carlos Alberto Dória,Building Resilient Education Systems,Building Resilient Education Systems: Evidence from Large-Scale Randomized Trials in Five Countries,,1,1
Carlos Gould,The Macroeconomic Impact of Climate Change,The Macroeconomic Impact of Climate Change: Global vs. Local Temperature,,1,1
Carlos Hernández,Stagnation and Scientific Incentives,Stagnation and Scientific Incentives,,1,1
Carlos Riumalló‐Herl,Selecting the Most Effective Nudge,Selecting the Most Effective Nudge: Evidence from a Large-Scale Experiment on Immunization,,1,1
Carlos Torres,Selecting the Most Effective Nudge,Selecting the Most Effective Nudge: Evidence from a Large-Scale Experiment on Immunization,,1,1
Carly Molloy,Selecting the Most Effective Nudge,Selecting the Most Effective Nudge: Evidence from a Large-Scale Experiment on Immunization,,1,1
Caroline Delaire,Water Treatment And Child Mortality,Water Treatment And Child Mortality: A Meta-Analysis And Cost-effectiveness Analysis,,1,1
Caroline Theoharides,Effects of Emigration on Rural Labor Markets,Effects of Emigration on Rural Labor Markets,,1,1
Carolyn A. Berry,How Effective Is (More) Money? Randomizing Unconditional Cash Transfer Amounts…,How Effective Is (More) Money? Randomizing Unconditional Cash Transfer Amounts in the US,,1,1
Carson Ezell,Towards best practices in AGI safety and governance,Towards best practices in AGI safety and governance: A survey of expert opinion,,1,1
Carter Walter Bloch,Choose Your Moments,Choose Your Moments: Peer Review and Scientific Risk Taking,,1,1
Caspar Kaiser,The Comparative Impact of Cash Transfers and a Psychotherapy Program…,The Comparative Impact of Cash Transfers and a Psychotherapy Program on Psychological and Economic Well-being,,1,1
Catarina C. Jakovac,The global potential for natural regeneration in deforested tropical regions,The global potential for natural regeneration in deforested tropical regions,,1,1
Catherine H. Tinsley,The Comparative Impact of Cash Transfers and a Psychotherapy Program…,The Comparative Impact of Cash Transfers and a Psychotherapy Program on Psychological and Economic Well-being,,1,1
Catherine Thomas,The Comparative Impact of Cash Transfers and a Psychotherapy Program…,The Comparative Impact of Cash Transfers and a Psychotherapy Program on Psychological and Economic Well-being,,1,1
Cecilia Castaldo,"When do ""Nudges"" Increase Welfare?","When do ""Nudges"" Increase Welfare?",,1,1
Cecilia Springer,Does the Squeaky Wheel Get More Grease? The Direct and…,Does the Squeaky Wheel Get More Grease? The Direct and Indirect Effects of Citizen Participation on Environmental Governance in China,,1,1
Celestina Heepen,The Benefits and Costs of Guest Worker Programs,The Benefits and Costs of Guest Worker Programs: Experimental Evidence from the India-UAE Migration Corridor,,1,1
Celso Brunetti,Biodiversity Risk,Biodiversity Risk,,1,1
Cem Yavuz,Advance Market Commitments,Advance Market Commitments: Insights from Theory and Experience,,1,1
Chad M. Baum,Advance Market Commitments,Advance Market Commitments: Insights from Theory and Experience,,1,1
Chadwick Curtis,The Macroeconomic Impact of Climate Change,The Macroeconomic Impact of Climate Change: Global vs. Local Temperature,,1,1
Chaehee Shin,Biodiversity Risk,Biodiversity Risk,,1,1
Chan Seob Nam,The Comparative Impact of Cash Transfers and a Psychotherapy Program…,The Comparative Impact of Cash Transfers and a Psychotherapy Program on Psychological and Economic Well-being,,1,1
Chao Yin,Does the Squeaky Wheel Get More Grease? The Direct and…,Does the Squeaky Wheel Get More Grease? The Direct and Indirect Effects of Citizen Participation on Environmental Governance in China,,1,1
Chaolin Tian,Adaptability and the Pivot Penalty in Science,Adaptability and the Pivot Penalty in Science,,1,1
Charity Troyer Moore,Effects of Emigration on Rural Labor Markets,Effects of Emigration on Rural Labor Markets,,1,1
Charles A. Emogor,Banning Wildlife Trade Can Boost the Unregulated Trade of Threatened…,Banning Wildlife Trade Can Boost the Unregulated Trade of Threatened Species,,1,1
Charles Efferson,Selecting the Most Effective Nudge,Selecting the Most Effective Nudge: Evidence from a Large-Scale Experiment on Immunization,,1,1
Charles Harper,Advance Market Commitments,Advance Market Commitments: Insights from Theory and Experience,,1,1
Charles T. Anderson,Long term cost-effectiveness of resilient foods for global catastrophes compared…,Long term cost-effectiveness of resilient foods for global catastrophes compared to artificial general intelligence safety,,1,1
Charlie A. Davidson,The Comparative Impact of Cash Transfers and a Psychotherapy Program…,The Comparative Impact of Cash Transfers and a Psychotherapy Program on Psychological and Economic Well-being,,1,1
Charlotte H. Chang,Does the Squeaky Wheel Get More Grease? The Direct and…,Does the Squeaky Wheel Get More Grease? The Direct and Indirect Effects of Citizen Participation on Environmental Governance in China,,1,1
Charlotte Stix,Towards best practices in AGI safety and governance,Towards best practices in AGI safety and governance: A survey of expert opinion,,1,1
Charlotte Süring,Biodiversity Risk,Biodiversity Risk,,1,1
Chayce R. Baldwin,How Effective Is (More) Money? Randomizing Unconditional Cash Transfer Amounts…,How Effective Is (More) Money? Randomizing Unconditional Cash Transfer Amounts in the US,,1,1
Chen Ye,The Governance of Nonprofits and Their Social Impact,The Governance of Nonprofits and Their Social Impact: Evidence from a Randomized Program in Healthcare in the Democratic Republic of Congo,,1,1
Chen Zeming,Does the Squeaky Wheel Get More Grease? The Direct and…,Does the Squeaky Wheel Get More Grease? The Direct and Indirect Effects of Citizen Participation on Environmental Governance in China,,1,1
Chengyan Xu,Information Avoidance and Moral Behavior,Information Avoidance and Moral Behavior: Experimental Evidence from Food Choices,,1,1
Chenyu Li,Biodiversity Risk,Biodiversity Risk,,1,1
Chie Hanaoka,Cognitive Behavioral Therapy among Ghana's Rural Poor Is Effective Regardless…,Cognitive Behavioral Therapy among Ghana's Rural Poor Is Effective Regardless of Baseline Mental Distress,,1,1
Chisangu Matome,The Comparative Impact of Cash Transfers and a Psychotherapy Program…,The Comparative Impact of Cash Transfers and a Psychotherapy Program on Psychological and Economic Well-being,,1,1
Chong Zhuo,Does the Squeaky Wheel Get More Grease? The Direct and…,Does the Squeaky Wheel Get More Grease? The Direct and Indirect Effects of Citizen Participation on Environmental Governance in China,,1,1
Chris R. Shepherd,Banning Wildlife Trade Can Boost the Unregulated Trade of Threatened…,Banning Wildlife Trade Can Boost the Unregulated Trade of Threatened Species,,1,1
Chris Snyder,Advance Market Commitments,Advance Market Commitments: Insights from Theory and Experience,,1,1
Chrispus Mayora,Advance Market Commitments,Advance Market Commitments: Insights from Theory and Experience,,1,1
Christian J. Merz,"The Long-Run Effects of Psychotherapy on Depression, Beliefs, and Economic…","The Long-Run Effects of Psychotherapy on Depression, Beliefs, and Economic Outcomes",,1,1
Christian Leuz,Does the Squeaky Wheel Get More Grease? The Direct and…,Does the Squeaky Wheel Get More Grease? The Direct and Indirect Effects of Citizen Participation on Environmental Governance in China,,1,1
Christian M. Dahl,Intergenerational Child Mortality Impacts of Deworming,Intergenerational Child Mortality Impacts of Deworming: Experimental Evidence from Two Decades of the Kenya Life Panel Survey,,1,1
Christian Pentzold,Do Celebrity Endorsements Matter? A Twitter Experiment Promoting Vaccination in…,Do Celebrity Endorsements Matter? A Twitter Experiment Promoting Vaccination in Indonesia,,1,1
Christian Schemer,Do Celebrity Endorsements Matter? A Twitter Experiment Promoting Vaccination in…,Do Celebrity Endorsements Matter? A Twitter Experiment Promoting Vaccination in Indonesia,,1,1
Christian Schmid,The Comparative Impact of Cash Transfers and a Psychotherapy Program…,The Comparative Impact of Cash Transfers and a Psychotherapy Program on Psychological and Economic Well-being,,1,1
Christina Gravert,"When do ""Nudges"" Increase Welfare?","When do ""Nudges"" Increase Welfare?",,1,1
Christina Hartmann,Information Avoidance and Moral Behavior,Information Avoidance and Moral Behavior: Experimental Evidence from Food Choices,,1,1
Christoph Feldhaus,Information Avoidance and Moral Behavior,Information Avoidance and Moral Behavior: Experimental Evidence from Food Choices,,1,1
Christoph Nedopil,Does the Squeaky Wheel Get More Grease? The Direct and…,Does the Squeaky Wheel Get More Grease? The Direct and Indirect Effects of Citizen Participation on Environmental Governance in China,,1,1
Christoph Neuberger,Do Celebrity Endorsements Matter? A Twitter Experiment Promoting Vaccination in…,Do Celebrity Endorsements Matter? A Twitter Experiment Promoting Vaccination in Indonesia,,1,1
Christoph Winter,Towards best practices in AGI safety and governance,Towards best practices in AGI safety and governance: A survey of expert opinion,,1,1
Christopher Avery,Advance Market Commitments,Advance Market Commitments: Insights from Theory and Experience,,1,1
Christopher Dye,Selecting the Most Effective Nudge,Selecting the Most Effective Nudge: Evidence from a Large-Scale Experiment on Immunization,,1,1
Christopher Roth,"The Long-Run Effects of Psychotherapy on Depression, Beliefs, and Economic…","The Long-Run Effects of Psychotherapy on Depression, Beliefs, and Economic Outcomes",,1,1
Christopher Yan-Chak Chan,Long term cost-effectiveness of resilient foods for global catastrophes compared…,Long term cost-effectiveness of resilient foods for global catastrophes compared to artificial general intelligence safety,,1,1
Christos Batsis,How Effective Is (More) Money? Randomizing Unconditional Cash Transfer Amounts…,How Effective Is (More) Money? Randomizing Unconditional Cash Transfer Amounts in the US,,1,1
Chuanjie Wang,Biodiversity Risk,Biodiversity Risk,,1,1
Chuanwang Sun,Does the Squeaky Wheel Get More Grease? The Direct and…,Does the Squeaky Wheel Get More Grease? The Direct and Indirect Effects of Citizen Participation on Environmental Governance in China,,1,1
Chuntian Lu,Does the Squeaky Wheel Get More Grease? The Direct and…,Does the Squeaky Wheel Get More Grease? The Direct and Indirect Effects of Citizen Participation on Environmental Governance in China,,1,1
Chunzhi Li,Effects of Emigration on Rural Labor Markets,Effects of Emigration on Rural Labor Markets,,1,1
Cihan Uzmanoglu,Biodiversity Risk,Biodiversity Risk,,1,1
Claire Mackevicius,Effects of Emigration on Rural Labor Markets,Effects of Emigration on Rural Labor Markets,,1,1
Claudette Salinas,Towards best practices in AGI safety and governance,Towards best practices in AGI safety and governance: A survey of expert opinion,,1,1
Claudio Rizzi,Biodiversity Risk,Biodiversity Risk,,1,1
Clemens Breisinger,Selecting the Most Effective Nudge,Selecting the Most Effective Nudge: Evidence from a Large-Scale Experiment on Immunization,,1,1
Clevo Wilson,Banning Wildlife Trade Can Boost the Unregulated Trade of Threatened…,Banning Wildlife Trade Can Boost the Unregulated Trade of Threatened Species,,1,1
Clíodhna Ní Ghuidhir,Towards best practices in AGI safety and governance,Towards best practices in AGI safety and governance: A survey of expert opinion,,1,1
Cole Hooley,Selecting the Most Effective Nudge,Selecting the Most Effective Nudge: Evidence from a Large-Scale Experiment on Immunization,,1,1
Colin Vance,A Welfare Analysis of Policies Impacting Climate Change,A Welfare Analysis of Policies Impacting Climate Change,,1,1
Congming Ding,Does the Squeaky Wheel Get More Grease? The Direct and…,Does the Squeaky Wheel Get More Grease? The Direct and Indirect Effects of Citizen Participation on Environmental Governance in China,,1,1
Connie Susilawati,Banning Wildlife Trade Can Boost the Unregulated Trade of Threatened…,Banning Wildlife Trade Can Boost the Unregulated Trade of Threatened Species,,1,1
Constantin Arnscheidt,Long term cost-effectiveness of resilient foods for global catastrophes compared…,Long term cost-effectiveness of resilient foods for global catastrophes compared to artificial general intelligence safety,,1,1
Constantin Grywatz,Advance Market Commitments,Advance Market Commitments: Insights from Theory and Experience,,1,1
Constantin W. Arnscheidt,Long term cost-effectiveness of resilient foods for global catastrophes compared…,Long term cost-effectiveness of resilient foods for global catastrophes compared to artificial general intelligence safety,,1,1
Constantina Skanavis,The Effect of Public Science on Corporate R&amp;D,The Effect of Public Science on Corporate R&amp;D,,1,1
Corinthias P. M. Sianipar,Effects of Emigration on Rural Labor Markets,Effects of Emigration on Rural Labor Markets,,1,1
Cornelia Niessen,"The Long-Run Effects of Psychotherapy on Depression, Beliefs, and Economic…","The Long-Run Effects of Psychotherapy on Depression, Beliefs, and Economic Outcomes",,1,1
Cristian A. Cruz-Rodríguez,The global potential for natural regeneration in deforested tropical regions,The global potential for natural regeneration in deforested tropical regions,,1,1
Cristian Larroulet Philippi,The Comparative Impact of Cash Transfers and a Psychotherapy Program…,The Comparative Impact of Cash Transfers and a Psychotherapy Program on Psychological and Economic Well-being,,1,1
Cristina Cornelio,Stagnation and Scientific Incentives,Stagnation and Scientific Incentives,,1,1
Cuihong Long,Effects of Emigration on Rural Labor Markets,Effects of Emigration on Rural Labor Markets,,1,1
Cátia Batista,Selecting the Most Effective Nudge,Selecting the Most Effective Nudge: Evidence from a Large-Scale Experiment on Immunization,,1,1
D Fetters Michael,Building Resilient Education Systems,Building Resilient Education Systems: Evidence from Large-Scale Randomized Trials in Five Countries,,1,1
Da Zhang,Does the Squeaky Wheel Get More Grease? The Direct and…,Does the Squeaky Wheel Get More Grease? The Direct and Indirect Effects of Citizen Participation on Environmental Governance in China,,1,1
Daixin He,Selecting the Most Effective Nudge,Selecting the Most Effective Nudge: Evidence from a Large-Scale Experiment on Immunization,,1,1
Damien Besancenot,Stagnation and Scientific Incentives,Stagnation and Scientific Incentives,,1,1
Damilola S. Olawuyi,Biodiversity Risk,Biodiversity Risk,,1,1
Dan Braun,Towards best practices in AGI safety and governance,Towards best practices in AGI safety and governance: A survey of expert opinion,,1,1
Dan Salmon,Advance Market Commitments,Advance Market Commitments: Insights from Theory and Experience,,1,1
Dana Miller‐Cotto,How Effective Is (More) Money? Randomizing Unconditional Cash Transfer Amounts…,How Effective Is (More) Money? Randomizing Unconditional Cash Transfer Amounts in the US,,1,1
Dana Suskind,Effects of Emigration on Rural Labor Markets,Effects of Emigration on Rural Labor Markets,,1,1
Daniel Brisson,The Comparative Impact of Cash Transfers and a Psychotherapy Program…,The Comparative Impact of Cash Transfers and a Psychotherapy Program on Psychological and Economic Well-being,,1,1
Daniel C. Esty,Advance Market Commitments,Advance Market Commitments: Insights from Theory and Experience,,1,1
Daniel Darbyshire,How Effective Is (More) Money? Randomizing Unconditional Cash Transfer Amounts…,How Effective Is (More) Money? Randomizing Unconditional Cash Transfer Amounts in the US,,1,1
Daniel Ershov,Do Celebrity Endorsements Matter? A Twitter Experiment Promoting Vaccination in…,Do Celebrity Endorsements Matter? A Twitter Experiment Promoting Vaccination in Indonesia,,1,1
Daniel Garcia-Macia,The Macroeconomic Impact of Climate Change,The Macroeconomic Impact of Climate Change: Global vs. Local Temperature,,1,1
Daniel Graeber,The Comparative Impact of Cash Transfers and a Psychotherapy Program…,The Comparative Impact of Cash Transfers and a Psychotherapy Program on Psychological and Economic Well-being,,1,1
Daniel J. Ingram,Banning Wildlife Trade Can Boost the Unregulated Trade of Threatened…,Banning Wildlife Trade Can Boost the Unregulated Trade of Threatened Species,,1,1
Daniel Kahneman,Towards best practices in AGI safety and governance,Towards best practices in AGI safety and governance: A survey of expert opinion,,1,1
Daniel Kwaah,Water Treatment And Child Mortality,Water Treatment And Child Mortality: A Meta-Analysis And Cost-effectiveness Analysis,,1,1
Daniel Llerena,"When do ""Nudges"" Increase Welfare?","When do ""Nudges"" Increase Welfare?",,1,1
Daniel P. Gross,Advance Market Commitments,Advance Market Commitments: Insights from Theory and Experience,,1,1
Daniel R. Richards,Urban Forests,Urban Forests: Environmental Health Values and Risks,,1,1
Daniel Schäffer,Effects of Emigration on Rural Labor Markets,Effects of Emigration on Rural Labor Markets,,1,1
Daniel W. Phillips,Advance Market Commitments,Advance Market Commitments: Insights from Theory and Experience,,1,1
Daniela Fazio,How Effective Is (More) Money? Randomizing Unconditional Cash Transfer Amounts…,How Effective Is (More) Money? Randomizing Unconditional Cash Transfer Amounts in the US,,1,1
Daniela Pennetta,Biodiversity Risk,Biodiversity Risk,,1,1
Danny Cassimon,Advance Market Commitments,Advance Market Commitments: Insights from Theory and Experience,,1,1
Daqian Shi,Does the Squeaky Wheel Get More Grease? The Direct and…,Does the Squeaky Wheel Get More Grease? The Direct and Indirect Effects of Citizen Participation on Environmental Governance in China,,1,1
Dave Donaldson,Effects of Emigration on Rural Labor Markets,Effects of Emigration on Rural Labor Markets,,1,1
Dave Nellesen,Advance Market Commitments,Advance Market Commitments: Insights from Theory and Experience,,1,1
David C. Phillips,How Effective Is (More) Money? Randomizing Unconditional Cash Transfer Amounts…,How Effective Is (More) Money? Randomizing Unconditional Cash Transfer Amounts in the US,,1,1
David Casagrande,The Macroeconomic Impact of Climate Change,The Macroeconomic Impact of Climate Change: Global vs. Local Temperature,,1,1
David Chipanta,The Comparative Impact of Cash Transfers and a Psychotherapy Program…,The Comparative Impact of Cash Transfers and a Psychotherapy Program on Psychological and Economic Well-being,,1,1
David Gonzalez-Jimenez,Information Avoidance and Moral Behavior,Information Avoidance and Moral Behavior: Experimental Evidence from Food Choices,,1,1
David Hume,"When do ""Nudges"" Increase Welfare?","When do ""Nudges"" Increase Welfare?",,1,1
David J. Abson,The global potential for natural regeneration in deforested tropical regions,The global potential for natural regeneration in deforested tropical regions,,1,1
David K. Evans,Advance Market Commitments,Advance Market Commitments: Insights from Theory and Experience,,1,1
David Krueger,Towards best practices in AGI safety and governance,Towards best practices in AGI safety and governance: A survey of expert opinion,,1,1
David Kwon,Stagnation and Scientific Incentives,Stagnation and Scientific Incentives,,1,1
David McAdams,Advance Market Commitments,Advance Market Commitments: Insights from Theory and Experience,,1,1
David McKenzie,Effects of Emigration on Rural Labor Markets,Effects of Emigration on Rural Labor Markets,,1,1
David Proudman,Advance Market Commitments,Advance Market Commitments: Insights from Theory and Experience,,1,1
David Rhys Bernard,The Comparative Impact of Cash Transfers and a Psychotherapy Program…,The Comparative Impact of Cash Transfers and a Psychotherapy Program on Psychological and Economic Well-being,,1,1
Davide Cantoni,Misperceptions and Demand for Democracy under Authoritarianism,Misperceptions and Demand for Democracy under Authoritarianism,,1,1
Davide D. Pace,Information Avoidance and Moral Behavior,Information Avoidance and Moral Behavior: Experimental Evidence from Food Choices,,1,1
Dawn Song,Towards best practices in AGI safety and governance,Towards best practices in AGI safety and governance: A survey of expert opinion,,1,1
Dean Yang,Effects of Emigration on Rural Labor Markets,Effects of Emigration on Rural Labor Markets,,1,1
Debapriya Mondal,The Effect of Lead Exposure on Children’s Learning in the…,The Effect of Lead Exposure on Children’s Learning in the Developing World: A Meta-Analysis,,1,1
Denisse Piérola,How Effective Is (More) Money? Randomizing Unconditional Cash Transfer Amounts…,How Effective Is (More) Money? Randomizing Unconditional Cash Transfer Amounts in the US,,1,1
Deqiu Chen,Does the Squeaky Wheel Get More Grease? The Direct and…,Does the Squeaky Wheel Get More Grease? The Direct and Indirect Effects of Citizen Participation on Environmental Governance in China,,1,1
Dequn Teng,The Governance of Nonprofits and Their Social Impact,The Governance of Nonprofits and Their Social Impact: Evidence from a Randomized Program in Healthcare in the Democratic Republic of Congo,,1,1
Derrick Silove,The Comparative Impact of Cash Transfers and a Psychotherapy Program…,The Comparative Impact of Cash Transfers and a Psychotherapy Program on Psychological and Economic Well-being,,1,1
Desheng Wu,Does the Squeaky Wheel Get More Grease? The Direct and…,Does the Squeaky Wheel Get More Grease? The Direct and Indirect Effects of Citizen Participation on Environmental Governance in China,,1,1
Desmond McNeill,Advance Market Commitments,Advance Market Commitments: Insights from Theory and Experience,,1,1
Dev Patel,Selecting the Most Effective Nudge,Selecting the Most Effective Nudge: Evidence from a Large-Scale Experiment on Immunization,,1,1
Diala Hajal,Building Resilient Education Systems,Building Resilient Education Systems: Evidence from Large-Scale Randomized Trials in Five Countries,,1,1
Dianna Amasino,Information Avoidance and Moral Behavior,Information Avoidance and Moral Behavior: Experimental Evidence from Food Choices,,1,1
Didier Lebert,Selecting the Most Effective Nudge,Selecting the Most Effective Nudge: Evidence from a Large-Scale Experiment on Immunization,,1,1
Diego Bastos,The global potential for natural regeneration in deforested tropical regions,The global potential for natural regeneration in deforested tropical regions,,1,1
Diego R. Känzig,The Macroeconomic Impact of Climate Change,The Macroeconomic Impact of Climate Change: Global vs. Local Temperature,,1,1
Dimitrios Kourouklis,Advance Market Commitments,Advance Market Commitments: Insights from Theory and Experience,,1,1
Dimitrios P. Tsomocos,Stagnation and Scientific Incentives,Stagnation and Scientific Incentives,,1,1
Dimitrios Xefteris,Do Celebrity Endorsements Matter? A Twitter Experiment Promoting Vaccination in…,Do Celebrity Endorsements Matter? A Twitter Experiment Promoting Vaccination in Indonesia,,1,1
Dirk Gerritsen,Biodiversity Risk,Biodiversity Risk,,1,1
Divya Mudappa,The global potential for natural regeneration in deforested tropical regions,The global potential for natural regeneration in deforested tropical regions,,1,1
Divya Solomon,Money (Not) to Burn,Money (Not) to Burn: Payments for Ecosystem Services to Reduce Crop Residue Burning,,1,1
Dmitri Kofanov,How Effective Is (More) Money? Randomizing Unconditional Cash Transfer Amounts…,How Effective Is (More) Money? Randomizing Unconditional Cash Transfer Amounts in the US,,1,1
Dmitry Namiot,Towards best practices in AGI safety and governance,Towards best practices in AGI safety and governance: A survey of expert opinion,,1,1
Dominic S. Ogu,Banning Wildlife Trade Can Boost the Unregulated Trade of Threatened…,Banning Wildlife Trade Can Boost the Unregulated Trade of Threatened Species,,1,1
Dominik Hangartner,Cognitive Behavioral Therapy among Ghana's Rural Poor Is Effective Regardless…,Cognitive Behavioral Therapy among Ghana's Rural Poor Is Effective Regardless of Baseline Mental Distress,,1,1
Donald P. Morgan,Biodiversity Risk,Biodiversity Risk,,1,1
Douglas Glandon,Advance Market Commitments,Advance Market Commitments: Insights from Theory and Experience,,1,1
Drew H. Bailey,How Effective Is (More) Money? Randomizing Unconditional Cash Transfer Amounts…,How Effective Is (More) Money? Randomizing Unconditional Cash Transfer Amounts in the US,,1,1
Drupad Nair,The Comparative Impact of Cash Transfers and a Psychotherapy Program…,The Comparative Impact of Cash Transfers and a Psychotherapy Program on Psychological and Economic Well-being,,1,1
Duan Biggs,Banning Wildlife Trade Can Boost the Unregulated Trade of Threatened…,Banning Wildlife Trade Can Boost the Unregulated Trade of Threatened Species,,1,1
Duc Dung Le,Intergenerational Child Mortality Impacts of Deworming,Intergenerational Child Mortality Impacts of Deworming: Experimental Evidence from Two Decades of the Kenya Life Panel Survey,,1,1
Duncan A.Q. Moore,Choose Your Moments,Choose Your Moments: Peer Review and Scientific Risk Taking,,1,1
Dunigan Parker Folk,The Comparative Impact of Cash Transfers and a Psychotherapy Program…,The Comparative Impact of Cash Transfers and a Psychotherapy Program on Psychological and Economic Well-being,,1,1
Durgadas Menon,Advance Market Commitments,Advance Market Commitments: Insights from Theory and Experience,,1,1
Dylan Hogan,The Macroeconomic Impact of Climate Change,The Macroeconomic Impact of Climate Change: Global vs. Local Temperature,,1,1
E. A. Lazeeva,The Macroeconomic Impact of Climate Change,The Macroeconomic Impact of Climate Change: Global vs. Local Temperature,,1,1
E. Richard Gold,Stagnation and Scientific Incentives,Stagnation and Scientific Incentives,,1,1
Ea Høg Utoft,Choose Your Moments,Choose Your Moments: Peer Review and Scientific Risk Taking,,1,1
Eben N. Broadbent,The global potential for natural regeneration in deforested tropical regions,The global potential for natural regeneration in deforested tropical regions,,1,1
Ed Noyons,Stagnation and Scientific Incentives,Stagnation and Scientific Incentives,,1,1
Edmund W. Cheng,Does the Squeaky Wheel Get More Grease? The Direct and…,Does the Squeaky Wheel Get More Grease? The Direct and Indirect Effects of Citizen Participation on Environmental Governance in China,,1,1
Edward Glaeser,Effects of Emigration on Rural Labor Markets,Effects of Emigration on Rural Labor Markets,,1,1
Edward H. Soule,The Comparative Impact of Cash Transfers and a Psychotherapy Program…,The Comparative Impact of Cash Transfers and a Psychotherapy Program on Psychological and Economic Well-being,,1,1
Edward Kong,Advance Market Commitments,Advance Market Commitments: Insights from Theory and Experience,,1,1
Egon Tripodi,"The Long-Run Effects of Psychotherapy on Depression, Beliefs, and Economic…","The Long-Run Effects of Psychotherapy on Depression, Beliefs, and Economic Outcomes",,1,1
Ehsan Azarmsa,Biodiversity Risk,Biodiversity Risk,,1,1
Eirini Trachanatzi,How Effective Is (More) Money? Randomizing Unconditional Cash Transfer Amounts…,How Effective Is (More) Money? Randomizing Unconditional Cash Transfer Amounts in the US,,1,1
Ekaterina A. Shlapeko,The Macroeconomic Impact of Climate Change,The Macroeconomic Impact of Climate Change: Global vs. Local Temperature,,1,1
Ekaterina Khmelnitskaya,Advance Market Commitments,Advance Market Commitments: Insights from Theory and Experience,,1,1
Ekaterina Levitskaya,Stagnation and Scientific Incentives,Stagnation and Scientific Incentives,,1,1
Ekaterine Ruadze,The Effect of Lead Exposure on Children’s Learning in the…,The Effect of Lead Exposure on Children’s Learning in the Developing World: A Meta-Analysis,,1,1
Eleni Tasika,How Effective Is (More) Money? Randomizing Unconditional Cash Transfer Amounts…,How Effective Is (More) Money? Randomizing Unconditional Cash Transfer Amounts in the US,,1,1
Elham Einafshar,The Effect of Lead Exposure on Children’s Learning in the…,The Effect of Lead Exposure on Children’s Learning in the Developing World: A Meta-Analysis,,1,1
Elia Apostolopoulou,The Macroeconomic Impact of Climate Change,The Macroeconomic Impact of Climate Change: Global vs. Local Temperature,,1,1
Elisa F Long,Advance Market Commitments,Advance Market Commitments: Insights from Theory and Experience,,1,1
Elisabeth Gsottbauer,"When do ""Nudges"" Increase Welfare?","When do ""Nudges"" Increase Welfare?",,1,1
Elisabeth Kempf,Ends versus Means,"Ends versus Means: Kantians, Utilitarians, and Moral Decisions",,1,1
Elisabetta Aurino,Building Resilient Education Systems,Building Resilient Education Systems: Evidence from Large-Scale Randomized Trials in Five Countries,,1,1
Elizabeth Losos,Advance Market Commitments,Advance Market Commitments: Insights from Theory and Experience,,1,1
Elizabeth Rhodes,How Effective Is (More) Money? Randomizing Unconditional Cash Transfer Amounts…,How Effective Is (More) Money? Randomizing Unconditional Cash Transfer Amounts in the US,,1,1
Elizabeth Seger,Towards best practices in AGI safety and governance,Towards best practices in AGI safety and governance: A survey of expert opinion,,1,1
Elizabeth W. Dunn,The Comparative Impact of Cash Transfers and a Psychotherapy Program…,The Comparative Impact of Cash Transfers and a Psychotherapy Program on Psychological and Economic Well-being,,1,1
Elkin Alexi Noguera Urbano,The global potential for natural regeneration in deforested tropical regions,The global potential for natural regeneration in deforested tropical regions,,1,1
Ellen Matthies,"The Long-Run Effects of Psychotherapy on Depression, Beliefs, and Economic…","The Long-Run Effects of Psychotherapy on Depression, Beliefs, and Economic Outcomes",,1,1
Ellen V. Muir,Advance Market Commitments,Advance Market Commitments: Insights from Theory and Experience,,1,1
Elliott Thornley,Population ethical intuitions,Population ethical intuitions,,1,1
Elmar Veenendaal,The global potential for natural regeneration in deforested tropical regions,The global potential for natural regeneration in deforested tropical regions,,1,1
Elona Toska,The Comparative Impact of Cash Transfers and a Psychotherapy Program…,The Comparative Impact of Cash Transfers and a Psychotherapy Program on Psychological and Economic Well-being,,1,1
Elvin Geng,Selecting the Most Effective Nudge,Selecting the Most Effective Nudge: Evidence from a Large-Scale Experiment on Immunization,,1,1
Emil N. Sørensen,Intergenerational Child Mortality Impacts of Deworming,Intergenerational Child Mortality Impacts of Deworming: Experimental Evidence from Two Decades of the Kenya Life Panel Survey,,1,1
Emilia Simeonova,The Comparative Impact of Cash Transfers and a Psychotherapy Program…,The Comparative Impact of Cash Transfers and a Psychotherapy Program on Psychological and Economic Well-being,,1,1
Emiliana Vegas,Building Resilient Education Systems,Building Resilient Education Systems: Evidence from Large-Scale Randomized Trials in Five Countries,,1,1
Emilio Bisetti,Does the Squeaky Wheel Get More Grease? The Direct and…,Does the Squeaky Wheel Get More Grease? The Direct and Indirect Effects of Citizen Participation on Environmental Governance in China,,1,1
Emilio Esguerra,Do Celebrity Endorsements Matter? A Twitter Experiment Promoting Vaccination in…,Do Celebrity Endorsements Matter? A Twitter Experiment Promoting Vaccination in Indonesia,,1,1
Emily Dardaman,Towards best practices in AGI safety and governance,Towards best practices in AGI safety and governance: A survey of expert opinion,,1,1
Emily Hoppe,Selecting the Most Effective Nudge,Selecting the Most Effective Nudge: Evidence from a Large-Scale Experiment on Immunization,,1,1
Emir Murathanoglu,Effects of Emigration on Rural Labor Markets,Effects of Emigration on Rural Labor Markets,,1,1
Emma Bluemke,Towards best practices in AGI safety and governance,Towards best practices in AGI safety and governance: A survey of expert opinion,,1,1
Emma Levine,Population ethical intuitions,Population ethical intuitions,,1,1
Emma Näslund-Hadley,Building Resilient Education Systems,Building Resilient Education Systems: Evidence from Large-Scale Randomized Trials in Five Countries,,1,1
Emmanuel Kemel,"When do ""Nudges"" Increase Welfare?","When do ""Nudges"" Increase Welfare?",,1,1
Emmanuel Orkoh,Effects of Emigration on Rural Labor Markets,Effects of Emigration on Rural Labor Markets,,1,1
Emmanuel Paroissien,"When do ""Nudges"" Increase Welfare?","When do ""Nudges"" Increase Welfare?",,1,1
Emmanuel Tumusiime,The Comparative Impact of Cash Transfers and a Psychotherapy Program…,The Comparative Impact of Cash Transfers and a Psychotherapy Program on Psychological and Economic Well-being,,1,1
Enola K. Proctor,Selecting the Most Effective Nudge,Selecting the Most Effective Nudge: Evidence from a Large-Scale Experiment on Immunization,,1,1
Enze Zhang,Does the Squeaky Wheel Get More Grease? The Direct and…,Does the Squeaky Wheel Get More Grease? The Direct and Indirect Effects of Citizen Participation on Environmental Governance in China,,1,1
Eoghan Stafford,Towards best practices in AGI safety and governance,Towards best practices in AGI safety and governance: A survey of expert opinion,,1,1
Eran Bendavid,The Effect of Lead Exposure on Children’s Learning in the…,The Effect of Lead Exposure on Children’s Learning in the Developing World: A Meta-Analysis,,1,1
Eric Budish,Advance Market Commitments,Advance Market Commitments: Insights from Theory and Experience,,1,1
Eric Mvukiyehe,Effects of Emigration on Rural Labor Markets,Effects of Emigration on Rural Labor Markets,,1,1
Eric Reinhart,The Comparative Impact of Cash Transfers and a Psychotherapy Program…,The Comparative Impact of Cash Transfers and a Psychotherapy Program on Psychological and Economic Well-being,,1,1
Eric Schwitzgebel,Population ethical intuitions,Population ethical intuitions,,1,1
Erica Field,Intergenerational Child Mortality Impacts of Deworming,Intergenerational Child Mortality Impacts of Deworming: Experimental Evidence from Two Decades of the Kenya Life Panel Survey,,1,1
Erica L. Plambeck,The Effect of Lead Exposure on Children’s Learning in the…,The Effect of Lead Exposure on Children’s Learning in the Developing World: A Meta-Analysis,,1,1
Erica T. Warner,Selecting the Most Effective Nudge,Selecting the Most Effective Nudge: Evidence from a Large-Scale Experiment on Immunization,,1,1
Erik Engberg,Stagnation and Scientific Incentives,Stagnation and Scientific Incentives,,1,1
Erika A. Waters,Information Avoidance and Moral Behavior,Information Avoidance and Moral Behavior: Experimental Evidence from Food Choices,,1,1
Erin L. Connolly,Long term cost-effectiveness of resilient foods for global catastrophes compared…,Long term cost-effectiveness of resilient foods for global catastrophes compared to artificial general intelligence safety,,1,1
Erin Leahey,Stagnation and Scientific Incentives,Stagnation and Scientific Incentives,,1,1
Erkki Mervaala,The Macroeconomic Impact of Climate Change,The Macroeconomic Impact of Climate Change: Global vs. Local Temperature,,1,1
Ernest Owusu Boakye,Biodiversity Risk,Biodiversity Risk,,1,1
Espinosa Oscar,Advance Market Commitments,Advance Market Commitments: Insights from Theory and Experience,,1,1
Estibaliz Díaz,Banning Wildlife Trade Can Boost the Unregulated Trade of Threatened…,Banning Wildlife Trade Can Boost the Unregulated Trade of Threatened Species,,1,1
Eugen Dimant,Selecting the Most Effective Nudge,Selecting the Most Effective Nudge: Evidence from a Large-Scale Experiment on Immunization,,1,1
Eva Steiner,Biodiversity Risk,Biodiversity Risk,,1,1
Eva Vivalt,The Comparative Impact of Cash Transfers and a Psychotherapy Program…,The Comparative Impact of Cash Transfers and a Psychotherapy Program on Psychological and Economic Well-being,,1,1
Evan C. Storms,Selecting the Most Effective Nudge,Selecting the Most Effective Nudge: Evidence from a Large-Scale Experiment on Immunization,,1,1
Evangelia Georgia Kostaki,The Effect of Public Science on Corporate R&amp;D,The Effect of Public Science on Corporate R&amp;D,,1,1
Eva‐Marie Meemken,The Benefits and Costs of Guest Worker Programs,The Benefits and Costs of Guest Worker Programs: Experimental Evidence from the India-UAE Migration Corridor,,1,1
Evelien van de Veer,Information Avoidance and Moral Behavior,Information Avoidance and Moral Behavior: Experimental Evidence from Food Choices,,1,1
Evelina Gavrilova,Selecting the Most Effective Nudge,Selecting the Most Effective Nudge: Evidence from a Large-Scale Experiment on Immunization,,1,1
F. T. Wu,Does the Squeaky Wheel Get More Grease? The Direct and…,Does the Squeaky Wheel Get More Grease? The Direct and Indirect Effects of Citizen Participation on Environmental Governance in China,,1,1
Facundo Albornoz,Building Resilient Education Systems,Building Resilient Education Systems: Evidence from Large-Scale Randomized Trials in Five Countries,,1,1
Fahmida Tofail,The Comparative Impact of Cash Transfers and a Psychotherapy Program…,The Comparative Impact of Cash Transfers and a Psychotherapy Program on Psychological and Economic Well-being,,1,1
Fangjie Si,Does the Squeaky Wheel Get More Grease? The Direct and…,Does the Squeaky Wheel Get More Grease? The Direct and Indirect Effects of Citizen Participation on Environmental Governance in China,,1,1
Fangwen Lu,Selecting the Most Effective Nudge,Selecting the Most Effective Nudge: Evidence from a Large-Scale Experiment on Immunization,,1,1
Fanlue Li,Does the Squeaky Wheel Get More Grease? The Direct and…,Does the Squeaky Wheel Get More Grease? The Direct and Indirect Effects of Citizen Participation on Environmental Governance in China,,1,1
Farheen Khan,The Comparative Impact of Cash Transfers and a Psychotherapy Program…,The Comparative Impact of Cash Transfers and a Psychotherapy Program on Psychological and Economic Well-being,,1,1
Fatima Cody Stanford,Selecting the Most Effective Nudge,Selecting the Most Effective Nudge: Evidence from a Large-Scale Experiment on Immunization,,1,1
Fattreza Ihsan,Banning Wildlife Trade Can Boost the Unregulated Trade of Threatened…,Banning Wildlife Trade Can Boost the Unregulated Trade of Threatened Species,,1,1
Federico Ciliberto,Advance Market Commitments,Advance Market Commitments: Insights from Theory and Experience,,1,1
Federico Gómez,Stagnation and Scientific Incentives,Stagnation and Scientific Incentives,,1,1
Federico Niccoló Daverio Occhini,Do Celebrity Endorsements Matter? A Twitter Experiment Promoting Vaccination in…,Do Celebrity Endorsements Matter? A Twitter Experiment Promoting Vaccination in Indonesia,,1,1
Fei Teng,The Macroeconomic Impact of Climate Change,The Macroeconomic Impact of Climate Change: Global vs. Local Temperature,,1,1
Fei Wu,Biodiversity Risk,Biodiversity Risk,,1,1
Feifan Liu,Stagnation and Scientific Incentives,Stagnation and Scientific Incentives,,1,1
Feiran Wang,Does the Squeaky Wheel Get More Grease? The Direct and…,Does the Squeaky Wheel Get More Grease? The Direct and Indirect Effects of Citizen Participation on Environmental Governance in China,,1,1
Feiyi Wang,Stagnation and Scientific Incentives,Stagnation and Scientific Incentives,,1,1
Felipe González,Misperceptions and Demand for Democracy under Authoritarianism,Misperceptions and Demand for Democracy under Authoritarianism,,1,1
Felix Tintelnot,A Welfare Analysis of Policies Impacting Climate Change,A Welfare Analysis of Policies Impacting Climate Change,,1,1
Feng Guo,Does the Squeaky Wheel Get More Grease? The Direct and…,Does the Squeaky Wheel Get More Grease? The Direct and Indirect Effects of Citizen Participation on Environmental Governance in China,,1,1
Feng He,Does the Squeaky Wheel Get More Grease? The Direct and…,Does the Squeaky Wheel Get More Grease? The Direct and Indirect Effects of Citizen Participation on Environmental Governance in China,,1,1
Feng Huang,Does the Squeaky Wheel Get More Grease? The Direct and…,Does the Squeaky Wheel Get More Grease? The Direct and Indirect Effects of Citizen Participation on Environmental Governance in China,,1,1
Feng Zhang,The Effect of Public Science on Corporate R&amp;D,The Effect of Public Science on Corporate R&amp;D,,1,1
Fernanda Bravo,Advance Market Commitments,Advance Market Commitments: Insights from Theory and Experience,,1,1
Fernando Aguiar,Population ethical intuitions,Population ethical intuitions,,1,1
Fernando Martínez‐Plumed,Stagnation and Scientific Incentives,Stagnation and Scientific Incentives,,1,1
Finn Tarp,The Comparative Impact of Cash Transfers and a Psychotherapy Program…,The Comparative Impact of Cash Transfers and a Psychotherapy Program on Psychological and Economic Well-being,,1,1
Fiona Burlig,"The Long-Run Effects of Psychotherapy on Depression, Beliefs, and Economic…","The Long-Run Effects of Psychotherapy on Depression, Beliefs, and Economic Outcomes",,1,1
Fionnuala Seiferth,How Effective Is (More) Money? Randomizing Unconditional Cash Transfer Amounts…,How Effective Is (More) Money? Randomizing Unconditional Cash Transfer Amounts in the US,,1,1
Florence Aketch,Selecting the Most Effective Nudge,Selecting the Most Effective Nudge: Evidence from a Large-Scale Experiment on Immunization,,1,1
Florent Vieux,"When do ""Nudges"" Increase Welfare?","When do ""Nudges"" Increase Welfare?",,1,1
Florian Habermacher,"When do ""Nudges"" Increase Welfare?","When do ""Nudges"" Increase Welfare?",,1,1
Floris Zoutman,Selecting the Most Effective Nudge,Selecting the Most Effective Nudge: Evidence from a Large-Scale Experiment on Immunization,,1,1
Forhad Shilpi,Effects of Emigration on Rural Labor Markets,Effects of Emigration on Rural Labor Markets,,1,1
Frances C. Moore,The Environmental Effects of Economic Production,The Environmental Effects of Economic Production: Evidence from Ecological Observations,,1,1
Francesco Bilotta,Ends versus Means,"Ends versus Means: Kantians, Utilitarians, and Moral Decisions",,1,1
Francesco Di Gioia,Long term cost-effectiveness of resilient foods for global catastrophes compared…,Long term cost-effectiveness of resilient foods for global catastrophes compared to artificial general intelligence safety,,1,1
Francesco Trebbi,A Welfare Analysis of Policies Impacting Climate Change,A Welfare Analysis of Policies Impacting Climate Change,,1,1
Francine Loza,Selecting the Most Effective Nudge,Selecting the Most Effective Nudge: Evidence from a Large-Scale Experiment on Immunization,,1,1
Francis Wong,How Effective Is (More) Money? Randomizing Unconditional Cash Transfer Amounts…,How Effective Is (More) Money? Randomizing Unconditional Cash Transfer Amounts in the US,,1,1
Francisco Blanco‐Garrido,Banning Wildlife Trade Can Boost the Unregulated Trade of Threatened…,Banning Wildlife Trade Can Boost the Unregulated Trade of Threatened Species,,1,1
Francisco Del Villar,Advance Market Commitments,Advance Market Commitments: Insights from Theory and Experience,,1,1
Francisco Estrada,The Macroeconomic Impact of Climate Change,The Macroeconomic Impact of Climate Change: Global vs. Local Temperature,,1,1
Francisco Muñoz,Misperceptions and Demand for Democracy under Authoritarianism,Misperceptions and Demand for Democracy under Authoritarianism,,1,1
Frank Gyimah Sackey,Effects of Emigration on Rural Labor Markets,Effects of Emigration on Rural Labor Markets,,1,1
Frank Hutter,Towards best practices in AGI safety and governance,Towards best practices in AGI safety and governance: A survey of expert opinion,,1,1
Frans Bongers,The global potential for natural regeneration in deforested tropical regions,The global potential for natural regeneration in deforested tropical regions,,1,1
Fred D’Agostino,Stagnation and Scientific Incentives,Stagnation and Scientific Incentives,,1,1
Frederic Hanusch,Long term cost-effectiveness of resilient foods for global catastrophes compared…,Long term cost-effectiveness of resilient foods for global catastrophes compared to artificial general intelligence safety,,1,1
Fukang Chen,Does the Squeaky Wheel Get More Grease? The Direct and…,Does the Squeaky Wheel Get More Grease? The Direct and Indirect Effects of Citizen Participation on Environmental Governance in China,,1,1
Fulvia Marotta,Biodiversity Risk,Biodiversity Risk,,1,1
Fusuo Zhang,Does the Squeaky Wheel Get More Grease? The Direct and…,Does the Squeaky Wheel Get More Grease? The Direct and Indirect Effects of Citizen Participation on Environmental Governance in China,,1,1
G. J. Lane,"The Long-Run Effects of Psychotherapy on Depression, Beliefs, and Economic…","The Long-Run Effects of Psychotherapy on Depression, Beliefs, and Economic Outcomes",,1,1
Gabriel Andrade,Population ethical intuitions,Population ethical intuitions,,1,1
Gabriella M. McLoughlin,Selecting the Most Effective Nudge,Selecting the Most Effective Nudge: Evidence from a Large-Scale Experiment on Immunization,,1,1
Gail E. Austen,Banning Wildlife Trade Can Boost the Unregulated Trade of Threatened…,Banning Wildlife Trade Can Boost the Unregulated Trade of Threatened Species,,1,1
Ganjar Cahyadi,Banning Wildlife Trade Can Boost the Unregulated Trade of Threatened…,Banning Wildlife Trade Can Boost the Unregulated Trade of Threatened Species,,1,1
Gaurab Aryal,Advance Market Commitments,Advance Market Commitments: Insights from Theory and Experience,,1,1
Gautam Anand,Water Treatment And Child Mortality,Water Treatment And Child Mortality: A Meta-Analysis And Cost-effectiveness Analysis,,1,1
Gautam Rao,The Comparative Impact of Cash Transfers and a Psychotherapy Program…,The Comparative Impact of Cash Transfers and a Psychotherapy Program on Psychological and Economic Well-being,,1,1
Gaël Varoquaux,Stagnation and Scientific Incentives,Stagnation and Scientific Incentives,,1,1
Gbenga Adamolekun,Biodiversity Risk,Biodiversity Risk,,1,1
Ge Zhang,Does the Squeaky Wheel Get More Grease? The Direct and…,Does the Squeaky Wheel Get More Grease? The Direct and Indirect Effects of Citizen Participation on Environmental Governance in China,,1,1
Geeta Soohinda,Cognitive Behavioral Therapy among Ghana's Rural Poor Is Effective Regardless…,Cognitive Behavioral Therapy among Ghana's Rural Poor Is Effective Regardless of Baseline Mental Distress,,1,1
Gelson Tembo,The Comparative Impact of Cash Transfers and a Psychotherapy Program…,The Comparative Impact of Cash Transfers and a Psychotherapy Program on Psychological and Economic Well-being,,1,1
Genia Kostka,Does the Squeaky Wheel Get More Grease? The Direct and…,Does the Squeaky Wheel Get More Grease? The Direct and Indirect Effects of Citizen Participation on Environmental Governance in China,,1,1
Geoffrey E. Hinton,Towards best practices in AGI safety and governance,Towards best practices in AGI safety and governance: A survey of expert opinion,,1,1
Geoffrey Heal,Biodiversity Risk,Biodiversity Risk,,1,1
Geoffrey Wood,Does the Squeaky Wheel Get More Grease? The Direct and…,Does the Squeaky Wheel Get More Grease? The Direct and Indirect Effects of Citizen Participation on Environmental Governance in China,,1,1
George Notas,How Effective Is (More) Money? Randomizing Unconditional Cash Transfer Amounts…,How Effective Is (More) Money? Randomizing Unconditional Cash Transfer Amounts in the US,,1,1
George Psacharopoulos,Building Resilient Education Systems,Building Resilient Education Systems: Evidence from Large-Scale Randomized Trials in Five Countries,,1,1
Georgia D. Tourassi,Stagnation and Scientific Incentives,Stagnation and Scientific Incentives,,1,1
Gerrit von Zedlitz,Biodiversity Risk,Biodiversity Risk,,1,1
Gesa Hartwigsen,"The Long-Run Effects of Psychotherapy on Depression, Beliefs, and Economic…","The Long-Run Effects of Psychotherapy on Depression, Beliefs, and Economic Outcomes",,1,1
Geyi Zheng,Cognitive Behavioral Therapy among Ghana's Rural Poor Is Effective Regardless…,Cognitive Behavioral Therapy among Ghana's Rural Poor Is Effective Regardless of Baseline Mental Distress,,1,1
Ghislain Bisimwa,The Comparative Impact of Cash Transfers and a Psychotherapy Program…,The Comparative Impact of Cash Transfers and a Psychotherapy Program on Psychological and Economic Well-being,,1,1
Giacomo Manferdini,Ends versus Means,"Ends versus Means: Kantians, Utilitarians, and Moral Decisions",,1,1
Giacomo Pallante,"When do ""Nudges"" Increase Welfare?","When do ""Nudges"" Increase Welfare?",,1,1
Giampaolo Abate Romero Ladini,How Effective Is (More) Money? Randomizing Unconditional Cash Transfer Amounts…,How Effective Is (More) Money? Randomizing Unconditional Cash Transfer Amounts in the US,,1,1
Giancarlo Spagnolo,Advance Market Commitments,Advance Market Commitments: Insights from Theory and Experience,,1,1
Gillian K. Hadfield,Towards best practices in AGI safety and governance,Towards best practices in AGI safety and governance: A survey of expert opinion,,1,1
Gillian Sawyer,Advance Market Commitments,Advance Market Commitments: Insights from Theory and Experience,,1,1
Ginger Zhe Jin,Effects of Emigration on Rural Labor Markets,Effects of Emigration on Rural Labor Markets,,1,1
Giovanna Michelon,Does the Squeaky Wheel Get More Grease? The Direct and…,Does the Squeaky Wheel Get More Grease? The Direct and Indirect Effects of Citizen Participation on Environmental Governance in China,,1,1
Giray Gözgör,Biodiversity Risk,Biodiversity Risk,,1,1
Girija Bahety,Selecting the Most Effective Nudge,Selecting the Most Effective Nudge: Evidence from a Large-Scale Experiment on Immunization,,1,1
Giuseppe Dal Prá,Long term cost-effectiveness of resilient foods for global catastrophes compared…,Long term cost-effectiveness of resilient foods for global catastrophes compared to artificial general intelligence safety,,1,1
Giuseppe Rimo,Biodiversity Risk,Biodiversity Risk,,1,1
Glen Gostlow,Biodiversity Risk,Biodiversity Risk,,1,1
Gloria Liou,How Effective Is (More) Money? Randomizing Unconditional Cash Transfer Amounts…,How Effective Is (More) Money? Randomizing Unconditional Cash Transfer Amounts in the US,,1,1
Golnaz Bahrami,Biodiversity Risk,Biodiversity Risk,,1,1
Gonzalo Almeyda,Building Resilient Education Systems,Building Resilient Education Systems: Evidence from Large-Scale Randomized Trials in Five Countries,,1,1
Gonzalo Arrieta,"The Long-Run Effects of Psychotherapy on Depression, Beliefs, and Economic…","The Long-Run Effects of Psychotherapy on Depression, Beliefs, and Economic Outcomes",,1,1
Grace C. Huang,Selecting the Most Effective Nudge,Selecting the Most Effective Nudge: Evidence from a Large-Scale Experiment on Immunization,,1,1
Granger Morgan,Advance Market Commitments,Advance Market Commitments: Insights from Theory and Experience,,1,1
Grant M Gordon,Advance Market Commitments,Advance Market Commitments: Insights from Theory and Experience,,1,1
Grant Royd Howard,Towards best practices in AGI safety and governance,Towards best practices in AGI safety and governance: A survey of expert opinion,,1,1
Graziano Moramarco,The Macroeconomic Impact of Climate Change,The Macroeconomic Impact of Climate Change: Global vs. Local Temperature,,1,1
Gregor Weiß,Biodiversity Risk,Biodiversity Risk,,1,1
Gregory Sun,"When do ""Nudges"" Increase Welfare?","When do ""Nudges"" Increase Welfare?",,1,1
Guglielmo Zappalà,A Welfare Analysis of Policies Impacting Climate Change,A Welfare Analysis of Policies Impacting Climate Change,,1,1
Guilherme Lichand,Building Resilient Education Systems,Building Resilient Education Systems: Evidence from Large-Scale Randomized Trials in Five Countries,,1,1
Guillaume Coqueret,Biodiversity Risk,Biodiversity Risk,,1,1
Guillem Bas,Towards best practices in AGI safety and governance,Towards best practices in AGI safety and governance: A survey of expert opinion,,1,1
Guo Jianxin,Does the Squeaky Wheel Get More Grease? The Direct and…,Does the Squeaky Wheel Get More Grease? The Direct and Indirect Effects of Citizen Participation on Environmental Governance in China,,1,1
Gurubala Kotta,Biodiversity Risk,Biodiversity Risk,,1,1
Gwen Yu,Does the Squeaky Wheel Get More Grease? The Direct and…,Does the Squeaky Wheel Get More Grease? The Direct and Indirect Effects of Citizen Participation on Environmental Governance in China,,1,1
Gábor Neszveda,How Effective Is (More) Money? Randomizing Unconditional Cash Transfer Amounts…,How Effective Is (More) Money? Randomizing Unconditional Cash Transfer Amounts in the US,,1,1
H. Kressel,Stagnation and Scientific Incentives,Stagnation and Scientific Incentives,,1,1
Habil Otanga,The Comparative Impact of Cash Transfers and a Psychotherapy Program…,The Comparative Impact of Cash Transfers and a Psychotherapy Program on Psychological and Economic Well-being,,1,1
Hai Liang,Does the Squeaky Wheel Get More Grease? The Direct and…,Does the Squeaky Wheel Get More Grease? The Direct and Indirect Effects of Citizen Participation on Environmental Governance in China,,1,1
Haichao Liu,Do Celebrity Endorsements Matter? A Twitter Experiment Promoting Vaccination in…,Do Celebrity Endorsements Matter? A Twitter Experiment Promoting Vaccination in Indonesia,,1,1
Haijiang Li,Does the Squeaky Wheel Get More Grease? The Direct and…,Does the Squeaky Wheel Get More Grease? The Direct and Indirect Effects of Citizen Participation on Environmental Governance in China,,1,1
Haijun Xu,Does the Squeaky Wheel Get More Grease? The Direct and…,Does the Squeaky Wheel Get More Grease? The Direct and Indirect Effects of Citizen Participation on Environmental Governance in China,,1,1
Hailemariam Ayalew,Selecting the Most Effective Nudge,Selecting the Most Effective Nudge: Evidence from a Large-Scale Experiment on Immunization,,1,1
Hairu Lang,"When do ""Nudges"" Increase Welfare?","When do ""Nudges"" Increase Welfare?",,1,1
Hamid Beladi,Money (Not) to Burn,Money (Not) to Burn: Payments for Ecosystem Services to Reduce Crop Residue Burning,,1,1
Hamid R. Oskorouchi,Economic vs. Epidemiological Approaches to Measuring the Human Capital Impacts…,Economic vs. Epidemiological Approaches to Measuring the Human Capital Impacts of Infectious Disease Elimination,,1,1
Hanlin Wu,Biodiversity Risk,Biodiversity Risk,,1,1
Hannah Kettler,Advance Market Commitments,Advance Market Commitments: Insights from Theory and Experience,,1,1
Hansen Zhang,The Effect of Public Science on Corporate R&amp;D,The Effect of Public Science on Corporate R&amp;D,,1,1
Hans‐Peter Kohler,Selecting the Most Effective Nudge,Selecting the Most Effective Nudge: Evidence from a Large-Scale Experiment on Immunization,,1,1
Hanxiong Zhang,Biodiversity Risk,Biodiversity Risk,,1,1
Haojie Wu,Does the Squeaky Wheel Get More Grease? The Direct and…,Does the Squeaky Wheel Get More Grease? The Direct and Indirect Effects of Citizen Participation on Environmental Governance in China,,1,1
Haowei Yu,Does the Squeaky Wheel Get More Grease? The Direct and…,Does the Squeaky Wheel Get More Grease? The Direct and Indirect Effects of Citizen Participation on Environmental Governance in China,,1,1
Haoxiang Xia,Stagnation and Scientific Incentives,Stagnation and Scientific Incentives,,1,1
Haoyu Gao,Does the Squeaky Wheel Get More Grease? The Direct and…,Does the Squeaky Wheel Get More Grease? The Direct and Indirect Effects of Citizen Participation on Environmental Governance in China,,1,1
Harini Kannan,Selecting the Most Effective Nudge,Selecting the Most Effective Nudge: Evidence from a Large-Scale Experiment on Immunization,,1,1
Harm Bartholomeus,The global potential for natural regeneration in deforested tropical regions,The global potential for natural regeneration in deforested tropical regions,,1,1
Harmony N. Arcilla,How Effective Is (More) Money? Randomizing Unconditional Cash Transfer Amounts…,How Effective Is (More) Money? Randomizing Unconditional Cash Transfer Amounts in the US,,1,1
Harounan Kazianga,The Comparative Impact of Cash Transfers and a Psychotherapy Program…,The Comparative Impact of Cash Transfers and a Psychotherapy Program on Psychological and Economic Well-being,,1,1
Harris Selod,Effects of Emigration on Rural Labor Markets,Effects of Emigration on Rural Labor Markets,,1,1
Harshavardhan Sampath,Cognitive Behavioral Therapy among Ghana's Rural Poor Is Effective Regardless…,Cognitive Behavioral Therapy among Ghana's Rural Poor Is Effective Regardless of Baseline Mental Distress,,1,1
Harshita Yadav,"The Long-Run Effects of Psychotherapy on Depression, Beliefs, and Economic…","The Long-Run Effects of Psychotherapy on Depression, Beliefs, and Economic Outcomes",,1,1
Hassan Zaman,Effects of Emigration on Rural Labor Markets,Effects of Emigration on Rural Labor Markets,,1,1
Hawthorne L. Beyer,The global potential for natural regeneration in deforested tropical regions,The global potential for natural regeneration in deforested tropical regions,,1,1
Heather Orom,Information Avoidance and Moral Behavior,Information Avoidance and Moral Behavior: Experimental Evidence from Food Choices,,1,1
Heather Schofield,The Comparative Impact of Cash Transfers and a Psychotherapy Program…,The Comparative Impact of Cash Transfers and a Psychotherapy Program on Psychological and Economic Well-being,,1,1
Heidi Stöckl,The Comparative Impact of Cash Transfers and a Psychotherapy Program…,The Comparative Impact of Cash Transfers and a Psychotherapy Program on Psychological and Economic Well-being,,1,1
Helal Uddin Ahmed,The Comparative Impact of Cash Transfers and a Psychotherapy Program…,The Comparative Impact of Cash Transfers and a Psychotherapy Program on Psychological and Economic Well-being,,1,1
Helen Crabbe,The Effect of Lead Exposure on Children’s Learning in the…,The Effect of Lead Exposure on Children’s Learning in the Developing World: A Meta-Analysis,,1,1
Helen Rees,Advance Market Commitments,Advance Market Commitments: Insights from Theory and Experience,,1,1
Helena Naffa,Biodiversity Risk,Biodiversity Risk,,1,1
Helene Purcell,Selecting the Most Effective Nudge,Selecting the Most Effective Nudge: Evidence from a Large-Scale Experiment on Immunization,,1,1
Hema Shah,How Effective Is (More) Money? Randomizing Unconditional Cash Transfer Amounts…,How Effective Is (More) Money? Randomizing Unconditional Cash Transfer Amounts in the US,,1,1
Henry G. Grabowski,Advance Market Commitments,Advance Market Commitments: Insights from Theory and Experience,,1,1
Herrera Andrés,Advance Market Commitments,Advance Market Commitments: Insights from Theory and Experience,,1,1
Hoa Briscoe-Tran,Biodiversity Risk,Biodiversity Risk,,1,1
Holger Brandt,"The Long-Run Effects of Psychotherapy on Depression, Beliefs, and Economic…","The Long-Run Effects of Psychotherapy on Depression, Beliefs, and Economic Outcomes",,1,1
Hong Song,Biodiversity Risk,Biodiversity Risk,,1,1
Hongjie Zhang,Does the Squeaky Wheel Get More Grease? The Direct and…,Does the Squeaky Wheel Get More Grease? The Direct and Indirect Effects of Citizen Participation on Environmental Governance in China,,1,1
Hongqiang Jiang,Does the Squeaky Wheel Get More Grease? The Direct and…,Does the Squeaky Wheel Get More Grease? The Direct and Indirect Effects of Citizen Participation on Environmental Governance in China,,1,1
Hongwei Yu,Does the Squeaky Wheel Get More Grease? The Direct and…,Does the Squeaky Wheel Get More Grease? The Direct and Indirect Effects of Citizen Participation on Environmental Governance in China,,1,1
Hongyun Huang,Does the Squeaky Wheel Get More Grease? The Direct and…,Does the Squeaky Wheel Get More Grease? The Direct and Indirect Effects of Citizen Participation on Environmental Governance in China,,1,1
Hooman Habibnia,Information Avoidance and Moral Behavior,Information Avoidance and Moral Behavior: Experimental Evidence from Food Choices,,1,1
Horacio Larreguy,Selecting the Most Effective Nudge,Selecting the Most Effective Nudge: Evidence from a Large-Scale Experiment on Immunization,,1,1
Howard Hu,The Effect of Lead Exposure on Children’s Learning in the…,The Effect of Lead Exposure on Children’s Learning in the Developing World: A Meta-Analysis,,1,1
Hua Zhang,Does the Squeaky Wheel Get More Grease? The Direct and…,Does the Squeaky Wheel Get More Grease? The Direct and Indirect Effects of Citizen Participation on Environmental Governance in China,,1,1
Huangsheng Su,Does the Squeaky Wheel Get More Grease? The Direct and…,Does the Squeaky Wheel Get More Grease? The Direct and Indirect Effects of Citizen Participation on Environmental Governance in China,,1,1
Huangxin Chen,Does the Squeaky Wheel Get More Grease? The Direct and…,Does the Squeaky Wheel Get More Grease? The Direct and Indirect Effects of Citizen Participation on Environmental Governance in China,,1,1
Huanhuan Wang,Does the Squeaky Wheel Get More Grease? The Direct and…,Does the Squeaky Wheel Get More Grease? The Direct and Indirect Effects of Citizen Participation on Environmental Governance in China,,1,1
Huasheng Song,The Effect of Public Science on Corporate R&amp;D,The Effect of Public Science on Corporate R&amp;D,,1,1
Hugh M. Cartwright,Stagnation and Scientific Incentives,Stagnation and Scientific Incentives,,1,1
Hugo Confraria,Stagnation and Scientific Incentives,Stagnation and Scientific Incentives,,1,1
Hugo Viciana,Population ethical intuitions,Population ethical intuitions,,1,1
Hui Xu,Does the Squeaky Wheel Get More Grease? The Direct and…,Does the Squeaky Wheel Get More Grease? The Direct and Indirect Effects of Citizen Participation on Environmental Governance in China,,1,1
Hunt Allcott,A Welfare Analysis of Policies Impacting Climate Change,A Welfare Analysis of Policies Impacting Climate Change,,1,1
Hyeyoon Jung,Biodiversity Risk,Biodiversity Risk,,1,1
Hyunjung Choi,The Comparative Impact of Cash Transfers and a Psychotherapy Program…,The Comparative Impact of Cash Transfers and a Psychotherapy Program on Psychological and Economic Well-being,,1,1
I. Firth,Advance Market Commitments,Advance Market Commitments: Insights from Theory and Experience,,1,1
Ichiro Kawachi,Selecting the Most Effective Nudge,Selecting the Most Effective Nudge: Evidence from a Large-Scale Experiment on Immunization,,1,1
Ifeoma Idigbe,Water Treatment And Child Mortality,Water Treatment And Child Mortality: A Meta-Analysis And Cost-effectiveness Analysis,,1,1
Ignacio A. Ciampitti,Stagnation and Scientific Incentives,Stagnation and Scientific Incentives,,1,1
Ignacio Palacios‐Huerta,Stagnation and Scientific Incentives,Stagnation and Scientific Incentives,,1,1
Ignas Bernotas,The Effect of Public Science on Corporate R&amp;D,The Effect of Public Science on Corporate R&amp;D,,1,1
Igor Francetić,"The Long-Run Effects of Psychotherapy on Depression, Beliefs, and Economic…","The Long-Run Effects of Psychotherapy on Depression, Beliefs, and Economic Outcomes",,1,1
Iliana V. Kohler,Selecting the Most Effective Nudge,Selecting the Most Effective Nudge: Evidence from a Large-Scale Experiment on Immunization,,1,1
Ilknur Zer,Biodiversity Risk,Biodiversity Risk,,1,1
Inaoyom Imong,Banning Wildlife Trade Can Boost the Unregulated Trade of Threatened…,Banning Wildlife Trade Can Boost the Unregulated Trade of Threatened Species,,1,1
Ingvild Almås,The Comparative Impact of Cash Transfers and a Psychotherapy Program…,The Comparative Impact of Cash Transfers and a Psychotherapy Program on Psychological and Economic Well-being,,1,1
Irma Arteaga,Building Resilient Education Systems,Building Resilient Education Systems: Evidence from Large-Scale Randomized Trials in Five Countries,,1,1
Irma Khonelidze,The Effect of Lead Exposure on Children’s Learning in the…,The Effect of Lead Exposure on Children’s Learning in the Developing World: A Meta-Analysis,,1,1
Isabel Reynoso,The Macroeconomic Impact of Climate Change,The Macroeconomic Impact of Climate Change: Global vs. Local Temperature,,1,1
Isaiah Andrews,Selecting the Most Effective Nudge,Selecting the Most Effective Nudge: Evidence from a Large-Scale Experiment on Immunization,,1,1
Ivan Soraperra,Information Avoidance and Moral Behavior,Information Avoidance and Moral Behavior: Experimental Evidence from Food Choices,,1,1
Ivy Johnson,Long term cost-effectiveness of resilient foods for global catastrophes compared…,Long term cost-effectiveness of resilient foods for global catastrophes compared to artificial general intelligence safety,,1,1
Iván Torre,Selecting the Most Effective Nudge,Selecting the Most Effective Nudge: Evidence from a Large-Scale Experiment on Immunization,,1,1
J. C. Castillo,Advance Market Commitments,Advance Market Commitments: Insights from Theory and Experience,,1,1
J. C. Liu,Selecting the Most Effective Nudge,Selecting the Most Effective Nudge: Evidence from a Large-Scale Experiment on Immunization,,1,1
J. E. M. Robinson,Advance Market Commitments,Advance Market Commitments: Insights from Theory and Experience,,1,1
J. Jackson Ewing,Does the Squeaky Wheel Get More Grease? The Direct and…,Does the Squeaky Wheel Get More Grease? The Direct and Indirect Effects of Citizen Participation on Environmental Governance in China,,1,1
J. P. Sevilla,Advance Market Commitments,Advance Market Commitments: Insights from Theory and Experience,,1,1
Jack W. Scannell,Stagnation and Scientific Incentives,Stagnation and Scientific Incentives,,1,1
Jacob Bronsther,The Macroeconomic Impact of Climate Change,The Macroeconomic Impact of Climate Change: Global vs. Local Temperature,,1,1
Jacob Cates,Long term cost-effectiveness of resilient foods for global catastrophes compared…,Long term cost-effectiveness of resilient foods for global catastrophes compared to artificial general intelligence safety,,1,1
Jacopo Bonan,Selecting the Most Effective Nudge,Selecting the Most Effective Nudge: Evidence from a Large-Scale Experiment on Immunization,,1,1
Jae-Woong Kim,The Comparative Impact of Cash Transfers and a Psychotherapy Program…,The Comparative Impact of Cash Transfers and a Psychotherapy Program on Psychological and Economic Well-being,,1,1
Jahnab Bharadwa,Stagnation and Scientific Incentives,Stagnation and Scientific Incentives,,1,1
Jahnab Bharadwaj,Stagnation and Scientific Incentives,Stagnation and Scientific Incentives,,1,1
Jaime Sevilla,Towards best practices in AGI safety and governance,Towards best practices in AGI safety and governance: A survey of expert opinion,,1,1
James Mulhall,Long term cost-effectiveness of resilient foods for global catastrophes compared…,Long term cost-effectiveness of resilient foods for global catastrophes compared to artificial general intelligence safety,,1,1
James Mwera,Selecting the Most Effective Nudge,Selecting the Most Effective Nudge: Evidence from a Large-Scale Experiment on Immunization,,1,1
James R. Otieno,Selecting the Most Effective Nudge,Selecting the Most Effective Nudge: Evidence from a Large-Scale Experiment on Immunization,,1,1
James S. Potter,Selecting the Most Effective Nudge,Selecting the Most Effective Nudge: Evidence from a Large-Scale Experiment on Immunization,,1,1
James T. Erbaugh,Does the Squeaky Wheel Get More Grease? The Direct and…,Does the Squeaky Wheel Get More Grease? The Direct and Indirect Effects of Citizen Participation on Environmental Governance in China,,1,1
James Throup,Long term cost-effectiveness of resilient foods for global catastrophes compared…,Long term cost-effectiveness of resilient foods for global catastrophes compared to artificial general intelligence safety,,1,1
James Watson,The global potential for natural regeneration in deforested tropical regions,The global potential for natural regeneration in deforested tropical regions,,1,1
Jamile Youssef,Building Resilient Education Systems,Building Resilient Education Systems: Evidence from Large-Scale Randomized Trials in Five Countries,,1,1
Jan Brauner,Towards best practices in AGI safety and governance,Towards best practices in AGI safety and governance: A survey of expert opinion,,1,1
Jana Cahlíková,Selecting the Most Effective Nudge,Selecting the Most Effective Nudge: Evidence from a Large-Scale Experiment on Immunization,,1,1
Jane Hammaker,Advance Market Commitments,Advance Market Commitments: Insights from Theory and Experience,,1,1
Janne Estill,The Comparative Impact of Cash Transfers and a Psychotherapy Program…,The Comparative Impact of Cash Transfers and a Psychotherapy Program on Psychological and Economic Well-being,,1,1
Jari S. Algethami,Water Treatment And Child Mortality,Water Treatment And Child Mortality: A Meta-Analysis And Cost-effectiveness Analysis,,1,1
Jason Mwanza,The Comparative Impact of Cash Transfers and a Psychotherapy Program…,The Comparative Impact of Cash Transfers and a Psychotherapy Program on Psychological and Economic Well-being,,1,1
Jaspreet Pannu,Advance Market Commitments,Advance Market Commitments: Insights from Theory and Experience,,1,1
Javier D. Donna,The Benefits and Costs of Guest Worker Programs,The Benefits and Costs of Guest Worker Programs: Experimental Evidence from the India-UAE Migration Corridor,,1,1
Jean N. Lee,Effects of Emigration on Rural Labor Markets,Effects of Emigration on Rural Labor Markets,,1,1
Jean Nahrae Lee,Advance Market Commitments,Advance Market Commitments: Insights from Theory and Experience,,1,1
Jean-Pierre Landau,The Macroeconomic Impact of Climate Change,The Macroeconomic Impact of Climate Change: Global vs. Local Temperature,,1,1
Jeff Clune,Towards best practices in AGI safety and governance,Towards best practices in AGI safety and governance: A survey of expert opinion,,1,1
Jeff Malpas,Stagnation and Scientific Incentives,Stagnation and Scientific Incentives,,1,1
Jeffray Behr,Long term cost-effectiveness of resilient foods for global catastrophes compared…,Long term cost-effectiveness of resilient foods for global catastrophes compared to artificial general intelligence safety,,1,1
Jeffrey B. Liebman,How Effective Is (More) Money? Randomizing Unconditional Cash Transfer Amounts…,How Effective Is (More) Money? Randomizing Unconditional Cash Transfer Amounts in the US,,1,1
Jeffrey R. Vincent,The global potential for natural regeneration in deforested tropical regions,The global potential for natural regeneration in deforested tropical regions,,1,1
Jena D. Hamadani,The Comparative Impact of Cash Transfers and a Psychotherapy Program…,The Comparative Impact of Cash Transfers and a Psychotherapy Program on Psychological and Economic Well-being,,1,1
Jeng-Bau Lin,The Macroeconomic Impact of Climate Change,The Macroeconomic Impact of Climate Change: Global vs. Local Temperature,,1,1
Jenifer Clapp,How Effective Is (More) Money? Randomizing Unconditional Cash Transfer Amounts…,How Effective Is (More) Money? Randomizing Unconditional Cash Transfer Amounts in the US,,1,1
Jenna Allard,Effects of Emigration on Rural Labor Markets,Effects of Emigration on Rural Labor Markets,,1,1
Jenna E. Forsyth,The Effect of Lead Exposure on Children’s Learning in the…,The Effect of Lead Exposure on Children’s Learning in the Developing World: A Meta-Analysis,,1,1
Jennifer A. Campbell,How Effective Is (More) Money? Randomizing Unconditional Cash Transfer Amounts…,How Effective Is (More) Money? Randomizing Unconditional Cash Transfer Amounts in the US,,1,1
Jennifer L. Baker,Intergenerational Child Mortality Impacts of Deworming,Intergenerational Child Mortality Impacts of Deworming: Experimental Evidence from Two Decades of the Kenya Life Panel Survey,,1,1
Jennifer L. Hay,Information Avoidance and Moral Behavior,Information Avoidance and Moral Behavior: Experimental Evidence from Food Choices,,1,1
Jennifer Wilson,The Comparative Impact of Cash Transfers and a Psychotherapy Program…,The Comparative Impact of Cash Transfers and a Psychotherapy Program on Psychological and Economic Well-being,,1,1
Jenny Carolina Hernández Cardozo,Building Resilient Education Systems,Building Resilient Education Systems: Evidence from Large-Scale Randomized Trials in Five Countries,,1,1
Jeromin Zettelmeyer,The Macroeconomic Impact of Climate Change,The Macroeconomic Impact of Climate Change: Global vs. Local Temperature,,1,1
Jesmin Sultana,The Effect of Lead Exposure on Children’s Learning in the…,The Effect of Lead Exposure on Children’s Learning in the Developing World: A Meta-Analysis,,1,1
Jess Cornaggia,Biodiversity Risk,Biodiversity Risk,,1,1
Jesse Ribot,Does the Squeaky Wheel Get More Grease? The Direct and…,Does the Squeaky Wheel Get More Grease? The Direct and Indirect Effects of Citizen Participation on Environmental Governance in China,,1,1
Jessica Goldberg,Selecting the Most Effective Nudge,Selecting the Most Effective Nudge: Evidence from a Large-Scale Experiment on Immunization,,1,1
Jessie Sun,Population ethical intuitions,Population ethical intuitions,,1,1
Jesús Fernández‐Villaverde,Biodiversity Risk,Biodiversity Risk,,1,1
Jhonathan Rodríguez,Advance Market Commitments,Advance Market Commitments: Insights from Theory and Experience,,1,1
Ji Lu,Does the Squeaky Wheel Get More Grease? The Direct and…,Does the Squeaky Wheel Get More Grease? The Direct and Indirect Effects of Citizen Participation on Environmental Governance in China,,1,1
Jia Xu,Do Celebrity Endorsements Matter? A Twitter Experiment Promoting Vaccination in…,Do Celebrity Endorsements Matter? A Twitter Experiment Promoting Vaccination in Indonesia,,1,1
Jiajun Han,Effects of Emigration on Rural Labor Markets,Effects of Emigration on Rural Labor Markets,,1,1
Jiakai Zhang,A Welfare Analysis of Policies Impacting Climate Change,A Welfare Analysis of Policies Impacting Climate Change,,1,1
Jiaming Wang,Does the Squeaky Wheel Get More Grease? The Direct and…,Does the Squeaky Wheel Get More Grease? The Direct and Indirect Effects of Citizen Participation on Environmental Governance in China,,1,1
Jianan Yang,Selecting the Most Effective Nudge,Selecting the Most Effective Nudge: Evidence from a Large-Scale Experiment on Immunization,,1,1
Jianbo Huang,Does the Squeaky Wheel Get More Grease? The Direct and…,Does the Squeaky Wheel Get More Grease? The Direct and Indirect Effects of Citizen Participation on Environmental Governance in China,,1,1
Jiangyuan Liang,Does the Squeaky Wheel Get More Grease? The Direct and…,Does the Squeaky Wheel Get More Grease? The Direct and Indirect Effects of Citizen Participation on Environmental Governance in China,,1,1
Jianhong Qi,Does the Squeaky Wheel Get More Grease? The Direct and…,Does the Squeaky Wheel Get More Grease? The Direct and Indirect Effects of Citizen Participation on Environmental Governance in China,,1,1
Jiankun Gong,Do Celebrity Endorsements Matter? A Twitter Experiment Promoting Vaccination in…,Do Celebrity Endorsements Matter? A Twitter Experiment Promoting Vaccination in Indonesia,,1,1
Jiansong Tang,Does the Squeaky Wheel Get More Grease? The Direct and…,Does the Squeaky Wheel Get More Grease? The Direct and Indirect Effects of Citizen Participation on Environmental Governance in China,,1,1
Jianyong Fan,The Effect of Public Science on Corporate R&amp;D,The Effect of Public Science on Corporate R&amp;D,,1,1
Jiaoyun Yang,"The Long-Run Effects of Psychotherapy on Depression, Beliefs, and Economic…","The Long-Run Effects of Psychotherapy on Depression, Beliefs, and Economic Outcomes",,1,1
Jiaqi Liu,Does the Squeaky Wheel Get More Grease? The Direct and…,Does the Squeaky Wheel Get More Grease? The Direct and Indirect Effects of Citizen Participation on Environmental Governance in China,,1,1
Jiaqi Zhang,Does the Squeaky Wheel Get More Grease? The Direct and…,Does the Squeaky Wheel Get More Grease? The Direct and Indirect Effects of Citizen Participation on Environmental Governance in China,,1,1
Jiashun Huang,Does the Squeaky Wheel Get More Grease? The Direct and…,Does the Squeaky Wheel Get More Grease? The Direct and Indirect Effects of Citizen Participation on Environmental Governance in China,,1,1
Jiayi Yan,Does the Squeaky Wheel Get More Grease? The Direct and…,Does the Squeaky Wheel Get More Grease? The Direct and Indirect Effects of Citizen Participation on Environmental Governance in China,,1,1
Jiayin Zhu,Does the Squeaky Wheel Get More Grease? The Direct and…,Does the Squeaky Wheel Get More Grease? The Direct and Indirect Effects of Citizen Participation on Environmental Governance in China,,1,1
Jicai Liu,Does the Squeaky Wheel Get More Grease? The Direct and…,Does the Squeaky Wheel Get More Grease? The Direct and Indirect Effects of Citizen Participation on Environmental Governance in China,,1,1
Jidong Chen,Does the Squeaky Wheel Get More Grease? The Direct and…,Does the Squeaky Wheel Get More Grease? The Direct and Indirect Effects of Citizen Participation on Environmental Governance in China,,1,1
Jie Lai,Does the Squeaky Wheel Get More Grease? The Direct and…,Does the Squeaky Wheel Get More Grease? The Direct and Indirect Effects of Citizen Participation on Environmental Governance in China,,1,1
Jie Zheng,Does the Squeaky Wheel Get More Grease? The Direct and…,Does the Squeaky Wheel Get More Grease? The Direct and Indirect Effects of Citizen Participation on Environmental Governance in China,,1,1
Jiefeng Kang,Banning Wildlife Trade Can Boost the Unregulated Trade of Threatened…,Banning Wildlife Trade Can Boost the Unregulated Trade of Threatened Species,,1,1
Jie‐Sheng Tan‐Soo,A Welfare Analysis of Policies Impacting Climate Change,A Welfare Analysis of Policies Impacting Climate Change,,1,1
Jigyasa Kaur,"The Long-Run Effects of Psychotherapy on Depression, Beliefs, and Economic…","The Long-Run Effects of Psychotherapy on Depression, Beliefs, and Economic Outcomes",,1,1
Jill Hoiting,How Effective Is (More) Money? Randomizing Unconditional Cash Transfer Amounts…,How Effective Is (More) Money? Randomizing Unconditional Cash Transfer Amounts in the US,,1,1
Jin Shi,Biodiversity Risk,Biodiversity Risk,,1,1
Jin Xiao,Does the Squeaky Wheel Get More Grease? The Direct and…,Does the Squeaky Wheel Get More Grease? The Direct and Indirect Effects of Citizen Participation on Environmental Governance in China,,1,1
Jin Ze-hu,Does the Squeaky Wheel Get More Grease? The Direct and…,Does the Squeaky Wheel Get More Grease? The Direct and Indirect Effects of Citizen Participation on Environmental Governance in China,,1,1
Jincheng Li,Does the Squeaky Wheel Get More Grease? The Direct and…,Does the Squeaky Wheel Get More Grease? The Direct and Indirect Effects of Citizen Participation on Environmental Governance in China,,1,1
Jinchi Dong,Does the Squeaky Wheel Get More Grease? The Direct and…,Does the Squeaky Wheel Get More Grease? The Direct and Indirect Effects of Citizen Participation on Environmental Governance in China,,1,1
Jing Lu,Does the Squeaky Wheel Get More Grease? The Direct and…,Does the Squeaky Wheel Get More Grease? The Direct and Indirect Effects of Citizen Participation on Environmental Governance in China,,1,1
Jing Ren,Does the Squeaky Wheel Get More Grease? The Direct and…,Does the Squeaky Wheel Get More Grease? The Direct and Indirect Effects of Citizen Participation on Environmental Governance in China,,1,1
Jing Xie,Does the Squeaky Wheel Get More Grease? The Direct and…,Does the Squeaky Wheel Get More Grease? The Direct and Indirect Effects of Citizen Participation on Environmental Governance in China,,1,1
Jing Zhao,Does the Squeaky Wheel Get More Grease? The Direct and…,Does the Squeaky Wheel Get More Grease? The Direct and Indirect Effects of Citizen Participation on Environmental Governance in China,,1,1
Jingbing Feng,Does the Squeaky Wheel Get More Grease? The Direct and…,Does the Squeaky Wheel Get More Grease? The Direct and Indirect Effects of Citizen Participation on Environmental Governance in China,,1,1
Jingwei Ni,Biodiversity Risk,Biodiversity Risk,,1,1
Jingya Qian,Does the Squeaky Wheel Get More Grease? The Direct and…,Does the Squeaky Wheel Get More Grease? The Direct and Indirect Effects of Citizen Participation on Environmental Governance in China,,1,1
Jinlan Ni,Does the Squeaky Wheel Get More Grease? The Direct and…,Does the Squeaky Wheel Get More Grease? The Direct and Indirect Effects of Citizen Participation on Environmental Governance in China,,1,1
Jinli Wang,Does the Squeaky Wheel Get More Grease? The Direct and…,Does the Squeaky Wheel Get More Grease? The Direct and Indirect Effects of Citizen Participation on Environmental Governance in China,,1,1
Jinmin Wang,Does the Squeaky Wheel Get More Grease? The Direct and…,Does the Squeaky Wheel Get More Grease? The Direct and Indirect Effects of Citizen Participation on Environmental Governance in China,,1,1
Jintao Fu,Does the Squeaky Wheel Get More Grease? The Direct and…,Does the Squeaky Wheel Get More Grease? The Direct and Indirect Effects of Citizen Participation on Environmental Governance in China,,1,1
Jinting Dong,Does the Squeaky Wheel Get More Grease? The Direct and…,Does the Squeaky Wheel Get More Grease? The Direct and Indirect Effects of Citizen Participation on Environmental Governance in China,,1,1
Jize Jiang,Does the Squeaky Wheel Get More Grease? The Direct and…,Does the Squeaky Wheel Get More Grease? The Direct and Indirect Effects of Citizen Participation on Environmental Governance in China,,1,1
Jiří Trešl,Biodiversity Risk,Biodiversity Risk,,1,1
Joan Manuel Rodríguez-Díaz,Water Treatment And Child Mortality,Water Treatment And Child Mortality: A Meta-Analysis And Cost-effectiveness Analysis,,1,1
Joan Martínez Alier,The Macroeconomic Impact of Climate Change,The Macroeconomic Impact of Climate Change: Global vs. Local Temperature,,1,1
Jocelyn Kelley,"The Long-Run Effects of Psychotherapy on Depression, Beliefs, and Economic…","The Long-Run Effects of Psychotherapy on Depression, Beliefs, and Economic Outcomes",,1,1
Jocelyn Kelly,"The Long-Run Effects of Psychotherapy on Depression, Beliefs, and Economic…","The Long-Run Effects of Psychotherapy on Depression, Beliefs, and Economic Outcomes",,1,1
Jochen Monstadt,Does the Squeaky Wheel Get More Grease? The Direct and…,Does the Squeaky Wheel Get More Grease? The Direct and Indirect Effects of Citizen Participation on Environmental Governance in China,,1,1
Joe Dodd,"The Long-Run Effects of Psychotherapy on Depression, Beliefs, and Economic…","The Long-Run Effects of Psychotherapy on Depression, Beliefs, and Economic Outcomes",,1,1
Joel McGuire,The Comparative Impact of Cash Transfers and a Psychotherapy Program…,The Comparative Impact of Cash Transfers and a Psychotherapy Program on Psychological and Economic Well-being,,1,1
Joel Shapiro,Biodiversity Risk,Biodiversity Risk,,1,1
Joern Fischer,The global potential for natural regeneration in deforested tropical regions,The global potential for natural regeneration in deforested tropical regions,,1,1
Johan Karlsson,Stagnation and Scientific Incentives,Stagnation and Scientific Incentives,,1,1
Johan Rockström,The Macroeconomic Impact of Climate Change,The Macroeconomic Impact of Climate Change: Global vs. Local Temperature,,1,1
Johan de Jong,The global potential for natural regeneration in deforested tropical regions,The global potential for natural regeneration in deforested tropical regions,,1,1
Johanna Hedlund,Long term cost-effectiveness of resilient foods for global catastrophes compared…,Long term cost-effectiveness of resilient foods for global catastrophes compared to artificial general intelligence safety,,1,1
Johannes A. Jacobs,The Macroeconomic Impact of Climate Change,The Macroeconomic Impact of Climate Change: Global vs. Local Temperature,,1,1
Johannes Jaspersen,Biodiversity Risk,Biodiversity Risk,,1,1
Johannes Klausmann,Biodiversity Risk,Biodiversity Risk,,1,1
Johannes Wimmer,Do Celebrity Endorsements Matter? A Twitter Experiment Promoting Vaccination in…,Do Celebrity Endorsements Matter? A Twitter Experiment Promoting Vaccination in Indonesia,,1,1
Johannes Zimmermann,"The Long-Run Effects of Psychotherapy on Depression, Beliefs, and Economic…","The Long-Run Effects of Psychotherapy on Depression, Beliefs, and Economic Outcomes",,1,1
John A. Maluccio,Intergenerational Child Mortality Impacts of Deworming,Intergenerational Child Mortality Impacts of Deworming: Experimental Evidence from Two Decades of the Kenya Life Panel Survey,,1,1
John A. Roper,The Macroeconomic Impact of Climate Change,The Macroeconomic Impact of Climate Change: Global vs. Local Temperature,,1,1
John F. Rauthmann,"The Long-Run Effects of Psychotherapy on Depression, Beliefs, and Economic…","The Long-Run Effects of Psychotherapy on Depression, Beliefs, and Economic Outcomes",,1,1
John Floretta,Selecting the Most Effective Nudge,Selecting the Most Effective Nudge: Evidence from a Large-Scale Experiment on Immunization,,1,1
John Gathergood,"When do ""Nudges"" Increase Welfare?","When do ""Nudges"" Increase Welfare?",,1,1
John Herbohn,The global potential for natural regeneration in deforested tropical regions,The global potential for natural regeneration in deforested tropical regions,,1,1
John Hoddinott,The Comparative Impact of Cash Transfers and a Psychotherapy Program…,The Comparative Impact of Cash Transfers and a Psychotherapy Program on Psychological and Economic Well-being,,1,1
John Quattrochi,The Comparative Impact of Cash Transfers and a Psychotherapy Program…,The Comparative Impact of Cash Transfers and a Psychotherapy Program on Psychological and Economic Well-being,,1,1
John R. Weisz,The Comparative Impact of Cash Transfers and a Psychotherapy Program…,The Comparative Impact of Cash Transfers and a Psychotherapy Program on Psychological and Economic Well-being,,1,1
John Zhuang Liu HKU,Does the Squeaky Wheel Get More Grease? The Direct and…,Does the Squeaky Wheel Get More Grease? The Direct and Indirect Effects of Citizen Participation on Environmental Governance in China,,1,1
John‐Oliver Engler,Long term cost-effectiveness of resilient foods for global catastrophes compared…,Long term cost-effectiveness of resilient foods for global catastrophes compared to artificial general intelligence safety,,1,1
Jon Bielby,Banning Wildlife Trade Can Boost the Unregulated Trade of Threatened…,Banning Wildlife Trade Can Boost the Unregulated Trade of Threatened Species,,1,1
Jon Kvist,How Effective Is (More) Money? Randomizing Unconditional Cash Transfer Amounts…,How Effective Is (More) Money? Randomizing Unconditional Cash Transfer Amounts in the US,,1,1
Jonas Antanavičius,The Effect of Public Science on Corporate R&amp;D,The Effect of Public Science on Corporate R&amp;D,,1,1
Jonas B. Sandbrink,Advance Market Commitments,Advance Market Commitments: Insights from Theory and Experience,,1,1
Jonas Krogh Madsen,How Effective Is (More) Money? Randomizing Unconditional Cash Transfer Amounts…,How Effective Is (More) Money? Randomizing Unconditional Cash Transfer Amounts in the US,,1,1
Jonas Meckling,Advance Market Commitments,Advance Market Commitments: Insights from Theory and Experience,,1,1
Jonas Schuett,Towards best practices in AGI safety and governance,Towards best practices in AGI safety and governance: A survey of expert opinion,,1,1
Jonathan Morduch,Effects of Emigration on Rural Labor Markets,Effects of Emigration on Rural Labor Markets,,1,1
Jonathan Sotsky,Choose Your Moments,Choose Your Moments: Peer Review and Scientific Risk Taking,,1,1
Jonathan Wai,Stagnation and Scientific Incentives,Stagnation and Scientific Incentives,,1,1
Jonathan Wittau,Stagnation and Scientific Incentives,Stagnation and Scientific Incentives,,1,1
Jordy Rillaerts,Biodiversity Risk,Biodiversity Risk,,1,1
Jorge A. Meave,The global potential for natural regeneration in deforested tropical regions,The global potential for natural regeneration in deforested tropical regions,,1,1
Joschka Flintz,A Welfare Analysis of Policies Impacting Climate Change,A Welfare Analysis of Policies Impacting Climate Change,,1,1
Jose Manuel Ochoa‐Quintero,The global potential for natural regeneration in deforested tropical regions,The global potential for natural regeneration in deforested tropical regions,,1,1
Joseph E. Aldy,Advance Market Commitments,Advance Market Commitments: Insights from Theory and Experience,,1,1
Joseph Karguia,Selecting the Most Effective Nudge,Selecting the Most Effective Nudge: Evidence from a Large-Scale Experiment on Immunization,,1,1
Joseph Nyaga,The Comparative Impact of Cash Transfers and a Psychotherapy Program…,The Comparative Impact of Cash Transfers and a Psychotherapy Program on Psychological and Economic Well-being,,1,1
Joseph Shapiro,A Welfare Analysis of Policies Impacting Climate Change,A Welfare Analysis of Policies Impacting Climate Change,,1,1
Joseph Simbaya,The Comparative Impact of Cash Transfers and a Psychotherapy Program…,The Comparative Impact of Cash Transfers and a Psychotherapy Program on Psychological and Economic Well-being,,1,1
Joseph W. Bull,Biodiversity Risk,Biodiversity Risk,,1,1
Josh Greenberg,Choose Your Moments,Choose Your Moments: Peer Review and Scientific Risk Taking,,1,1
Joshua D. Lambert,Long term cost-effectiveness of resilient foods for global catastrophes compared…,Long term cost-effectiveness of resilient foods for global catastrophes compared to artificial general intelligence safety,,1,1
Joshua Teperowski Monrad,Advance Market Commitments,Advance Market Commitments: Insights from Theory and Experience,,1,1
Josie Coburn,Choose Your Moments,Choose Your Moments: Peer Review and Scientific Risk Taking,,1,1
José Hernández‐Orallo,Stagnation and Scientific Incentives,Stagnation and Scientific Incentives,,1,1
José R. Suárez-López,The Macroeconomic Impact of Climate Change,The Macroeconomic Impact of Climate Change: Global vs. Local Temperature,,1,1
Juan Manuel Hernández-Agramonte,Building Resilient Education Systems,Building Resilient Education Systems: Evidence from Large-Scale Randomized Trials in Five Countries,,1,1
Juan Pablo Chauvin,Legalizing Entrepreneurship,Legalizing Entrepreneurship,,1,1
Jukka Riekki,Stagnation and Scientific Incentives,Stagnation and Scientific Incentives,,1,1
Julia Lane,Choose Your Moments,Choose Your Moments: Peer Review and Scientific Risk Taking,,1,1
Julia Sweatman,Advance Market Commitments,Advance Market Commitments: Insights from Theory and Experience,,1,1
Julia Vaillant,The Comparative Impact of Cash Transfers and a Psychotherapy Program…,The Comparative Impact of Cash Transfers and a Psychotherapy Program on Psychological and Economic Well-being,,1,1
Julian Hazell,Towards best practices in AGI safety and governance,Towards best practices in AGI safety and governance: A survey of expert opinion,,1,1
Julian M. Alston,Advance Market Commitments,Advance Market Commitments: Insights from Theory and Experience,,1,1
Juliane Degner,"The Long-Run Effects of Psychotherapy on Depression, Beliefs, and Economic…","The Long-Run Effects of Psychotherapy on Depression, Beliefs, and Economic Outcomes",,1,1
Julie Chytilová,Selecting the Most Effective Nudge,Selecting the Most Effective Nudge: Evidence from a Large-Scale Experiment on Immunization,,1,1
Julien‐François Gerber,The Macroeconomic Impact of Climate Change,The Macroeconomic Impact of Climate Change: Global vs. Local Temperature,,1,1
Julieta Vera Rueda,Intergenerational Child Mortality Impacts of Deworming,Intergenerational Child Mortality Impacts of Deworming: Experimental Evidence from Two Decades of the Kenya Life Panel Survey,,1,1
Julio González-Díaz,Stagnation and Scientific Incentives,Stagnation and Scientific Incentives,,1,1
Julius Dohbit Sama,Selecting the Most Effective Nudge,Selecting the Most Effective Nudge: Evidence from a Large-Scale Experiment on Immunization,,1,1
Jun Bi,Does the Squeaky Wheel Get More Grease? The Direct and…,Does the Squeaky Wheel Get More Grease? The Direct and Indirect Effects of Citizen Participation on Environmental Governance in China,,1,1
Jun Li,A Welfare Analysis of Policies Impacting Climate Change,A Welfare Analysis of Policies Impacting Climate Change,,1,1
Jungkyu Suh,The Effect of Public Science on Corporate R&amp;D,The Effect of Public Science on Corporate R&amp;D,,1,1
Junli Cheng,Effects of Emigration on Rural Labor Markets,Effects of Emigration on Rural Labor Markets,,1,1
Junling Huang,Does the Squeaky Wheel Get More Grease? The Direct and…,Does the Squeaky Wheel Get More Grease? The Direct and Indirect Effects of Citizen Participation on Environmental Governance in China,,1,1
Junming Chen,Does the Squeaky Wheel Get More Grease? The Direct and…,Does the Squeaky Wheel Get More Grease? The Direct and Indirect Effects of Citizen Participation on Environmental Governance in China,,1,1
Junyan Zhang,Stagnation and Scientific Incentives,Stagnation and Scientific Incentives,,1,1
Junyi Feng,Biodiversity Risk,Biodiversity Risk,,1,1
Jérémy Scheurer,Towards best practices in AGI safety and governance,Towards best practices in AGI safety and governance: A survey of expert opinion,,1,1
Jörn R. Sparfeldt,"The Long-Run Effects of Psychotherapy on Depression, Beliefs, and Economic…","The Long-Run Effects of Psychotherapy on Depression, Beliefs, and Economic Outcomes",,1,1
K. Banskota,Biodiversity Risk,Biodiversity Risk,,1,1
K. K. Mahajan,Money (Not) to Burn,Money (Not) to Burn: Payments for Ecosystem Services to Reduce Crop Residue Burning,,1,1
K.P. Prabheesh,The Macroeconomic Impact of Climate Change,The Macroeconomic Impact of Climate Change: Global vs. Local Temperature,,1,1
Kai Xu,Does the Squeaky Wheel Get More Grease? The Direct and…,Does the Squeaky Wheel Get More Grease? The Direct and Indirect Effects of Citizen Participation on Environmental Governance in China,,1,1
Kaida Liang,The Effect of Lead Exposure on Children’s Learning in the…,The Effect of Lead Exposure on Children’s Learning in the Developing World: A Meta-Analysis,,1,1
Kaidong Yu,Do Celebrity Endorsements Matter? A Twitter Experiment Promoting Vaccination in…,Do Celebrity Endorsements Matter? A Twitter Experiment Promoting Vaccination in Indonesia,,1,1
Kaiyuan Xiao,Does the Squeaky Wheel Get More Grease? The Direct and…,Does the Squeaky Wheel Get More Grease? The Direct and Indirect Effects of Citizen Participation on Environmental Governance in China,,1,1
Kaja Kinga Jasińska,How Effective Is (More) Money? Randomizing Unconditional Cash Transfer Amounts…,How Effective Is (More) Money? Randomizing Unconditional Cash Transfer Amounts in the US,,1,1
Kalipso Chalkidou,Advance Market Commitments,Advance Market Commitments: Insights from Theory and Experience,,1,1
Kalle Hirvonen,The Comparative Impact of Cash Transfers and a Psychotherapy Program…,The Comparative Impact of Cash Transfers and a Psychotherapy Program on Psychological and Economic Well-being,,1,1
Kalpana Balakrishnan,The Macroeconomic Impact of Climate Change,The Macroeconomic Impact of Climate Change: Global vs. Local Temperature,,1,1
Kamiar Mohaddes,The Macroeconomic Impact of Climate Change,The Macroeconomic Impact of Climate Change: Global vs. Local Temperature,,1,1
Kangyin Dong,Does the Squeaky Wheel Get More Grease? The Direct and…,Does the Squeaky Wheel Get More Grease? The Direct and Indirect Effects of Citizen Participation on Environmental Governance in China,,1,1
Kara Kedrick,Stagnation and Scientific Incentives,Stagnation and Scientific Incentives,,1,1
Karen Macours,Intergenerational Child Mortality Impacts of Deworming,Intergenerational Child Mortality Impacts of Deworming: Experimental Evidence from Two Decades of the Kenya Life Panel Survey,,1,1
Kari Heimonen,Biodiversity Risk,Biodiversity Risk,,1,1
Karlina Indraswari,Banning Wildlife Trade Can Boost the Unregulated Trade of Threatened…,Banning Wildlife Trade Can Boost the Unregulated Trade of Threatened Species,,1,1
Karrie A.B. Walker,Advance Market Commitments,Advance Market Commitments: Insights from Theory and Experience,,1,1
Kartik Anand,Biodiversity Risk,Biodiversity Risk,,1,1
Kat Adams Shannon,How Effective Is (More) Money? Randomizing Unconditional Cash Transfer Amounts…,How Effective Is (More) Money? Randomizing Unconditional Cash Transfer Amounts in the US,,1,1
Katarzyna Lipowska,Do Celebrity Endorsements Matter? A Twitter Experiment Promoting Vaccination in…,Do Celebrity Endorsements Matter? A Twitter Experiment Promoting Vaccination in Indonesia,,1,1
Kate Schwartz,Building Resilient Education Systems,Building Resilient Education Systems: Evidence from Large-Scale Randomized Trials in Five Countries,,1,1
Kateryna Shatnenko,Cognitive Behavioral Therapy among Ghana's Rural Poor Is Effective Regardless…,Cognitive Behavioral Therapy among Ghana's Rural Poor Is Effective Regardless of Baseline Mental Distress,,1,1
Katharina Szota,"The Long-Run Effects of Psychotherapy on Depression, Beliefs, and Economic…","The Long-Run Effects of Psychotherapy on Depression, Beliefs, and Economic Outcomes",,1,1
Katherine A. DeCelles,How Effective Is (More) Money? Randomizing Unconditional Cash Transfer Amounts…,How Effective Is (More) Money? Randomizing Unconditional Cash Transfer Amounts in the US,,1,1
Katherine Adams Shannon,How Effective Is (More) Money? Randomizing Unconditional Cash Transfer Amounts…,How Effective Is (More) Money? Randomizing Unconditional Cash Transfer Amounts in the US,,1,1
Katherine Calhoun,The Comparative Impact of Cash Transfers and a Psychotherapy Program…,The Comparative Impact of Cash Transfers and a Psychotherapy Program on Psychological and Economic Well-being,,1,1
Katherine E. Venturo‐Conerly,The Comparative Impact of Cash Transfers and a Psychotherapy Program…,The Comparative Impact of Cash Transfers and a Psychotherapy Program on Psychological and Economic Well-being,,1,1
Katherine L. Marshall,Water Treatment And Child Mortality,Water Treatment And Child Mortality: A Meta-Analysis And Cost-effectiveness Analysis,,1,1
Katherine Lacasse,The Macroeconomic Impact of Climate Change,The Macroeconomic Impact of Climate Change: Global vs. Local Temperature,,1,1
Katherine Meckel,"The Long-Run Effects of Psychotherapy on Depression, Beliefs, and Economic…","The Long-Run Effects of Psychotherapy on Depression, Beliefs, and Economic Outcomes",,1,1
Katherine Richard,How Effective Is (More) Money? Randomizing Unconditional Cash Transfer Amounts…,How Effective Is (More) Money? Randomizing Unconditional Cash Transfer Amounts in the US,,1,1
Katherine Rittenhouse,"The Long-Run Effects of Psychotherapy on Depression, Beliefs, and Economic…","The Long-Run Effects of Psychotherapy on Depression, Beliefs, and Economic Outcomes",,1,1
Kathrin Grosse,Towards best practices in AGI safety and governance,Towards best practices in AGI safety and governance: A survey of expert opinion,,1,1
Kathrin Wolf,Advance Market Commitments,Advance Market Commitments: Insights from Theory and Experience,,1,1
Katrine Sonne‐Hansen,Stagnation and Scientific Incentives,Stagnation and Scientific Incentives,,1,1
Katy Bergstrom,Selecting the Most Effective Nudge,Selecting the Most Effective Nudge: Evidence from a Large-Scale Experiment on Immunization,,1,1
Ke He,Does the Squeaky Wheel Get More Grease? The Direct and…,Does the Squeaky Wheel Get More Grease? The Direct and Indirect Effects of Citizen Participation on Environmental Governance in China,,1,1
Keita Fukasawa,Banning Wildlife Trade Can Boost the Unregulated Trade of Threatened…,Banning Wildlife Trade Can Boost the Unregulated Trade of Threatened Species,,1,1
Kelly Holland,Selecting the Most Effective Nudge,Selecting the Most Effective Nudge: Evidence from a Large-Scale Experiment on Immunization,,1,1
Kelly Kaila,The Comparative Impact of Cash Transfers and a Psychotherapy Program…,The Comparative Impact of Cash Transfers and a Psychotherapy Program on Psychological and Economic Well-being,,1,1
Kelly M. Doran,How Effective Is (More) Money? Randomizing Unconditional Cash Transfer Amounts…,How Effective Is (More) Money? Randomizing Unconditional Cash Transfer Amounts in the US,,1,1
Kenichiro Onitsuka,Effects of Emigration on Rural Labor Markets,Effects of Emigration on Rural Labor Markets,,1,1
Kenneth Gillingham,Biodiversity Risk,Biodiversity Risk,,1,1
Keri M. Guilbault,Stagnation and Scientific Incentives,Stagnation and Scientific Incentives,,1,1
Ketki Sheth,Water Treatment And Child Mortality,Water Treatment And Child Mortality: A Meta-Analysis And Cost-effectiveness Analysis,,1,1
Kevin Carney,Selecting the Most Effective Nudge,Selecting the Most Effective Nudge: Evidence from a Large-Scale Experiment on Immunization,,1,1
Kevin Donovan,Effects of Emigration on Rural Labor Markets,Effects of Emigration on Rural Labor Markets,,1,1
Kevin Hosford,Stagnation and Scientific Incentives,Stagnation and Scientific Incentives,,1,1
Kevin R. James,Stagnation and Scientific Incentives,Stagnation and Scientific Incentives,,1,1
Kevin Rassool,Long term cost-effectiveness of resilient foods for global catastrophes compared…,Long term cost-effectiveness of resilient foods for global catastrophes compared to artificial general intelligence safety,,1,1
Kevin Wei,Towards best practices in AGI safety and governance,Towards best practices in AGI safety and governance: A survey of expert opinion,,1,1
Keyi Tang,Does the Squeaky Wheel Get More Grease? The Direct and…,Does the Squeaky Wheel Get More Grease? The Direct and Indirect Effects of Citizen Participation on Environmental Governance in China,,1,1
Khagendra Subba,Building Resilient Education Systems,Building Resilient Education Systems: Evidence from Large-Scale Randomized Trials in Five Countries,,1,1
Khatuna Akhalaia,The Effect of Lead Exposure on Children’s Learning in the…,The Effect of Lead Exposure on Children’s Learning in the Developing World: A Meta-Analysis,,1,1
Khine Kyaw,Biodiversity Risk,Biodiversity Risk,,1,1
Kibrom A. Abay,Selecting the Most Effective Nudge,Selecting the Most Effective Nudge: Evidence from a Large-Scale Experiment on Immunization,,1,1
Kimberly Berg,The Macroeconomic Impact of Climate Change,The Macroeconomic Impact of Climate Change: Global vs. Local Temperature,,1,1
Kiparissenia Samara,The Effect of Public Science on Corporate R&amp;D,The Effect of Public Science on Corporate R&amp;D,,1,1
Kirsten M. McMillan,Banning Wildlife Trade Can Boost the Unregulated Trade of Threatened…,Banning Wildlife Trade Can Boost the Unregulated Trade of Threatened Species,,1,1
Kirun Sankaran,Advance Market Commitments,Advance Market Commitments: Insights from Theory and Experience,,1,1
Klaus Kümmerer,The global potential for natural regeneration in deforested tropical regions,The global potential for natural regeneration in deforested tropical regions,,1,1
Koen Maaskant,Effects of Emigration on Rural Labor Markets,Effects of Emigration on Rural Labor Markets,,1,1
Koen Schoors,Misperceptions and Demand for Democracy under Authoritarianism,Misperceptions and Demand for Democracy under Authoritarianism,,1,1
Konstantin Büchel,Building Resilient Education Systems,Building Resilient Education Systems: Evidence from Large-Scale Randomized Trials in Five Countries,,1,1
Kosuke Inoue,Selecting the Most Effective Nudge,Selecting the Most Effective Nudge: Evidence from a Large-Scale Experiment on Immunization,,1,1
Kota Mameno,Banning Wildlife Trade Can Boost the Unregulated Trade of Threatened…,Banning Wildlife Trade Can Boost the Unregulated Trade of Threatened Species,,1,1
Krishna Kumar Yadav,Water Treatment And Child Mortality,Water Treatment And Child Mortality: A Meta-Analysis And Cost-effectiveness Analysis,,1,1
Kristin Kiesel,"When do ""Nudges"" Increase Welfare?","When do ""Nudges"" Increase Welfare?",,1,1
Kristina Suchotzki,"The Long-Run Effects of Psychotherapy on Depression, Beliefs, and Economic…","The Long-Run Effects of Psychotherapy on Depression, Beliefs, and Economic Outcomes",,1,1
Kultar Singh,Selecting the Most Effective Nudge,Selecting the Most Effective Nudge: Evidence from a Large-Scale Experiment on Immunization,,1,1
Kumari Smita,"The Long-Run Effects of Psychotherapy on Depression, Beliefs, and Economic…","The Long-Run Effects of Psychotherapy on Depression, Beliefs, and Economic Outcomes",,1,1
Kyle J. Moon,How Effective Is (More) Money? Randomizing Unconditional Cash Transfer Amounts…,How Effective Is (More) Money? Randomizing Unconditional Cash Transfer Amounts in the US,,1,1
L. Guillermo Woo-Mora,Do Celebrity Endorsements Matter? A Twitter Experiment Promoting Vaccination in…,Do Celebrity Endorsements Matter? A Twitter Experiment Promoting Vaccination in Indonesia,,1,1
Lalitha Sundaram,Long term cost-effectiveness of resilient foods for global catastrophes compared…,Long term cost-effectiveness of resilient foods for global catastrophes compared to artificial general intelligence safety,,1,1
Lamiaa Fiala,Cash Transfers for Child Development,Cash Transfers for Child Development: Experimental Evidence from India,,1,1
Langtian Ma,Adaptability and the Pivot Penalty in Science,Adaptability and the Pivot Penalty in Science,,1,1
Lara Bartels,"When do ""Nudges"" Increase Welfare?","When do ""Nudges"" Increase Welfare?",,1,1
Larissa Lushniak,Selecting the Most Effective Nudge,Selecting the Most Effective Nudge: Evidence from a Large-Scale Experiment on Immunization,,1,1
Laura Boudreau,Effects of Emigration on Rural Labor Markets,Effects of Emigration on Rural Labor Markets,,1,1
Laura Cook,Long term cost-effectiveness of resilient foods for global catastrophes compared…,Long term cost-effectiveness of resilient foods for global catastrophes compared to artificial general intelligence safety,,1,1
Laura Levaggi,Pharmaceutical Pricing and R&amp;D as a Global Public Good,Pharmaceutical Pricing and R&amp;D as a Global Public Good,,1,1
Laura Schechter,Selecting the Most Effective Nudge,Selecting the Most Effective Nudge: Evidence from a Large-Scale Experiment on Immunization,,1,1
Laura Stilwell,How Effective Is (More) Money? Randomizing Unconditional Cash Transfer Amounts…,How Effective Is (More) Money? Randomizing Unconditional Cash Transfer Amounts in the US,,1,1
Laurel Krovetz,Cognitive Behavioral Therapy among Ghana's Rural Poor Is Effective Regardless…,Cognitive Behavioral Therapy among Ghana's Rural Poor Is Effective Regardless of Baseline Mental Distress,,1,1
Lauren Coad,Banning Wildlife Trade Can Boost the Unregulated Trade of Threatened…,Banning Wildlife Trade Can Boost the Unregulated Trade of Threatened Species,,1,1
Lauren Meyer,How Effective Is (More) Money? Randomizing Unconditional Cash Transfer Amounts…,How Effective Is (More) Money? Randomizing Unconditional Cash Transfer Amounts in the US,,1,1
Lawrence O. Gostin,Advance Market Commitments,Advance Market Commitments: Insights from Theory and Experience,,1,1
Leah R. Rosenzweig,Selecting the Most Effective Nudge,Selecting the Most Effective Nudge: Evidence from a Large-Scale Experiment on Immunization,,1,1
Leandra Scharnhorst,The Macroeconomic Impact of Climate Change,The Macroeconomic Impact of Climate Change: Global vs. Local Temperature,,1,1
Lee Crawfurd,Water Treatment And Child Mortality,Water Treatment And Child Mortality: A Meta-Analysis And Cost-effectiveness Analysis,,1,1
Lee Sharkey,Towards best practices in AGI safety and governance,Towards best practices in AGI safety and governance: A survey of expert opinion,,1,1
Lei Lei,Does the Squeaky Wheel Get More Grease? The Direct and…,Does the Squeaky Wheel Get More Grease? The Direct and Indirect Effects of Citizen Participation on Environmental Governance in China,,1,1
Lei Liu,"The Long-Run Effects of Psychotherapy on Depression, Beliefs, and Economic…","The Long-Run Effects of Psychotherapy on Depression, Beliefs, and Economic Outcomes",,1,1
Lei Shi,Does the Squeaky Wheel Get More Grease? The Direct and…,Does the Squeaky Wheel Get More Grease? The Direct and Indirect Effects of Citizen Participation on Environmental Governance in China,,1,1
Leland E. Farmer,Advance Market Commitments,Advance Market Commitments: Insights from Theory and Experience,,1,1
Lelys Dinarte-Diaz,The Comparative Impact of Cash Transfers and a Psychotherapy Program…,The Comparative Impact of Cash Transfers and a Psychotherapy Program on Psychological and Economic Well-being,,1,1
Lena Frischlich,"The Long-Run Effects of Psychotherapy on Depression, Beliefs, and Economic…","The Long-Run Effects of Psychotherapy on Depression, Beliefs, and Economic Outcomes",,1,1
Leonard E. Egede,How Effective Is (More) Money? Randomizing Unconditional Cash Transfer Amounts…,How Effective Is (More) Money? Randomizing Unconditional Cash Transfer Amounts in the US,,1,1
Leonardo M. Giuffrida,Advance Market Commitments,Advance Market Commitments: Insights from Theory and Experience,,1,1
Leonhard Vollmer,Do Celebrity Endorsements Matter? A Twitter Experiment Promoting Vaccination in…,Do Celebrity Endorsements Matter? A Twitter Experiment Promoting Vaccination in Indonesia,,1,1
Leonie Koessler,Towards best practices in AGI safety and governance,Towards best practices in AGI safety and governance: A survey of expert opinion,,1,1
Li Lin,Does the Squeaky Wheel Get More Grease? The Direct and…,Does the Squeaky Wheel Get More Grease? The Direct and Indirect Effects of Citizen Participation on Environmental Governance in China,,1,1
Li Sun,Does the Squeaky Wheel Get More Grease? The Direct and…,Does the Squeaky Wheel Get More Grease? The Direct and Indirect Effects of Citizen Participation on Environmental Governance in China,,1,1
Lianchao Yu,Does the Squeaky Wheel Get More Grease? The Direct and…,Does the Squeaky Wheel Get More Grease? The Direct and Indirect Effects of Citizen Participation on Environmental Governance in China,,1,1
Liangke Liu,Does the Squeaky Wheel Get More Grease? The Direct and…,Does the Squeaky Wheel Get More Grease? The Direct and Indirect Effects of Citizen Participation on Environmental Governance in China,,1,1
Lienda Bashier Eltayeb,Water Treatment And Child Mortality,Water Treatment And Child Mortality: A Meta-Analysis And Cost-effectiveness Analysis,,1,1
Lili Xia,Long term cost-effectiveness of resilient foods for global catastrophes compared…,Long term cost-effectiveness of resilient foods for global catastrophes compared to artificial general intelligence safety,,1,1
Lili Yan,Does the Squeaky Wheel Get More Grease? The Direct and…,Does the Squeaky Wheel Get More Grease? The Direct and Indirect Effects of Citizen Participation on Environmental Governance in China,,1,1
Limei Yang,Does the Squeaky Wheel Get More Grease? The Direct and…,Does the Squeaky Wheel Get More Grease? The Direct and Indirect Effects of Citizen Participation on Environmental Governance in China,,1,1
Lin Feng,Effects of Emigration on Rural Labor Markets,Effects of Emigration on Rural Labor Markets,,1,1
Lin Li,Does the Squeaky Wheel Get More Grease? The Direct and…,Does the Squeaky Wheel Get More Grease? The Direct and Indirect Effects of Citizen Participation on Environmental Governance in China,,1,1
Lin Yang,Urban Forests,Urban Forests: Environmental Health Values and Risks,,1,1
Lina Torossian,Building Resilient Education Systems,Building Resilient Education Systems: Evidence from Large-Scale Randomized Trials in Five Countries,,1,1
Ling Dai,Does the Squeaky Wheel Get More Grease? The Direct and…,Does the Squeaky Wheel Get More Grease? The Direct and Indirect Effects of Citizen Participation on Environmental Governance in China,,1,1
Lingqian Kong,Does the Squeaky Wheel Get More Grease? The Direct and…,Does the Squeaky Wheel Get More Grease? The Direct and Indirect Effects of Citizen Participation on Environmental Governance in China,,1,1
Lingyun Chen,Does the Squeaky Wheel Get More Grease? The Direct and…,Does the Squeaky Wheel Get More Grease? The Direct and Indirect Effects of Citizen Participation on Environmental Governance in China,,1,1
Linh Vu,Information Avoidance and Moral Behavior,Information Avoidance and Moral Behavior: Experimental Evidence from Food Choices,,1,1
Linjie Feng,Does the Squeaky Wheel Get More Grease? The Direct and…,Does the Squeaky Wheel Get More Grease? The Direct and Indirect Effects of Citizen Participation on Environmental Governance in China,,1,1
Lint Barrage,Money (Not) to Burn,Money (Not) to Burn: Payments for Ecosystem Services to Reduce Crop Residue Burning,,1,1
Lior Horesh,Stagnation and Scientific Incentives,Stagnation and Scientific Incentives,,1,1
Lirui Jiao,Biodiversity Risk,Biodiversity Risk,,1,1
Lisa Ho,Selecting the Most Effective Nudge,Selecting the Most Effective Nudge: Evidence from a Large-Scale Experiment on Immunization,,1,1
Lisa Rogge,Selecting the Most Effective Nudge,Selecting the Most Effective Nudge: Evidence from a Large-Scale Experiment on Immunization,,1,1
Lisa Sheenan,Biodiversity Risk,Biodiversity Risk,,1,1
Lise G. Bjerregaard,Intergenerational Child Mortality Impacts of Deworming,Intergenerational Child Mortality Impacts of Deworming: Experimental Evidence from Two Decades of the Kenya Life Panel Survey,,1,1
Lisen Arnheim‐Dahlström,Selecting the Most Effective Nudge,Selecting the Most Effective Nudge: Evidence from a Large-Scale Experiment on Immunization,,1,1
Liz Ota,The global potential for natural regeneration in deforested tropical regions,The global potential for natural regeneration in deforested tropical regions,,1,1
Long Niu,Does the Squeaky Wheel Get More Grease? The Direct and…,Does the Squeaky Wheel Get More Grease? The Direct and Indirect Effects of Citizen Participation on Environmental Governance in China,,1,1
Lorenzo Rodrigo Aldeco Leo,Money (Not) to Burn,Money (Not) to Burn: Payments for Ecosystem Services to Reduce Crop Residue Burning,,1,1
Louis J. Gross,The Macroeconomic Impact of Climate Change,The Macroeconomic Impact of Climate Change: Global vs. Local Temperature,,1,1
Louis Tay,How Effective Is (More) Money? Randomizing Unconditional Cash Transfer Amounts…,How Effective Is (More) Money? Randomizing Unconditional Cash Transfer Amounts in the US,,1,1
Louis-Maël Jean,Selecting the Most Effective Nudge,Selecting the Most Effective Nudge: Evidence from a Large-Scale Experiment on Immunization,,1,1
Lourens Poorter,The global potential for natural regeneration in deforested tropical regions,The global potential for natural regeneration in deforested tropical regions,,1,1
Luca Braghieri,Cognitive Behavioral Therapy among Ghana's Rural Poor Is Effective Regardless…,Cognitive Behavioral Therapy among Ghana's Rural Poor Is Effective Regardless of Baseline Mental Distress,,1,1
Luca Henkel,Ends versus Means,"Ends versus Means: Kantians, Utilitarians, and Moral Decisions",,1,1
Lucas Hertzog,The Comparative Impact of Cash Transfers and a Psychotherapy Program…,The Comparative Impact of Cash Transfers and a Psychotherapy Program on Psychological and Economic Well-being,,1,1
Lucas Siga,"Zero-Sum Environments, the Evolution of Effort-Suppressing Beliefs, and Economic…","Zero-Sum Environments, the Evolution of Effort-Suppressing Beliefs, and Economic Development",,1,1
Lucia A. Reisch,"When do ""Nudges"" Increase Welfare?","When do ""Nudges"" Increase Welfare?",,1,1
Lucie Cluver,The Comparative Impact of Cash Transfers and a Psychotherapy Program…,The Comparative Impact of Cash Transfers and a Psychotherapy Program on Psychological and Economic Well-being,,1,1
Lucie Gadenne,Cash Transfers for Child Development,Cash Transfers for Child Development: Experimental Evidence from India,,1,1
Lucius Bushnaq,Towards best practices in AGI safety and governance,Towards best practices in AGI safety and governance: A survey of expert opinion,,1,1
Lucius Caviola,Population ethical intuitions,Population ethical intuitions,,1,1
Lucy Amissah,The global potential for natural regeneration in deforested tropical regions,The global potential for natural regeneration in deforested tropical regions,,1,1
Lucy Ogbu-Nwobodo,Selecting the Most Effective Nudge,Selecting the Most Effective Nudge: Evidence from a Large-Scale Experiment on Immunization,,1,1
Luis Hernando Romero Jiménez,The global potential for natural regeneration in deforested tropical regions,The global potential for natural regeneration in deforested tropical regions,,1,1
Luisa Feline Freier,How Effective Is (More) Money? Randomizing Unconditional Cash Transfer Amounts…,How Effective Is (More) Money? Randomizing Unconditional Cash Transfer Amounts in the US,,1,1
Lukas Bieringer,Towards best practices in AGI safety and governance,Towards best practices in AGI safety and governance: A survey of expert opinion,,1,1
Lukas Bolte,"The Long-Run Effects of Psychotherapy on Depression, Beliefs, and Economic…","The Long-Run Effects of Psychotherapy on Depression, Beliefs, and Economic Outcomes",,1,1
Lukas Lehner,How Effective Is (More) Money? Randomizing Unconditional Cash Transfer Amounts…,How Effective Is (More) Money? Randomizing Unconditional Cash Transfer Amounts in the US,,1,1
Lukas Zimmermann,Biodiversity Risk,Biodiversity Risk,,1,1
Luke Munford,"The Long-Run Effects of Psychotherapy on Depression, Beliefs, and Economic…","The Long-Run Effects of Psychotherapy on Depression, Beliefs, and Economic Outcomes",,1,1
Luke R. Aldridge,"The Long-Run Effects of Psychotherapy on Depression, Beliefs, and Economic…","The Long-Run Effects of Psychotherapy on Depression, Beliefs, and Economic Outcomes",,1,1
Luping Yu,Biodiversity Risk,Biodiversity Risk,,1,1
Lutz Bornmann,Stagnation and Scientific Incentives,Stagnation and Scientific Incentives,,1,1
M Stratinaki,How Effective Is (More) Money? Randomizing Unconditional Cash Transfer Amounts…,How Effective Is (More) Money? Randomizing Unconditional Cash Transfer Amounts in the US,,1,1
M. Granger Morgan,Advance Market Commitments,Advance Market Commitments: Insights from Theory and Experience,,1,1
M. L. Rivers,Long term cost-effectiveness of resilient foods for global catastrophes compared…,Long term cost-effectiveness of resilient foods for global catastrophes compared to artificial general intelligence safety,,1,1
M. Taha Kasim,Do Celebrity Endorsements Matter? A Twitter Experiment Promoting Vaccination in…,Do Celebrity Endorsements Matter? A Twitter Experiment Promoting Vaccination in Indonesia,,1,1
M. Xu,Does the Squeaky Wheel Get More Grease? The Direct and…,Does the Squeaky Wheel Get More Grease? The Direct and Indirect Effects of Citizen Participation on Environmental Governance in China,,1,1
M.A.G. von Keyserlingk,The animal welfare cost of meat,The animal welfare cost of meat: evidence from a survey of hypothetical scenarios among Belgian consumers,,1,1
M.K.G. Abbas,Water Treatment And Child Mortality,Water Treatment And Child Mortality: A Meta-Analysis And Cost-effectiveness Analysis,,1,1
Maciej Jakubowski,Building Resilient Education Systems,Building Resilient Education Systems: Evidence from Large-Scale Randomized Trials in Five Countries,,1,1
Mackenzie Arnold,Towards best practices in AGI safety and governance,Towards best practices in AGI safety and governance: A survey of expert opinion,,1,1
Madeline Werthschulte,"When do ""Nudges"" Increase Welfare?","When do ""Nudges"" Increase Welfare?",,1,1
Madelon Lohbeck,The global potential for natural regeneration in deforested tropical regions,The global potential for natural regeneration in deforested tropical regions,,1,1
Magdalena Wache,Long term cost-effectiveness of resilient foods for global catastrophes compared…,Long term cost-effectiveness of resilient foods for global catastrophes compared to artificial general intelligence safety,,1,1
Maha Awjan Alreshidi,Water Treatment And Child Mortality,Water Treatment And Child Mortality: A Meta-Analysis And Cost-effectiveness Analysis,,1,1
Mahamane L. Manzo,Selecting the Most Effective Nudge,Selecting the Most Effective Nudge: Evidence from a Large-Scale Experiment on Immunization,,1,1
Mahbubur Rahman,The Effect of Lead Exposure on Children’s Learning in the…,The Effect of Lead Exposure on Children’s Learning in the Developing World: A Meta-Analysis,,1,1
Maheshwor Shrestha,Selecting the Most Effective Nudge,Selecting the Most Effective Nudge: Evidence from a Large-Scale Experiment on Immunization,,1,1
Mahmuda Mahmuda,The Comparative Impact of Cash Transfers and a Psychotherapy Program…,The Comparative Impact of Cash Transfers and a Psychotherapy Program on Psychological and Economic Well-being,,1,1
Mai Dong Tran,Stagnation and Scientific Incentives,Stagnation and Scientific Incentives,,1,1
Maja E. Marcus,Selecting the Most Effective Nudge,Selecting the Most Effective Nudge: Evidence from a Large-Scale Experiment on Immunization,,1,1
Maks Khomenko,Advance Market Commitments,Advance Market Commitments: Insights from Theory and Experience,,1,1
Malka N. Halgamuge,Towards best practices in AGI safety and governance,Towards best practices in AGI safety and governance: A survey of expert opinion,,1,1
Mallikarjun Shankar,Stagnation and Scientific Incentives,Stagnation and Scientific Incentives,,1,1
Manas Kumar Yogi,Building Resilient Education Systems,Building Resilient Education Systems: Evidence from Large-Scale Randomized Trials in Five Countries,,1,1
Manaswini Rao,Selecting the Most Effective Nudge,Selecting the Most Effective Nudge: Evidence from a Large-Scale Experiment on Immunization,,1,1
Manfred Sneps-Sneppe,Towards best practices in AGI safety and governance,Towards best practices in AGI safety and governance: A survey of expert opinion,,1,1
Mangadevi Atti,Building Resilient Education Systems,Building Resilient Education Systems: Evidence from Large-Scale Randomized Trials in Five Countries,,1,1
Maobin Wang,Does the Squeaky Wheel Get More Grease? The Direct and…,Does the Squeaky Wheel Get More Grease? The Direct and Indirect Effects of Citizen Participation on Environmental Governance in China,,1,1
Maoliang Ye,Selecting the Most Effective Nudge,Selecting the Most Effective Nudge: Evidence from a Large-Scale Experiment on Immunization,,1,1
Maram Ahmed,Advance Market Commitments,Advance Market Commitments: Insights from Theory and Experience,,1,1
Marc Auboin,Advance Market Commitments,Advance Market Commitments: Insights from Theory and Experience,,1,1
Marc Edwards,Stagnation and Scientific Incentives,Stagnation and Scientific Incentives,,1,1
Marc T. Kiviniemi,Information Avoidance and Moral Behavior,Information Avoidance and Moral Behavior: Experimental Evidence from Food Choices,,1,1
Marcel Knöchelmann,Stagnation and Scientific Incentives,Stagnation and Scientific Incentives,,1,1
Marcel Llavero‐Pasquina,The Macroeconomic Impact of Climate Change,The Macroeconomic Impact of Climate Change: Global vs. Local Temperature,,1,1
Marcelo Villa‐Piñeros,The global potential for natural regeneration in deforested tropical regions,The global potential for natural regeneration in deforested tropical regions,,1,1
Marcus Maurer,Do Celebrity Endorsements Matter? A Twitter Experiment Promoting Vaccination in…,Do Celebrity Endorsements Matter? A Twitter Experiment Promoting Vaccination in Indonesia,,1,1
Margaret Hamburg,Advance Market Commitments,Advance Market Commitments: Insights from Theory and Experience,,1,1
Margaret Skutsch,Biodiversity Risk,Biodiversity Risk,,1,1
Margarita Leib,Information Avoidance and Moral Behavior,Information Avoidance and Moral Behavior: Experimental Evidence from Food Choices,,1,1
Margot Neyret,Urban Forests,Urban Forests: Environmental Health Values and Risks,,1,1
Maria Julia de Lima Brossi,Long term cost-effectiveness of resilient foods for global catastrophes compared…,Long term cost-effectiveness of resilient foods for global catastrophes compared to artificial general intelligence safety,,1,1
Maria Loreto Biehl,Building Resilient Education Systems,Building Resilient Education Systems: Evidence from Large-Scale Randomized Trials in Five Countries,,1,1
Maria von Salisch,The global potential for natural regeneration in deforested tropical regions,The global potential for natural regeneration in deforested tropical regions,,1,1
Marian Stamp Dawkins,The animal welfare cost of meat,The animal welfare cost of meat: evidence from a survey of hypothetical scenarios among Belgian consumers,,1,1
Marie Kammer,The Benefits and Costs of Guest Worker Programs,The Benefits and Costs of Guest Worker Programs: Experimental Evidence from the India-UAE Migration Corridor,,1,1
Marina M.S. Cabral-Pinto,Water Treatment And Child Mortality,Water Treatment And Child Mortality: A Meta-Analysis And Cost-effectiveness Analysis,,1,1
Marina Schmoeller,The global potential for natural regeneration in deforested tropical regions,The global potential for natural regeneration in deforested tropical regions,,1,1
Marine Casalis,Cognitive Behavioral Therapy among Ghana's Rural Poor Is Effective Regardless…,Cognitive Behavioral Therapy among Ghana's Rural Poor Is Effective Regardless of Baseline Mental Distress,,1,1
Mario Macis,Selecting the Most Effective Nudge,Selecting the Most Effective Nudge: Evidence from a Large-Scale Experiment on Immunization,,1,1
Mario Schmidt,The Comparative Impact of Cash Transfers and a Psychotherapy Program…,The Comparative Impact of Cash Transfers and a Psychotherapy Program on Psychological and Economic Well-being,,1,1
Marius Hobbhahn,Towards best practices in AGI safety and governance,Towards best practices in AGI safety and governance: A survey of expert opinion,,1,1
Marjorie Jauregui,Long term cost-effectiveness of resilient foods for global catastrophes compared…,Long term cost-effectiveness of resilient foods for global catastrophes compared to artificial general intelligence safety,,1,1
Mark Andor,A Welfare Analysis of Policies Impacting Climate Change,A Welfare Analysis of Policies Impacting Climate Change,,1,1
Mark Budolfson,The animal welfare cost of meat,The animal welfare cost of meat: evidence from a survey of hypothetical scenarios among Belgian consumers,,1,1
Mark Buntaine,Does the Squeaky Wheel Get More Grease? The Direct and…,Does the Squeaky Wheel Get More Grease? The Direct and Indirect Effects of Citizen Participation on Environmental Governance in China,,1,1
Mark Engelbert,Advance Market Commitments,Advance Market Commitments: Insights from Theory and Experience,,1,1
Mark Rider,Do Celebrity Endorsements Matter? A Twitter Experiment Promoting Vaccination in…,Do Celebrity Endorsements Matter? A Twitter Experiment Promoting Vaccination in Indonesia,,1,1
Mark Shepard,"When do ""Nudges"" Increase Welfare?","When do ""Nudges"" Increase Welfare?",,1,1
Markus Anderljung,Towards best practices in AGI safety and governance,Towards best practices in AGI safety and governance: A survey of expert opinion,,1,1
Markus Baer,Stagnation and Scientific Incentives,Stagnation and Scientific Incentives,,1,1
Markus Goldstein,The Comparative Impact of Cash Transfers and a Psychotherapy Program…,The Comparative Impact of Cash Transfers and a Psychotherapy Program on Psychological and Economic Well-being,,1,1
Marshall Burke,The Macroeconomic Impact of Climate Change,The Macroeconomic Impact of Climate Change: Global vs. Local Temperature,,1,1
Martin Bækgaard,How Effective Is (More) Money? Randomizing Unconditional Cash Transfer Amounts…,How Effective Is (More) Money? Randomizing Unconditional Cash Transfer Amounts in the US,,1,1
Martin Förster,Pharmaceutical Pricing and R&amp;D as a Global Public Good,Pharmaceutical Pricing and R&amp;D as a Global Public Good,,1,1
Martin Hedlund,Stagnation and Scientific Incentives,Stagnation and Scientific Incentives,,1,1
Martin J. Field,The Comparative Impact of Cash Transfers and a Psychotherapy Program…,The Comparative Impact of Cash Transfers and a Psychotherapy Program on Psychological and Economic Well-being,,1,1
Martina Kirchberger,Effects of Emigration on Rural Labor Markets,Effects of Emigration on Rural Labor Markets,,1,1
Marvin Gleue,Information Avoidance and Moral Behavior,Information Avoidance and Moral Behavior: Experimental Evidence from Food Choices,,1,1
Maryanne Schretzman,How Effective Is (More) Money? Randomizing Unconditional Cash Transfer Amounts…,How Effective Is (More) Money? Randomizing Unconditional Cash Transfer Amounts in the US,,1,1
María Eugenia Sanin,Biodiversity Risk,Biodiversity Risk,,1,1
María Montoya-Aguirre,Do Celebrity Endorsements Matter? A Twitter Experiment Promoting Vaccination in…,Do Celebrity Endorsements Matter? A Twitter Experiment Promoting Vaccination in Indonesia,,1,1
Masamine Jimba,Selecting the Most Effective Nudge,Selecting the Most Effective Nudge: Evidence from a Large-Scale Experiment on Immunization,,1,1
Massimiliano Caporin,Biodiversity Risk,Biodiversity Risk,,1,1
Mateusz Smoter,Do Celebrity Endorsements Matter? A Twitter Experiment Promoting Vaccination in…,Do Celebrity Endorsements Matter? A Twitter Experiment Promoting Vaccination in Indonesia,,1,1
Mathieu Decuyper,The global potential for natural regeneration in deforested tropical regions,The global potential for natural regeneration in deforested tropical regions,,1,1
Mathieu Guigourez,Ends versus Means,"Ends versus Means: Kantians, Utilitarians, and Moral Decisions",,1,1
Matilde Bombardini,A Welfare Analysis of Policies Impacting Climate Change,A Welfare Analysis of Policies Impacting Climate Change,,1,1
Matilde Giaccherini,"When do ""Nudges"" Increase Welfare?","When do ""Nudges"" Increase Welfare?",,1,1
Matt Boyd,Long term cost-effectiveness of resilient foods for global catastrophes compared…,Long term cost-effectiveness of resilient foods for global catastrophes compared to artificial general intelligence safety,,1,1
Matt Goldman,Selecting the Most Effective Nudge,Selecting the Most Effective Nudge: Evidence from a Large-Scale Experiment on Immunization,,1,1
Matt Sutton,"The Long-Run Effects of Psychotherapy on Depression, Beliefs, and Economic…","The Long-Run Effects of Psychotherapy on Depression, Beliefs, and Economic Outcomes",,1,1
Matt Taddy,Selecting the Most Effective Nudge,Selecting the Most Effective Nudge: Evidence from a Large-Scale Experiment on Immunization,,1,1
Matteo Crosignani,Biodiversity Risk,Biodiversity Risk,,1,1
Matthew A. Turner,Money (Not) to Burn,Money (Not) to Burn: Payments for Ecosystem Services to Reduce Crop Residue Burning,,1,1
Matthew Bird,How Effective Is (More) Money? Randomizing Unconditional Cash Transfer Amounts…,How Effective Is (More) Money? Randomizing Unconditional Cash Transfer Amounts in the US,,1,1
Matthew Freedman,How Effective Is (More) Money? Randomizing Unconditional Cash Transfer Amounts…,How Effective Is (More) Money? Randomizing Unconditional Cash Transfer Amounts in the US,,1,1
Matthew Gustafson,Biodiversity Risk,Biodiversity Risk,,1,1
Matthew Mitchell,Do Celebrity Endorsements Matter? A Twitter Experiment Promoting Vaccination in…,Do Celebrity Endorsements Matter? A Twitter Experiment Promoting Vaccination in Indonesia,,1,1
Matthew Ridley,The Comparative Impact of Cash Transfers and a Psychotherapy Program…,The Comparative Impact of Cash Transfers and a Psychotherapy Program on Psychological and Economic Well-being,,1,1
Matí­as Busso,Legalizing Entrepreneurship,Legalizing Entrepreneurship,,1,1
Maurizio Bussolo,Selecting the Most Effective Nudge,Selecting the Most Effective Nudge: Evidence from a Large-Scale Experiment on Immunization,,1,1
Maurizio Zanardi,Do Celebrity Endorsements Matter? A Twitter Experiment Promoting Vaccination in…,Do Celebrity Endorsements Matter? A Twitter Experiment Promoting Vaccination in Indonesia,,1,1
Mauro Mazzocut,Stagnation and Scientific Incentives,Stagnation and Scientific Incentives,,1,1
Max Alexander Matthey,Advance Market Commitments,Advance Market Commitments: Insights from Theory and Experience,,1,1
Max Berg,"The Long-Run Effects of Psychotherapy on Depression, Beliefs, and Economic…","The Long-Run Effects of Psychotherapy on Depression, Beliefs, and Economic Outcomes",,1,1
Max Kleinebrahm,The Macroeconomic Impact of Climate Change,The Macroeconomic Impact of Climate Change: Global vs. Local Temperature,,1,1
Maximilian Lackner,Long term cost-effectiveness of resilient foods for global catastrophes compared…,Long term cost-effectiveness of resilient foods for global catastrophes compared to artificial general intelligence safety,,1,1
Maximilian Maier,Population ethical intuitions,Population ethical intuitions,,1,1
Maximilian Maydanchik,A Welfare Analysis of Policies Impacting Climate Change,A Welfare Analysis of Policies Impacting Climate Change,,1,1
Maximilian Mihm,"Zero-Sum Environments, the Evolution of Effort-Suppressing Beliefs, and Economic…","Zero-Sum Environments, the Evolution of Effort-Suppressing Beliefs, and Economic Development",,1,1
Maya B Mathur,Information Avoidance and Moral Behavior,Information Avoidance and Moral Behavior: Experimental Evidence from Food Choices,,1,1
Md Noman Hossain,Biodiversity Risk,Biodiversity Risk,,1,1
Md Rajib Kamal,Biodiversity Risk,Biodiversity Risk,,1,1
Md. Ahasan Habib,Water Treatment And Child Mortality,Water Treatment And Child Mortality: A Meta-Analysis And Cost-effectiveness Analysis,,1,1
Md. Mir Abu Raihan,Water Treatment And Child Mortality,Water Treatment And Child Mortality: A Meta-Analysis And Cost-effectiveness Analysis,,1,1
Meagan Pilar,Selecting the Most Effective Nudge,Selecting the Most Effective Nudge: Evidence from a Large-Scale Experiment on Immunization,,1,1
Meaghan Stacy,The Comparative Impact of Cash Transfers and a Psychotherapy Program…,The Comparative Impact of Cash Transfers and a Psychotherapy Program on Psychological and Economic Well-being,,1,1
Meera Mahadevan,Money (Not) to Burn,Money (Not) to Burn: Payments for Ecosystem Services to Reduce Crop Residue Burning,,1,1
Megan Lang,The Comparative Impact of Cash Transfers and a Psychotherapy Program…,The Comparative Impact of Cash Transfers and a Psychotherapy Program on Psychological and Economic Well-being,,1,1
Mehdi Raissi,The Macroeconomic Impact of Climate Change,The Macroeconomic Impact of Climate Change: Global vs. Local Temperature,,1,1
Mehran Ullah,Towards best practices in AGI safety and governance,Towards best practices in AGI safety and governance: A survey of expert opinion,,1,1
Meilin Jin,Does the Squeaky Wheel Get More Grease? The Direct and…,Does the Squeaky Wheel Get More Grease? The Direct and Indirect Effects of Citizen Participation on Environmental Governance in China,,1,1
Melanie I. Stefan,Stagnation and Scientific Incentives,Stagnation and Scientific Incentives,,1,1
Melina Moleskis,How Effective Is (More) Money? Randomizing Unconditional Cash Transfer Amounts…,How Effective Is (More) Money? Randomizing Unconditional Cash Transfer Amounts in the US,,1,1
Melissa Graboyes,Selecting the Most Effective Nudge,Selecting the Most Effective Nudge: Evidence from a Large-Scale Experiment on Immunization,,1,1
Meltem Ikinci,How Effective Is (More) Money? Randomizing Unconditional Cash Transfer Amounts…,How Effective Is (More) Money? Randomizing Unconditional Cash Transfer Amounts in the US,,1,1
Mengting Chen,A Welfare Analysis of Policies Impacting Climate Change,A Welfare Analysis of Policies Impacting Climate Change,,1,1
Mengxia Yang,The Effect of Public Science on Corporate R&amp;D,The Effect of Public Science on Corporate R&amp;D,,1,1
Mengxu Li,Does the Squeaky Wheel Get More Grease? The Direct and…,Does the Squeaky Wheel Get More Grease? The Direct and Indirect Effects of Citizen Participation on Environmental Governance in China,,1,1
Miaomiao Liu,Does the Squeaky Wheel Get More Grease? The Direct and…,Does the Squeaky Wheel Get More Grease? The Direct and Indirect Effects of Citizen Participation on Environmental Governance in China,,1,1
Michael Aird,Towards best practices in AGI safety and governance,Towards best practices in AGI safety and governance: A survey of expert opinion,,1,1
Michael B. Fisher,The Effect of Lead Exposure on Children’s Learning in the…,The Effect of Lead Exposure on Children’s Learning in the Developing World: A Meta-Analysis,,1,1
Michael Cuna,Cash Transfers for Child Development,Cash Transfers for Child Development: Experimental Evidence from India,,1,1
Michael Greene,How Effective Is (More) Money? Randomizing Unconditional Cash Transfer Amounts…,How Effective Is (More) Money? Randomizing Unconditional Cash Transfer Amounts in the US,,1,1
Michael Mies,Biodiversity Risk,Biodiversity Risk,,1,1
Michael Park,Stagnation and Scientific Incentives,Stagnation and Scientific Incentives,,1,1
Michael R. Carter,Cognitive Behavioral Therapy among Ghana's Rural Poor Is Effective Regardless…,Cognitive Behavioral Therapy among Ghana's Rural Poor Is Effective Regardless of Baseline Mental Distress,,1,1
Michael Ricks,A Welfare Analysis of Policies Impacting Climate Change,A Welfare Analysis of Policies Impacting Climate Change,,1,1
Michael Rochlitz,Misperceptions and Demand for Democracy under Authoritarianism,Misperceptions and Demand for Democracy under Authoritarianism,,1,1
Michael Siegrist,Information Avoidance and Moral Behavior,Information Avoidance and Moral Behavior: Experimental Evidence from Food Choices,,1,1
Michael Urselmann,Does Online Fundraising Increase Charitable Giving? A Nationwide Field Experimen…,Does Online Fundraising Increase Charitable Giving? A Nationwide Field Experiment on Facebook,,1,1
Michael Zaehringer,The Macroeconomic Impact of Climate Change,The Macroeconomic Impact of Climate Change: Global vs. Local Temperature,,1,1
Michal Bauer,Selecting the Most Effective Nudge,Selecting the Most Effective Nudge: Evidence from a Large-Scale Experiment on Immunization,,1,1
Michal Usowicz,Water Treatment And Child Mortality,Water Treatment And Child Mortality: A Meta-Analysis And Cost-effectiveness Analysis,,1,1
Micheal Ainomugisha,Building Resilient Education Systems,Building Resilient Education Systems: Evidence from Large-Scale Randomized Trials in Five Countries,,1,1
Michele Veldsman,Stagnation and Scientific Incentives,Stagnation and Scientific Incentives,,1,1
Michelle Cherian,Water Treatment And Child Mortality,Water Treatment And Child Mortality: A Meta-Analysis And Cost-effectiveness Analysis,,1,1
Michelle G. Craske,"The Long-Run Effects of Psychotherapy on Depression, Beliefs, and Economic…","The Long-Run Effects of Psychotherapy on Depression, Beliefs, and Economic Outcomes",,1,1
Michelle Lee,Urban Forests,Urban Forests: Environmental Health Values and Risks,,1,1
Miguel Clavero,Banning Wildlife Trade Can Boost the Unregulated Trade of Threatened…,Banning Wildlife Trade Can Boost the Unregulated Trade of Threatened Species,,1,1
Miguel I. Gómez,Advance Market Commitments,Advance Market Commitments: Insights from Theory and Experience,,1,1
Miguel Martínez‐Ramos,The global potential for natural regeneration in deforested tropical regions,The global potential for natural regeneration in deforested tropical regions,,1,1
Miguel Székely,Advance Market Commitments,Advance Market Commitments: Insights from Theory and Experience,,1,1
Mihaï Tivadar,Urban Forests,Urban Forests: Environmental Health Values and Risks,,1,1
Mika Kunieda,Selecting the Most Effective Nudge,Selecting the Most Effective Nudge: Evidence from a Large-Scale Experiment on Immunization,,1,1
Mikel Berdud,Advance Market Commitments,Advance Market Commitments: Insights from Theory and Experience,,1,1
Mikita Balesni,Towards best practices in AGI safety and governance,Towards best practices in AGI safety and governance: A survey of expert opinion,,1,1
Milena Bainduri,The Effect of Lead Exposure on Children’s Learning in the…,The Effect of Lead Exposure on Children’s Learning in the Developing World: A Meta-Analysis,,1,1
Milton Calderón,Building Resilient Education Systems,Building Resilient Education Systems: Evidence from Large-Scale Randomized Trials in Five Countries,,1,1
Min Hu,"The Long-Run Effects of Psychotherapy on Depression, Beliefs, and Economic…","The Long-Run Effects of Psychotherapy on Depression, Beliefs, and Economic Outcomes",,1,1
Min Sok Lee,Effects of Emigration on Rural Labor Markets,Effects of Emigration on Rural Labor Markets,,1,1
Min Song,Does the Squeaky Wheel Get More Grease? The Direct and…,Does the Squeaky Wheel Get More Grease? The Direct and Indirect Effects of Citizen Participation on Environmental Governance in China,,1,1
Ming Chen,Does the Squeaky Wheel Get More Grease? The Direct and…,Does the Squeaky Wheel Get More Grease? The Direct and Indirect Effects of Citizen Participation on Environmental Governance in China,,1,1
Ming Li,Effects of Emigration on Rural Labor Markets,Effects of Emigration on Rural Labor Markets,,1,1
Ming Zhang,Does the Squeaky Wheel Get More Grease? The Direct and…,Does the Squeaky Wheel Get More Grease? The Direct and Indirect Effects of Citizen Participation on Environmental Governance in China,,1,1
Mingming Jiang,Does the Squeaky Wheel Get More Grease? The Direct and…,Does the Squeaky Wheel Get More Grease? The Direct and Indirect Effects of Citizen Participation on Environmental Governance in China,,1,1
Mingxiao Dai,Does the Squeaky Wheel Get More Grease? The Direct and…,Does the Squeaky Wheel Get More Grease? The Direct and Indirect Effects of Citizen Participation on Environmental Governance in China,,1,1
Minhao Chen,Does the Squeaky Wheel Get More Grease? The Direct and…,Does the Squeaky Wheel Get More Grease? The Direct and Indirect Effects of Citizen Participation on Environmental Governance in China,,1,1
Mireia Jofre‐Bonet,Advance Market Commitments,Advance Market Commitments: Insights from Theory and Experience,,1,1
Miriam Gade,"The Long-Run Effects of Psychotherapy on Depression, Beliefs, and Economic…","The Long-Run Effects of Psychotherapy on Depression, Beliefs, and Economic Outcomes",,1,1
Miriam Marra,Biodiversity Risk,Biodiversity Risk,,1,1
Miriam Sequeira,Cognitive Behavioral Therapy among Ghana's Rural Poor Is Effective Regardless…,Cognitive Behavioral Therapy among Ghana's Rural Poor Is Effective Regardless of Baseline Mental Distress,,1,1
Miriam Wüst,Intergenerational Child Mortality Impacts of Deworming,Intergenerational Child Mortality Impacts of Deworming: Experimental Evidence from Two Decades of the Kenya Life Panel Survey,,1,1
Mohammad Abdul Awal Miah,The Comparative Impact of Cash Transfers and a Psychotherapy Program…,The Comparative Impact of Cash Transfers and a Psychotherapy Program on Psychological and Economic Well-being,,1,1
Mohammad Ali Al-Afeef,The Comparative Impact of Cash Transfers and a Psychotherapy Program…,The Comparative Impact of Cash Transfers and a Psychotherapy Program on Psychological and Economic Well-being,,1,1
Mohammad M. Herzallah,"The Long-Run Effects of Psychotherapy on Depression, Beliefs, and Economic…","The Long-Run Effects of Psychotherapy on Depression, Beliefs, and Economic Outcomes",,1,1
Mohammed Mohsin,The Comparative Impact of Cash Transfers and a Psychotherapy Program…,The Comparative Impact of Cash Transfers and a Psychotherapy Program on Psychological and Economic Well-being,,1,1
Mohit Sood,"The Long-Run Effects of Psychotherapy on Depression, Beliefs, and Economic…","The Long-Run Effects of Psychotherapy on Depression, Beliefs, and Economic Outcomes",,1,1
Moitshepi Matsheng,Building Resilient Education Systems,Building Resilient Education Systems: Evidence from Large-Scale Randomized Trials in Five Countries,,1,1
Molly Frazer,Advance Market Commitments,Advance Market Commitments: Insights from Theory and Experience,,1,1
Monica Singhal,Cash Transfers for Child Development,Cash Transfers for Child Development: Experimental Evidence from India,,1,1
Monika K. Rabarison,Biodiversity Risk,Biodiversity Risk,,1,1
Mosa Moshabela,Selecting the Most Effective Nudge,Selecting the Most Effective Nudge: Evidence from a Large-Scale Experiment on Immunization,,1,1
Mouhcine Guettabi,How Effective Is (More) Money? Randomizing Unconditional Cash Transfer Amounts…,How Effective Is (More) Money? Randomizing Unconditional Cash Transfer Amounts in the US,,1,1
Muhammad Awais Akbar,Towards best practices in AGI safety and governance,Towards best practices in AGI safety and governance: A survey of expert opinion,,1,1
Muhammad Ramzan Kalhoro,Biodiversity Risk,Biodiversity Risk,,1,1
Musharraf Cyan,Do Celebrity Endorsements Matter? A Twitter Experiment Promoting Vaccination in…,Do Celebrity Endorsements Matter? A Twitter Experiment Promoting Vaccination in Indonesia,,1,1
Myles Wagner,"When do ""Nudges"" Increase Welfare?","When do ""Nudges"" Increase Welfare?",,1,1
Mylène Lagarde,Selecting the Most Effective Nudge,Selecting the Most Effective Nudge: Evidence from a Large-Scale Experiment on Immunization,,1,1
Nagendra P. Luitel,"The Long-Run Effects of Psychotherapy on Depression, Beliefs, and Economic…","The Long-Run Effects of Psychotherapy on Depression, Beliefs, and Economic Outcomes",,1,1
Najmedin Meshkati,The Macroeconomic Impact of Climate Change,The Macroeconomic Impact of Climate Change: Global vs. Local Temperature,,1,1
Namdeo Dongare,"The Long-Run Effects of Psychotherapy on Depression, Beliefs, and Economic…","The Long-Run Effects of Psychotherapy on Depression, Beliefs, and Economic Outcomes",,1,1
Naoki Kondo,Selecting the Most Effective Nudge,Selecting the Most Effective Nudge: Evidence from a Large-Scale Experiment on Immunization,,1,1
Nargess Golshan,Biodiversity Risk,Biodiversity Risk,,1,1
Natalia Rigol,Intergenerational Child Mortality Impacts of Deworming,Intergenerational Child Mortality Impacts of Deworming: Experimental Evidence from Two Decades of the Kenya Life Panel Survey,,1,1
Natalya Martynova,Biodiversity Risk,Biodiversity Risk,,1,1
Natasha C. Allard,Information Avoidance and Moral Behavior,Information Avoidance and Moral Behavior: Experimental Evidence from Food Choices,,1,1
Natcha Connot,The Comparative Impact of Cash Transfers and a Psychotherapy Program…,The Comparative Impact of Cash Transfers and a Psychotherapy Program on Psychological and Economic Well-being,,1,1
Nathaniel Gundersen,The Macroeconomic Impact of Climate Change,The Macroeconomic Impact of Climate Change: Global vs. Local Temperature,,1,1
Nathaniel Jensen,Cognitive Behavioral Therapy among Ghana's Rural Poor Is Effective Regardless…,Cognitive Behavioral Therapy among Ghana's Rural Poor Is Effective Regardless of Baseline Mental Distress,,1,1
Naureen Karachiwalla,The Comparative Impact of Cash Transfers and a Psychotherapy Program…,The Comparative Impact of Cash Transfers and a Psychotherapy Program on Psychological and Economic Well-being,,1,1
Nayantara Sarma,Selecting the Most Effective Nudge,Selecting the Most Effective Nudge: Evidence from a Large-Scale Experiment on Immunization,,1,1
Neale Mahoney,How Effective Is (More) Money? Randomizing Unconditional Cash Transfer Amounts…,How Effective Is (More) Money? Randomizing Unconditional Cash Transfer Amounts in the US,,1,1
Neil George Cherian,Advance Market Commitments,Advance Market Commitments: Insights from Theory and Experience,,1,1
Neil Stewart,"When do ""Nudges"" Increase Welfare?","When do ""Nudges"" Increase Welfare?",,1,1
Nele Jensen,Advance Market Commitments,Advance Market Commitments: Insights from Theory and Experience,,1,1
Nelson C. Mark,The Macroeconomic Impact of Climate Change,The Macroeconomic Impact of Climate Change: Global vs. Local Temperature,,1,1
Nestor Gregorio,The global potential for natural regeneration in deforested tropical regions,The global potential for natural regeneration in deforested tropical regions,,1,1
Nichola J. Davis,How Effective Is (More) Money? Randomizing Unconditional Cash Transfer Amounts…,How Effective Is (More) Money? Randomizing Unconditional Cash Transfer Amounts in the US,,1,1
Nicholas Apergis,Biodiversity Risk,Biodiversity Risk,,1,1
Nicholas Calbraith Owsley,The Comparative Impact of Cash Transfers and a Psychotherapy Program…,The Comparative Impact of Cash Transfers and a Psychotherapy Program on Psychological and Economic Well-being,,1,1
Nicholas Miller,The Effect of Lead Exposure on Children’s Learning in the…,The Effect of Lead Exposure on Children’s Learning in the Developing World: A Meta-Analysis,,1,1
Nick Tsivanidis,Effects of Emigration on Rural Labor Markets,Effects of Emigration on Rural Labor Markets,,1,1
Nico Wunderling,Long term cost-effectiveness of resilient foods for global catastrophes compared…,Long term cost-effectiveness of resilient foods for global catastrophes compared to artificial general intelligence safety,,1,1
Nicola Ranger,Biodiversity Risk,Biodiversity Risk,,1,1
Nicolas Longuet Marx,A Welfare Analysis of Policies Impacting Climate Change,A Welfare Analysis of Policies Impacting Climate Change,,1,1
Nicole Darmon,"When do ""Nudges"" Increase Welfare?","When do ""Nudges"" Increase Welfare?",,1,1
Nicolette J. Sullivan,Information Avoidance and Moral Behavior,Information Avoidance and Moral Behavior: Experimental Evidence from Food Choices,,1,1
Niels Strange,Biodiversity Risk,Biodiversity Risk,,1,1
Nina Ashley O. Dela Cruz,Effects of Emigration on Rural Labor Markets,Effects of Emigration on Rural Labor Markets,,1,1
Nina de la Cruz,Effects of Emigration on Rural Labor Markets,Effects of Emigration on Rural Labor Markets,,1,1
Ning An,"The Long-Run Effects of Psychotherapy on Depression, Beliefs, and Economic…","The Long-Run Effects of Psychotherapy on Depression, Beliefs, and Economic Outcomes",,1,1
Ning Jia,Selecting the Most Effective Nudge,Selecting the Most Effective Nudge: Evidence from a Large-Scale Experiment on Immunization,,1,1
Ning Neil Yu,Selecting the Most Effective Nudge,Selecting the Most Effective Nudge: Evidence from a Large-Scale Experiment on Immunization,,1,1
Ning Zhang,Does the Squeaky Wheel Get More Grease? The Direct and…,Does the Squeaky Wheel Get More Grease? The Direct and Indirect Effects of Citizen Participation on Environmental Governance in China,,1,1
Niroshan Siva,Long term cost-effectiveness of resilient foods for global catastrophes compared…,Long term cost-effectiveness of resilient foods for global catastrophes compared to artificial general intelligence safety,,1,1
Nisha Nadesan-Reddy,Selecting the Most Effective Nudge,Selecting the Most Effective Nudge: Evidence from a Large-Scale Experiment on Immunization,,1,1
Nityasri Sankha Narasimhamurti,"The Long-Run Effects of Psychotherapy on Depression, Beliefs, and Economic…","The Long-Run Effects of Psychotherapy on Depression, Beliefs, and Economic Outcomes",,1,1
Noah Spencer,Building Resilient Education Systems,Building Resilient Education Systems: Evidence from Large-Scale Randomized Trials in Five Countries,,1,1
Noam Yuchtman,Misperceptions and Demand for Democracy under Authoritarianism,Misperceptions and Demand for Democracy under Authoritarianism,,1,1
Noelle Greenwood,Advance Market Commitments,Advance Market Commitments: Insights from Theory and Experience,,1,1
Noemi Dreksler,Towards best practices in AGI safety and governance,Towards best practices in AGI safety and governance: A survey of expert opinion,,1,1
Nolan E. Ramer,Information Avoidance and Moral Behavior,Information Avoidance and Moral Behavior: Experimental Evidence from Food Choices,,1,1
Noémi Berlin,"When do ""Nudges"" Increase Welfare?","When do ""Nudges"" Increase Welfare?",,1,1
Nul Loren Oh,Cognitive Behavioral Therapy among Ghana's Rural Poor Is Effective Regardless…,Cognitive Behavioral Therapy among Ghana's Rural Poor Is Effective Regardless of Baseline Mental Distress,,1,1
Nuno Crato,Building Resilient Education Systems,Building Resilient Education Systems: Evidence from Large-Scale Randomized Trials in Five Countries,,1,1
O.I. LAIKO,Cognitive Behavioral Therapy among Ghana's Rural Poor Is Effective Regardless…,Cognitive Behavioral Therapy among Ghana's Rural Poor Is Effective Regardless of Baseline Mental Distress,,1,1
OECD,Advance Market Commitments,Advance Market Commitments: Insights from Theory and Experience,,1,1
Ohid Yaqub,Choose Your Moments,Choose Your Moments: Peer Review and Scientific Risk Taking,,1,1
Ola Kheir,Building Resilient Education Systems,Building Resilient Education Systems: Evidence from Large-Scale Randomized Trials in Five Countries,,1,1
Olakunle Alonge,Selecting the Most Effective Nudge,Selecting the Most Effective Nudge: Evidence from a Large-Scale Experiment on Immunization,,1,1
Olayinka Aremu,The Benefits and Costs of Guest Worker Programs,The Benefits and Costs of Guest Worker Programs: Experimental Evidence from the India-UAE Migration Corridor,,1,1
Oleg Tolstoguzov,The Macroeconomic Impact of Climate Change,The Macroeconomic Impact of Climate Change: Global vs. Local Temperature,,1,1
Olga Chiappinelli,Advance Market Commitments,Advance Market Commitments: Insights from Theory and Experience,,1,1
Olga Namen,Building Resilient Education Systems,Building Resilient Education Systems: Evidence from Large-Scale Randomized Trials in Five Countries,,1,1
Oliver G. Spalt,Ends versus Means,"Ends versus Means: Kantians, Utilitarians, and Moral Decisions",,1,1
Oliver Hauser,How Effective Is (More) Money? Randomizing Unconditional Cash Transfer Amounts…,How Effective Is (More) Money? Randomizing Unconditional Cash Transfer Amounts in the US,,1,1
Oliver Quiring,Do Celebrity Endorsements Matter? A Twitter Experiment Promoting Vaccination in…,Do Celebrity Endorsements Matter? A Twitter Experiment Promoting Vaccination in Indonesia,,1,1
Olivia Keiser,The Comparative Impact of Cash Transfers and a Psychotherapy Program…,The Comparative Impact of Cash Transfers and a Psychotherapy Program on Psychological and Economic Well-being,,1,1
Olivia Zhao,Advance Market Commitments,Advance Market Commitments: Insights from Theory and Experience,,1,1
Olivier Wang,Biodiversity Risk,Biodiversity Risk,,1,1
Omar Al‐Ubaydli,Effects of Emigration on Rural Labor Markets,Effects of Emigration on Rural Labor Markets,,1,1
Omini B. Iferi,Banning Wildlife Trade Can Boost the Unregulated Trade of Threatened…,Banning Wildlife Trade Can Boost the Unregulated Trade of Threatened Species,,1,1
Orestis Troumpounis,Do Celebrity Endorsements Matter? A Twitter Experiment Promoting Vaccination in…,Do Celebrity Endorsements Matter? A Twitter Experiment Promoting Vaccination in Indonesia,,1,1
Oscar M Díaz-Botía,Intergenerational Child Mortality Impacts of Deworming,Intergenerational Child Mortality Impacts of Deworming: Experimental Evidence from Two Decades of the Kenya Life Panel Survey,,1,1
Owen Kay,A Welfare Analysis of Policies Impacting Climate Change,A Welfare Analysis of Policies Impacting Climate Change,,1,1
Owen O’Donnell,How Effective Is (More) Money? Randomizing Unconditional Cash Transfer Amounts…,How Effective Is (More) Money? Randomizing Unconditional Cash Transfer Amounts in the US,,1,1
Oğuzhan Çepni,Biodiversity Risk,Biodiversity Risk,,1,1
P L Wang,Stagnation and Scientific Incentives,Stagnation and Scientific Incentives,,1,1
P. Turner,How Effective Is (More) Money? Randomizing Unconditional Cash Transfer Amounts…,How Effective Is (More) Money? Randomizing Unconditional Cash Transfer Amounts in the US,,1,1
P.-Z. Li,Biodiversity Risk,Biodiversity Risk,,1,1
Pablo Barredo,Stagnation and Scientific Incentives,Stagnation and Scientific Incentives,,1,1
Pablo Zoido,Building Resilient Education Systems,Building Resilient Education Systems: Evidence from Large-Scale Randomized Trials in Five Countries,,1,1
Pantelis Solomou,How Effective Is (More) Money? Randomizing Unconditional Cash Transfer Amounts…,How Effective Is (More) Money? Randomizing Unconditional Cash Transfer Amounts in the US,,1,1
Paola Isaacs‐Cubides,The global potential for natural regeneration in deforested tropical regions,The global potential for natural regeneration in deforested tropical regions,,1,1
Paolo Bocchini,The Macroeconomic Impact of Climate Change,The Macroeconomic Impact of Climate Change: Global vs. Local Temperature,,1,1
Paolo Pertile,Pharmaceutical Pricing and R&amp;D as a Global Public Good,Pharmaceutical Pricing and R&amp;D as a Global Public Good,,1,1
Paolo Santori,Ends versus Means,"Ends versus Means: Kantians, Utilitarians, and Moral Decisions",,1,1
Patricia Ruffing-Straube,Biodiversity Risk,Biodiversity Risk,,1,1
Patrick Agte,Intergenerational Child Mortality Impacts of Deworming,Intergenerational Child Mortality Impacts of Deworming: Experimental Evidence from Two Decades of the Kenya Life Panel Survey,,1,1
Patrick Bolton,The Macroeconomic Impact of Climate Change,The Macroeconomic Impact of Climate Change: Global vs. Local Temperature,,1,1
Patrick Bond,The Macroeconomic Impact of Climate Change,The Macroeconomic Impact of Climate Change: Global vs. Local Temperature,,1,1
Patrick Chanda,The Comparative Impact of Cash Transfers and a Psychotherapy Program…,The Comparative Impact of Cash Transfers and a Psychotherapy Program on Psychological and Economic Well-being,,1,1
Patrick Gaulé,Advance Market Commitments,Advance Market Commitments: Insights from Theory and Experience,,1,1
Patrick Illien,The Benefits and Costs of Guest Worker Programs,The Benefits and Costs of Guest Worker Programs: Experimental Evidence from the India-UAE Migration Corridor,,1,1
Patrick Levermore,Towards best practices in AGI safety and governance,Towards best practices in AGI safety and governance: A survey of expert opinion,,1,1
Patrick Prémand,The Comparative Impact of Cash Transfers and a Psychotherapy Program…,The Comparative Impact of Cash Transfers and a Psychotherapy Program on Psychological and Economic Well-being,,1,1
Patrick R. Heck,How Effective Is (More) Money? Randomizing Unconditional Cash Transfer Amounts…,How Effective Is (More) Money? Randomizing Unconditional Cash Transfer Amounts in the US,,1,1
Patrick S. Forscher,The Comparative Impact of Cash Transfers and a Psychotherapy Program…,The Comparative Impact of Cash Transfers and a Psychotherapy Program on Psychological and Economic Well-being,,1,1
Patrick Turner,How Effective Is (More) Money? Randomizing Unconditional Cash Transfer Amounts…,How Effective Is (More) Money? Randomizing Unconditional Cash Transfer Amounts in the US,,1,1
Patrick W. Heck,How Effective Is (More) Money? Randomizing Unconditional Cash Transfer Amounts…,How Effective Is (More) Money? Randomizing Unconditional Cash Transfer Amounts in the US,,1,1
Paul Clements,The Macroeconomic Impact of Climate Change,The Macroeconomic Impact of Climate Change: Global vs. Local Temperature,,1,1
Paul E. Carrillo,Legalizing Entrepreneurship,Legalizing Entrepreneurship,,1,1
Paul Goldsmith-Pinkham,Selecting the Most Effective Nudge,Selecting the Most Effective Nudge: Evidence from a Large-Scale Experiment on Immunization,,1,1
Paul Lohmann,"When do ""Nudges"" Increase Welfare?","When do ""Nudges"" Increase Welfare?",,1,1
Paul Seabright,"Zero-Sum Environments, the Evolution of Effort-Suppressing Beliefs, and Economic…","Zero-Sum Environments, the Evolution of Effort-Suppressing Beliefs, and Economic Development",,1,1
Paul Watters,Towards best practices in AGI safety and governance,Towards best practices in AGI safety and governance: A survey of expert opinion,,1,1
Pauline Castaing,Water Treatment And Child Mortality,Water Treatment And Child Mortality: A Meta-Analysis And Cost-effectiveness Analysis,,1,1
Pavan Kumar,The Macroeconomic Impact of Climate Change,The Macroeconomic Impact of Climate Change: Global vs. Local Temperature,,1,1
Pedro A. Oliboni,Long term cost-effectiveness of resilient foods for global catastrophes compared…,Long term cost-effectiveness of resilient foods for global catastrophes compared to artificial general intelligence safety,,1,1
Pedro C. Vicente,Selecting the Most Effective Nudge,Selecting the Most Effective Nudge: Evidence from a Large-Scale Experiment on Immunization,,1,1
Pedro H. S. Brancalion,The global potential for natural regeneration in deforested tropical regions,The global potential for natural regeneration in deforested tropical regions,,1,1
Pedro Pereira,The Benefits and Costs of Guest Worker Programs,The Benefits and Costs of Guest Worker Programs: Experimental Evidence from the India-UAE Migration Corridor,,1,1
Pei Li,Does the Squeaky Wheel Get More Grease? The Direct and…,Does the Squeaky Wheel Get More Grease? The Direct and Indirect Effects of Citizen Participation on Environmental Governance in China,,1,1
Pei Xu,Does the Squeaky Wheel Get More Grease? The Direct and…,Does the Squeaky Wheel Get More Grease? The Direct and Indirect Effects of Citizen Participation on Environmental Governance in China,,1,1
Peibiao Liu,Does the Squeaky Wheel Get More Grease? The Direct and…,Does the Squeaky Wheel Get More Grease? The Direct and Indirect Effects of Citizen Participation on Environmental Governance in China,,1,1
Peng Lü,Does the Squeaky Wheel Get More Grease? The Direct and…,Does the Squeaky Wheel Get More Grease? The Direct and Indirect Effects of Citizen Participation on Environmental Governance in China,,1,1
Peng Zhang,Does the Squeaky Wheel Get More Grease? The Direct and…,Does the Squeaky Wheel Get More Grease? The Direct and Indirect Effects of Citizen Participation on Environmental Governance in China,,1,1
Pengfei Lei,Does the Squeaky Wheel Get More Grease? The Direct and…,Does the Squeaky Wheel Get More Grease? The Direct and Indirect Effects of Citizen Participation on Environmental Governance in China,,1,1
Penghu Zhu,Does the Squeaky Wheel Get More Grease? The Direct and…,Does the Squeaky Wheel Get More Grease? The Direct and Indirect Effects of Citizen Participation on Environmental Governance in China,,1,1
Per Andersson,Information Avoidance and Moral Behavior,Information Avoidance and Moral Behavior: Experimental Evidence from Food Choices,,1,1
Peter A. Raymond,Advance Market Commitments,Advance Market Commitments: Insights from Theory and Experience,,1,1
Peter Bergman,Building Resilient Education Systems,Building Resilient Education Systems: Evidence from Large-Scale Randomized Trials in Five Countries,,1,1
Peter Cramton,Advance Market Commitments,Advance Market Commitments: Insights from Theory and Experience,,1,1
Peter Eibich,Cognitive Behavioral Therapy among Ghana's Rural Poor Is Effective Regardless…,Cognitive Behavioral Therapy among Ghana's Rural Poor Is Effective Regardless of Baseline Mental Distress,,1,1
Peter H. Howard,The Macroeconomic Impact of Climate Change,The Macroeconomic Impact of Climate Change: Global vs. Local Temperature,,1,1
Peter Hangoma,Selecting the Most Effective Nudge,Selecting the Most Effective Nudge: Evidence from a Large-Scale Experiment on Immunization,,1,1
Peter Iliev,Biodiversity Risk,Biodiversity Risk,,1,1
Peter J. Winch,The Effect of Lead Exposure on Children’s Learning in the…,The Effect of Lead Exposure on Children’s Learning in the Developing World: A Meta-Analysis,,1,1
Peter John,"When do ""Nudges"" Increase Welfare?","When do ""Nudges"" Increase Welfare?",,1,1
Peter Kyveryga,Stagnation and Scientific Incentives,Stagnation and Scientific Incentives,,1,1
Peter Svensson,Stagnation and Scientific Incentives,Stagnation and Scientific Incentives,,1,1
Peter Van Der Windt,The Comparative Impact of Cash Transfers and a Psychotherapy Program…,The Comparative Impact of Cash Transfers and a Psychotherapy Program on Psychological and Economic Well-being,,1,1
Peter Ventevogel,The Comparative Impact of Cash Transfers and a Psychotherapy Program…,The Comparative Impact of Cash Transfers and a Psychotherapy Program on Psychological and Economic Well-being,,1,1
Peter Warren,Advance Market Commitments,Advance Market Commitments: Insights from Theory and Experience,,1,1
Peter Werner,Information Avoidance and Moral Behavior,Information Avoidance and Moral Behavior: Experimental Evidence from Food Choices,,1,1
Peter‐Jan Engelen,Advance Market Commitments,Advance Market Commitments: Insights from Theory and Experience,,1,1
Petre Caraiani,Biodiversity Risk,Biodiversity Risk,,1,1
Philip G. Pardey,Advance Market Commitments,Advance Market Commitments: Insights from Theory and Experience,,1,1
Philip H. S. Torr,Towards best practices in AGI safety and governance,Towards best practices in AGI safety and governance: A survey of expert opinion,,1,1
Philip J. Landrigan,The Effect of Lead Exposure on Children’s Learning in the…,The Effect of Lead Exposure on Children’s Learning in the Developing World: A Meta-Analysis,,1,1
Philip Jefferies,Cognitive Behavioral Therapy among Ghana's Rural Poor Is Effective Regardless…,Cognitive Behavioral Therapy among Ghana's Rural Poor Is Effective Regardless of Baseline Mental Distress,,1,1
Philip Oreopoulos,Building Resilient Education Systems,Building Resilient Education Systems: Evidence from Large-Scale Randomized Trials in Five Countries,,1,1
Philipp Koralus,"When do ""Nudges"" Increase Welfare?","When do ""Nudges"" Increase Welfare?",,1,1
Philipp Scharner,Biodiversity Risk,Biodiversity Risk,,1,1
Philipp Schoenegger,Population ethical intuitions,Population ethical intuitions,,1,1
Phillip Cassey,Banning Wildlife Trade Can Boost the Unregulated Trade of Threatened…,Banning Wildlife Trade Can Boost the Unregulated Trade of Threatened Species,,1,1
Pierre Azoulay,Choose Your Moments,Choose Your Moments: Peer Review and Scientific Risk Taking,,1,1
Pierre-Luc Vautrey,Selecting the Most Effective Nudge,Selecting the Most Effective Nudge: Evidence from a Large-Scale Experiment on Immunization,,1,1
Pieter Abbeel,Towards best practices in AGI safety and governance,Towards best practices in AGI safety and governance: A survey of expert opinion,,1,1
Pieter Hooimeijer,Does the Squeaky Wheel Get More Grease? The Direct and…,Does the Squeaky Wheel Get More Grease? The Direct and Indirect Effects of Citizen Participation on Environmental Governance in China,,1,1
Pietro Bonetti,Does the Squeaky Wheel Get More Grease? The Direct and…,Does the Squeaky Wheel Get More Grease? The Direct and Indirect Effects of Citizen Participation on Environmental Governance in China,,1,1
Pijus Krūminas,The Effect of Public Science on Corporate R&amp;D,The Effect of Public Science on Corporate R&amp;D,,1,1
Ping Qin,A Welfare Analysis of Policies Impacting Climate Change,A Welfare Analysis of Policies Impacting Climate Change,,1,1
Pinghan Liang,Does the Squeaky Wheel Get More Grease? The Direct and…,Does the Squeaky Wheel Get More Grease? The Direct and Indirect Effects of Citizen Participation on Environmental Governance in China,,1,1
Pingping Ma,Does the Squeaky Wheel Get More Grease? The Direct and…,Does the Squeaky Wheel Get More Grease? The Direct and Indirect Effects of Citizen Participation on Environmental Governance in China,,1,1
Pingyi Lou,Biodiversity Risk,Biodiversity Risk,,1,1
Piotr Dworczak,Advance Market Commitments,Advance Market Commitments: Insights from Theory and Experience,,1,1
Piotr Lewandowski,Do Celebrity Endorsements Matter? A Twitter Experiment Promoting Vaccination in…,Do Celebrity Endorsements Matter? A Twitter Experiment Promoting Vaccination in Indonesia,,1,1
Ponlachart Chotikarn,The Macroeconomic Impact of Climate Change,The Macroeconomic Impact of Climate Change: Global vs. Local Temperature,,1,1
Pradeep K. Chintagunta,Selecting the Most Effective Nudge,Selecting the Most Effective Nudge: Evidence from a Large-Scale Experiment on Immunization,,1,1
Pradip Poudel,Long term cost-effectiveness of resilient foods for global catastrophes compared…,Long term cost-effectiveness of resilient foods for global catastrophes compared to artificial general intelligence safety,,1,1
Prakashan Chellattan Veettil,Money (Not) to Burn,Money (Not) to Burn: Payments for Ecosystem Services to Reduce Crop Residue Burning,,1,1
Prashant Bharadwaj,The Comparative Impact of Cash Transfers and a Psychotherapy Program…,The Comparative Impact of Cash Transfers and a Psychotherapy Program on Psychological and Economic Well-being,,1,1
Prashant Sharma,"The Long-Run Effects of Psychotherapy on Depression, Beliefs, and Economic…","The Long-Run Effects of Psychotherapy on Depression, Beliefs, and Economic Outcomes",,1,1
Pratik Khanal,Cognitive Behavioral Therapy among Ghana's Rural Poor Is Effective Regardless…,Cognitive Behavioral Therapy among Ghana's Rural Poor Is Effective Regardless of Baseline Mental Distress,,1,1
Priscila B. Cano,Stagnation and Scientific Incentives,Stagnation and Scientific Incentives,,1,1
Prosun Bhattacharya,Water Treatment And Child Mortality,Water Treatment And Child Mortality: A Meta-Analysis And Cost-effectiveness Analysis,,1,1
Péter Szécsi,How Effective Is (More) Money? Randomizing Unconditional Cash Transfer Amounts…,How Effective Is (More) Money? Randomizing Unconditional Cash Transfer Amounts in the US,,1,1
Qian Liu,Biodiversity Risk,Biodiversity Risk,,1,1
Qiaoqiao Zhu,Does the Squeaky Wheel Get More Grease? The Direct and…,Does the Squeaky Wheel Get More Grease? The Direct and Indirect Effects of Citizen Participation on Environmental Governance in China,,1,1
Qingfu Liu,Biodiversity Risk,Biodiversity Risk,,1,1
Qinlei Jing,Does the Squeaky Wheel Get More Grease? The Direct and…,Does the Squeaky Wheel Get More Grease? The Direct and Indirect Effects of Citizen Participation on Environmental Governance in China,,1,1
Qiong Wu,Does the Squeaky Wheel Get More Grease? The Direct and…,Does the Squeaky Wheel Get More Grease? The Direct and Indirect Effects of Citizen Participation on Environmental Governance in China,,1,1
Qiqi Gao,Towards best practices in AGI safety and governance,Towards best practices in AGI safety and governance: A survey of expert opinion,,1,1
Qiqiao Lang,Biodiversity Risk,Biodiversity Risk,,1,1
Qiucen Ma,Does the Squeaky Wheel Get More Grease? The Direct and…,Does the Squeaky Wheel Get More Grease? The Direct and Indirect Effects of Citizen Participation on Environmental Governance in China,,1,1
R Fior,Selecting the Most Effective Nudge,Selecting the Most Effective Nudge: Evidence from a Large-Scale Experiment on Immunization,,1,1
R Liu,Does the Squeaky Wheel Get More Grease? The Direct and…,Does the Squeaky Wheel Get More Grease? The Direct and Indirect Effects of Citizen Participation on Environmental Governance in China,,1,1
R. A. Kane,A Welfare Analysis of Policies Impacting Climate Change,A Welfare Analysis of Policies Impacting Climate Change,,1,1
R. K. Amit,Advance Market Commitments,Advance Market Commitments: Insights from Theory and Experience,,1,1
R.A. Farrokhnia,How Effective Is (More) Money? Randomizing Unconditional Cash Transfer Amounts…,How Effective Is (More) Money? Randomizing Unconditional Cash Transfer Amounts in the US,,1,1
RA Farrokhnia,How Effective Is (More) Money? Randomizing Unconditional Cash Transfer Amounts…,How Effective Is (More) Money? Randomizing Unconditional Cash Transfer Amounts in the US,,1,1
Raad Z. Homod,Water Treatment And Child Mortality,Water Treatment And Child Mortality: A Meta-Analysis And Cost-effectiveness Analysis,,1,1
Rabah Arezki,The Macroeconomic Impact of Climate Change,The Macroeconomic Impact of Climate Change: Global vs. Local Temperature,,1,1
Rachel Glennerster,Advance Market Commitments,Advance Market Commitments: Insights from Theory and Experience,,1,1
Rachel Heath,Effects of Emigration on Rural Labor Markets,Effects of Emigration on Rural Labor Markets,,1,1
Rachel Peletz,Water Treatment And Child Mortality,Water Treatment And Child Mortality: A Meta-Analysis And Cost-effectiveness Analysis,,1,1
Rachel Silverman,Advance Market Commitments,Advance Market Commitments: Insights from Theory and Experience,,1,1
Radosław Stupak,The Comparative Impact of Cash Transfers and a Psychotherapy Program…,The Comparative Impact of Cash Transfers and a Psychotherapy Program on Psychological and Economic Well-being,,1,1
Radu Vranceanu,Stagnation and Scientific Incentives,Stagnation and Scientific Incentives,,1,1
Rafael Valdece Sousa Bastos,Population ethical intuitions,Population ethical intuitions,,1,1
Rakesh Singh,Cognitive Behavioral Therapy among Ghana's Rural Poor Is Effective Regardless…,Cognitive Behavioral Therapy among Ghana's Rural Poor Is Effective Regardless of Baseline Mental Distress,,1,1
Ralph Essem Nordjo,Building Resilient Education Systems,Building Resilient Education Systems: Evidence from Large-Scale Randomized Trials in Five Countries,,1,1
Ram Eirik Glomseth,Long term cost-effectiveness of resilient foods for global catastrophes compared…,Long term cost-effectiveness of resilient foods for global catastrophes compared to artificial general intelligence safety,,1,1
Ramin Mojtabai,How Effective Is (More) Money? Randomizing Unconditional Cash Transfer Amounts…,How Effective Is (More) Money? Randomizing Unconditional Cash Transfer Amounts in the US,,1,1
Randall Akee,The Comparative Impact of Cash Transfers and a Psychotherapy Program…,The Comparative Impact of Cash Transfers and a Psychotherapy Program on Psychological and Economic Well-being,,1,1
Rangan Gupta,Biodiversity Risk,Biodiversity Risk,,1,1
Ranjiv Khush,Water Treatment And Child Mortality,Water Treatment And Child Mortality: A Meta-Analysis And Cost-effectiveness Analysis,,1,1
Raoul van Maarseveen,Effects of Emigration on Rural Labor Markets,Effects of Emigration on Rural Labor Markets,,1,1
Raphael Anammasiya Ayambire,The Macroeconomic Impact of Climate Change,The Macroeconomic Impact of Climate Change: Global vs. Local Temperature,,1,1
Raphaela Roeder,Biodiversity Risk,Biodiversity Risk,,1,1
Ravi Gurumurthy,Advance Market Commitments,Advance Market Commitments: Insights from Theory and Experience,,1,1
Ravindra Agrawal,"The Long-Run Effects of Psychotherapy on Depression, Beliefs, and Economic…","The Long-Run Effects of Psychotherapy on Depression, Beliefs, and Economic Outcomes",,1,1
Raymond Kluender,How Effective Is (More) Money? Randomizing Unconditional Cash Transfer Amounts…,How Effective Is (More) Money? Randomizing Unconditional Cash Transfer Amounts in the US,,1,1
Raúl Duarte,Selecting the Most Effective Nudge,Selecting the Most Effective Nudge: Evidence from a Large-Scale Experiment on Immunization,,1,1
Rebecca Brough,How Effective Is (More) Money? Randomizing Unconditional Cash Transfer Amounts…,How Effective Is (More) Money? Randomizing Unconditional Cash Transfer Amounts in the US,,1,1
Rebecca Miller,The Comparative Impact of Cash Transfers and a Psychotherapy Program…,The Comparative Impact of Cash Transfers and a Psychotherapy Program on Psychological and Economic Well-being,,1,1
Rebekah J. Walker,How Effective Is (More) Money? Randomizing Unconditional Cash Transfer Amounts…,How Effective Is (More) Money? Randomizing Unconditional Cash Transfer Amounts in the US,,1,1
Rei Goto,Intergenerational Child Mortality Impacts of Deworming,Intergenerational Child Mortality Impacts of Deworming: Experimental Evidence from Two Decades of the Kenya Life Panel Survey,,1,1
Renato Crouzeilles,The global potential for natural regeneration in deforested tropical regions,The global potential for natural regeneration in deforested tropical regions,,1,1
Rene Marlon Panti,Building Resilient Education Systems,Building Resilient Education Systems: Evidence from Large-Scale Randomized Trials in Five Countries,,1,1
Ricardo Rodríguez,Stagnation and Scientific Incentives,Stagnation and Scientific Incentives,,1,1
Richard B. Freeman,Stagnation and Scientific Incentives,Stagnation and Scientific Incentives,,1,1
Richard Berner,Biodiversity Risk,Biodiversity Risk,,1,1
Richard Grieve,Selecting the Most Effective Nudge,Selecting the Most Effective Nudge: Evidence from a Large-Scale Experiment on Immunization,,1,1
Richard J. Sexton,"When do ""Nudges"" Increase Welfare?","When do ""Nudges"" Increase Welfare?",,1,1
Richard Mihigo,Advance Market Commitments,Advance Market Commitments: Insights from Theory and Experience,,1,1
Richard Moulange,Towards best practices in AGI safety and governance,Towards best practices in AGI safety and governance: A survey of expert opinion,,1,1
Richard Noske,Banning Wildlife Trade Can Boost the Unregulated Trade of Threatened…,Banning Wildlife Trade Can Boost the Unregulated Trade of Threatened Species,,1,1
Richard Rogerson,Effects of Emigration on Rural Labor Markets,Effects of Emigration on Rural Labor Markets,,1,1
Richard S.J. Tol,The Macroeconomic Impact of Climate Change,The Macroeconomic Impact of Climate Change: Global vs. Local Temperature,,1,1
Rick van der Ploeg,The Macroeconomic Impact of Climate Change,The Macroeconomic Impact of Climate Change: Global vs. Local Temperature,,1,1
Rients Galema,Biodiversity Risk,Biodiversity Risk,,1,1
Rima-Maria Rahal,Information Avoidance and Moral Behavior,Information Avoidance and Moral Behavior: Experimental Evidence from Food Choices,,1,1
Rino Rappuoli,Advance Market Commitments,Advance Market Commitments: Insights from Theory and Experience,,1,1
Rob Bailis,The Macroeconomic Impact of Climate Change,The Macroeconomic Impact of Climate Change: Global vs. Local Temperature,,1,1
Robayo Adriana,Advance Market Commitments,Advance Market Commitments: Insights from Theory and Experience,,1,1
Robert Elliott,Does the Squeaky Wheel Get More Grease? The Direct and…,Does the Squeaky Wheel Get More Grease? The Direct and Indirect Effects of Citizen Participation on Environmental Governance in China,,1,1
Robert F. Engle,Biodiversity Risk,Biodiversity Risk,,1,1
Robert Koopman,Advance Market Commitments,Advance Market Commitments: Insights from Theory and Experience,,1,1
Robert M. Townsend,Effects of Emigration on Rural Labor Markets,Effects of Emigration on Rural Labor Markets,,1,1
Robert Metcalfe,A Welfare Analysis of Policies Impacting Climate Change,A Welfare Analysis of Policies Impacting Climate Change,,1,1
Robert Townsend,Effects of Emigration on Rural Labor Markets,Effects of Emigration on Rural Labor Markets,,1,1
Robert Wilson,Advance Market Commitments,Advance Market Commitments: Insights from Theory and Experience,,1,1
Roberto Cantoni,The Macroeconomic Impact of Climate Change,The Macroeconomic Impact of Climate Change: Global vs. Local Temperature,,1,1
Roberto Tinoco,Towards best practices in AGI safety and governance,Towards best practices in AGI safety and governance: A survey of expert opinion,,1,1
Robin Nusslock,"The Long-Run Effects of Psychotherapy on Depression, Beliefs, and Economic…","The Long-Run Effects of Psychotherapy on Depression, Beliefs, and Economic Outcomes",,1,1
Robin Schimmelpfennig,Selecting the Most Effective Nudge,Selecting the Most Effective Nudge: Evidence from a Large-Scale Experiment on Immunization,,1,1
Robizon Tsiklauri,The Effect of Lead Exposure on Children’s Learning in the…,The Effect of Lead Exposure on Children’s Learning in the Developing World: A Meta-Analysis,,1,1
Rodolphe Durand,The Governance of Nonprofits and Their Social Impact,The Governance of Nonprofits and Their Social Impact: Evidence from a Randomized Program in Healthcare in the Democratic Republic of Congo,,1,1
Rodrigo Riera,Stagnation and Scientific Incentives,Stagnation and Scientific Incentives,,1,1
Rodrigo Sanchez Sienra,Cognitive Behavioral Therapy among Ghana's Rural Poor Is Effective Regardless…,Cognitive Behavioral Therapy among Ghana's Rural Poor Is Effective Regardless of Baseline Mental Distress,,1,1
Roee Levy,Cognitive Behavioral Therapy among Ghana's Rural Poor Is Effective Regardless…,Cognitive Behavioral Therapy among Ghana's Rural Poor Is Effective Regardless of Baseline Mental Distress,,1,1
Roham Rezaei,The Effect of Public Science on Corporate R&amp;D,The Effect of Public Science on Corporate R&amp;D,,1,1
Roland Seifert,Stagnation and Scientific Incentives,Stagnation and Scientific Incentives,,1,1
Romain Boulongne,The Governance of Nonprofits and Their Social Impact,The Governance of Nonprofits and Their Social Impact: Evidence from a Randomized Program in Healthcare in the Democratic Republic of Congo,,1,1
Rong Yu,Does the Squeaky Wheel Get More Grease? The Direct and…,Does the Squeaky Wheel Get More Grease? The Direct and Indirect Effects of Citizen Participation on Environmental Governance in China,,1,1
Roni Michaely,Does the Squeaky Wheel Get More Grease? The Direct and…,Does the Squeaky Wheel Get More Grease? The Direct and Indirect Effects of Citizen Participation on Environmental Governance in China,,1,1
Rosella Levaggi,Pharmaceutical Pricing and R&amp;D as a Global Public Good,Pharmaceutical Pricing and R&amp;D as a Global Public Good,,1,1
Roshan Sutar,The Comparative Impact of Cash Transfers and a Psychotherapy Program…,The Comparative Impact of Cash Transfers and a Psychotherapy Program on Psychological and Economic Well-being,,1,1
Ruijia Yang,Does the Squeaky Wheel Get More Grease? The Direct and…,Does the Squeaky Wheel Get More Grease? The Direct and Indirect Effects of Citizen Participation on Environmental Governance in China,,1,1
Run Zhu,Does the Squeaky Wheel Get More Grease? The Direct and…,Does the Squeaky Wheel Get More Grease? The Direct and Indirect Effects of Citizen Participation on Environmental Governance in China,,1,1
Rusli Mahadi,The Comparative Impact of Cash Transfers and a Psychotherapy Program…,The Comparative Impact of Cash Transfers and a Psychotherapy Program on Psychological and Economic Well-being,,1,1
Russ Burnett,Selecting the Most Effective Nudge,Selecting the Most Effective Nudge: Evidence from a Large-Scale Experiment on Immunization,,1,1
Russell Smyth,Does the Squeaky Wheel Get More Grease? The Direct and…,Does the Squeaky Wheel Get More Grease? The Direct and Indirect Effects of Citizen Participation on Environmental Governance in China,,1,1
Ryan Cory-Wright,Stagnation and Scientific Incentives,Stagnation and Scientific Incentives,,1,1
Ryunosuke Goto,Selecting the Most Effective Nudge,Selecting the Most Effective Nudge: Evidence from a Large-Scale Experiment on Immunization,,1,1
Rıza Demirer,Biodiversity Risk,Biodiversity Risk,,1,1
S. Farooq,Towards best practices in AGI safety and governance,Towards best practices in AGI safety and governance: A survey of expert opinion,,1,1
S. Nageeb Ali,"Zero-Sum Environments, the Evolution of Effort-Suppressing Beliefs, and Economic…","Zero-Sum Environments, the Evolution of Effort-Suppressing Beliefs, and Economic Development",,1,1
S. V. Subramanian,Selecting the Most Effective Nudge,Selecting the Most Effective Nudge: Evidence from a Large-Scale Experiment on Immunization,,1,1
S.S. Khanna,Money (Not) to Burn,Money (Not) to Burn: Payments for Ecosystem Services to Reduce Crop Residue Burning,,1,1
Saad Alghamdi,Selecting the Most Effective Nudge,Selecting the Most Effective Nudge: Evidence from a Large-Scale Experiment on Immunization,,1,1
Sabriya L. Linton,How Effective Is (More) Money? Randomizing Unconditional Cash Transfer Amounts…,How Effective Is (More) Money? Randomizing Unconditional Cash Transfer Amounts in the US,,1,1
Sadaf Sadat Rafati,The Effect of Lead Exposure on Children’s Learning in the…,The Effect of Lead Exposure on Children’s Learning in the Developing World: A Meta-Analysis,,1,1
Saeid Ashraf Vaghefi,Biodiversity Risk,Biodiversity Risk,,1,1
Sai Pramod Bathena,Building Resilient Education Systems,Building Resilient Education Systems: Evidence from Large-Scale Randomized Trials in Five Countries,,1,1
Salauddin Tauseef,The Comparative Impact of Cash Transfers and a Psychotherapy Program…,The Comparative Impact of Cash Transfers and a Psychotherapy Program on Psychological and Economic Well-being,,1,1
Salman Arif,Biodiversity Risk,Biodiversity Risk,,1,1
Samantha Lily Kumar,How Effective Is (More) Money? Randomizing Unconditional Cash Transfer Amounts…,How Effective Is (More) Money? Randomizing Unconditional Cash Transfer Amounts in the US,,1,1
Samuel Adomako,Stagnation and Scientific Incentives,Stagnation and Scientific Incentives,,1,1
Samuel B. Schlesinger,The Macroeconomic Impact of Climate Change,The Macroeconomic Impact of Climate Change: Global vs. Local Temperature,,1,1
Samuel Fankhauser,Biodiversity Risk,Biodiversity Risk,,1,1
Samuel Kembou Nzalé,How Effective Is (More) Money? Randomizing Unconditional Cash Transfer Amounts…,How Effective Is (More) Money? Randomizing Unconditional Cash Transfer Amounts in the US,,1,1
Samuel Lormel,Urban Forests,Urban Forests: Environmental Health Values and Risks,,1,1
Samuel Marshall,Effects of Emigration on Rural Labor Markets,Effects of Emigration on Rural Labor Markets,,1,1
Samuel Norris,Cash Transfers for Child Development,Cash Transfers for Child Development: Experimental Evidence from India,,1,1
Samuel Schoeb,Selecting the Most Effective Nudge,Selecting the Most Effective Nudge: Evidence from a Large-Scale Experiment on Immunization,,1,1
Samuel Schöb,Selecting the Most Effective Nudge,Selecting the Most Effective Nudge: Evidence from a Large-Scale Experiment on Immunization,,1,1
Sanchayan Banerjee,"When do ""Nudges"" Increase Welfare?","When do ""Nudges"" Increase Welfare?",,1,1
Sandip Agarwal,The Comparative Impact of Cash Transfers and a Psychotherapy Program…,The Comparative Impact of Cash Transfers and a Psychotherapy Program on Psychological and Economic Well-being,,1,1
Sandip Sukhtankar,Cash Transfers for Child Development,Cash Transfers for Child Development: Experimental Evidence from India,,1,1
Sandra Dow,The Macroeconomic Impact of Climate Change,The Macroeconomic Impact of Climate Change: Global vs. Local Temperature,,1,1
Sandra Lavorel,Urban Forests,Urban Forests: Environmental Health Values and Risks,,1,1
Sandrine Péneau,"When do ""Nudges"" Increase Welfare?","When do ""Nudges"" Increase Welfare?",,1,1
Sanem Ozen,The Comparative Impact of Cash Transfers and a Psychotherapy Program…,The Comparative Impact of Cash Transfers and a Psychotherapy Program on Psychological and Economic Well-being,,1,1
Sanjeeb Dash,Stagnation and Scientific Incentives,Stagnation and Scientific Incentives,,1,1
Sanjida Khan,The Comparative Impact of Cash Transfers and a Psychotherapy Program…,The Comparative Impact of Cash Transfers and a Psychotherapy Program on Psychological and Economic Well-being,,1,1
Santanu Kundu,Biodiversity Risk,Biodiversity Risk,,1,1
Sanya Carley,Advance Market Commitments,Advance Market Commitments: Insights from Theory and Experience,,1,1
Sara Constantino,The Macroeconomic Impact of Climate Change,The Macroeconomic Impact of Climate Change: Global vs. Local Temperature,,1,1
Sarah E. Anderson,Does the Squeaky Wheel Get More Grease? The Direct and…,Does the Squeaky Wheel Get More Grease? The Direct and Indirect Effects of Citizen Participation on Environmental Governance in China,,1,1
Sarah E. Bolton,The animal welfare cost of meat,The animal welfare cost of meat: evidence from a survey of hypothetical scenarios among Belgian consumers,,1,1
Sarah Eichmeyer,Do Celebrity Endorsements Matter? A Twitter Experiment Promoting Vaccination in…,Do Celebrity Endorsements Matter? A Twitter Experiment Promoting Vaccination in Indonesia,,1,1
Sarah Gillespie,The Comparative Impact of Cash Transfers and a Psychotherapy Program…,The Comparative Impact of Cash Transfers and a Psychotherapy Program on Psychological and Economic Well-being,,1,1
Sarah Gultom,Do Celebrity Endorsements Matter? A Twitter Experiment Promoting Vaccination in…,Do Celebrity Endorsements Matter? A Twitter Experiment Promoting Vaccination in Indonesia,,1,1
Saravana Ravindran,Effects of Emigration on Rural Labor Markets,Effects of Emigration on Rural Labor Markets,,1,1
Sarim Zafar,The Comparative Impact of Cash Transfers and a Psychotherapy Program…,The Comparative Impact of Cash Transfers and a Psychotherapy Program on Psychological and Economic Well-being,,1,1
Sarosh Nagar,Advance Market Commitments,Advance Market Commitments: Insights from Theory and Experience,,1,1
Satish Kumar,Biodiversity Risk,Biodiversity Risk,,1,1
Satoshi Hoshino,Effects of Emigration on Rural Labor Markets,Effects of Emigration on Rural Labor Markets,,1,1
Saurabh Singhal,The Comparative Impact of Cash Transfers and a Psychotherapy Program…,The Comparative Impact of Cash Transfers and a Psychotherapy Program on Psychological and Economic Well-being,,1,1
Saverio Olivito,Biodiversity Risk,Biodiversity Risk,,1,1
Scott Duke Kominers,Advance Market Commitments,Advance Market Commitments: Insights from Theory and Experience,,1,1
Scott Webster,Advance Market Commitments,Advance Market Commitments: Insights from Theory and Experience,,1,1
Sean Low,Advance Market Commitments,Advance Market Commitments: Insights from Theory and Experience,,1,1
Sebastian Bauhoff,Selecting the Most Effective Nudge,Selecting the Most Effective Nudge: Evidence from a Large-Scale Experiment on Immunization,,1,1
Sebastian Linde,How Effective Is (More) Money? Randomizing Unconditional Cash Transfer Amounts…,How Effective Is (More) Money? Randomizing Unconditional Cash Transfer Amounts in the US,,1,1
Sebastian Utz,Biodiversity Risk,Biodiversity Risk,,1,1
Sebastián Espinoza,The Macroeconomic Impact of Climate Change,The Macroeconomic Impact of Climate Change: Global vs. Local Temperature,,1,1
Sebastián Vollmer,Selecting the Most Effective Nudge,Selecting the Most Effective Nudge: Evidence from a Large-Scale Experiment on Immunization,,1,1
Sefi Roth,A Welfare Analysis of Policies Impacting Climate Change,A Welfare Analysis of Policies Impacting Climate Change,,1,1
Sen Chai,Stagnation and Scientific Incentives,Stagnation and Scientific Incentives,,1,1
Serena Cocciolo,Water Treatment And Child Mortality,Water Treatment And Child Mortality: A Meta-Analysis And Cost-effectiveness Analysis,,1,1
Sergey Gavrilets,"Zero-Sum Environments, the Evolution of Effort-Suppressing Beliefs, and Economic…","Zero-Sum Environments, the Evolution of Effort-Suppressing Beliefs, and Economic Development",,1,1
Sergey Tishkov,The Macroeconomic Impact of Climate Change,The Macroeconomic Impact of Climate Change: Global vs. Local Temperature,,1,1
Seth Ariel Green,Information Avoidance and Moral Behavior,Information Avoidance and Moral Behavior: Experimental Evidence from Food Choices,,1,1
Sevgi Soylemezgil,Biodiversity Risk,Biodiversity Risk,,1,1
Shabnam Anne,The Comparative Impact of Cash Transfers and a Psychotherapy Program…,The Comparative Impact of Cash Transfers and a Psychotherapy Program on Psychological and Economic Well-being,,1,1
Shafaq Irshad,The Macroeconomic Impact of Climate Change,The Macroeconomic Impact of Climate Change: Global vs. Local Temperature,,1,1
Shahabaldin Rezania,Water Treatment And Child Mortality,Water Treatment And Child Mortality: A Meta-Analysis And Cost-effectiveness Analysis,,1,1
Shai Shalev‐Shwartz,Towards best practices in AGI safety and governance,Towards best practices in AGI safety and governance: A survey of expert opinion,,1,1
Shailesh Sakalle,"The Long-Run Effects of Psychotherapy on Depression, Beliefs, and Economic…","The Long-Run Effects of Psychotherapy on Depression, Beliefs, and Economic Outcomes",,1,1
Shan-Heng Fu,The Macroeconomic Impact of Climate Change,The Macroeconomic Impact of Climate Change: Global vs. Local Temperature,,1,1
Shannen Wafflart,Banning Wildlife Trade Can Boost the Unregulated Trade of Threatened…,Banning Wildlife Trade Can Boost the Unregulated Trade of Threatened Species,,1,1
Sharad Tiwari,"The Long-Run Effects of Psychotherapy on Depression, Beliefs, and Economic…","The Long-Run Effects of Psychotherapy on Depression, Beliefs, and Economic Outcomes",,1,1
Sharon Belenzon,The Effect of Public Science on Corporate R&amp;D,The Effect of Public Science on Corporate R&amp;D,,1,1
Sharon Goldfeld,Selecting the Most Effective Nudge,Selecting the Most Effective Nudge: Evidence from a Large-Scale Experiment on Immunization,,1,1
Sharon Locke,The Comparative Impact of Cash Transfers and a Psychotherapy Program…,The Comparative Impact of Cash Transfers and a Psychotherapy Program on Psychological and Economic Well-being,,1,1
Sharon Wolf,How Effective Is (More) Money? Randomizing Unconditional Cash Transfer Amounts…,How Effective Is (More) Money? Randomizing Unconditional Cash Transfer Amounts in the US,,1,1
Shaul Shalvi,Information Avoidance and Moral Behavior,Information Avoidance and Moral Behavior: Experimental Evidence from Food Choices,,1,1
Sheer Lia,The Effect of Public Science on Corporate R&amp;D,The Effect of Public Science on Corporate R&amp;D,,1,1
Sheila A. McIlraith,Towards best practices in AGI safety and governance,Towards best practices in AGI safety and governance: A survey of expert opinion,,1,1
Sheila O’Donohoe,Biodiversity Risk,Biodiversity Risk,,1,1
Shifneen Rasheed,The Macroeconomic Impact of Climate Change,The Macroeconomic Impact of Climate Change: Global vs. Local Temperature,,1,1
Shihan Feng,Does the Squeaky Wheel Get More Grease? The Direct and…,Does the Squeaky Wheel Get More Grease? The Direct and Indirect Effects of Citizen Participation on Environmental Governance in China,,1,1
Shilan Feng,Does the Squeaky Wheel Get More Grease? The Direct and…,Does the Squeaky Wheel Get More Grease? The Direct and Indirect Effects of Citizen Participation on Environmental Governance in China,,1,1
Shinya Uryu,Banning Wildlife Trade Can Boost the Unregulated Trade of Threatened…,Banning Wildlife Trade Can Boost the Unregulated Trade of Threatened Species,,1,1
Shiwei Fan,Does the Squeaky Wheel Get More Grease? The Direct and…,Does the Squeaky Wheel Get More Grease? The Direct and Indirect Effects of Citizen Participation on Environmental Governance in China,,1,1
Shruti Rajagopalan,Advance Market Commitments,Advance Market Commitments: Insights from Theory and Experience,,1,1
Shu Tian,Does the Squeaky Wheel Get More Grease? The Direct and…,Does the Squeaky Wheel Get More Grease? The Direct and Indirect Effects of Citizen Participation on Environmental Governance in China,,1,1
Shuai Ling,Selecting the Most Effective Nudge,Selecting the Most Effective Nudge: Evidence from a Large-Scale Experiment on Immunization,,1,1
Shuaijun Guo,Selecting the Most Effective Nudge,Selecting the Most Effective Nudge: Evidence from a Large-Scale Experiment on Immunization,,1,1
Shuang Zhang,Stagnation and Scientific Incentives,Stagnation and Scientific Incentives,,1,1
Shuanglei Wu,Stagnation and Scientific Incentives,Stagnation and Scientific Incentives,,1,1
Shubo Zhang,Does the Squeaky Wheel Get More Grease? The Direct and…,Does the Squeaky Wheel Get More Grease? The Direct and Indirect Effects of Citizen Participation on Environmental Governance in China,,1,1
Shulei Cheng,Does the Squeaky Wheel Get More Grease? The Direct and…,Does the Squeaky Wheel Get More Grease? The Direct and Indirect Effects of Citizen Participation on Environmental Governance in China,,1,1
Shwetlena Sabarwal,Building Resilient Education Systems,Building Resilient Education Systems: Evidence from Large-Scale Randomized Trials in Five Countries,,1,1
Sicily Fiennes,Banning Wildlife Trade Can Boost the Unregulated Trade of Threatened…,Banning Wildlife Trade Can Boost the Unregulated Trade of Threatened Species,,1,1
Sifan Zhou,Stagnation and Scientific Incentives,Stagnation and Scientific Incentives,,1,1
Silvia Prina,Selecting the Most Effective Nudge,Selecting the Most Effective Nudge: Evidence from a Large-Scale Experiment on Immunization,,1,1
Simeon Campos,Long term cost-effectiveness of resilient foods for global catastrophes compared…,Long term cost-effectiveness of resilient foods for global catastrophes compared to artificial general intelligence safety,,1,1
Simiao Chen,Advance Market Commitments,Advance Market Commitments: Insights from Theory and Experience,,1,1
Simon Blouin,Long term cost-effectiveness of resilient foods for global catastrophes compared…,Long term cost-effectiveness of resilient foods for global catastrophes compared to artificial general intelligence safety,,1,1
Simon Fritzsch,Biodiversity Risk,Biodiversity Risk,,1,1
Simon Quinn,Selecting the Most Effective Nudge,Selecting the Most Effective Nudge: Evidence from a Large-Scale Experiment on Immunization,,1,1
Simon Scheidegger,Biodiversity Risk,Biodiversity Risk,,1,1
Simona Cosma,Biodiversity Risk,Biodiversity Risk,,1,1
Simona Gamba,Pharmaceutical Pricing and R&amp;D as a Global Public Good,Pharmaceutical Pricing and R&amp;D as a Global Public Good,,1,1
Simone Schaner,Effects of Emigration on Rural Labor Markets,Effects of Emigration on Rural Labor Markets,,1,1
Snehil Gupta,The Comparative Impact of Cash Transfers and a Psychotherapy Program…,The Comparative Impact of Cash Transfers and a Psychotherapy Program on Psychological and Economic Well-being,,1,1
Sofía Amaral,Selecting the Most Effective Nudge,Selecting the Most Effective Nudge: Evidence from a Large-Scale Experiment on Immunization,,1,1
Sofía López‐Cubillos,The global potential for natural regeneration in deforested tropical regions,The global potential for natural regeneration in deforested tropical regions,,1,1
Solomon Minyila,The Effect of Lead Exposure on Children’s Learning in the…,The Effect of Lead Exposure on Children’s Learning in the Developing World: A Meta-Analysis,,1,1
Somaia Abdulrazzak,Building Resilient Education Systems,Building Resilient Education Systems: Evidence from Large-Scale Randomized Trials in Five Countries,,1,1
Sonja Harken,Does Online Fundraising Increase Charitable Giving? A Nationwide Field Experimen…,Does Online Fundraising Increase Charitable Giving? A Nationwide Field Experiment on Facebook,,1,1
Sonja Vogt,Selecting the Most Effective Nudge,Selecting the Most Effective Nudge: Evidence from a Large-Scale Experiment on Immunization,,1,1
Sophus zu Ermgassen,Biodiversity Risk,Biodiversity Risk,,1,1
Spyridon Karageorgos,How Effective Is (More) Money? Randomizing Unconditional Cash Transfer Amounts…,How Effective Is (More) Money? Randomizing Unconditional Cash Transfer Amounts in the US,,1,1
Sreeja Jaiswal,Effects of Emigration on Rural Labor Markets,Effects of Emigration on Rural Labor Markets,,1,1
Srinivasan Kasinathan,The global potential for natural regeneration in deforested tropical regions,The global potential for natural regeneration in deforested tropical regions,,1,1
Staša Milojević,Stagnation and Scientific Incentives,Stagnation and Scientific Incentives,,1,1
Stefan Gaillard,Stagnation and Scientific Incentives,Stagnation and Scientific Incentives,,1,1
Stefan Lewellen,Does the Squeaky Wheel Get More Grease? The Direct and…,Does the Squeaky Wheel Get More Grease? The Direct and Indirect Effects of Citizen Participation on Environmental Governance in China,,1,1
Stefan Schaltegger,The global potential for natural regeneration in deforested tropical regions,The global potential for natural regeneration in deforested tropical regions,,1,1
Stefan Schubert,Population ethical intuitions,Population ethical intuitions,,1,1
Stefanie Hoehl,"The Long-Run Effects of Psychotherapy on Depression, Beliefs, and Economic…","The Long-Run Effects of Psychotherapy on Depression, Beliefs, and Economic Outcomes",,1,1
Stefano Cosma,Biodiversity Risk,Biodiversity Risk,,1,1
Stefano Giglio,Biodiversity Risk,Biodiversity Risk,,1,1
Steffen Farny,The global potential for natural regeneration in deforested tropical regions,The global potential for natural regeneration in deforested tropical regions,,1,1
Stephan Küster,Biodiversity Risk,Biodiversity Risk,,1,1
Stephen Norman,Does the Squeaky Wheel Get More Grease? The Direct and…,Does the Squeaky Wheel Get More Grease? The Direct and Indirect Effects of Citizen Participation on Environmental Governance in China,,1,1
Stephen O’Neill,Selecting the Most Effective Nudge,Selecting the Most Effective Nudge: Evidence from a Large-Scale Experiment on Immunization,,1,1
Stephen P. Luby,The Effect of Lead Exposure on Children’s Learning in the…,The Effect of Lead Exposure on Children’s Learning in the Developing World: A Meta-Analysis,,1,1
Stephen Roper,The Effect of Public Science on Corporate R&amp;D,The Effect of Public Science on Corporate R&amp;D,,1,1
Steven Ongena,Biodiversity Risk,Biodiversity Risk,,1,1
Steven Wooding,Choose Your Moments,Choose Your Moments: Peer Review and Scientific Risk Taking,,1,1
Stuart Feldman,Choose Your Moments,Choose Your Moments: Peer Review and Scientific Risk Taking,,1,1
Stuart L. Pimm,Advance Market Commitments,Advance Market Commitments: Insights from Theory and Experience,,1,1
Stéphanie Khoury,The Comparative Impact of Cash Transfers and a Psychotherapy Program…,The Comparative Impact of Cash Transfers and a Psychotherapy Program on Psychological and Economic Well-being,,1,1
Sudarshan RSA,Money (Not) to Burn,Money (Not) to Burn: Payments for Ecosystem Services to Reduce Crop Residue Burning,,1,1
Sue A. Kaplan,How Effective Is (More) Money? Randomizing Unconditional Cash Transfer Amounts…,How Effective Is (More) Money? Randomizing Unconditional Cash Transfer Amounts in the US,,1,1
Sugandha Srivastav,The Macroeconomic Impact of Climate Change,The Macroeconomic Impact of Climate Change: Global vs. Local Temperature,,1,1
Sukrit Pal,The Governance of Nonprofits and Their Social Impact,The Governance of Nonprofits and Their Social Impact: Evidence from a Randomized Program in Healthcare in the Democratic Republic of Congo,,1,1
Sumi Mehta,The Macroeconomic Impact of Climate Change,The Macroeconomic Impact of Climate Change: Global vs. Local Temperature,,1,1
Sumit Agarwal,How Effective Is (More) Money? Randomizing Unconditional Cash Transfer Amounts…,How Effective Is (More) Money? Randomizing Unconditional Cash Transfer Amounts in the US,,1,1
Sung‐Eun Cho,Effects of Emigration on Rural Labor Markets,Effects of Emigration on Rural Labor Markets,,1,1
Supreet Kaur,Effects of Emigration on Rural Labor Markets,Effects of Emigration on Rural Labor Markets,,1,1
Suresh Dalpath,Selecting the Most Effective Nudge,Selecting the Most Effective Nudge: Evidence from a Large-Scale Experiment on Immunization,,1,1
Suresh Naidu,A Welfare Analysis of Policies Impacting Climate Change,A Welfare Analysis of Policies Impacting Climate Change,,1,1
Susan G. W. Laurance,The global potential for natural regeneration in deforested tropical regions,The global potential for natural regeneration in deforested tropical regions,,1,1
Susan Martin,Advance Market Commitments,Advance Market Commitments: Insights from Theory and Experience,,1,1
Susana Cipriano Dias Raffaelli,Stagnation and Scientific Incentives,Stagnation and Scientific Incentives,,1,1
Susann Fiedler,Information Avoidance and Moral Behavior,Information Avoidance and Moral Behavior: Experimental Evidence from Food Choices,,1,1
Sutinee Sinutok,The Macroeconomic Impact of Climate Change,The Macroeconomic Impact of Climate Change: Global vs. Local Temperature,,1,1
Suzanne Oosterwijk,Information Avoidance and Moral Behavior,Information Avoidance and Moral Behavior: Experimental Evidence from Food Choices,,1,1
Suárez Carolina,Advance Market Commitments,Advance Market Commitments: Insights from Theory and Experience,,1,1
Sven Hartlieb,Biodiversity Risk,Biodiversity Risk,,1,1
Sven Wunder,Biodiversity Risk,Biodiversity Risk,,1,1
Sydney Costantini,"The Long-Run Effects of Psychotherapy on Depression, Beliefs, and Economic…","The Long-Run Effects of Psychotherapy on Depression, Beliefs, and Economic Outcomes",,1,1
Syedah Aroob Iqbal,Building Resilient Education Systems,Building Resilient Education Systems: Evidence from Large-Scale Randomized Trials in Five Countries,,1,1
Sönke Ehret,Selecting the Most Effective Nudge,Selecting the Most Effective Nudge: Evidence from a Large-Scale Experiment on Immunization,,1,1
Sören Mindermann,Towards best practices in AGI safety and governance,Towards best practices in AGI safety and governance: A survey of expert opinion,,1,1
T. R. Shankar Raman,The global potential for natural regeneration in deforested tropical regions,The global potential for natural regeneration in deforested tropical regions,,1,1
T.J. Wong,Does the Squeaky Wheel Get More Grease? The Direct and…,Does the Squeaky Wheel Get More Grease? The Direct and Indirect Effects of Citizen Participation on Environmental Governance in China,,1,1
Tabaré Capitán,Legalizing Entrepreneurship,Legalizing Entrepreneurship,,1,1
Taiga Kunishima,Banning Wildlife Trade Can Boost the Unregulated Trade of Threatened…,Banning Wildlife Trade Can Boost the Unregulated Trade of Threatened Species,,1,1
Taisuke Imai,Information Avoidance and Moral Behavior,Information Avoidance and Moral Behavior: Experimental Evidence from Food Choices,,1,1
Talib E. Butt,Long term cost-effectiveness of resilient foods for global catastrophes compared…,Long term cost-effectiveness of resilient foods for global catastrophes compared to artificial general intelligence safety,,1,1
Tamar Jankhoteli,The Effect of Lead Exposure on Children’s Learning in the…,The Effect of Lead Exposure on Children’s Learning in the Developing World: A Meta-Analysis,,1,1
Tamkinat Rauf,How Effective Is (More) Money? Randomizing Unconditional Cash Transfer Amounts…,How Effective Is (More) Money? Randomizing Unconditional Cash Transfer Amounts in the US,,1,1
Tamma Carleton,A Welfare Analysis of Policies Impacting Climate Change,A Welfare Analysis of Policies Impacting Climate Change,,1,1
Tania Barham,Intergenerational Child Mortality Impacts of Deworming,Intergenerational Child Mortality Impacts of Deworming: Experimental Evidence from Two Decades of the Kenya Life Panel Survey,,1,1
Tania M. Lincoln,"The Long-Run Effects of Psychotherapy on Depression, Beliefs, and Economic…","The Long-Run Effects of Psychotherapy on Depression, Beliefs, and Economic Outcomes",,1,1
Tao Tao,Does the Squeaky Wheel Get More Grease? The Direct and…,Does the Squeaky Wheel Get More Grease? The Direct and Indirect Effects of Citizen Participation on Environmental Governance in China,,1,1
Tao Ye,Does the Squeaky Wheel Get More Grease? The Direct and…,Does the Squeaky Wheel Get More Grease? The Direct and Indirect Effects of Citizen Participation on Environmental Governance in China,,1,1
Taoyuan Wei,Does the Squeaky Wheel Get More Grease? The Direct and…,Does the Squeaky Wheel Get More Grease? The Direct and Indirect Effects of Citizen Participation on Environmental Governance in China,,1,1
Tara N. Mather,Long term cost-effectiveness of resilient foods for global catastrophes compared…,Long term cost-effectiveness of resilient foods for global catastrophes compared to artificial general intelligence safety,,1,1
Tara van Viegen,Stagnation and Scientific Incentives,Stagnation and Scientific Incentives,,1,1
Tarek R. Besold,Towards best practices in AGI safety and governance,Towards best practices in AGI safety and governance: A survey of expert opinion,,1,1
Tarun Sharma,"The Long-Run Effects of Psychotherapy on Depression, Beliefs, and Economic…","The Long-Run Effects of Psychotherapy on Depression, Beliefs, and Economic Outcomes",,1,1
Tasneem H. Alshareef,Water Treatment And Child Mortality,Water Treatment And Child Mortality: A Meta-Analysis And Cost-effectiveness Analysis,,1,1
Taylor Corcoran,Advance Market Commitments,Advance Market Commitments: Insights from Theory and Experience,,1,1
Tegan Maharaj,Towards best practices in AGI safety and governance,Towards best practices in AGI safety and governance: A survey of expert opinion,,1,1
Teng Zhong,Does the Squeaky Wheel Get More Grease? The Direct and…,Does the Squeaky Wheel Get More Grease? The Direct and Indirect Effects of Citizen Participation on Environmental Governance in China,,1,1
Teo Sušnjak,Towards best practices in AGI safety and governance,Towards best practices in AGI safety and governance: A survey of expert opinion,,1,1
Teresa Molina,Intergenerational Child Mortality Impacts of Deworming,Intergenerational Child Mortality Impacts of Deworming: Experimental Evidence from Two Decades of the Kenya Life Panel Survey,,1,1
Thanh Thuy Le,Biodiversity Risk,Biodiversity Risk,,1,1
Theodoros Zachariadis,How Effective Is (More) Money? Randomizing Unconditional Cash Transfer Amounts…,How Effective Is (More) Money? Randomizing Unconditional Cash Transfer Amounts in the US,,1,1
Theodoros Ν. Sergentanis,The Effect of Public Science on Corporate R&amp;D,The Effect of Public Science on Corporate R&amp;D,,1,1
Theresa Kuchler,Biodiversity Risk,Biodiversity Risk,,1,1
Thomas Bossuroy,The Comparative Impact of Cash Transfers and a Psychotherapy Program…,The Comparative Impact of Cash Transfers and a Psychotherapy Program on Psychological and Economic Well-being,,1,1
Thomas Dirkmaat,Information Avoidance and Moral Behavior,Information Avoidance and Moral Behavior: Experimental Evidence from Food Choices,,1,1
Thomas Franke,"The Long-Run Effects of Psychotherapy on Depression, Beliefs, and Economic…","The Long-Run Effects of Psychotherapy on Depression, Beliefs, and Economic Outcomes",,1,1
Thomas J. Bollyky,Advance Market Commitments,Advance Market Commitments: Insights from Theory and Experience,,1,1
Thomas Johnston,Advance Market Commitments,Advance Market Commitments: Insights from Theory and Experience,,1,1
Thomas Kubiak,"The Long-Run Effects of Psychotherapy on Depression, Beliefs, and Economic…","The Long-Run Effects of Psychotherapy on Depression, Beliefs, and Economic Outcomes",,1,1
Thomas Lundhede,Biodiversity Risk,Biodiversity Risk,,1,1
Thomas R. Berry‐Stölzle,Biodiversity Risk,Biodiversity Risk,,1,1
Thomas Sterner,The Macroeconomic Impact of Climate Change,The Macroeconomic Impact of Climate Change: Global vs. Local Temperature,,1,1
Thorben Sandmeier,The Macroeconomic Impact of Climate Change,The Macroeconomic Impact of Climate Change: Global vs. Local Temperature,,1,1
Thorsten Quandt,Do Celebrity Endorsements Matter? A Twitter Experiment Promoting Vaccination in…,Do Celebrity Endorsements Matter? A Twitter Experiment Promoting Vaccination in Indonesia,,1,1
Tian Wu,Does the Squeaky Wheel Get More Grease? The Direct and…,Does the Squeaky Wheel Get More Grease? The Direct and Indirect Effects of Citizen Participation on Environmental Governance in China,,1,1
Tianlei Pi,Biodiversity Risk,Biodiversity Risk,,1,1
Tianshu Li,Does the Squeaky Wheel Get More Grease? The Direct and…,Does the Squeaky Wheel Get More Grease? The Direct and Indirect Effects of Citizen Participation on Environmental Governance in China,,1,1
Tianyu Wei,Does the Squeaky Wheel Get More Grease? The Direct and…,Does the Squeaky Wheel Get More Grease? The Direct and Indirect Effects of Citizen Participation on Environmental Governance in China,,1,1
Tianyu Zhang,Does the Squeaky Wheel Get More Grease? The Direct and…,Does the Squeaky Wheel Get More Grease? The Direct and Indirect Effects of Citizen Participation on Environmental Governance in China,,1,1
Tim Marczylo,The Effect of Lead Exposure on Children’s Learning in the…,The Effect of Lead Exposure on Children’s Learning in the Developing World: A Meta-Analysis,,1,1
Tim Sullivan,Building Resilient Education Systems,Building Resilient Education Systems: Evidence from Large-Scale Randomized Trials in Five Countries,,1,1
Timothy Powell‐Jackson,Selecting the Most Effective Nudge,Selecting the Most Effective Nudge: Evidence from a Large-Scale Experiment on Immunization,,1,1
Timothy R. McIntosh,Towards best practices in AGI safety and governance,Towards best practices in AGI safety and governance: A survey of expert opinion,,1,1
Tina Prodromou,Biodiversity Risk,Biodiversity Risk,,1,1
Tingting Xie,Does the Squeaky Wheel Get More Grease? The Direct and…,Does the Squeaky Wheel Get More Grease? The Direct and Indirect Effects of Citizen Participation on Environmental Governance in China,,1,1
Tobias Huber,Biodiversity Risk,Biodiversity Risk,,1,1
Tobias Steindl,Biodiversity Risk,Biodiversity Risk,,1,1
Todd Pugatch,Water Treatment And Child Mortality,Water Treatment And Child Mortality: A Meta-Analysis And Cost-effectiveness Analysis,,1,1
Tom L. Osborn,The Comparative Impact of Cash Transfers and a Psychotherapy Program…,The Comparative Impact of Cash Transfers and a Psychotherapy Program on Psychological and Economic Well-being,,1,1
Tom Mahin,Water Treatment And Child Mortality,Water Treatment And Child Mortality: A Meta-Analysis And Cost-effectiveness Analysis,,1,1
Tom Wein,The Comparative Impact of Cash Transfers and a Psychotherapy Program…,The Comparative Impact of Cash Transfers and a Psychotherapy Program on Psychological and Economic Well-being,,1,1
Tomas Baležentis,Does the Squeaky Wheel Get More Grease? The Direct and…,Does the Squeaky Wheel Get More Grease? The Direct and Indirect Effects of Citizen Participation on Environmental Governance in China,,1,1
Tomasz Gajderowicz,Building Resilient Education Systems,Building Resilient Education Systems: Evidence from Large-Scale Randomized Trials in Five Countries,,1,1
Tomiwa V. Oluwajuwon,The global potential for natural regeneration in deforested tropical regions,The global potential for natural regeneration in deforested tropical regions,,1,1
Tommaso Ciarli,Stagnation and Scientific Incentives,Stagnation and Scientific Incentives,,1,1
Tong Fu,Does the Squeaky Wheel Get More Grease? The Direct and…,Does the Squeaky Wheel Get More Grease? The Direct and Indirect Effects of Citizen Participation on Environmental Governance in China,,1,1
Tong Liu,Towards best practices in AGI safety and governance,Towards best practices in AGI safety and governance: A survey of expert opinion,,1,1
Tony Hey,Stagnation and Scientific Incentives,Stagnation and Scientific Incentives,,1,1
Torben S. D. Johansen,Intergenerational Child Mortality Impacts of Deworming,Intergenerational Child Mortality Impacts of Deworming: Experimental Evidence from Two Decades of the Kenya Life Panel Survey,,1,1
Toru Kitagawa,Selecting the Most Effective Nudge,Selecting the Most Effective Nudge: Evidence from a Large-Scale Experiment on Immunization,,1,1
Tushar Manekar,Biodiversity Risk,Biodiversity Risk,,1,1
Tyler H. McCormick,Effects of Emigration on Rural Labor Markets,Effects of Emigration on Rural Labor Markets,,1,1
U. Neumann,Advance Market Commitments,Advance Market Commitments: Insights from Theory and Experience,,1,1
Uma Thapa,Building Resilient Education Systems,Building Resilient Education Systems: Evidence from Large-Scale Randomized Trials in Five Countries,,1,1
Umair Khalil,Do Celebrity Endorsements Matter? A Twitter Experiment Promoting Vaccination in…,Do Celebrity Endorsements Matter? A Twitter Experiment Promoting Vaccination in Indonesia,,1,1
Urvi Desai,Advance Market Commitments,Advance Market Commitments: Insights from Theory and Experience,,1,1
Uyen Trang Nguyen,Biodiversity Risk,Biodiversity Risk,,1,1
Uzaib Saya,Selecting the Most Effective Nudge,Selecting the Most Effective Nudge: Evidence from a Large-Scale Experiment on Immunization,,1,1
Uzma Afzal,Selecting the Most Effective Nudge,Selecting the Most Effective Nudge: Evidence from a Large-Scale Experiment on Immunization,,1,1
Valentina Cafarelli,How Effective Is (More) Money? Randomizing Unconditional Cash Transfer Amounts…,How Effective Is (More) Money? Randomizing Unconditional Cash Transfer Amounts in the US,,1,1
Valentina Karginova-Gubinova,The Macroeconomic Impact of Climate Change,The Macroeconomic Impact of Climate Change: Global vs. Local Temperature,,1,1
Vandana Shukla,"The Long-Run Effects of Psychotherapy on Depression, Beliefs, and Economic…","The Long-Run Effects of Psychotherapy on Depression, Beliefs, and Economic Outcomes",,1,1
Vandana Vinayak,Water Treatment And Child Mortality,Water Treatment And Child Mortality: A Meta-Analysis And Cost-effectiveness Analysis,,1,1
Vanessa Mertins,Does Online Fundraising Increase Charitable Giving? A Nationwide Field Experimen…,Does Online Fundraising Increase Charitable Giving? A Nationwide Field Experiment on Facebook,,1,1
Varun Dutt,Selecting the Most Effective Nudge,Selecting the Most Effective Nudge: Evidence from a Large-Scale Experiment on Immunization,,1,1
Veronica Martinez,The Governance of Nonprofits and Their Social Impact,The Governance of Nonprofits and Their Social Impact: Evidence from a Randomized Program in Healthcare in the Democratic Republic of Congo,,1,1
Veronika Karnowski,Do Celebrity Endorsements Matter? A Twitter Experiment Promoting Vaccination in…,Do Celebrity Endorsements Matter? A Twitter Experiment Promoting Vaccination in Indonesia,,1,1
Vicky M. Temperton,The global potential for natural regeneration in deforested tropical regions,The global potential for natural regeneration in deforested tropical regions,,1,1
Vicky Pryce,The Macroeconomic Impact of Climate Change,The Macroeconomic Impact of Climate Change: Global vs. Local Temperature,,1,1
Victor Chernozhukov,Selecting the Most Effective Nudge,Selecting the Most Effective Nudge: Evidence from a Large-Scale Experiment on Immunization,,1,1
Victor Jaeck,Long term cost-effectiveness of resilient foods for global catastrophes compared…,Long term cost-effectiveness of resilient foods for global catastrophes compared to artificial general intelligence safety,,1,1
Victor Mwapasa,Selecting the Most Effective Nudge,Selecting the Most Effective Nudge: Evidence from a Large-Scale Experiment on Immunization,,1,1
Victoria Oubiña,Building Resilient Education Systems,Building Resilient Education Systems: Evidence from Large-Scale Randomized Trials in Five Countries,,1,1
Victoria Strokova,Effects of Emigration on Rural Labor Markets,Effects of Emigration on Rural Labor Markets,,1,1
Vidya Diwakar,The Comparative Impact of Cash Transfers and a Psychotherapy Program…,The Comparative Impact of Cash Transfers and a Psychotherapy Program on Psychological and Economic Well-being,,1,1
Vijender Singh,The Comparative Impact of Cash Transfers and a Psychotherapy Program…,The Comparative Impact of Cash Transfers and a Psychotherapy Program on Psychological and Economic Well-being,,1,1
Vilas Dhar,Choose Your Moments,Choose Your Moments: Peer Review and Scientific Risk Taking,,1,1
Vincent Somville,The Comparative Impact of Cash Transfers and a Psychotherapy Program…,The Comparative Impact of Cash Transfers and a Psychotherapy Program on Psychological and Economic Well-being,,1,1
Viral V. Acharya,Biodiversity Risk,Biodiversity Risk,,1,1
Virgilio Hermoso,Banning Wildlife Trade Can Boost the Unregulated Trade of Threatened…,Banning Wildlife Trade Can Boost the Unregulated Trade of Threatened Species,,1,1
Vitaly Tambovtsev,"Zero-Sum Environments, the Evolution of Effort-Suppressing Beliefs, and Economic…","Zero-Sum Environments, the Evolution of Effort-Suppressing Beliefs, and Economic Development",,1,1
Vitor Hadad,Selecting the Most Effective Nudge,Selecting the Most Effective Nudge: Evidence from a Large-Scale Experiment on Immunization,,1,1
Vladimir Kozlov,How Effective Is (More) Money? Randomizing Unconditional Cash Transfer Amounts…,How Effective Is (More) Money? Randomizing Unconditional Cash Transfer Amounts in the US,,1,1
Vojtěch Bartoš,Selecting the Most Effective Nudge,Selecting the Most Effective Nudge: Evidence from a Large-Scale Experiment on Immunization,,1,1
Vânia Zuin Zeidler,The global potential for natural regeneration in deforested tropical regions,The global potential for natural regeneration in deforested tropical regions,,1,1
Víctor Giménez,Stagnation and Scientific Incentives,Stagnation and Scientific Incentives,,1,1
Víctor Orozco-Olvera,Do Celebrity Endorsements Matter? A Twitter Experiment Promoting Vaccination in…,Do Celebrity Endorsements Matter? A Twitter Experiment Promoting Vaccination in Indonesia,,1,1
W. J. Wouter Botzen,The Macroeconomic Impact of Climate Change,The Macroeconomic Impact of Climate Change: Global vs. Local Temperature,,1,1
W. Kent Brown,The global potential for natural regeneration in deforested tropical regions,The global potential for natural regeneration in deforested tropical regions,,1,1
Wan-Jiun Paul Chiou,The Macroeconomic Impact of Climate Change,The Macroeconomic Impact of Climate Change: Global vs. Local Temperature,,1,1
Wang Hao,Does the Squeaky Wheel Get More Grease? The Direct and…,Does the Squeaky Wheel Get More Grease? The Direct and Indirect Effects of Citizen Participation on Environmental Governance in China,,1,1
Wang Jin,Does the Squeaky Wheel Get More Grease? The Direct and…,Does the Squeaky Wheel Get More Grease? The Direct and Indirect Effects of Citizen Participation on Environmental Governance in China,,1,1
Wang Jinnan,Does the Squeaky Wheel Get More Grease? The Direct and…,Does the Squeaky Wheel Get More Grease? The Direct and Indirect Effects of Citizen Participation on Environmental Governance in China,,1,1
Wang Wen,Does the Squeaky Wheel Get More Grease? The Direct and…,Does the Squeaky Wheel Get More Grease? The Direct and Indirect Effects of Citizen Participation on Environmental Governance in China,,1,1
Wang-Sheng Lee,Do Celebrity Endorsements Matter? A Twitter Experiment Promoting Vaccination in…,Do Celebrity Endorsements Matter? A Twitter Experiment Promoting Vaccination in Indonesia,,1,1
Wei Der Tsai,The Macroeconomic Impact of Climate Change,The Macroeconomic Impact of Climate Change: Global vs. Local Temperature,,1,1
Wei Huang,Does the Squeaky Wheel Get More Grease? The Direct and…,Does the Squeaky Wheel Get More Grease? The Direct and Indirect Effects of Citizen Participation on Environmental Governance in China,,1,1
Wei Lin,Effects of Emigration on Rural Labor Markets,Effects of Emigration on Rural Labor Markets,,1,1
Wei Tang,The Effect of Public Science on Corporate R&amp;D,The Effect of Public Science on Corporate R&amp;D,,1,1
Wei Xiao,Effects of Emigration on Rural Labor Markets,Effects of Emigration on Rural Labor Markets,,1,1
Wei Xiong,Biodiversity Risk,Biodiversity Risk,,1,1
Weihua Qu,Does the Squeaky Wheel Get More Grease? The Direct and…,Does the Squeaky Wheel Get More Grease? The Direct and Indirect Effects of Citizen Participation on Environmental Governance in China,,1,1
Weiwei Fu,Biodiversity Risk,Biodiversity Risk,,1,1
Weiwei Hu,Biodiversity Risk,Biodiversity Risk,,1,1
Weixiang Xu,Does the Squeaky Wheel Get More Grease? The Direct and…,Does the Squeaky Wheel Get More Grease? The Direct and Indirect Effects of Citizen Participation on Environmental Governance in China,,1,1
Weizhu Hou,Does the Squeaky Wheel Get More Grease? The Direct and…,Does the Squeaky Wheel Get More Grease? The Direct and Indirect Effects of Citizen Participation on Environmental Governance in China,,1,1
Wen Jiang,Does the Squeaky Wheel Get More Grease? The Direct and…,Does the Squeaky Wheel Get More Grease? The Direct and Indirect Effects of Citizen Participation on Environmental Governance in China,,1,1
Wen Lin,Does the Squeaky Wheel Get More Grease? The Direct and…,Does the Squeaky Wheel Get More Grease? The Direct and Indirect Effects of Citizen Participation on Environmental Governance in China,,1,1
Wen Liu,Biodiversity Risk,Biodiversity Risk,,1,1
Wencong Lu,Does the Squeaky Wheel Get More Grease? The Direct and…,Does the Squeaky Wheel Get More Grease? The Direct and Indirect Effects of Citizen Participation on Environmental Governance in China,,1,1
Wendy Wong,Selecting the Most Effective Nudge,Selecting the Most Effective Nudge: Evidence from a Large-Scale Experiment on Immunization,,1,1
Wenguang Zhang,Does the Squeaky Wheel Get More Grease? The Direct and…,Does the Squeaky Wheel Get More Grease? The Direct and Indirect Effects of Citizen Participation on Environmental Governance in China,,1,1
Wenhao Wu,The Macroeconomic Impact of Climate Change,The Macroeconomic Impact of Climate Change: Global vs. Local Temperature,,1,1
Wenhua Liu,Effects of Emigration on Rural Labor Markets,Effects of Emigration on Rural Labor Markets,,1,1
Wenjie Luo,Does the Squeaky Wheel Get More Grease? The Direct and…,Does the Squeaky Wheel Get More Grease? The Direct and Indirect Effects of Citizen Participation on Environmental Governance in China,,1,1
Wenqi Duan,Does the Squeaky Wheel Get More Grease? The Direct and…,Does the Squeaky Wheel Get More Grease? The Direct and Indirect Effects of Citizen Participation on Environmental Governance in China,,1,1
Wenyuan Hua,Does the Squeaky Wheel Get More Grease? The Direct and…,Does the Squeaky Wheel Get More Grease? The Direct and Indirect Effects of Citizen Participation on Environmental Governance in China,,1,1
Wesley Greenblatt,Choose Your Moments,Choose Your Moments: Peer Review and Scientific Risk Taking,,1,1
Wesley Yin,How Effective Is (More) Money? Randomizing Unconditional Cash Transfer Amounts…,How Effective Is (More) Money? Randomizing Unconditional Cash Transfer Amounts in the US,,1,1
Wil de Jong,The global potential for natural regeneration in deforested tropical regions,The global potential for natural regeneration in deforested tropical regions,,1,1
William Copeland,The Comparative Impact of Cash Transfers and a Psychotherapy Program…,The Comparative Impact of Cash Transfers and a Psychotherapy Program on Psychological and Economic Well-being,,1,1
William Mbanyele,Does the Squeaky Wheel Get More Grease? The Direct and…,Does the Squeaky Wheel Get More Grease? The Direct and Indirect Effects of Citizen Participation on Environmental Governance in China,,1,1
William Parienté,The Comparative Impact of Cash Transfers and a Psychotherapy Program…,The Comparative Impact of Cash Transfers and a Psychotherapy Program on Psychological and Economic Well-being,,1,1
Wills Daniel,Advance Market Commitments,Advance Market Commitments: Insights from Theory and Experience,,1,1
Wilmer Marín,The global potential for natural regeneration in deforested tropical regions,The global potential for natural regeneration in deforested tropical regions,,1,1
Winfried Rief,"The Long-Run Effects of Psychotherapy on Depression, Beliefs, and Economic…","The Long-Run Effects of Psychotherapy on Depression, Beliefs, and Economic Outcomes",,1,1
Winnie Mughogho,The Comparative Impact of Cash Transfers and a Psychotherapy Program…,The Comparative Impact of Cash Transfers and a Psychotherapy Program on Psychological and Economic Well-being,,1,1
Witold Więcek,Advance Market Commitments,Advance Market Commitments: Insights from Theory and Experience,,1,1
Wolf Fïchtner,The Macroeconomic Impact of Climate Change,The Macroeconomic Impact of Climate Change: Global vs. Local Temperature,,1,1
Wolfram Schlenker,The Macroeconomic Impact of Climate Change,The Macroeconomic Impact of Climate Change: Global vs. Local Temperature,,1,1
Wyatt Brooks,Effects of Emigration on Rural Labor Markets,Effects of Emigration on Rural Labor Markets,,1,1
X. Liu,Does the Squeaky Wheel Get More Grease? The Direct and…,Does the Squeaky Wheel Get More Grease? The Direct and Indirect Effects of Citizen Participation on Environmental Governance in China,,1,1
Xi Chen,Does the Squeaky Wheel Get More Grease? The Direct and…,Does the Squeaky Wheel Get More Grease? The Direct and Indirect Effects of Citizen Participation on Environmental Governance in China,,1,1
Xianghua Wu,Does the Squeaky Wheel Get More Grease? The Direct and…,Does the Squeaky Wheel Get More Grease? The Direct and Indirect Effects of Citizen Participation on Environmental Governance in China,,1,1
Xiangjing Chen,Advance Market Commitments,Advance Market Commitments: Insights from Theory and Experience,,1,1
Xiangyang Yang,Does the Squeaky Wheel Get More Grease? The Direct and…,Does the Squeaky Wheel Get More Grease? The Direct and Indirect Effects of Citizen Participation on Environmental Governance in China,,1,1
Xiao Li Zhao,Does the Squeaky Wheel Get More Grease? The Direct and…,Does the Squeaky Wheel Get More Grease? The Direct and Indirect Effects of Citizen Participation on Environmental Governance in China,,1,1
Xiaofeng Zhao,Does the Squeaky Wheel Get More Grease? The Direct and…,Does the Squeaky Wheel Get More Grease? The Direct and Indirect Effects of Citizen Participation on Environmental Governance in China,,1,1
Xiaohu Luo,Does the Squeaky Wheel Get More Grease? The Direct and…,Does the Squeaky Wheel Get More Grease? The Direct and Indirect Effects of Citizen Participation on Environmental Governance in China,,1,1
Xiaohua Wang,"The Long-Run Effects of Psychotherapy on Depression, Beliefs, and Economic…","The Long-Run Effects of Psychotherapy on Depression, Beliefs, and Economic Outcomes",,1,1
Xiaolu Zhao,Does the Squeaky Wheel Get More Grease? The Direct and…,Does the Squeaky Wheel Get More Grease? The Direct and Indirect Effects of Citizen Participation on Environmental Governance in China,,1,1
Xiaomeng Zhao,Does the Squeaky Wheel Get More Grease? The Direct and…,Does the Squeaky Wheel Get More Grease? The Direct and Indirect Effects of Citizen Participation on Environmental Governance in China,,1,1
Xiaomeng Zhou,Does the Squeaky Wheel Get More Grease? The Direct and…,Does the Squeaky Wheel Get More Grease? The Direct and Indirect Effects of Citizen Participation on Environmental Governance in China,,1,1
Xiaoping Wu HKU,Does the Squeaky Wheel Get More Grease? The Direct and…,Does the Squeaky Wheel Get More Grease? The Direct and Indirect Effects of Citizen Participation on Environmental Governance in China,,1,1
Xiaosheng Qin,Does the Squeaky Wheel Get More Grease? The Direct and…,Does the Squeaky Wheel Get More Grease? The Direct and Indirect Effects of Citizen Participation on Environmental Governance in China,,1,1
Xiaoxi Wang,A Welfare Analysis of Policies Impacting Climate Change,A Welfare Analysis of Policies Impacting Climate Change,,1,1
Xiaoxue Zhao,Does the Squeaky Wheel Get More Grease? The Direct and…,Does the Squeaky Wheel Get More Grease? The Direct and Indirect Effects of Citizen Participation on Environmental Governance in China,,1,1
Xilang Shen,Does the Squeaky Wheel Get More Grease? The Direct and…,Does the Squeaky Wheel Get More Grease? The Direct and Indirect Effects of Citizen Participation on Environmental Governance in China,,1,1
Xin Hu,Does the Squeaky Wheel Get More Grease? The Direct and…,Does the Squeaky Wheel Get More Grease? The Direct and Indirect Effects of Citizen Participation on Environmental Governance in China,,1,1
Xin Li,Does the Squeaky Wheel Get More Grease? The Direct and…,Does the Squeaky Wheel Get More Grease? The Direct and Indirect Effects of Citizen Participation on Environmental Governance in China,,1,1
Xin Liu,Does the Squeaky Wheel Get More Grease? The Direct and…,Does the Squeaky Wheel Get More Grease? The Direct and Indirect Effects of Citizen Participation on Environmental Governance in China,,1,1
Xinghua Wang,Selecting the Most Effective Nudge,Selecting the Most Effective Nudge: Evidence from a Large-Scale Experiment on Immunization,,1,1
Xinglin Li,Biodiversity Risk,Biodiversity Risk,,1,1
Xinyue Fan,Does the Squeaky Wheel Get More Grease? The Direct and…,Does the Squeaky Wheel Get More Grease? The Direct and Indirect Effects of Citizen Participation on Environmental Governance in China,,1,1
Xinzheng Shi,Does the Squeaky Wheel Get More Grease? The Direct and…,Does the Squeaky Wheel Get More Grease? The Direct and Indirect Effects of Citizen Participation on Environmental Governance in China,,1,1
Xiuying Xin,Selecting the Most Effective Nudge,Selecting the Most Effective Nudge: Evidence from a Large-Scale Experiment on Immunization,,1,1
Xu Chen,Does the Squeaky Wheel Get More Grease? The Direct and…,Does the Squeaky Wheel Get More Grease? The Direct and Indirect Effects of Citizen Participation on Environmental Governance in China,,1,1
Xu Zhang,Selecting the Most Effective Nudge,Selecting the Most Effective Nudge: Evidence from a Large-Scale Experiment on Immunization,,1,1
Xudong Ren,Does the Squeaky Wheel Get More Grease? The Direct and…,Does the Squeaky Wheel Get More Grease? The Direct and Indirect Effects of Citizen Participation on Environmental Governance in China,,1,1
Xue Lan,Towards best practices in AGI safety and governance,Towards best practices in AGI safety and governance: A survey of expert opinion,,1,1
Xue Ru,Does the Squeaky Wheel Get More Grease? The Direct and…,Does the Squeaky Wheel Get More Grease? The Direct and Indirect Effects of Citizen Participation on Environmental Governance in China,,1,1
Xuesen Cheng,Adaptability and the Pivot Penalty in Science,Adaptability and the Pivot Penalty in Science,,1,1
Xunyi Jiang,Adaptability and the Pivot Penalty in Science,Adaptability and the Pivot Penalty in Science,,1,1
Xunyong Xiang,Does the Squeaky Wheel Get More Grease? The Direct and…,Does the Squeaky Wheel Get More Grease? The Direct and Indirect Effects of Citizen Participation on Environmental Governance in China,,1,1
Xuran Zeng,Biodiversity Risk,Biodiversity Risk,,1,1
Y Ishida,Building Resilient Education Systems,Building Resilient Education Systems: Evidence from Large-Scale Randomized Trials in Five Countries,,1,1
Y. V. Pavan Kumar,The Macroeconomic Impact of Climate Change,The Macroeconomic Impact of Climate Change: Global vs. Local Temperature,,1,1
Y. Wan,Selecting the Most Effective Nudge,Selecting the Most Effective Nudge: Evidence from a Large-Scale Experiment on Immunization,,1,1
Ya Tan,Does the Squeaky Wheel Get More Grease? The Direct and…,Does the Squeaky Wheel Get More Grease? The Direct and Indirect Effects of Citizen Participation on Environmental Governance in China,,1,1
Ya-Qin Zhang,Towards best practices in AGI safety and governance,Towards best practices in AGI safety and governance: A survey of expert opinion,,1,1
Yamuna Mundru,Building Resilient Education Systems,Building Resilient Education Systems: Evidence from Large-Scale Randomized Trials in Five Countries,,1,1
Yan Lou,Does the Squeaky Wheel Get More Grease? The Direct and…,Does the Squeaky Wheel Get More Grease? The Direct and Indirect Effects of Citizen Participation on Environmental Governance in China,,1,1
Yan Song,Does the Squeaky Wheel Get More Grease? The Direct and…,Does the Squeaky Wheel Get More Grease? The Direct and Indirect Effects of Citizen Participation on Environmental Governance in China,,1,1
Yanfang Jin,Does the Squeaky Wheel Get More Grease? The Direct and…,Does the Squeaky Wheel Get More Grease? The Direct and Indirect Effects of Citizen Participation on Environmental Governance in China,,1,1
Yang Yue,Effects of Emigration on Rural Labor Markets,Effects of Emigration on Rural Labor Markets,,1,1
Yangyang Xu,The Macroeconomic Impact of Climate Change,The Macroeconomic Impact of Climate Change: Global vs. Local Temperature,,1,1
Yanliu Lin,Does the Squeaky Wheel Get More Grease? The Direct and…,Does the Squeaky Wheel Get More Grease? The Direct and Indirect Effects of Citizen Participation on Environmental Governance in China,,1,1
Yanqiu Lu,Does the Squeaky Wheel Get More Grease? The Direct and…,Does the Squeaky Wheel Get More Grease? The Direct and Indirect Effects of Citizen Participation on Environmental Governance in China,,1,1
Yanyan Shen,Does the Squeaky Wheel Get More Grease? The Direct and…,Does the Squeaky Wheel Get More Grease? The Direct and Indirect Effects of Citizen Participation on Environmental Governance in China,,1,1
Yao Yao,Does the Squeaky Wheel Get More Grease? The Direct and…,Does the Squeaky Wheel Get More Grease? The Direct and Indirect Effects of Citizen Participation on Environmental Governance in China,,1,1
Yao Zhang,Does the Squeaky Wheel Get More Grease? The Direct and…,Does the Squeaky Wheel Get More Grease? The Direct and Indirect Effects of Citizen Participation on Environmental Governance in China,,1,1
Yaobin Liu,Does the Squeaky Wheel Get More Grease? The Direct and…,Does the Squeaky Wheel Get More Grease? The Direct and Indirect Effects of Citizen Participation on Environmental Governance in China,,1,1
Yasir Ahmad,Towards best practices in AGI safety and governance,Towards best practices in AGI safety and governance: A survey of expert opinion,,1,1
Yaya Li,Does the Squeaky Wheel Get More Grease? The Direct and…,Does the Squeaky Wheel Get More Grease? The Direct and Indirect Effects of Citizen Participation on Environmental Governance in China,,1,1
Yazhou Liu,Does the Squeaky Wheel Get More Grease? The Direct and…,Does the Squeaky Wheel Get More Grease? The Direct and Indirect Effects of Citizen Participation on Environmental Governance in China,,1,1
Ye Shu,Does the Squeaky Wheel Get More Grease? The Direct and…,Does the Squeaky Wheel Get More Grease? The Direct and Indirect Effects of Citizen Participation on Environmental Governance in China,,1,1
Yelin Fu,Does the Squeaky Wheel Get More Grease? The Direct and…,Does the Squeaky Wheel Get More Grease? The Direct and Indirect Effects of Citizen Participation on Environmental Governance in China,,1,1
Yi Deng,Does the Squeaky Wheel Get More Grease? The Direct and…,Does the Squeaky Wheel Get More Grease? The Direct and Indirect Effects of Citizen Participation on Environmental Governance in China,,1,1
Yi He,The Macroeconomic Impact of Climate Change,The Macroeconomic Impact of Climate Change: Global vs. Local Temperature,,1,1
Yi Lu,Does the Squeaky Wheel Get More Grease? The Direct and…,Does the Squeaky Wheel Get More Grease? The Direct and Indirect Effects of Citizen Participation on Environmental Governance in China,,1,1
Yi Shi,Does the Squeaky Wheel Get More Grease? The Direct and…,Does the Squeaky Wheel Get More Grease? The Direct and Indirect Effects of Citizen Participation on Environmental Governance in China,,1,1
Yi Song,Does the Squeaky Wheel Get More Grease? The Direct and…,Does the Squeaky Wheel Get More Grease? The Direct and Indirect Effects of Citizen Participation on Environmental Governance in China,,1,1
Yifang Ma,Adaptability and the Pivot Penalty in Science,Adaptability and the Pivot Penalty in Science,,1,1
Yifei Quan,A Welfare Analysis of Policies Impacting Climate Change,A Welfare Analysis of Policies Impacting Climate Change,,1,1
Yihao Zhao,Biodiversity Risk,Biodiversity Risk,,1,1
Yile Jiang,Does the Squeaky Wheel Get More Grease? The Direct and…,Does the Squeaky Wheel Get More Grease? The Direct and Indirect Effects of Citizen Participation on Environmental Governance in China,,1,1
Yimin Wang,Advance Market Commitments,Advance Market Commitments: Insights from Theory and Experience,,1,1
Yiming Tang,"The Long-Run Effects of Psychotherapy on Depression, Beliefs, and Economic…","The Long-Run Effects of Psychotherapy on Depression, Beliefs, and Economic Outcomes",,1,1
Ying Jiang,The Macroeconomic Impact of Climate Change,The Macroeconomic Impact of Climate Change: Global vs. Local Temperature,,1,1
Ying Liu,Does the Squeaky Wheel Get More Grease? The Direct and…,Does the Squeaky Wheel Get More Grease? The Direct and Indirect Effects of Citizen Participation on Environmental Governance in China,,1,1
Yingjia Zhai,Does the Squeaky Wheel Get More Grease? The Direct and…,Does the Squeaky Wheel Get More Grease? The Direct and Indirect Effects of Citizen Participation on Environmental Governance in China,,1,1
Yingming Zhu,Does the Squeaky Wheel Get More Grease? The Direct and…,Does the Squeaky Wheel Get More Grease? The Direct and Indirect Effects of Citizen Participation on Environmental Governance in China,,1,1
Yingshui Yao,The Effect of Public Science on Corporate R&amp;D,The Effect of Public Science on Corporate R&amp;D,,1,1
Yingtong Chen,Biodiversity Risk,Biodiversity Risk,,1,1
Yingxue Sun,Does the Squeaky Wheel Get More Grease? The Direct and…,Does the Squeaky Wheel Get More Grease? The Direct and Indirect Effects of Citizen Participation on Environmental Governance in China,,1,1
Yingying Hu,Does the Squeaky Wheel Get More Grease? The Direct and…,Does the Squeaky Wheel Get More Grease? The Direct and Indirect Effects of Citizen Participation on Environmental Governance in China,,1,1
Yinhe Liang,Does the Squeaky Wheel Get More Grease? The Direct and…,Does the Squeaky Wheel Get More Grease? The Direct and Indirect Effects of Citizen Participation on Environmental Governance in China,,1,1
Yinna Chen,Does the Squeaky Wheel Get More Grease? The Direct and…,Does the Squeaky Wheel Get More Grease? The Direct and Indirect Effects of Citizen Participation on Environmental Governance in China,,1,1
Yixin Dai,Does the Squeaky Wheel Get More Grease? The Direct and…,Does the Squeaky Wheel Get More Grease? The Direct and Indirect Effects of Citizen Participation on Environmental Governance in China,,1,1
Yogita Shamdasani,Effects of Emigration on Rural Labor Markets,Effects of Emigration on Rural Labor Markets,,1,1
Yoko Ibuka,Intergenerational Child Mortality Impacts of Deworming,Intergenerational Child Mortality Impacts of Deworming: Experimental Evidence from Two Decades of the Kenya Life Panel Survey,,1,1
Yong Sun,Does the Squeaky Wheel Get More Grease? The Direct and…,Does the Squeaky Wheel Get More Grease? The Direct and Indirect Effects of Citizen Participation on Environmental Governance in China,,1,1
Yongping Wei,Stagnation and Scientific Incentives,Stagnation and Scientific Incentives,,1,1
Yongsheng Xu,Biodiversity Risk,Biodiversity Risk,,1,1
Yongzeng Lai,Does the Squeaky Wheel Get More Grease? The Direct and…,Does the Squeaky Wheel Get More Grease? The Direct and Indirect Effects of Citizen Participation on Environmental Governance in China,,1,1
Yoon Ah Shin,The Macroeconomic Impact of Climate Change,The Macroeconomic Impact of Climate Change: Global vs. Local Temperature,,1,1
Yoshua Bengio,Towards best practices in AGI safety and governance,Towards best practices in AGI safety and governance: A survey of expert opinion,,1,1
Youjia Liang,Biodiversity Risk,Biodiversity Risk,,1,1
Young‐Min Lee,Effects of Emigration on Rural Labor Markets,Effects of Emigration on Rural Labor Markets,,1,1
Yu Diao,Does the Squeaky Wheel Get More Grease? The Direct and…,Does the Squeaky Wheel Get More Grease? The Direct and Indirect Effects of Citizen Participation on Environmental Governance in China,,1,1
Yu Luo,Urban Forests,Urban Forests: Environmental Health Values and Risks,,1,1
Yu Xie,Does the Squeaky Wheel Get More Grease? The Direct and…,Does the Squeaky Wheel Get More Grease? The Direct and Indirect Effects of Citizen Participation on Environmental Governance in China,,1,1
Yuanyuan Yi,The global potential for natural regeneration in deforested tropical regions,The global potential for natural regeneration in deforested tropical regions,,1,1
Yue Li,Does the Squeaky Wheel Get More Grease? The Direct and…,Does the Squeaky Wheel Get More Grease? The Direct and Indirect Effects of Citizen Participation on Environmental Governance in China,,1,1
Yuechuan Zhao,Does the Squeaky Wheel Get More Grease? The Direct and…,Does the Squeaky Wheel Get More Grease? The Direct and Indirect Effects of Citizen Participation on Environmental Governance in China,,1,1
Yuhan Zhou,Biodiversity Risk,Biodiversity Risk,,1,1
Yujie Liu,Does the Squeaky Wheel Get More Grease? The Direct and…,Does the Squeaky Wheel Get More Grease? The Direct and Indirect Effects of Citizen Participation on Environmental Governance in China,,1,1
Yujing Ma,Does the Squeaky Wheel Get More Grease? The Direct and…,Does the Squeaky Wheel Get More Grease? The Direct and Indirect Effects of Citizen Participation on Environmental Governance in China,,1,1
Yujun Huang,Biodiversity Risk,Biodiversity Risk,,1,1
Yukun Shi,The Macroeconomic Impact of Climate Change,The Macroeconomic Impact of Climate Change: Global vs. Local Temperature,,1,1
Yunhong Lyu,Urban Forests,Urban Forests: Environmental Health Values and Risks,,1,1
Yunqian Cheng,Does the Squeaky Wheel Get More Grease? The Direct and…,Does the Squeaky Wheel Get More Grease? The Direct and Indirect Effects of Citizen Participation on Environmental Governance in China,,1,1
Yurui Huang,Adaptability and the Pivot Penalty in Science,Adaptability and the Pivot Penalty in Science,,1,1
Yusuf Neggers,Effects of Emigration on Rural Labor Markets,Effects of Emigration on Rural Labor Markets,,1,1
Yuta J. Masuda,Does the Squeaky Wheel Get More Grease? The Direct and…,Does the Squeaky Wheel Get More Grease? The Direct and Indirect Effects of Citizen Participation on Environmental Governance in China,,1,1
Yuval Noah Harari,Towards best practices in AGI safety and governance,Towards best practices in AGI safety and governance: A survey of expert opinion,,1,1
Yuyu Chen,Effects of Emigration on Rural Labor Markets,Effects of Emigration on Rural Labor Markets,,1,1
Yves Schaeffer,Urban Forests,Urban Forests: Environmental Health Values and Risks,,1,1
Zacharias Sautner,Biodiversity Risk,Biodiversity Risk,,1,1
Zafar Fatmi,The Effect of Lead Exposure on Children’s Learning in the…,The Effect of Lead Exposure on Children’s Learning in the Developing World: A Meta-Analysis,,1,1
Zafeer Ravat,Advance Market Commitments,Advance Market Commitments: Insights from Theory and Experience,,1,1
Zakaria Seidu,The Effect of Lead Exposure on Children’s Learning in the…,The Effect of Lead Exposure on Children’s Learning in the Developing World: A Meta-Analysis,,1,1
Zarif Bin Akhtar,Towards best practices in AGI safety and governance,Towards best practices in AGI safety and governance: A survey of expert opinion,,1,1
Zehua Chen,Does the Squeaky Wheel Get More Grease? The Direct and…,Does the Squeaky Wheel Get More Grease? The Direct and Indirect Effects of Citizen Participation on Environmental Governance in China,,1,1
Zehui Bu,Does the Squeaky Wheel Get More Grease? The Direct and…,Does the Squeaky Wheel Get More Grease? The Direct and Indirect Effects of Citizen Participation on Environmental Governance in China,,1,1
Zelalem Terfa,Selecting the Most Effective Nudge,Selecting the Most Effective Nudge: Evidence from a Large-Scale Experiment on Immunization,,1,1
Zenghui Li,Does the Squeaky Wheel Get More Grease? The Direct and…,Does the Squeaky Wheel Get More Grease? The Direct and Indirect Effects of Citizen Participation on Environmental Governance in China,,1,1
Zhao Liu,Does the Squeaky Wheel Get More Grease? The Direct and…,Does the Squeaky Wheel Get More Grease? The Direct and Indirect Effects of Citizen Participation on Environmental Governance in China,,1,1
Zhehong Xu,Does the Squeaky Wheel Get More Grease? The Direct and…,Does the Squeaky Wheel Get More Grease? The Direct and Indirect Effects of Citizen Participation on Environmental Governance in China,,1,1
Zhen Li,Does the Squeaky Wheel Get More Grease? The Direct and…,Does the Squeaky Wheel Get More Grease? The Direct and Indirect Effects of Citizen Participation on Environmental Governance in China,,1,1
Zhenhua Wu,Does the Squeaky Wheel Get More Grease? The Direct and…,Does the Squeaky Wheel Get More Grease? The Direct and Indirect Effects of Citizen Participation on Environmental Governance in China,,1,1
Zhenzhong Zeng,Does the Squeaky Wheel Get More Grease? The Direct and…,Does the Squeaky Wheel Get More Grease? The Direct and Indirect Effects of Citizen Participation on Environmental Governance in China,,1,1
Zhichen Huang,Does the Squeaky Wheel Get More Grease? The Direct and…,Does the Squeaky Wheel Get More Grease? The Direct and Indirect Effects of Citizen Participation on Environmental Governance in China,,1,1
Zhijiu Yang,Does the Squeaky Wheel Get More Grease? The Direct and…,Does the Squeaky Wheel Get More Grease? The Direct and Indirect Effects of Citizen Participation on Environmental Governance in China,,1,1
Zhiqiang Zhang,Does the Squeaky Wheel Get More Grease? The Direct and…,Does the Squeaky Wheel Get More Grease? The Direct and Indirect Effects of Citizen Participation on Environmental Governance in China,,1,1
Zhiqiao Xiong,Does the Squeaky Wheel Get More Grease? The Direct and…,Does the Squeaky Wheel Get More Grease? The Direct and Indirect Effects of Citizen Participation on Environmental Governance in China,,1,1
Zhirong Zheng,Does the Squeaky Wheel Get More Grease? The Direct and…,Does the Squeaky Wheel Get More Grease? The Direct and Indirect Effects of Citizen Participation on Environmental Governance in China,,1,1
Zhiyuan Chen,Does the Squeaky Wheel Get More Grease? The Direct and…,Does the Squeaky Wheel Get More Grease? The Direct and Indirect Effects of Citizen Participation on Environmental Governance in China,,1,1
Zhongjian Lin,Selecting the Most Effective Nudge,Selecting the Most Effective Nudge: Evidence from a Large-Scale Experiment on Immunization,,1,1
Zhou Jian-ping,Does the Squeaky Wheel Get More Grease? The Direct and…,Does the Squeaky Wheel Get More Grease? The Direct and Indirect Effects of Citizen Participation on Environmental Governance in China,,1,1
Zhuo Wu,Does the Squeaky Wheel Get More Grease? The Direct and…,Does the Squeaky Wheel Get More Grease? The Direct and Indirect Effects of Citizen Participation on Environmental Governance in China,,1,1
Zijun Li,Does the Squeaky Wheel Get More Grease? The Direct and…,Does the Squeaky Wheel Get More Grease? The Direct and Indirect Effects of Citizen Participation on Environmental Governance in China,,1,1
Zishen Tang,Does the Squeaky Wheel Get More Grease? The Direct and…,Does the Squeaky Wheel Get More Grease? The Direct and Indirect Effects of Citizen Participation on Environmental Governance in China,,1,1
Ziyan Zhang,Stagnation and Scientific Incentives,Stagnation and Scientific Incentives,,1,1
Zoe Cremer,Population ethical intuitions,Population ethical intuitions,,1,1
Zuoxiang Zhao,Does the Squeaky Wheel Get More Grease? The Direct and…,Does the Squeaky Wheel Get More Grease? The Direct and Indirect Effects of Citizen Participation on Environmental Governance in China,,1,1
Zwetelina Iliewa,Ends versus Means,"Ends versus Means: Kantians, Utilitarians, and Moral Decisions",,1,1
nasir khan khattak,Biodiversity Risk,Biodiversity Risk,,1,1
Élisabeth Sadoulet,Selecting the Most Effective Nudge,Selecting the Most Effective Nudge: Evidence from a Large-Scale Experiment on Immunization,,1,1
Óscar Vicente-Chirivella,The Effect of Public Science on Corporate R&amp;D,The Effect of Public Science on Corporate R&amp;D,,1,1
İrem Erten,Biodiversity Risk,Biodiversity Risk,,1,1
Łukasz Gajewski,Long term cost-effectiveness of resilient foods for global catastrophes compared…,Long term cost-effectiveness of resilient foods for global catastrophes compared to artificial general intelligence safety,,1,1
Εvanthia Sakellari,The Effect of Public Science on Corporate R&amp;D,The Effect of Public Science on Corporate R&amp;D,,1,1
Ірина Дьогтєва,Choose Your Moments,Choose Your Moments: Peer Review and Scientific Risk Taking,,1,1
Анатолій Антонович Шиян,Choose Your Moments,Choose Your Moments: Peer Review and Scientific Risk Taking,,1,1
В. М. Семенова,Selecting the Most Effective Nudge,Selecting the Most Effective Nudge: Evidence from a Large-Scale Experiment on Immunization,,1,1
Е. Г. Ильин,Long term cost-effectiveness of resilient foods for global catastrophes compared…,Long term cost-effectiveness of resilient foods for global catastrophes compared to artificial general intelligence safety,,1,1
Рубен Ениколопов,Misperceptions and Demand for Democracy under Authoritarianism,Misperceptions and Demand for Democracy under Authoritarianism,,1,1
Сергій Жарінов,Choose Your Moments,Choose Your Moments: Peer Review and Scientific Risk Taking,,1,1
辰史 山形,Advance Market Commitments,Advance Market Commitments: Insights from Theory and Experience,,1,1
