author,n_seed_dois_cited,n_citing_works,seed_dois,seed_short_titles,seed_titles_full
Esther Duflo,4,5,10.1257/aeri.20210612; 10.3386/w28726; 10.3386/w30011; 10.3386/w32728,"Cognitive Behavioral Therapy among Ghana's Rural Poor Is Effective Regardless…; Selecting the Most Effective Nudge; The Long-Run Effects of Psychotherapy on Depression, Beliefs, and Economic…; A Welfare Analysis of Policies Impacting Climate Change","Cognitive Behavioral Therapy among Ghana's Rural Poor Is Effective Regardless of Baseline Mental Distress; Selecting the Most Effective Nudge: Evidence from a Large-Scale Experiment on Immunization; The Long-Run Effects of Psychotherapy on Depression, Beliefs, and Economic Outcomes; A Welfare Analysis of Policies Impacting Climate Change"
Julian Jamison,4,5,10.1257/aeri.20210612; 10.2139/ssrn.4154000; 10.3386/w28726; 10.3386/w30011,"Cognitive Behavioral Therapy among Ghana's Rural Poor Is Effective Regardless…; How Effective Is (More) Money? Randomizing Unconditional Cash Transfer Amounts…; Selecting the Most Effective Nudge; The Long-Run Effects of Psychotherapy on Depression, Beliefs, and Economic…","Cognitive Behavioral Therapy among Ghana's Rural Poor Is Effective Regardless of Baseline Mental Distress; How Effective Is (More) Money? Randomizing Unconditional Cash Transfer Amounts in the US; Selecting the Most Effective Nudge: Evidence from a Large-Scale Experiment on Immunization; The Long-Run Effects of Psychotherapy on Depression, Beliefs, and Economic Outcomes"
Berk Özler,4,3,10.2139/ssrn.4154000; 10.3386/w23929; 10.3386/w28726; 10.3386/w30011,"How Effective Is (More) Money? Randomizing Unconditional Cash Transfer Amounts…; Effects of Emigration on Rural Labor Markets; Selecting the Most Effective Nudge; The Long-Run Effects of Psychotherapy on Depression, Beliefs, and Economic…","How Effective Is (More) Money? Randomizing Unconditional Cash Transfer Amounts in the US; Effects of Emigration on Rural Labor Markets; Selecting the Most Effective Nudge: Evidence from a Large-Scale Experiment on Immunization; The Long-Run Effects of Psychotherapy on Depression, Beliefs, and Economic Outcomes"
Johannes Haushofer,3,10,10.1257/aeri.20210612; 10.3386/w28106; 10.3386/w30011,"Cognitive Behavioral Therapy among Ghana's Rural Poor Is Effective Regardless…; The Comparative Impact of Cash Transfers and a Psychotherapy Program…; The Long-Run Effects of Psychotherapy on Depression, Beliefs, and Economic…","Cognitive Behavioral Therapy among Ghana's Rural Poor Is Effective Regardless of Baseline Mental Distress; The Comparative Impact of Cash Transfers and a Psychotherapy Program on Psychological and Economic Well-being; The Long-Run Effects of Psychotherapy on Depression, Beliefs, and Economic Outcomes"
Ahmed Mushfiq Mobarak,3,8,10.3386/w23929; 10.3386/w28726; 10.3386/w30011,"Effects of Emigration on Rural Labor Markets; Selecting the Most Effective Nudge; The Long-Run Effects of Psychotherapy on Depression, Beliefs, and Economic…","Effects of Emigration on Rural Labor Markets; Selecting the Most Effective Nudge: Evidence from a Large-Scale Experiment on Immunization; The Long-Run Effects of Psychotherapy on Depression, Beliefs, and Economic Outcomes"
Dean Karlan,3,7,10.1257/aeri.20210612; 10.3386/w28106; 10.3386/w28726,Cognitive Behavioral Therapy among Ghana's Rural Poor Is Effective Regardless…; The Comparative Impact of Cash Transfers and a Psychotherapy Program…; Selecting the Most Effective Nudge,Cognitive Behavioral Therapy among Ghana's Rural Poor Is Effective Regardless of Baseline Mental Distress; The Comparative Impact of Cash Transfers and a Psychotherapy Program on Psychological and Economic Well-being; Selecting the Most Effective Nudge: Evidence from a Large-Scale Experiment on Immunization
Vikram Patel,3,6,10.1257/aeri.20210612; 10.3386/w28106; 10.3386/w30011,"Cognitive Behavioral Therapy among Ghana's Rural Poor Is Effective Regardless…; The Comparative Impact of Cash Transfers and a Psychotherapy Program…; The Long-Run Effects of Psychotherapy on Depression, Beliefs, and Economic…","Cognitive Behavioral Therapy among Ghana's Rural Poor Is Effective Regardless of Baseline Mental Distress; The Comparative Impact of Cash Transfers and a Psychotherapy Program on Psychological and Economic Well-being; The Long-Run Effects of Psychotherapy on Depression, Beliefs, and Economic Outcomes"
Abhijit Banerjee,3,5,10.1257/aeri.20210612; 10.3386/w28726; 10.3386/w30011,"Cognitive Behavioral Therapy among Ghana's Rural Poor Is Effective Regardless…; Selecting the Most Effective Nudge; The Long-Run Effects of Psychotherapy on Depression, Beliefs, and Economic…","Cognitive Behavioral Therapy among Ghana's Rural Poor Is Effective Regardless of Baseline Mental Distress; Selecting the Most Effective Nudge: Evidence from a Large-Scale Experiment on Immunization; The Long-Run Effects of Psychotherapy on Depression, Beliefs, and Economic Outcomes"
Asad Islam,3,5,10.1257/aeri.20210612; 10.3386/w28106; 10.3386/w30011,"Cognitive Behavioral Therapy among Ghana's Rural Poor Is Effective Regardless…; The Comparative Impact of Cash Transfers and a Psychotherapy Program…; The Long-Run Effects of Psychotherapy on Depression, Beliefs, and Economic…","Cognitive Behavioral Therapy among Ghana's Rural Poor Is Effective Regardless of Baseline Mental Distress; The Comparative Impact of Cash Transfers and a Psychotherapy Program on Psychological and Economic Well-being; The Long-Run Effects of Psychotherapy on Depression, Beliefs, and Economic Outcomes"
David E. Bloom,3,5,10.1257/pandp.20201017; 10.3386/w26775; 10.3386/w30202,Advance Market Commitments; Advance Market Commitments; Economic vs. Epidemiological Approaches to Measuring the Human Capital Impacts…,Advance Market Commitments: Insights from Theory and Experience; Advance Market Commitments: Insights from Theory and Experience; Economic vs. Epidemiological Approaches to Measuring the Human Capital Impacts of Infectious Disease Elimination
David Manheim,3,5,10.1257/pandp.20201017; 10.3386/w23928; 10.48550/arxiv.2305.07153,Advance Market Commitments; Artificial Intelligence and Economic Growth; Towards best practices in AGI safety and governance,Advance Market Commitments: Insights from Theory and Experience; Artificial Intelligence and Economic Growth; Towards best practices in AGI safety and governance: A survey of expert opinion
Gharad Bryan,3,5,10.3386/w23929; 10.3386/w28106; 10.3386/w28726,Effects of Emigration on Rural Labor Markets; The Comparative Impact of Cash Transfers and a Psychotherapy Program…; Selecting the Most Effective Nudge,Effects of Emigration on Rural Labor Markets; The Comparative Impact of Cash Transfers and a Psychotherapy Program on Psychological and Economic Well-being; Selecting the Most Effective Nudge: Evidence from a Large-Scale Experiment on Immunization
Kate Orkin,3,5,10.1257/aeri.20210612; 10.3386/w28106; 10.3386/w30011,"Cognitive Behavioral Therapy among Ghana's Rural Poor Is Effective Regardless…; The Comparative Impact of Cash Transfers and a Psychotherapy Program…; The Long-Run Effects of Psychotherapy on Depression, Beliefs, and Economic…","Cognitive Behavioral Therapy among Ghana's Rural Poor Is Effective Regardless of Baseline Mental Distress; The Comparative Impact of Cash Transfers and a Psychotherapy Program on Psychological and Economic Well-being; The Long-Run Effects of Psychotherapy on Depression, Beliefs, and Economic Outcomes"
Tabassum Rahman,3,5,10.1257/aeri.20210612; 10.3386/w28106; 10.3386/w30011,"Cognitive Behavioral Therapy among Ghana's Rural Poor Is Effective Regardless…; The Comparative Impact of Cash Transfers and a Psychotherapy Program…; The Long-Run Effects of Psychotherapy on Depression, Beliefs, and Economic…","Cognitive Behavioral Therapy among Ghana's Rural Poor Is Effective Regardless of Baseline Mental Distress; The Comparative Impact of Cash Transfers and a Psychotherapy Program on Psychological and Economic Well-being; The Long-Run Effects of Psychotherapy on Depression, Beliefs, and Economic Outcomes"
Christopher Blattman,3,4,10.1257/aeri.20210612; 10.2139/ssrn.4154000; 10.3386/w30011,"Cognitive Behavioral Therapy among Ghana's Rural Poor Is Effective Regardless…; How Effective Is (More) Money? Randomizing Unconditional Cash Transfer Amounts…; The Long-Run Effects of Psychotherapy on Depression, Beliefs, and Economic…","Cognitive Behavioral Therapy among Ghana's Rural Poor Is Effective Regardless of Baseline Mental Distress; How Effective Is (More) Money? Randomizing Unconditional Cash Transfer Amounts in the US; The Long-Run Effects of Psychotherapy on Depression, Beliefs, and Economic Outcomes"
Crick Lund,3,4,10.1257/aeri.20210612; 10.3386/w28106; 10.3386/w30011,"Cognitive Behavioral Therapy among Ghana's Rural Poor Is Effective Regardless…; The Comparative Impact of Cash Transfers and a Psychotherapy Program…; The Long-Run Effects of Psychotherapy on Depression, Beliefs, and Economic…","Cognitive Behavioral Therapy among Ghana's Rural Poor Is Effective Regardless of Baseline Mental Distress; The Comparative Impact of Cash Transfers and a Psychotherapy Program on Psychological and Economic Well-being; The Long-Run Effects of Psychotherapy on Depression, Beliefs, and Economic Outcomes"
Judith Bass,3,4,10.1257/aeri.20210612; 10.3386/w28106; 10.3386/w30011,"Cognitive Behavioral Therapy among Ghana's Rural Poor Is Effective Regardless…; The Comparative Impact of Cash Transfers and a Psychotherapy Program…; The Long-Run Effects of Psychotherapy on Depression, Beliefs, and Economic…","Cognitive Behavioral Therapy among Ghana's Rural Poor Is Effective Regardless of Baseline Mental Distress; The Comparative Impact of Cash Transfers and a Psychotherapy Program on Psychological and Economic Well-being; The Long-Run Effects of Psychotherapy on Depression, Beliefs, and Economic Outcomes"
Margaret A. Sheridan,3,4,10.1257/aeri.20210612; 10.2139/ssrn.4154000; 10.3386/w30011,"Cognitive Behavioral Therapy among Ghana's Rural Poor Is Effective Regardless…; How Effective Is (More) Money? Randomizing Unconditional Cash Transfer Amounts…; The Long-Run Effects of Psychotherapy on Depression, Beliefs, and Economic…","Cognitive Behavioral Therapy among Ghana's Rural Poor Is Effective Regardless of Baseline Mental Distress; How Effective Is (More) Money? Randomizing Unconditional Cash Transfer Amounts in the US; The Long-Run Effects of Psychotherapy on Depression, Beliefs, and Economic Outcomes"
Nathan Barker,3,4,10.1257/aeri.20210612; 10.3386/w23929; 10.3386/w28106,Cognitive Behavioral Therapy among Ghana's Rural Poor Is Effective Regardless…; Effects of Emigration on Rural Labor Markets; The Comparative Impact of Cash Transfers and a Psychotherapy Program…,Cognitive Behavioral Therapy among Ghana's Rural Poor Is Effective Regardless of Baseline Mental Distress; Effects of Emigration on Rural Labor Markets; The Comparative Impact of Cash Transfers and a Psychotherapy Program on Psychological and Economic Well-being
Wietse A. Tol,3,4,10.1257/aeri.20210612; 10.3386/w28106; 10.3386/w30011,"Cognitive Behavioral Therapy among Ghana's Rural Poor Is Effective Regardless…; The Comparative Impact of Cash Transfers and a Psychotherapy Program…; The Long-Run Effects of Psychotherapy on Depression, Beliefs, and Economic…","Cognitive Behavioral Therapy among Ghana's Rural Poor Is Effective Regardless of Baseline Mental Distress; The Comparative Impact of Cash Transfers and a Psychotherapy Program on Psychological and Economic Well-being; The Long-Run Effects of Psychotherapy on Depression, Beliefs, and Economic Outcomes"
Abu Bakkar Siddique,3,3,10.1257/aeri.20210612; 10.3386/w28106; 10.3386/w30011,"Cognitive Behavioral Therapy among Ghana's Rural Poor Is Effective Regardless…; The Comparative Impact of Cash Transfers and a Psychotherapy Program…; The Long-Run Effects of Psychotherapy on Depression, Beliefs, and Economic…","Cognitive Behavioral Therapy among Ghana's Rural Poor Is Effective Regardless of Baseline Mental Distress; The Comparative Impact of Cash Transfers and a Psychotherapy Program on Psychological and Economic Well-being; The Long-Run Effects of Psychotherapy on Depression, Beliefs, and Economic Outcomes"
David Reinstein,3,3,10.1257/pandp.20201017; 10.3386/w23929; 10.3386/w30740,"Advance Market Commitments; Effects of Emigration on Rural Labor Markets; When do ""Nudges"" Increase Welfare?","Advance Market Commitments: Insights from Theory and Experience; Effects of Emigration on Rural Labor Markets; When do ""Nudges"" Increase Welfare?"
Frank Schilbach,3,3,10.1257/aeri.20210612; 10.3386/w28106; 10.3386/w30011,"Cognitive Behavioral Therapy among Ghana's Rural Poor Is Effective Regardless…; The Comparative Impact of Cash Transfers and a Psychotherapy Program…; The Long-Run Effects of Psychotherapy on Depression, Beliefs, and Economic…","Cognitive Behavioral Therapy among Ghana's Rural Poor Is Effective Regardless of Baseline Mental Distress; The Comparative Impact of Cash Transfers and a Psychotherapy Program on Psychological and Economic Well-being; The Long-Run Effects of Psychotherapy on Depression, Beliefs, and Economic Outcomes"
John A. List,3,3,10.3386/w23929; 10.3386/w30740; 10.3386/w32093,"Effects of Emigration on Rural Labor Markets; When do ""Nudges"" Increase Welfare?; Cash Transfers for Child Development","Effects of Emigration on Rural Labor Markets; When do ""Nudges"" Increase Welfare?; Cash Transfers for Child Development: Experimental Evidence from India"
John R. Walker,3,3,10.1257/aeri.20210612; 10.3386/w28106; 10.3386/w30011,"Cognitive Behavioral Therapy among Ghana's Rural Poor Is Effective Regardless…; The Comparative Impact of Cash Transfers and a Psychotherapy Program…; The Long-Run Effects of Psychotherapy on Depression, Beliefs, and Economic…","Cognitive Behavioral Therapy among Ghana's Rural Poor Is Effective Regardless of Baseline Mental Distress; The Comparative Impact of Cash Transfers and a Psychotherapy Program on Psychological and Economic Well-being; The Long-Run Effects of Psychotherapy on Depression, Beliefs, and Economic Outcomes"
Laura Murray,3,3,10.1257/aeri.20210612; 10.3386/w28106; 10.3386/w30011,"Cognitive Behavioral Therapy among Ghana's Rural Poor Is Effective Regardless…; The Comparative Impact of Cash Transfers and a Psychotherapy Program…; The Long-Run Effects of Psychotherapy on Depression, Beliefs, and Economic…","Cognitive Behavioral Therapy among Ghana's Rural Poor Is Effective Regardless of Baseline Mental Distress; The Comparative Impact of Cash Transfers and a Psychotherapy Program on Psychological and Economic Well-being; The Long-Run Effects of Psychotherapy on Depression, Beliefs, and Economic Outcomes"
Mahreen Mahmud,3,3,10.1257/aeri.20210612; 10.3386/w28726; 10.3386/w30011,"Cognitive Behavioral Therapy among Ghana's Rural Poor Is Effective Regardless…; Selecting the Most Effective Nudge; The Long-Run Effects of Psychotherapy on Depression, Beliefs, and Economic…","Cognitive Behavioral Therapy among Ghana's Rural Poor Is Effective Regardless of Baseline Mental Distress; Selecting the Most Effective Nudge: Evidence from a Large-Scale Experiment on Immunization; The Long-Run Effects of Psychotherapy on Depression, Beliefs, and Economic Outcomes"
Marc Witte,3,3,10.1257/aeri.20210612; 10.3386/w28106; 10.3386/w30011,"Cognitive Behavioral Therapy among Ghana's Rural Poor Is Effective Regardless…; The Comparative Impact of Cash Transfers and a Psychotherapy Program…; The Long-Run Effects of Psychotherapy on Depression, Beliefs, and Economic…","Cognitive Behavioral Therapy among Ghana's Rural Poor Is Effective Regardless of Baseline Mental Distress; The Comparative Impact of Cash Transfers and a Psychotherapy Program on Psychological and Economic Well-being; The Long-Run Effects of Psychotherapy on Depression, Beliefs, and Economic Outcomes"
Sarah M. Murray,3,3,10.1257/aeri.20210612; 10.3386/w28106; 10.3386/w30011,"Cognitive Behavioral Therapy among Ghana's Rural Poor Is Effective Regardless…; The Comparative Impact of Cash Transfers and a Psychotherapy Program…; The Long-Run Effects of Psychotherapy on Depression, Beliefs, and Economic…","Cognitive Behavioral Therapy among Ghana's Rural Poor Is Effective Regardless of Baseline Mental Distress; The Comparative Impact of Cash Transfers and a Psychotherapy Program on Psychological and Economic Well-being; The Long-Run Effects of Psychotherapy on Depression, Beliefs, and Economic Outcomes"
Thandi Davies,3,3,10.1257/aeri.20210612; 10.3386/w28106; 10.3386/w30011,"Cognitive Behavioral Therapy among Ghana's Rural Poor Is Effective Regardless…; The Comparative Impact of Cash Transfers and a Psychotherapy Program…; The Long-Run Effects of Psychotherapy on Depression, Beliefs, and Economic…","Cognitive Behavioral Therapy among Ghana's Rural Poor Is Effective Regardless of Baseline Mental Distress; The Comparative Impact of Cash Transfers and a Psychotherapy Program on Psychological and Economic Well-being; The Long-Run Effects of Psychotherapy on Depression, Beliefs, and Economic Outcomes"
Francesco Capozza,3,2,10.2139/ssrn.3938994; 10.3386/w28106; 10.3386/w30011,"Information Avoidance and Moral Behavior; The Comparative Impact of Cash Transfers and a Psychotherapy Program…; The Long-Run Effects of Psychotherapy on Depression, Beliefs, and Economic…","Information Avoidance and Moral Behavior: Experimental Evidence from Food Choices; The Comparative Impact of Cash Transfers and a Psychotherapy Program on Psychological and Economic Well-being; The Long-Run Effects of Psychotherapy on Depression, Beliefs, and Economic Outcomes"
Luca Parisotto,3,2,10.2139/ssrn.4154000; 10.3386/w28726; 10.3386/w30011,"How Effective Is (More) Money? Randomizing Unconditional Cash Transfer Amounts…; Selecting the Most Effective Nudge; The Long-Run Effects of Psychotherapy on Depression, Beliefs, and Economic…","How Effective Is (More) Money? Randomizing Unconditional Cash Transfer Amounts in the US; Selecting the Most Effective Nudge: Evidence from a Large-Scale Experiment on Immunization; The Long-Run Effects of Psychotherapy on Depression, Beliefs, and Economic Outcomes"
Sarah Baird,3,2,10.2139/ssrn.4154000; 10.3386/w23929; 10.3386/w30011,"How Effective Is (More) Money? Randomizing Unconditional Cash Transfer Amounts…; Effects of Emigration on Rural Labor Markets; The Long-Run Effects of Psychotherapy on Depression, Beliefs, and Economic…","How Effective Is (More) Money? Randomizing Unconditional Cash Transfer Amounts in the US; Effects of Emigration on Rural Labor Markets; The Long-Run Effects of Psychotherapy on Depression, Beliefs, and Economic Outcomes"
Michael Mulford,3,1,10.1257/aeri.20210612; 10.3386/w28106; 10.3386/w30011,"Cognitive Behavioral Therapy among Ghana's Rural Poor Is Effective Regardless…; The Comparative Impact of Cash Transfers and a Psychotherapy Program…; The Long-Run Effects of Psychotherapy on Depression, Beliefs, and Economic…","Cognitive Behavioral Therapy among Ghana's Rural Poor Is Effective Regardless of Baseline Mental Distress; The Comparative Impact of Cash Transfers and a Psychotherapy Program on Psychological and Economic Well-being; The Long-Run Effects of Psychotherapy on Depression, Beliefs, and Economic Outcomes"
Ugo Gentilini,2,18,10.2139/ssrn.4154000; 10.3386/w28106,How Effective Is (More) Money? Randomizing Unconditional Cash Transfer Amounts…; The Comparative Impact of Cash Transfers and a Psychotherapy Program…,How Effective Is (More) Money? Randomizing Unconditional Cash Transfer Amounts in the US; The Comparative Impact of Cash Transfers and a Psychotherapy Program on Psychological and Economic Well-being
David Denkenberger,2,9,10.1016/j.ijdrr.2022.102798; 10.31219/osf.io/vrmpf,Long term cost-effectiveness of resilient foods for global catastrophes compared…; Long Term Cost-Effectiveness of Resilient Foods for Global Catastrophes Compared…,Long term cost-effectiveness of resilient foods for global catastrophes compared to artificial general intelligence safety; Long Term Cost-Effectiveness of Resilient Foods for Global Catastrophes Compared to Artificial General Intelligence Safety
Matthew O. Jackson,2,7,10.3386/w23928; 10.3386/w28726,Artificial Intelligence and Economic Growth; Selecting the Most Effective Nudge,Artificial Intelligence and Economic Growth; Selecting the Most Effective Nudge: Evidence from a Large-Scale Experiment on Immunization
Christopher B. Barrett,2,6,10.1257/aeri.20230431; 10.1257/pandp.20201017,Money (Not) to Burn; Advance Market Commitments,Money (Not) to Burn: Payments for Ecosystem Services to Reduce Crop Residue Burning; Advance Market Commitments: Insights from Theory and Experience
Corey Vernot,2,5,10.3386/w23929; 10.3386/w30011,"Effects of Emigration on Rural Labor Markets; The Long-Run Effects of Psychotherapy on Depression, Beliefs, and Economic…","Effects of Emigration on Rural Labor Markets; The Long-Run Effects of Psychotherapy on Depression, Beliefs, and Economic Outcomes"
Joshua M. Pearce,2,5,10.1016/j.ijdrr.2022.102798; 10.31219/osf.io/vrmpf,Long term cost-effectiveness of resilient foods for global catastrophes compared…; Long Term Cost-Effectiveness of Resilient Foods for Global Catastrophes Compared…,Long term cost-effectiveness of resilient foods for global catastrophes compared to artificial general intelligence safety; Long Term Cost-Effectiveness of Resilient Foods for Global Catastrophes Compared to Artificial General Intelligence Safety
Nicolas Treich,2,5,10.1080/21606544.2022.2138980; 10.2139/ssrn.3938994,The animal welfare cost of meat; Information Avoidance and Moral Behavior,The animal welfare cost of meat: evidence from a survey of hypothetical scenarios among Belgian consumers; Information Avoidance and Moral Behavior: Experimental Evidence from Food Choices
Romain Espinosa,2,5,10.1080/21606544.2022.2138980; 10.2139/ssrn.3938994,The animal welfare cost of meat; Information Avoidance and Moral Behavior,The animal welfare cost of meat: evidence from a survey of hypothetical scenarios among Belgian consumers; Information Avoidance and Moral Behavior: Experimental Evidence from Food Choices
Ross Tieman,2,5,10.1016/j.ijdrr.2022.102798; 10.31219/osf.io/vrmpf,Long term cost-effectiveness of resilient foods for global catastrophes compared…; Long Term Cost-Effectiveness of Resilient Foods for Global Catastrophes Compared…,Long term cost-effectiveness of resilient foods for global catastrophes compared to artificial general intelligence safety; Long Term Cost-Effectiveness of Resilient Foods for Global Catastrophes Compared to Artificial General Intelligence Safety
Erin Kelley,2,4,10.3386/w23929; 10.3386/w30011,"Effects of Emigration on Rural Labor Markets; The Long-Run Effects of Psychotherapy on Depression, Beliefs, and Economic…","Effects of Emigration on Rural Labor Markets; The Long-Run Effects of Psychotherapy on Depression, Beliefs, and Economic Outcomes"
Giovanna D’Adda,2,4,10.2139/ssrn.3938994; 10.3386/w28726,Information Avoidance and Moral Behavior; Selecting the Most Effective Nudge,Information Avoidance and Moral Behavior: Experimental Evidence from Food Choices; Selecting the Most Effective Nudge: Evidence from a Large-Scale Experiment on Immunization
Olivier Sterck,2,4,10.3386/w23929; 10.3386/w28726,Effects of Emigration on Rural Labor Markets; Selecting the Most Effective Nudge,Effects of Emigration on Rural Labor Markets; Selecting the Most Effective Nudge: Evidence from a Large-Scale Experiment on Immunization
Christopher Udry,2,3,10.1257/aeri.20210612; 10.3386/w28106,Cognitive Behavioral Therapy among Ghana's Rural Poor Is Effective Regardless…; The Comparative Impact of Cash Transfers and a Psychotherapy Program…,Cognitive Behavioral Therapy among Ghana's Rural Poor Is Effective Regardless of Baseline Mental Distress; The Comparative Impact of Cash Transfers and a Psychotherapy Program on Psychological and Economic Well-being
Dennis Egger,2,3,10.3386/w23929; 10.3386/w30011,"Effects of Emigration on Rural Labor Markets; The Long-Run Effects of Psychotherapy on Depression, Beliefs, and Economic…","Effects of Emigration on Rural Labor Markets; The Long-Run Effects of Psychotherapy on Depression, Beliefs, and Economic Outcomes"
Emily Breza,2,3,10.3386/w23929; 10.3386/w28726,Effects of Emigration on Rural Labor Markets; Selecting the Most Effective Nudge,Effects of Emigration on Rural Labor Markets; Selecting the Most Effective Nudge: Evidence from a Large-Scale Experiment on Immunization
Fatima Zahra,2,3,10.3386/w23929; 10.3386/w30011,"Effects of Emigration on Rural Labor Markets; The Long-Run Effects of Psychotherapy on Depression, Beliefs, and Economic…","Effects of Emigration on Rural Labor Markets; The Long-Run Effects of Psychotherapy on Depression, Beliefs, and Economic Outcomes"
Gaurav Khanna,2,3,10.3386/w23929; 10.3386/w28106,Effects of Emigration on Rural Labor Markets; The Comparative Impact of Cash Transfers and a Psychotherapy Program…,Effects of Emigration on Rural Labor Markets; The Comparative Impact of Cash Transfers and a Psychotherapy Program on Psychological and Economic Well-being
Gregory Lane,2,3,10.3386/w23929; 10.3386/w30011,"Effects of Emigration on Rural Labor Markets; The Long-Run Effects of Psychotherapy on Depression, Beliefs, and Economic…","Effects of Emigration on Rural Labor Markets; The Long-Run Effects of Psychotherapy on Depression, Beliefs, and Economic Outcomes"
Howard White,2,3,10.1257/pandp.20201017; 10.3386/w23929,Advance Market Commitments; Effects of Emigration on Rural Labor Markets,Advance Market Commitments: Insights from Theory and Experience; Effects of Emigration on Rural Labor Markets
Jenny C. Aker,2,3,10.3386/w28726; 10.3386/w31208,Selecting the Most Effective Nudge; Building Resilient Education Systems,Selecting the Most Effective Nudge: Evidence from a Large-Scale Experiment on Immunization; Building Resilient Education Systems: Evidence from Large-Scale Randomized Trials in Five Countries
Jessica Leight,2,3,10.3386/w28106; 10.3386/w28726,The Comparative Impact of Cash Transfers and a Psychotherapy Program…; Selecting the Most Effective Nudge,The Comparative Impact of Cash Transfers and a Psychotherapy Program on Psychological and Economic Well-being; Selecting the Most Effective Nudge: Evidence from a Large-Scale Experiment on Immunization
Joël Cariolle,2,3,10.3386/w28726; 10.3386/w31208,Selecting the Most Effective Nudge; Building Resilient Education Systems,Selecting the Most Effective Nudge: Evidence from a Large-Scale Experiment on Immunization; Building Resilient Education Systems: Evidence from Large-Scale Randomized Trials in Five Countries
Liu Yong,2,3,10.3386/w23928; 10.3386/w23929,Artificial Intelligence and Economic Growth; Effects of Emigration on Rural Labor Markets,Artificial Intelligence and Economic Growth; Effects of Emigration on Rural Labor Markets
Maarten Voors,2,3,10.3386/w28106; 10.3386/w30011,"The Comparative Impact of Cash Transfers and a Psychotherapy Program…; The Long-Run Effects of Psychotherapy on Depression, Beliefs, and Economic…","The Comparative Impact of Cash Transfers and a Psychotherapy Program on Psychological and Economic Well-being; The Long-Run Effects of Psychotherapy on Depression, Beliefs, and Economic Outcomes"
Massimo Tavoni,2,3,10.2139/ssrn.3938994; 10.3386/w28726,Information Avoidance and Moral Behavior; Selecting the Most Effective Nudge,Information Avoidance and Moral Behavior: Experimental Evidence from Food Choices; Selecting the Most Effective Nudge: Evidence from a Large-Scale Experiment on Immunization
Patricio Domínguez,2,3,10.3386/w28106; 10.3386/w28726,The Comparative Impact of Cash Transfers and a Psychotherapy Program…; Selecting the Most Effective Nudge,The Comparative Impact of Cash Transfers and a Psychotherapy Program on Psychological and Economic Well-being; Selecting the Most Effective Nudge: Evidence from a Large-Scale Experiment on Immunization
Reshmaan Hussam,2,3,10.3386/w23929; 10.3386/w30011,"Effects of Emigration on Rural Labor Markets; The Long-Run Effects of Psychotherapy on Depression, Beliefs, and Economic…","Effects of Emigration on Rural Labor Markets; The Long-Run Effects of Psychotherapy on Depression, Beliefs, and Economic Outcomes"
Santiago M. Perez‐Vincent,2,3,10.3386/w28106; 10.3386/w28726,The Comparative Impact of Cash Transfers and a Psychotherapy Program…; Selecting the Most Effective Nudge,The Comparative Impact of Cash Transfers and a Psychotherapy Program on Psychological and Economic Well-being; Selecting the Most Effective Nudge: Evidence from a Large-Scale Experiment on Immunization
Sebastián Chaskel,2,3,10.1257/aeri.20210612; 10.3386/w30011,"Cognitive Behavioral Therapy among Ghana's Rural Poor Is Effective Regardless…; The Long-Run Effects of Psychotherapy on Depression, Beliefs, and Economic…","Cognitive Behavioral Therapy among Ghana's Rural Poor Is Effective Regardless of Baseline Mental Distress; The Long-Run Effects of Psychotherapy on Depression, Beliefs, and Economic Outcomes"
Thanh Lê,2,3,10.3386/w23928; 10.3386/w31137,Artificial Intelligence and Economic Growth; Biodiversity Risk,Artificial Intelligence and Economic Growth; Biodiversity Risk
Vincent Reina,2,3,10.2139/ssrn.4154000; 10.3386/w28106,How Effective Is (More) Money? Randomizing Unconditional Cash Transfer Amounts…; The Comparative Impact of Cash Transfers and a Psychotherapy Program…,How Effective Is (More) Money? Randomizing Unconditional Cash Transfer Amounts in the US; The Comparative Impact of Cash Transfers and a Psychotherapy Program on Psychological and Economic Well-being
Wim Naudé,2,3,10.3386/w23928; 10.3386/w26752,Artificial Intelligence and Economic Growth; Stagnation and Scientific Incentives,Artificial Intelligence and Economic Growth; Stagnation and Scientific Incentives
Лілія Нікіфорова,2,3,10.3386/w26752; 10.3386/w31409,Stagnation and Scientific Incentives; Choose Your Moments,Stagnation and Scientific Incentives; Choose Your Moments: Peer Review and Scientific Risk Taking
Anatoliy A. Shiyan,2,2,10.3386/w26752; 10.3386/w31409,Stagnation and Scientific Incentives; Choose Your Moments,Stagnation and Scientific Incentives; Choose Your Moments: Peer Review and Scientific Risk Taking
Anonymous Anonymous,2,2,10.3386/w30624; 10.3386/w30740,"Legalizing Entrepreneurship; When do ""Nudges"" Increase Welfare?","Legalizing Entrepreneurship; When do ""Nudges"" Increase Welfare?"
Anton Korinek,2,2,10.3386/w23928; 10.48550/arxiv.2305.07153,Artificial Intelligence and Economic Growth; Towards best practices in AGI safety and governance,Artificial Intelligence and Economic Growth; Towards best practices in AGI safety and governance: A survey of expert opinion
Bei Liu,2,2,10.1257/aer.20221215; 10.3386/w23928,Does the Squeaky Wheel Get More Grease? The Direct and…; Artificial Intelligence and Economic Growth,Does the Squeaky Wheel Get More Grease? The Direct and Indirect Effects of Citizen Participation on Environmental Governance in China; Artificial Intelligence and Economic Growth
Caroline Flammer,2,2,10.1287/mnsc.2023.4846; 10.3386/w31137,The Governance of Nonprofits and Their Social Impact; Biodiversity Risk,The Governance of Nonprofits and Their Social Impact: Evidence from a Randomized Program in Healthcare in the Democratic Republic of Congo; Biodiversity Risk
Christopher M. Snyder,2,2,10.1257/pandp.20201017; 10.3386/w26775,Advance Market Commitments; Advance Market Commitments,Advance Market Commitments: Insights from Theory and Experience; Advance Market Commitments: Insights from Theory and Experience
Daniel Salicath,2,2,10.1257/aeri.20210612; 10.3386/w30011,"Cognitive Behavioral Therapy among Ghana's Rural Poor Is Effective Regardless…; The Long-Run Effects of Psychotherapy on Depression, Beliefs, and Economic…","Cognitive Behavioral Therapy among Ghana's Rural Poor Is Effective Regardless of Baseline Mental Distress; The Long-Run Effects of Psychotherapy on Depression, Beliefs, and Economic Outcomes"
Dayong Zhang,2,2,10.1257/aer.20221215; 10.3386/w31137,Does the Squeaky Wheel Get More Grease? The Direct and…; Biodiversity Risk,Does the Squeaky Wheel Get More Grease? The Direct and Indirect Effects of Citizen Participation on Environmental Governance in China; Biodiversity Risk
Dimitrios Gouglas,2,2,10.1257/pandp.20201017; 10.3386/w26775,Advance Market Commitments; Advance Market Commitments,Advance Market Commitments: Insights from Theory and Experience; Advance Market Commitments: Insights from Theory and Experience
Elisa M. Maffioli,2,2,10.3386/w28726; 10.3386/w30835,Selecting the Most Effective Nudge; Water Treatment And Child Mortality,Selecting the Most Effective Nudge: Evidence from a Large-Scale Experiment on Immunization; Water Treatment And Child Mortality: A Meta-Analysis And Cost-effectiveness Analysis
Erin Grela,2,2,10.1257/aeri.20210612; 10.3386/w30011,"Cognitive Behavioral Therapy among Ghana's Rural Poor Is Effective Regardless…; The Long-Run Effects of Psychotherapy on Depression, Beliefs, and Economic…","Cognitive Behavioral Therapy among Ghana's Rural Poor Is Effective Regardless of Baseline Mental Distress; The Long-Run Effects of Psychotherapy on Depression, Beliefs, and Economic Outcomes"
Felix Stein,2,2,10.1257/pandp.20201017; 10.3386/w26775,Advance Market Commitments; Advance Market Commitments,Advance Market Commitments: Insights from Theory and Experience; Advance Market Commitments: Insights from Theory and Experience
Francisco Gallego,2,2,10.3386/w28106; 10.3386/w31208,The Comparative Impact of Cash Transfers and a Psychotherapy Program…; Building Resilient Education Systems,The Comparative Impact of Cash Transfers and a Psychotherapy Program on Psychological and Economic Well-being; Building Resilient Education Systems: Evidence from Large-Scale Randomized Trials in Five Countries
Frederico Finan,2,2,10.3386/w28726; 10.3386/w32728,Selecting the Most Effective Nudge; A Welfare Analysis of Policies Impacting Climate Change,Selecting the Most Effective Nudge: Evidence from a Large-Scale Experiment on Immunization; A Welfare Analysis of Policies Impacting Climate Change
Garima Sharma,2,2,10.1257/aeri.20210612; 10.3386/w30011,"Cognitive Behavioral Therapy among Ghana's Rural Poor Is Effective Regardless…; The Long-Run Effects of Psychotherapy on Depression, Beliefs, and Economic…","Cognitive Behavioral Therapy among Ghana's Rural Poor Is Effective Regardless of Baseline Mental Distress; The Long-Run Effects of Psychotherapy on Depression, Beliefs, and Economic Outcomes"
Girija Vaidyanathan,2,2,10.1257/aeri.20210612; 10.3386/w30011,"Cognitive Behavioral Therapy among Ghana's Rural Poor Is Effective Regardless…; The Long-Run Effects of Psychotherapy on Depression, Beliefs, and Economic…","Cognitive Behavioral Therapy among Ghana's Rural Poor Is Effective Regardless of Baseline Mental Distress; The Long-Run Effects of Psychotherapy on Depression, Beliefs, and Economic Outcomes"
Hitoshi Shigeoka,2,2,10.1257/aeri.20210612; 10.3386/w31554,Cognitive Behavioral Therapy among Ghana's Rural Poor Is Effective Regardless…; Urban Forests,Cognitive Behavioral Therapy among Ghana's Rural Poor Is Effective Regardless of Baseline Mental Distress; Urban Forests: Environmental Health Values and Risks
Jules Gazeaud,2,2,10.3386/w23929; 10.3386/w30835,Effects of Emigration on Rural Labor Markets; Water Treatment And Child Mortality,Effects of Emigration on Rural Labor Markets; Water Treatment And Child Mortality: A Meta-Analysis And Cost-effectiveness Analysis
Kelsey Wright,2,2,10.1257/aeri.20210612; 10.3386/w28106,Cognitive Behavioral Therapy among Ghana's Rural Poor Is Effective Regardless…; The Comparative Impact of Cash Transfers and a Psychotherapy Program…,Cognitive Behavioral Therapy among Ghana's Rural Poor Is Effective Regardless of Baseline Mental Distress; The Comparative Impact of Cash Transfers and a Psychotherapy Program on Psychological and Economic Well-being
Kendall Hoyt,2,2,10.1257/pandp.20201017; 10.3386/w26775,Advance Market Commitments; Advance Market Commitments,Advance Market Commitments: Insights from Theory and Experience; Advance Market Commitments: Insights from Theory and Experience
Klaus Prettner,2,2,10.1257/pandp.20201017; 10.3386/w26775,Advance Market Commitments; Advance Market Commitments,Advance Market Commitments: Insights from Theory and Experience; Advance Market Commitments: Insights from Theory and Experience
Luke Kemp,2,2,10.1016/j.cognition.2021.104941; 10.1016/j.ijdrr.2022.102798,Population ethical intuitions; Long term cost-effectiveness of resilient foods for global catastrophes compared…,Population ethical intuitions; Long term cost-effectiveness of resilient foods for global catastrophes compared to artificial general intelligence safety
Madeline McKelway,2,2,10.1257/aeri.20210612; 10.3386/w30011,"Cognitive Behavioral Therapy among Ghana's Rural Poor Is Effective Regardless…; The Long-Run Effects of Psychotherapy on Depression, Beliefs, and Economic…","Cognitive Behavioral Therapy among Ghana's Rural Poor Is Effective Regardless of Baseline Mental Distress; The Long-Run Effects of Psychotherapy on Depression, Beliefs, and Economic Outcomes"
Marcella Alsan,2,2,10.1093/ej/uead102; 10.3386/w28726,Do Celebrity Endorsements Matter? A Twitter Experiment Promoting Vaccination in…; Selecting the Most Effective Nudge,Do Celebrity Endorsements Matter? A Twitter Experiment Promoting Vaccination in Indonesia; Selecting the Most Effective Nudge: Evidence from a Large-Scale Experiment on Immunization
Mark J. D. Jordans,2,2,10.1257/aeri.20210612; 10.3386/w30011,"Cognitive Behavioral Therapy among Ghana's Rural Poor Is Effective Regardless…; The Long-Run Effects of Psychotherapy on Depression, Beliefs, and Economic…","Cognitive Behavioral Therapy among Ghana's Rural Poor Is Effective Regardless of Baseline Mental Distress; The Long-Run Effects of Psychotherapy on Depression, Beliefs, and Economic Outcomes"
Maryam Kouchaki,2,2,10.1016/j.cognition.2021.104941; 10.3386/w28106,Population ethical intuitions; The Comparative Impact of Cash Transfers and a Psychotherapy Program…,Population ethical intuitions; The Comparative Impact of Cash Transfers and a Psychotherapy Program on Psychological and Economic Well-being
Matthew J. Kotchen,2,2,10.3386/w26775; 10.3386/w32728,Advance Market Commitments; A Welfare Analysis of Policies Impacting Climate Change,Advance Market Commitments: Insights from Theory and Experience; A Welfare Analysis of Policies Impacting Climate Change
Matthias Kalkuhl,2,2,10.3386/w23928; 10.3386/w32450,Artificial Intelligence and Economic Growth; The Macroeconomic Impact of Climate Change,Artificial Intelligence and Economic Growth; The Macroeconomic Impact of Climate Change: Global vs. Local Temperature
Matthias Rodemeier,2,2,10.3386/w30740; 10.3386/w31137,"When do ""Nudges"" Increase Welfare?; Biodiversity Risk","When do ""Nudges"" Increase Welfare?; Biodiversity Risk"
Maulik Jagnani,2,2,10.1257/aeri.20230431; 10.3386/w23929,Money (Not) to Burn; Effects of Emigration on Rural Labor Markets,Money (Not) to Burn: Payments for Ecosystem Services to Reduce Crop Residue Burning; Effects of Emigration on Rural Labor Markets
Michael Kremer,2,2,10.1257/pandp.20201017; 10.3386/w26775,Advance Market Commitments; Advance Market Commitments,Advance Market Commitments: Insights from Theory and Experience; Advance Market Commitments: Insights from Theory and Experience
Michael Kühn,2,2,10.1257/pandp.20201017; 10.3386/w26775,Advance Market Commitments; Advance Market Commitments,Advance Market Commitments: Insights from Theory and Experience; Advance Market Commitments: Insights from Theory and Experience
Mika Akesaka,2,2,10.1257/aeri.20210612; 10.3386/w31554,Cognitive Behavioral Therapy among Ghana's Rural Poor Is Effective Regardless…; Urban Forests,Cognitive Behavioral Therapy among Ghana's Rural Poor Is Effective Regardless of Baseline Mental Distress; Urban Forests: Environmental Health Values and Risks
Ming‐ang Zhang,2,2,10.1257/aer.20221215; 10.3386/w31554,Does the Squeaky Wheel Get More Grease? The Direct and…; Urban Forests,Does the Squeaky Wheel Get More Grease? The Direct and Indirect Effects of Citizen Participation on Environmental Governance in China; Urban Forests: Environmental Health Values and Risks
Nikita Zakharov,2,2,10.2139/ssrn.4154000; 10.3386/w33018,How Effective Is (More) Money? Randomizing Unconditional Cash Transfer Amounts…; Misperceptions and Demand for Democracy under Authoritarianism,How Effective Is (More) Money? Randomizing Unconditional Cash Transfer Amounts in the US; Misperceptions and Demand for Democracy under Authoritarianism
Peter Schwardmann,2,2,10.2139/ssrn.3938994; 10.3386/w30011,"Information Avoidance and Moral Behavior; The Long-Run Effects of Psychotherapy on Depression, Beliefs, and Economic…","Information Avoidance and Moral Behavior: Experimental Evidence from Food Choices; The Long-Run Effects of Psychotherapy on Depression, Beliefs, and Economic Outcomes"
Qiang Ji,2,2,10.1257/aer.20221215; 10.3386/w31137,Does the Squeaky Wheel Get More Grease? The Direct and…; Biodiversity Risk,Does the Squeaky Wheel Get More Grease? The Direct and Indirect Effects of Citizen Participation on Environmental Governance in China; Biodiversity Risk
Qiang Wang,2,2,10.3386/w23928; 10.3386/w31137,Artificial Intelligence and Economic Growth; Biodiversity Risk,Artificial Intelligence and Economic Growth; Biodiversity Risk
Richard Sedlmayr,2,2,10.1257/aeri.20210612; 10.3386/w30011,"Cognitive Behavioral Therapy among Ghana's Rural Poor Is Effective Regardless…; The Long-Run Effects of Psychotherapy on Depression, Beliefs, and Economic…","Cognitive Behavioral Therapy among Ghana's Rural Poor Is Effective Regardless of Baseline Mental Distress; The Long-Run Effects of Psychotherapy on Depression, Beliefs, and Economic Outcomes"
Rob Garlick,2,2,10.1257/aeri.20210612; 10.3386/w30011,"Cognitive Behavioral Therapy among Ghana's Rural Poor Is Effective Regardless…; The Long-Run Effects of Psychotherapy on Depression, Beliefs, and Economic…","Cognitive Behavioral Therapy among Ghana's Rural Poor Is Effective Regardless of Baseline Mental Distress; The Long-Run Effects of Psychotherapy on Depression, Beliefs, and Economic Outcomes"
Rohini Pande,2,2,10.3386/w23929; 10.3386/w31162,Effects of Emigration on Rural Labor Markets; Intergenerational Child Mortality Impacts of Deworming,Effects of Emigration on Rural Labor Markets; Intergenerational Child Mortality Impacts of Deworming: Experimental Evidence from Two Decades of the Kenya Life Panel Survey
Samantha Kassirer,2,2,10.1016/j.cognition.2021.104941; 10.3386/w28106,Population ethical intuitions; The Comparative Impact of Cash Transfers and a Psychotherapy Program…,Population ethical intuitions; The Comparative Impact of Cash Transfers and a Psychotherapy Program on Psychological and Economic Well-being
Seán Ó hÉigeartaigh,2,2,10.3386/w26752; 10.48550/arxiv.2305.07153,Stagnation and Scientific Incentives; Towards best practices in AGI safety and governance,Stagnation and Scientific Incentives; Towards best practices in AGI safety and governance: A survey of expert opinion
Shuangyan Li,2,2,10.1257/aer.20221215; 10.3386/w23928,Does the Squeaky Wheel Get More Grease? The Direct and…; Artificial Intelligence and Economic Growth,Does the Squeaky Wheel Get More Grease? The Direct and Indirect Effects of Citizen Participation on Environmental Governance in China; Artificial Intelligence and Economic Growth
Siddhartha Roy,2,2,10.1093/wbro/lkae010; 10.3386/w26752,The Effect of Lead Exposure on Children’s Learning in the…; Stagnation and Scientific Incentives,The Effect of Lead Exposure on Children’s Learning in the Developing World: A Meta-Analysis; Stagnation and Scientific Incentives
Sihan Zhang,2,2,10.1257/aer.20221215; 10.3386/w31554,Does the Squeaky Wheel Get More Grease? The Direct and…; Urban Forests,Does the Squeaky Wheel Get More Grease? The Direct and Indirect Effects of Citizen Participation on Environmental Governance in China; Urban Forests: Environmental Health Values and Risks
Sofia Amaral,2,2,10.3386/w28106; 10.3386/w28726,The Comparative Impact of Cash Transfers and a Psychotherapy Program…; Selecting the Most Effective Nudge,The Comparative Impact of Cash Transfers and a Psychotherapy Program on Psychological and Economic Well-being; Selecting the Most Effective Nudge: Evidence from a Large-Scale Experiment on Immunization
Stefan Dercon,2,2,10.1257/aeri.20210612; 10.3386/w30011,"Cognitive Behavioral Therapy among Ghana's Rural Poor Is Effective Regardless…; The Long-Run Effects of Psychotherapy on Depression, Beliefs, and Economic…","Cognitive Behavioral Therapy among Ghana's Rural Poor Is Effective Regardless of Baseline Mental Distress; The Long-Run Effects of Psychotherapy on Depression, Beliefs, and Economic Outcomes"
Stuart Russell,2,2,10.3386/w23928; 10.48550/arxiv.2305.07153,Artificial Intelligence and Economic Growth; Towards best practices in AGI safety and governance,Artificial Intelligence and Economic Growth; Towards best practices in AGI safety and governance: A survey of expert opinion
Susan Athey,2,2,10.3386/w26775; 10.3386/w28726,Advance Market Commitments; Selecting the Most Effective Nudge,Advance Market Commitments: Insights from Theory and Experience; Selecting the Most Effective Nudge: Evidence from a Large-Scale Experiment on Immunization
Sutanuka Roy,2,2,10.3386/w30740; 10.3386/w32093,"When do ""Nudges"" Increase Welfare?; Cash Transfers for Child Development","When do ""Nudges"" Increase Welfare?; Cash Transfers for Child Development: Experimental Evidence from India"
Tanvir Ahmed Mozumder,2,2,10.1257/aeri.20210612; 10.3386/w30011,"Cognitive Behavioral Therapy among Ghana's Rural Poor Is Effective Regardless…; The Long-Run Effects of Psychotherapy on Depression, Beliefs, and Economic…","Cognitive Behavioral Therapy among Ghana's Rural Poor Is Effective Regardless of Baseline Mental Distress; The Long-Run Effects of Psychotherapy on Depression, Beliefs, and Economic Outcomes"
Tanvir Shatil,2,2,10.1257/aeri.20210612; 10.3386/w30011,"Cognitive Behavioral Therapy among Ghana's Rural Poor Is Effective Regardless…; The Long-Run Effects of Psychotherapy on Depression, Beliefs, and Economic…","Cognitive Behavioral Therapy among Ghana's Rural Poor Is Effective Regardless of Baseline Mental Distress; The Long-Run Effects of Psychotherapy on Depression, Beliefs, and Economic Outcomes"
Xinze Li,2,2,10.1257/aer.20221215; 10.3386/w23929,Does the Squeaky Wheel Get More Grease? The Direct and…; Effects of Emigration on Rural Labor Markets,Does the Squeaky Wheel Get More Grease? The Direct and Indirect Effects of Citizen Participation on Environmental Governance in China; Effects of Emigration on Rural Labor Markets
Bingqian Tu,2,1,10.1257/aer.20221215; 10.3386/w31554,Does the Squeaky Wheel Get More Grease? The Direct and…; Urban Forests,Does the Squeaky Wheel Get More Grease? The Direct and Indirect Effects of Citizen Participation on Environmental Governance in China; Urban Forests: Environmental Health Values and Risks
Björn Nilsson,2,1,10.1257/aeri.20210612; 10.3386/w30011,"Cognitive Behavioral Therapy among Ghana's Rural Poor Is Effective Regardless…; The Long-Run Effects of Psychotherapy on Depression, Beliefs, and Economic…","Cognitive Behavioral Therapy among Ghana's Rural Poor Is Effective Regardless of Baseline Mental Distress; The Long-Run Effects of Psychotherapy on Depression, Beliefs, and Economic Outcomes"
Chiara Dell’Aira,2,1,10.2139/ssrn.4154000; 10.3386/w30011,"How Effective Is (More) Money? Randomizing Unconditional Cash Transfer Amounts…; The Long-Run Effects of Psychotherapy on Depression, Beliefs, and Economic…","How Effective Is (More) Money? Randomizing Unconditional Cash Transfer Amounts in the US; The Long-Run Effects of Psychotherapy on Depression, Beliefs, and Economic Outcomes"
Clémence Pougué Biyong,2,1,10.1257/aeri.20210612; 10.3386/w30011,"Cognitive Behavioral Therapy among Ghana's Rural Poor Is Effective Regardless…; The Long-Run Effects of Psychotherapy on Depression, Beliefs, and Economic…","Cognitive Behavioral Therapy among Ghana's Rural Poor Is Effective Regardless of Baseline Mental Distress; The Long-Run Effects of Psychotherapy on Depression, Beliefs, and Economic Outcomes"
Daniel Bennett,2,1,10.3386/w28106; 10.3386/w30011,"The Comparative Impact of Cash Transfers and a Psychotherapy Program…; The Long-Run Effects of Psychotherapy on Depression, Beliefs, and Economic…","The Comparative Impact of Cash Transfers and a Psychotherapy Program on Psychological and Economic Well-being; The Long-Run Effects of Psychotherapy on Depression, Beliefs, and Economic Outcomes"
Danish Us-Salam,2,1,10.2139/ssrn.4154000; 10.3386/w30011,"How Effective Is (More) Money? Randomizing Unconditional Cash Transfer Amounts…; The Long-Run Effects of Psychotherapy on Depression, Beliefs, and Economic…","How Effective Is (More) Money? Randomizing Unconditional Cash Transfer Amounts in the US; The Long-Run Effects of Psychotherapy on Depression, Beliefs, and Economic Outcomes"
Debayan Pakrashi,2,1,10.1257/aeri.20210612; 10.3386/w28106,Cognitive Behavioral Therapy among Ghana's Rural Poor Is Effective Regardless…; The Comparative Impact of Cash Transfers and a Psychotherapy Program…,Cognitive Behavioral Therapy among Ghana's Rural Poor Is Effective Regardless of Baseline Mental Distress; The Comparative Impact of Cash Transfers and a Psychotherapy Program on Psychological and Economic Well-being
Ebenezer Kwabena Tetteh,2,1,10.1257/pandp.20201017; 10.3386/w26775,Advance Market Commitments; Advance Market Commitments,Advance Market Commitments: Insights from Theory and Experience; Advance Market Commitments: Insights from Theory and Experience
Firoz Ahmed,2,1,10.1257/aeri.20210612; 10.3386/w28106,Cognitive Behavioral Therapy among Ghana's Rural Poor Is Effective Regardless…; The Comparative Impact of Cash Transfers and a Psychotherapy Program…,Cognitive Behavioral Therapy among Ghana's Rural Poor Is Effective Regardless of Baseline Mental Distress; The Comparative Impact of Cash Transfers and a Psychotherapy Program on Psychological and Economic Well-being
George Lin,2,1,10.2139/ssrn.4154000; 10.3386/w28106,How Effective Is (More) Money? Randomizing Unconditional Cash Transfer Amounts…; The Comparative Impact of Cash Transfers and a Psychotherapy Program…,How Effective Is (More) Money? Randomizing Unconditional Cash Transfer Amounts in the US; The Comparative Impact of Cash Transfers and a Psychotherapy Program on Psychological and Economic Well-being
Jingqi Dang,2,1,10.1257/aer.20221215; 10.3386/w31554,Does the Squeaky Wheel Get More Grease? The Direct and…; Urban Forests,Does the Squeaky Wheel Get More Grease? The Direct and Indirect Effects of Citizen Participation on Environmental Governance in China; Urban Forests: Environmental Health Values and Risks
Lina Meng,2,1,10.3386/w29357; 10.3386/w31137,The Environmental Effects of Economic Production; Biodiversity Risk,The Environmental Effects of Economic Production: Evidence from Ecological Observations; Biodiversity Risk
Manuela Angelucci,2,1,10.3386/w28106; 10.3386/w30011,"The Comparative Impact of Cash Transfers and a Psychotherapy Program…; The Long-Run Effects of Psychotherapy on Depression, Beliefs, and Economic…","The Comparative Impact of Cash Transfers and a Psychotherapy Program on Psychological and Economic Well-being; The Long-Run Effects of Psychotherapy on Depression, Beliefs, and Economic Outcomes"
Matthew Z. Fowle,2,1,10.2139/ssrn.4154000; 10.3386/w28106,How Effective Is (More) Money? Randomizing Unconditional Cash Transfer Amounts…; The Comparative Impact of Cash Transfers and a Psychotherapy Program…,How Effective Is (More) Money? Randomizing Unconditional Cash Transfer Amounts in the US; The Comparative Impact of Cash Transfers and a Psychotherapy Program on Psychological and Economic Well-being
Michael Vlassopoulos,2,1,10.1257/aeri.20210612; 10.3386/w28106,Cognitive Behavioral Therapy among Ghana's Rural Poor Is Effective Regardless…; The Comparative Impact of Cash Transfers and a Psychotherapy Program…,Cognitive Behavioral Therapy among Ghana's Rural Poor Is Effective Regardless of Baseline Mental Distress; The Comparative Impact of Cash Transfers and a Psychotherapy Program on Psychological and Economic Well-being
Michelle Acampora,2,1,10.3386/w28106; 10.3386/w30011,"The Comparative Impact of Cash Transfers and a Psychotherapy Program…; The Long-Run Effects of Psychotherapy on Depression, Beliefs, and Economic…","The Comparative Impact of Cash Transfers and a Psychotherapy Program on Psychological and Economic Well-being; The Long-Run Effects of Psychotherapy on Depression, Beliefs, and Economic Outcomes"
Pengfei Liu,2,1,10.3386/w29357; 10.3386/w31137,The Environmental Effects of Economic Production; Biodiversity Risk,The Environmental Effects of Economic Production: Evidence from Ecological Observations; Biodiversity Risk
Ru Yan,2,1,10.1257/aer.20221215; 10.3386/w31554,Does the Squeaky Wheel Get More Grease? The Direct and…; Urban Forests,Does the Squeaky Wheel Get More Grease? The Direct and Indirect Effects of Citizen Participation on Environmental Governance in China; Urban Forests: Environmental Health Values and Risks
Sara R. Jaffee,2,1,10.2139/ssrn.4154000; 10.3386/w28106,How Effective Is (More) Money? Randomizing Unconditional Cash Transfer Amounts…; The Comparative Impact of Cash Transfers and a Psychotherapy Program…,How Effective Is (More) Money? Randomizing Unconditional Cash Transfer Amounts in the US; The Comparative Impact of Cash Transfers and a Psychotherapy Program on Psychological and Economic Well-being
Vahid Moghani,2,1,10.3386/w28106; 10.3386/w30011,"The Comparative Impact of Cash Transfers and a Psychotherapy Program…; The Long-Run Effects of Psychotherapy on Depression, Beliefs, and Economic…","The Comparative Impact of Cash Transfers and a Psychotherapy Program on Psychological and Economic Well-being; The Long-Run Effects of Psychotherapy on Depression, Beliefs, and Economic Outcomes"
Yufei Li,2,1,10.3386/w29357; 10.3386/w31137,The Environmental Effects of Economic Production; Biodiversity Risk,The Environmental Effects of Economic Production: Evidence from Ecological Observations; Biodiversity Risk
Erik Brynjolfsson,1,6,10.3386/w23928,Artificial Intelligence and Economic Growth,Artificial Intelligence and Economic Growth
Jeffrey Yi‐Lin Forrest,1,6,10.3386/w23928,Artificial Intelligence and Economic Growth,Artificial Intelligence and Economic Growth
Florian Ulrich Jehn,1,5,10.1016/j.ijdrr.2022.102798,Long term cost-effectiveness of resilient foods for global catastrophes compared…,Long term cost-effectiveness of resilient foods for global catastrophes compared to artificial general intelligence safety
Hideki Nakamura,1,5,10.3386/w23928,Artificial Intelligence and Economic Growth,Artificial Intelligence and Economic Growth
Juan B. García Martínez,1,5,10.1016/j.ijdrr.2022.102798,Long term cost-effectiveness of resilient foods for global catastrophes compared…,Long term cost-effectiveness of resilient foods for global catastrophes compared to artificial general intelligence safety
Julia M. Puaschunder,1,5,10.3386/w23928,Artificial Intelligence and Economic Growth,Artificial Intelligence and Economic Growth
Lisa A. Gennetian,1,5,10.2139/ssrn.4154000,How Effective Is (More) Money? Randomizing Unconditional Cash Transfer Amounts…,How Effective Is (More) Money? Randomizing Unconditional Cash Transfer Amounts in the US
Aleena Asfa Durrani,1,4,10.2139/ssrn.4154000,How Effective Is (More) Money? Randomizing Unconditional Cash Transfer Amounts…,How Effective Is (More) Money? Randomizing Unconditional Cash Transfer Amounts in the US
Aleksandra Gracheva,1,4,10.2139/ssrn.4154000,How Effective Is (More) Money? Randomizing Unconditional Cash Transfer Amounts…,How Effective Is (More) Money? Randomizing Unconditional Cash Transfer Amounts in the US
Alexandra Symeonidou,1,4,10.2139/ssrn.4154000,How Effective Is (More) Money? Randomizing Unconditional Cash Transfer Amounts…,How Effective Is (More) Money? Randomizing Unconditional Cash Transfer Amounts in the US
Arun G. Chandrasekhar,1,4,10.3386/w28726,Selecting the Most Effective Nudge,Selecting the Most Effective Nudge: Evidence from a Large-Scale Experiment on Immunization
Ashleigh Messenger,1,4,10.2139/ssrn.4154000,How Effective Is (More) Money? Randomizing Unconditional Cash Transfer Amounts…,How Effective Is (More) Money? Randomizing Unconditional Cash Transfer Amounts in the US
Barbora Doubravová,1,4,10.2139/ssrn.4154000,How Effective Is (More) Money? Randomizing Unconditional Cash Transfer Amounts…,How Effective Is (More) Money? Randomizing Unconditional Cash Transfer Amounts in the US
Christian Gomes,1,4,10.2139/ssrn.4154000,How Effective Is (More) Money? Randomizing Unconditional Cash Transfer Amounts…,How Effective Is (More) Money? Randomizing Unconditional Cash Transfer Amounts in the US
Christos Makridis,1,4,10.3386/w23928,Artificial Intelligence and Economic Growth,Artificial Intelligence and Economic Growth
Clara Amanda Hu,1,4,10.2139/ssrn.4154000,How Effective Is (More) Money? Randomizing Unconditional Cash Transfer Amounts…,How Effective Is (More) Money? Randomizing Unconditional Cash Transfer Amounts in the US
Daria Stefania Pascu,1,4,10.2139/ssrn.4154000,How Effective Is (More) Money? Randomizing Unconditional Cash Transfer Amounts…,How Effective Is (More) Money? Randomizing Unconditional Cash Transfer Amounts in the US
Deniz Mısra Gürol,1,4,10.2139/ssrn.4154000,How Effective Is (More) Money? Randomizing Unconditional Cash Transfer Amounts…,How Effective Is (More) Money? Randomizing Unconditional Cash Transfer Amounts in the US
Eduardo García‐Garzón,1,4,10.2139/ssrn.4154000,How Effective Is (More) Money? Randomizing Unconditional Cash Transfer Amounts…,How Effective Is (More) Money? Randomizing Unconditional Cash Transfer Amounts in the US
Etienne Fize,1,4,10.2139/ssrn.4154000,How Effective Is (More) Money? Randomizing Unconditional Cash Transfer Amounts…,How Effective Is (More) Money? Randomizing Unconditional Cash Transfer Amounts in the US
Fredrik Nilsson,1,4,10.2139/ssrn.4154000,How Effective Is (More) Money? Randomizing Unconditional Cash Transfer Amounts…,How Effective Is (More) Money? Randomizing Unconditional Cash Transfer Amounts in the US
Harry Anthony Patrinos,1,4,10.3386/w31208,Building Resilient Education Systems,Building Resilient Education Systems: Evidence from Large-Scale Randomized Trials in Five Countries
J. Boehm,1,4,10.2139/ssrn.4154000,How Effective Is (More) Money? Randomizing Unconditional Cash Transfer Amounts…,How Effective Is (More) Money? Randomizing Unconditional Cash Transfer Amounts in the US
Jennifer Chen,1,4,10.2139/ssrn.4154000,How Effective Is (More) Money? Randomizing Unconditional Cash Transfer Amounts…,How Effective Is (More) Money? Randomizing Unconditional Cash Transfer Amounts in the US
Julia Marie Oberschulte,1,4,10.2139/ssrn.4154000,How Effective Is (More) Money? Randomizing Unconditional Cash Transfer Amounts…,How Effective Is (More) Money? Randomizing Unconditional Cash Transfer Amounts in the US
Justine Li,1,4,10.2139/ssrn.4154000,How Effective Is (More) Money? Randomizing Unconditional Cash Transfer Amounts…,How Effective Is (More) Money? Randomizing Unconditional Cash Transfer Amounts in the US
Kai Ruggeri,1,4,10.2139/ssrn.4154000,How Effective Is (More) Money? Randomizing Unconditional Cash Transfer Amounts…,How Effective Is (More) Money? Randomizing Unconditional Cash Transfer Amounts in the US
Katherine Bibilouri,1,4,10.2139/ssrn.4154000,How Effective Is (More) Money? Randomizing Unconditional Cash Transfer Amounts…,How Effective Is (More) Money? Randomizing Unconditional Cash Transfer Amounts in the US
Katherinne Rabanal,1,4,10.2139/ssrn.4154000,How Effective Is (More) Money? Randomizing Unconditional Cash Transfer Amounts…,How Effective Is (More) Money? Randomizing Unconditional Cash Transfer Amounts in the US
Maksymilian Pyrkowski,1,4,10.2139/ssrn.4154000,How Effective Is (More) Money? Randomizing Unconditional Cash Transfer Amounts…,How Effective Is (More) Money? Randomizing Unconditional Cash Transfer Amounts in the US
Mathias Houe Andersen,1,4,10.2139/ssrn.4154000,How Effective Is (More) Money? Randomizing Unconditional Cash Transfer Amounts…,How Effective Is (More) Money? Randomizing Unconditional Cash Transfer Amounts in the US
Maximilian Kasy,1,4,10.2139/ssrn.4154000,How Effective Is (More) Money? Randomizing Unconditional Cash Transfer Amounts…,How Effective Is (More) Money? Randomizing Unconditional Cash Transfer Amounts in the US
Milica Vdović,1,4,10.2139/ssrn.4154000,How Effective Is (More) Money? Randomizing Unconditional Cash Transfer Amounts…,How Effective Is (More) Money? Randomizing Unconditional Cash Transfer Amounts in the US
Narjes Al-Zahli,1,4,10.2139/ssrn.4154000,How Effective Is (More) Money? Randomizing Unconditional Cash Transfer Amounts…,How Effective Is (More) Money? Randomizing Unconditional Cash Transfer Amounts in the US
Natalia Alexander,1,4,10.2139/ssrn.4154000,How Effective Is (More) Money? Randomizing Unconditional Cash Transfer Amounts…,How Effective Is (More) Money? Randomizing Unconditional Cash Transfer Amounts in the US
Neža Grilc,1,4,10.2139/ssrn.4154000,How Effective Is (More) Money? Randomizing Unconditional Cash Transfer Amounts…,How Effective Is (More) Money? Randomizing Unconditional Cash Transfer Amounts in the US
Nicholas Dutra,1,4,10.2139/ssrn.4154000,How Effective Is (More) Money? Randomizing Unconditional Cash Transfer Amounts…,How Effective Is (More) Money? Randomizing Unconditional Cash Transfer Amounts in the US
Olivia Symone Tutuska,1,4,10.2139/ssrn.4154000,How Effective Is (More) Money? Randomizing Unconditional Cash Transfer Amounts…,How Effective Is (More) Money? Randomizing Unconditional Cash Transfer Amounts in the US
Pascual Restrepo,1,4,10.3386/w23928,Artificial Intelligence and Economic Growth,Artificial Intelligence and Economic Growth
Pika Ranc,1,4,10.2139/ssrn.4154000,How Effective Is (More) Money? Randomizing Unconditional Cash Transfer Amounts…,How Effective Is (More) Money? Randomizing Unconditional Cash Transfer Amounts in the US
Qihang Yuan,1,4,10.2139/ssrn.4154000,How Effective Is (More) Money? Randomizing Unconditional Cash Transfer Amounts…,How Effective Is (More) Money? Randomizing Unconditional Cash Transfer Amounts in the US
Rachel Krasner,1,4,10.2139/ssrn.4154000,How Effective Is (More) Money? Randomizing Unconditional Cash Transfer Amounts…,How Effective Is (More) Money? Randomizing Unconditional Cash Transfer Amounts in the US
Romy Levin,1,4,10.2139/ssrn.4154000,How Effective Is (More) Money? Randomizing Unconditional Cash Transfer Amounts…,How Effective Is (More) Money? Randomizing Unconditional Cash Transfer Amounts in the US
Sarah Ashcroft-Jones,1,4,10.2139/ssrn.4154000,How Effective Is (More) Money? Randomizing Unconditional Cash Transfer Amounts…,How Effective Is (More) Money? Randomizing Unconditional Cash Transfer Amounts in the US
Sofia Pelica,1,4,10.2139/ssrn.4154000,How Effective Is (More) Money? Randomizing Unconditional Cash Transfer Amounts…,How Effective Is (More) Money? Randomizing Unconditional Cash Transfer Amounts in the US
Sun Young Park,1,4,10.2139/ssrn.4154000,How Effective Is (More) Money? Randomizing Unconditional Cash Transfer Amounts…,How Effective Is (More) Money? Randomizing Unconditional Cash Transfer Amounts in the US
Takahiro Kubo,1,4,10.1111/conl.13077,Banning Wildlife Trade Can Boost the Unregulated Trade of Threatened…,Banning Wildlife Trade Can Boost the Unregulated Trade of Threatened Species
Takashi Obi,1,4,10.2139/ssrn.4154000,How Effective Is (More) Money? Randomizing Unconditional Cash Transfer Amounts…,How Effective Is (More) Money? Randomizing Unconditional Cash Transfer Amounts in the US
Tatianna Dugué,1,4,10.2139/ssrn.4154000,How Effective Is (More) Money? Randomizing Unconditional Cash Transfer Amounts…,How Effective Is (More) Money? Randomizing Unconditional Cash Transfer Amounts in the US
Xavier Jaravel,1,4,10.2139/ssrn.4154000,How Effective Is (More) Money? Randomizing Unconditional Cash Transfer Amounts…,How Effective Is (More) Money? Randomizing Unconditional Cash Transfer Amounts in the US
Zoe Heidenry,1,4,10.2139/ssrn.4154000,How Effective Is (More) Money? Randomizing Unconditional Cash Transfer Amounts…,How Effective Is (More) Money? Randomizing Unconditional Cash Transfer Amounts in the US
Žiga Mekiš Recek,1,4,10.2139/ssrn.4154000,How Effective Is (More) Money? Randomizing Unconditional Cash Transfer Amounts…,How Effective Is (More) Money? Randomizing Unconditional Cash Transfer Amounts in the US
Adam Osman,1,3,10.3386/w28726,Selecting the Most Effective Nudge,Selecting the Most Effective Nudge: Evidence from a Large-Scale Experiment on Immunization
Alesha Miller,1,3,10.1257/pandp.20201017,Advance Market Commitments,Advance Market Commitments: Insights from Theory and Experience
Alexander Mathys,1,3,10.1257/pandp.20201017,Advance Market Commitments,Advance Market Commitments: Insights from Theory and Experience
Andrew G. Mude,1,3,10.1257/pandp.20201017,Advance Market Commitments,Advance Market Commitments: Insights from Theory and Experience
Bing Zhang,1,3,10.1257/aer.20221215,Does the Squeaky Wheel Get More Grease? The Direct and…,Does the Squeaky Wheel Get More Grease? The Direct and Indirect Effects of Citizen Participation on Environmental Governance in China
Claire Cullen,1,3,10.3386/w31208,Building Resilient Education Systems,Building Resilient Education Systems: Evidence from Large-Scale Randomized Trials in Five Countries
Claire Song,1,3,10.1257/pandp.20201017,Advance Market Commitments,Advance Market Commitments: Insights from Theory and Experience
Colin Crossley,1,3,10.3386/w31208,Building Resilient Education Systems,Building Resilient Education Systems: Evidence from Large-Scale Randomized Trials in Five Countries
Cynthia Mathys,1,3,10.1257/pandp.20201017,Advance Market Commitments,Advance Market Commitments: Insights from Theory and Experience
Daniel L. Tortorice,1,3,10.1257/pandp.20201017,Advance Market Commitments,Advance Market Commitments: Insights from Theory and Experience
Daniel Mason-D’Croz,1,3,10.1257/pandp.20201017,Advance Market Commitments,Advance Market Commitments: Insights from Theory and Experience
Daron Acemoğlu,1,3,10.3386/w23928,Artificial Intelligence and Economic Growth,Artificial Intelligence and Economic Growth
Edward S. Buckler,1,3,10.1257/pandp.20201017,Advance Market Commitments,Advance Market Commitments: Insights from Theory and Experience
Elana Safran,1,3,10.3386/w28726,Selecting the Most Effective Nudge,Selecting the Most Effective Nudge: Evidence from a Large-Scale Experiment on Immunization
Elizabeth Bageant,1,3,10.1257/pandp.20201017,Advance Market Commitments,Advance Market Commitments: Insights from Theory and Experience
Enrique Ide,1,3,10.3386/w23928,Artificial Intelligence and Economic Growth,Artificial Intelligence and Economic Growth
Giampaolo Abate Romero Landini,1,3,10.2139/ssrn.4154000,How Effective Is (More) Money? Randomizing Unconditional Cash Transfer Amounts…,How Effective Is (More) Money? Randomizing Unconditional Cash Transfer Amounts in the US
H. Luke Shaefer,1,3,10.2139/ssrn.4154000,How Effective Is (More) Money? Randomizing Unconditional Cash Transfer Amounts…,How Effective Is (More) Money? Randomizing Unconditional Cash Transfer Amounts in the US
Hai Hong Trinh,1,3,10.3386/w31137,Biodiversity Risk,Biodiversity Risk
Isabella Culotta,1,3,10.1257/pandp.20201017,Advance Market Commitments,Advance Market Commitments: Insights from Theory and Experience
Isabelle Augenstein,1,3,10.3386/w26752,Stagnation and Scientific Incentives,Stagnation and Scientific Incentives
Jason Kerwin,1,3,10.3386/w28726,Selecting the Most Effective Nudge,Selecting the Most Effective Nudge: Evidence from a Large-Scale Experiment on Immunization
Jessica Fanzo,1,3,10.1257/pandp.20201017,Advance Market Commitments,Advance Market Commitments: Insights from Theory and Experience
Jiali Liu,1,3,10.1257/pandp.20201017,Advance Market Commitments,Advance Market Commitments: Insights from Theory and Experience
Jianbo Shen,1,3,10.1257/pandp.20201017,Advance Market Commitments,Advance Market Commitments: Insights from Theory and Experience
Joseph P. Kaboski,1,3,10.3386/w23929,Effects of Emigration on Rural Labor Markets,Effects of Emigration on Rural Labor Markets
Joël J. van der Weele,1,3,10.2139/ssrn.3938994,Information Avoidance and Moral Behavior,Information Avoidance and Moral Behavior: Experimental Evidence from Food Choices
Juan F. Jimeno,1,3,10.3386/w23928,Artificial Intelligence and Economic Growth,Artificial Intelligence and Economic Growth
Kai Li,1,3,10.3386/w31137,Biodiversity Risk,Biodiversity Risk
Kamakhya Misra,1,3,10.1257/pandp.20201017,Advance Market Commitments,Advance Market Commitments: Insights from Theory and Experience
Karen Cooper,1,3,10.1257/pandp.20201017,Advance Market Commitments,Advance Market Commitments: Insights from Theory and Experience
Katherine Michelmore,1,3,10.2139/ssrn.4154000,How Effective Is (More) Money? Randomizing Unconditional Cash Transfer Amounts…,How Effective Is (More) Money? Randomizing Unconditional Cash Transfer Amounts in the US
Laté Lawson-Lartego,1,3,10.1257/pandp.20201017,Advance Market Commitments,Advance Market Commitments: Insights from Theory and Experience
Laura Derksen,1,3,10.3386/w28726,Selecting the Most Effective Nudge,Selecting the Most Effective Nudge: Evidence from a Large-Scale Experiment on Immunization
Lindiwe Majele Sibanda,1,3,10.1257/pandp.20201017,Advance Market Commitments,Advance Market Commitments: Insights from Theory and Experience
Liu Jun,1,3,10.3386/w23928,Artificial Intelligence and Economic Growth,Artificial Intelligence and Economic Growth
Mario Herrero,1,3,10.1257/pandp.20201017,Advance Market Commitments,Advance Market Commitments: Insights from Theory and Experience
Mark L. Kahn,1,3,10.1257/pandp.20201017,Advance Market Commitments,Advance Market Commitments: Insights from Theory and Experience
Markus Leippold,1,3,10.3386/w31137,Biodiversity Risk,Biodiversity Risk
Mattie Toma,1,3,10.3386/w28726,Selecting the Most Effective Nudge,Selecting the Most Effective Nudge: Evidence from a Large-Scale Experiment on Immunization
Michael Hinge,1,3,10.1016/j.ijdrr.2022.102798,Long term cost-effectiveness of resilient foods for global catastrophes compared…,Long term cost-effectiveness of resilient foods for global catastrophes compared to artificial general intelligence safety
Moumita Koley,1,3,10.3386/w26752,Stagnation and Scientific Incentives,Stagnation and Scientific Incentives
Natalia Ordaz Reynoso,1,3,10.3386/w28726,Selecting the Most Effective Nudge,Selecting the Most Effective Nudge: Evidence from a Large-Scale Experiment on Immunization
Natasha Pilkauskas,1,3,10.2139/ssrn.4154000,How Effective Is (More) Money? Randomizing Unconditional Cash Transfer Amounts…,How Effective Is (More) Money? Randomizing Unconditional Cash Transfer Amounts in the US
Noam Angrist,1,3,10.3386/w31208,Building Resilient Education Systems,Building Resilient Education Systems: Evidence from Large-Scale Randomized Trials in Five Countries
Philip K. Thornton,1,3,10.1257/pandp.20201017,Advance Market Commitments,Advance Market Commitments: Insights from Theory and Experience
Pompa Debroy,1,3,10.3386/w28726,Selecting the Most Effective Nudge,Selecting the Most Effective Nudge: Evidence from a Large-Scale Experiment on Immunization
Quinn Marshall,1,3,10.1257/pandp.20201017,Advance Market Commitments,Advance Market Commitments: Insights from Theory and Experience
Rebecca Nelson,1,3,10.1257/pandp.20201017,Advance Market Commitments,Advance Market Commitments: Insights from Theory and Experience
Rikin Gandhi,1,3,10.1257/pandp.20201017,Advance Market Commitments,Advance Market Commitments: Insights from Theory and Experience
Roy Steiner,1,3,10.1257/pandp.20201017,Advance Market Commitments,Advance Market Commitments: Insights from Theory and Experience
Ruchir Agarwal,1,3,10.1257/pandp.20201017,Advance Market Commitments,Advance Market Commitments: Insights from Theory and Experience
Russell J. Funk,1,3,10.3386/w26752,Stagnation and Scientific Incentives,Stagnation and Scientific Incentives
Sarah Halpern‐Meekin,1,3,10.2139/ssrn.4154000,How Effective Is (More) Money? Randomizing Unconditional Cash Transfer Amounts…,How Effective Is (More) Money? Randomizing Unconditional Cash Transfer Amounts in the US
Shenggen Fan,1,3,10.1257/pandp.20201017,Advance Market Commitments,Advance Market Commitments: Insights from Theory and Experience
Stephen A. Wood,1,3,10.1257/pandp.20201017,Advance Market Commitments,Advance Market Commitments: Insights from Theory and Experience
Steven James,1,3,10.1257/pandp.20201017,Advance Market Commitments,Advance Market Commitments: Insights from Theory and Experience
Tim G. Benton,1,3,10.1257/pandp.20201017,Advance Market Commitments,Advance Market Commitments: Insights from Theory and Experience
Vasco Amaral Grilo,1,3,10.1016/j.ijdrr.2022.102798,Long term cost-effectiveness of resilient foods for global catastrophes compared…,Long term cost-effectiveness of resilient foods for global catastrophes compared to artificial general intelligence safety
Veronica Mazariegos-Anastassiou,1,3,10.1257/pandp.20201017,Advance Market Commitments,Advance Market Commitments: Insights from Theory and Experience
A. K. Pan,1,2,10.2139/ssrn.4154000,How Effective Is (More) Money? Randomizing Unconditional Cash Transfer Amounts…,How Effective Is (More) Money? Randomizing Unconditional Cash Transfer Amounts in the US
Aarne Mämmelä,1,2,10.3386/w26752,Stagnation and Scientific Incentives,Stagnation and Scientific Incentives
Adrian Towse,1,2,10.1257/pandp.20201017,Advance Market Commitments,Advance Market Commitments: Insights from Theory and Experience
Adrien Bécue,1,2,10.3386/w23928,Artificial Intelligence and Economic Growth,Artificial Intelligence and Economic Growth
Alessandra Voena,1,2,10.3386/w28106,The Comparative Impact of Cash Transfers and a Psychotherapy Program…,The Comparative Impact of Cash Transfers and a Psychotherapy Program on Psychological and Economic Well-being
Alessandro Belmonte,1,2,10.3386/w28726,Selecting the Most Effective Nudge,Selecting the Most Effective Nudge: Evidence from a Large-Scale Experiment on Immunization
Alexandra Prisznyák,1,2,10.3386/w23928,Artificial Intelligence and Economic Growth,Artificial Intelligence and Economic Growth
Alexandra Scacco,1,2,10.3386/w30011,"The Long-Run Effects of Psychotherapy on Depression, Beliefs, and Economic…","The Long-Run Effects of Psychotherapy on Depression, Beliefs, and Economic Outcomes"
Amani Matabaro,1,2,10.3386/w30011,"The Long-Run Effects of Psychotherapy on Depression, Beliefs, and Economic…","The Long-Run Effects of Psychotherapy on Depression, Beliefs, and Economic Outcomes"
Amanuel Alemu Abajobir,1,2,10.3386/w30011,"The Long-Run Effects of Psychotherapy on Depression, Beliefs, and Economic…","The Long-Run Effects of Psychotherapy on Depression, Beliefs, and Economic Outcomes"
Andrés Moya,1,2,10.3386/w30011,"The Long-Run Effects of Psychotherapy on Depression, Beliefs, and Economic…","The Long-Run Effects of Psychotherapy on Depression, Beliefs, and Economic Outcomes"
Angus C. Chu,1,2,10.3386/w23928,Artificial Intelligence and Economic Growth,Artificial Intelligence and Economic Growth
Anicet Munyehirwe,1,2,10.3386/w23929,Effects of Emigration on Rural Labor Markets,Effects of Emigration on Rural Labor Markets
Anna Rogers,1,2,10.3386/w26752,Stagnation and Scientific Incentives,Stagnation and Scientific Incentives
Anthony DeFusco,1,2,10.2139/ssrn.4154000,How Effective Is (More) Money? Randomizing Unconditional Cash Transfer Amounts…,How Effective Is (More) Money? Randomizing Unconditional Cash Transfer Amounts in the US
Anton Bogs,1,2,10.1257/aer.20221215,Does the Squeaky Wheel Get More Grease? The Direct and…,Does the Squeaky Wheel Get More Grease? The Direct and Indirect Effects of Citizen Participation on Environmental Governance in China
Antonin Bergeaud,1,2,10.3386/w23928,Artificial Intelligence and Economic Growth,Artificial Intelligence and Economic Growth
Arjun Kharel,1,2,10.3386/w30011,"The Long-Run Effects of Psychotherapy on Depression, Beliefs, and Economic…","The Long-Run Effects of Psychotherapy on Depression, Beliefs, and Economic Outcomes"
Ashish Shenoy,1,2,10.3386/w23929,Effects of Emigration on Rural Labor Markets,Effects of Emigration on Rural Labor Markets
Ashrita Saran,1,2,10.3386/w23929,Effects of Emigration on Rural Labor Markets,Effects of Emigration on Rural Labor Markets
Axel Ockenfels,1,2,10.1257/pandp.20201017,Advance Market Commitments,Advance Market Commitments: Insights from Theory and Experience
Bao-Min Gan,1,2,10.1111/conl.13077,Banning Wildlife Trade Can Boost the Unregulated Trade of Threatened…,Banning Wildlife Trade Can Boost the Unregulated Trade of Threatened Species
Benjamin Fabian,1,2,10.3386/w23928,Artificial Intelligence and Economic Growth,Artificial Intelligence and Economic Growth
Benjamin J. Keys,1,2,10.2139/ssrn.4154000,How Effective Is (More) Money? Randomizing Unconditional Cash Transfer Amounts…,How Effective Is (More) Money? Randomizing Unconditional Cash Transfer Amounts in the US
Bernd Beber,1,2,10.3386/w30011,"The Long-Run Effects of Psychotherapy on Depression, Beliefs, and Economic…","The Long-Run Effects of Psychotherapy on Depression, Beliefs, and Economic Outcomes"
Bettina Rockenbach,1,2,10.3386/w28726,Selecting the Most Effective Nudge,Selecting the Most Effective Nudge: Evidence from a Large-Scale Experiment on Immunization
Brian M. Lucey,1,2,10.3386/w31137,Biodiversity Risk,Biodiversity Risk
C. Austin Davis,1,2,10.3386/w23929,Effects of Emigration on Rural Labor Markets,Effects of Emigration on Rural Labor Markets
Caroline Ratcliffe,1,2,10.2139/ssrn.4154000,How Effective Is (More) Money? Randomizing Unconditional Cash Transfer Amounts…,How Effective Is (More) Money? Randomizing Unconditional Cash Transfer Amounts in the US
Carolyn Nekesa,1,2,10.3386/w30011,"The Long-Run Effects of Psychotherapy on Depression, Beliefs, and Economic…","The Long-Run Effects of Psychotherapy on Depression, Beliefs, and Economic Outcomes"
Cass R. Sunstein,1,2,10.3386/w30740,"When do ""Nudges"" Increase Welfare?","When do ""Nudges"" Increase Welfare?"
Chad P. Bown,1,2,10.3386/w26775,Advance Market Commitments,Advance Market Commitments: Insights from Theory and Experience
Chad Syverson,1,2,10.3386/w23928,Artificial Intelligence and Economic Growth,Artificial Intelligence and Economic Growth
Chenxin Ding,1,2,10.1257/aer.20221215,Does the Squeaky Wheel Get More Grease? The Direct and…,Does the Squeaky Wheel Get More Grease? The Direct and Indirect Effects of Citizen Participation on Environmental Governance in China
Chiara Colesanti Senni,1,2,10.3386/w31137,Biodiversity Risk,Biodiversity Risk
Chia‐Hsuan Hsu,1,2,10.1111/conl.13077,Banning Wildlife Trade Can Boost the Unregulated Trade of Threatened…,Banning Wildlife Trade Can Boost the Unregulated Trade of Threatened Species
Chih-Hsing Liao,1,2,10.3386/w23928,Artificial Intelligence and Economic Growth,Artificial Intelligence and Economic Growth
Christodoulos Louca,1,2,10.3386/w23928,Artificial Intelligence and Economic Growth,Artificial Intelligence and Economic Growth
Corinne Low,1,2,10.3386/w28106,The Comparative Impact of Cash Transfers and a Psychotherapy Program…,The Comparative Impact of Cash Transfers and a Psychotherapy Program on Psychological and Economic Well-being
Cynthia Kinnan,1,2,10.3386/w28726,Selecting the Most Effective Nudge,Selecting the Most Effective Nudge: Evidence from a Large-Scale Experiment on Immunization
Daifu Yang,1,2,10.1257/aer.20221215,Does the Squeaky Wheel Get More Grease? The Direct and…,Does the Squeaky Wheel Get More Grease? The Direct and Indirect Effects of Citizen Participation on Environmental Governance in China
Daniel Rock,1,2,10.3386/w23928,Artificial Intelligence and Economic Growth,Artificial Intelligence and Economic Growth
David Bishai,1,2,10.3386/w26775,Advance Market Commitments,Advance Market Commitments: Insights from Theory and Experience
David Lagakos,1,2,10.3386/w23929,Effects of Emigration on Rural Labor Markets,Effects of Emigration on Rural Labor Markets
David M. Silverman,1,2,10.2139/ssrn.4154000,How Effective Is (More) Money? Randomizing Unconditional Cash Transfer Amounts…,How Effective Is (More) Money? Randomizing Unconditional Cash Transfer Amounts in the US
David Phillips,1,2,10.2139/ssrn.4154000,How Effective Is (More) Money? Randomizing Unconditional Cash Transfer Amounts…,How Effective Is (More) Money? Randomizing Unconditional Cash Transfer Amounts in the US
David Yokum,1,2,10.3386/w28726,Selecting the Most Effective Nudge,Selecting the Most Effective Nudge: Evidence from a Large-Scale Experiment on Immunization
Denny John,1,2,10.3386/w23929,Effects of Emigration on Rural Labor Markets,Effects of Emigration on Rural Labor Markets
Derek Foster,1,2,10.1257/pandp.20201017,Advance Market Commitments,Advance Market Commitments: Insights from Theory and Experience
Dillon Bowen,1,2,10.3386/w28726,Selecting the Most Effective Nudge,Selecting the Most Effective Nudge: Evidence from a Large-Scale Experiment on Immunization
Divyangana Rakesh,1,2,10.2139/ssrn.4154000,How Effective Is (More) Money? Randomizing Unconditional Cash Transfer Amounts…,How Effective Is (More) Money? Randomizing Unconditional Cash Transfer Amounts in the US
Dongmei Mu,1,2,10.1257/aer.20221215,Does the Squeaky Wheel Get More Grease? The Direct and…,Does the Squeaky Wheel Get More Grease? The Direct and Indirect Effects of Citizen Participation on Environmental Governance in China
Douglas Gollin,1,2,10.3386/w23929,Effects of Emigration on Rural Labor Markets,Effects of Emigration on Rural Labor Markets
Eduard Talamàs,1,2,10.3386/w23928,Artificial Intelligence and Economic Growth,Artificial Intelligence and Economic Growth
Edward Miguel,1,2,10.3386/w28726,Selecting the Most Effective Nudge,Selecting the Most Effective Nudge: Evidence from a Large-Scale Experiment on Immunization
Elena Kalotychou,1,2,10.3386/w23928,Artificial Intelligence and Economic Growth,Artificial Intelligence and Economic Growth
Ella Beveridge,1,2,10.3386/w23929,Effects of Emigration on Rural Labor Markets,Effects of Emigration on Rural Labor Markets
Elle Tibbitts,1,2,10.2139/ssrn.4154000,How Effective Is (More) Money? Randomizing Unconditional Cash Transfer Amounts…,How Effective Is (More) Money? Randomizing Unconditional Cash Transfer Amounts in the US
Eric Ochieng,1,2,10.3386/w30011,"The Long-Run Effects of Psychotherapy on Depression, Beliefs, and Economic…","The Long-Run Effects of Psychotherapy on Depression, Beliefs, and Economic Outcomes"
Erica R.H. Fuchs,1,2,10.1257/pandp.20201017,Advance Market Commitments,Advance Market Commitments: Insights from Theory and Experience
Erwin Bulte,1,2,10.3386/w23929,Effects of Emigration on Rural Labor Markets,Effects of Emigration on Rural Labor Markets
Farah Said,1,2,10.3386/w28726,Selecting the Most Effective Nudge,Selecting the Most Effective Nudge: Evidence from a Large-Scale Experiment on Immunization
Farrah Jasmine Dingal,1,2,10.1016/j.ijdrr.2022.102798,Long term cost-effectiveness of resilient foods for global catastrophes compared…,Long term cost-effectiveness of resilient foods for global catastrophes compared to artificial general intelligence safety
Filippo Bertani,1,2,10.3386/w23928,Artificial Intelligence and Economic Growth,Artificial Intelligence and Economic Growth
Francisco Buera,1,2,10.3386/w23929,Effects of Emigration on Rural Labor Markets,Effects of Emigration on Rural Labor Markets
Friederike Stock,1,2,10.2139/ssrn.4154000,How Effective Is (More) Money? Randomizing Unconditional Cash Transfer Amounts…,How Effective Is (More) Money? Randomizing Unconditional Cash Transfer Amounts in the US
Gabriel Reyes,1,2,10.2139/ssrn.4154000,How Effective Is (More) Money? Randomizing Unconditional Cash Transfer Amounts…,How Effective Is (More) Money? Randomizing Unconditional Cash Transfer Amounts in the US
Gauri Kartini Shastry,1,2,10.1257/pandp.20201017,Advance Market Commitments,Advance Market Commitments: Insights from Theory and Experience
Gilbert Cette,1,2,10.3386/w23928,Artificial Intelligence and Economic Growth,Artificial Intelligence and Economic Growth
Greg J. Duncan,1,2,10.2139/ssrn.4154000,How Effective Is (More) Money? Randomizing Unconditional Cash Transfer Amounts…,How Effective Is (More) Money? Randomizing Unconditional Cash Transfer Amounts in the US
Guangyu Cao,1,2,10.1257/aer.20221215,Does the Squeaky Wheel Get More Grease? The Direct and…,Does the Squeaky Wheel Get More Grease? The Direct and Indirect Effects of Citizen Participation on Environmental Governance in China
Guido Cozzi,1,2,10.3386/w23928,Artificial Intelligence and Economic Growth,Artificial Intelligence and Economic Growth
Hanming Fang,1,2,10.3386/w28726,Selecting the Most Effective Nudge,Selecting the Most Effective Nudge: Evidence from a Large-Scale Experiment on Immunization
Harrison Mitchell,1,2,10.3386/w23929,Effects of Emigration on Rural Labor Markets,Effects of Emigration on Rural Labor Markets
Harry Pickard,1,2,10.3386/w28726,Selecting the Most Effective Nudge,Selecting the Most Effective Nudge: Evidence from a Large-Scale Experiment on Immunization
Heather Barry Kappes,1,2,10.3386/w28726,Selecting the Most Effective Nudge,Selecting the Most Effective Nudge: Evidence from a Large-Scale Experiment on Immunization
Hengchen Dai,1,2,10.3386/w28726,Selecting the Most Effective Nudge,Selecting the Most Effective Nudge: Evidence from a Large-Scale Experiment on Immunization
Henrique S. Basso,1,2,10.3386/w23928,Artificial Intelligence and Economic Growth,Artificial Intelligence and Economic Growth
Hirokazu Yoshikawa,1,2,10.2139/ssrn.4154000,How Effective Is (More) Money? Randomizing Unconditional Cash Transfer Amounts…,How Effective Is (More) Money? Randomizing Unconditional Cash Transfer Amounts in the US
Hui Mao,1,2,10.3386/w23928,Artificial Intelligence and Economic Growth,Artificial Intelligence and Economic Growth
Hui Sun,1,2,10.1257/aer.20221215,Does the Squeaky Wheel Get More Grease? The Direct and…,Does the Squeaky Wheel Get More Grease? The Direct and Indirect Effects of Citizen Participation on Environmental Governance in China
Huihong Chang,1,2,10.3386/w23928,Artificial Intelligence and Economic Growth,Artificial Intelligence and Economic Growth
Huong Ha,1,2,10.3386/w28726,Selecting the Most Effective Nudge,Selecting the Most Effective Nudge: Evidence from a Large-Scale Experiment on Immunization
Ilana Brody,1,2,10.3386/w28726,Selecting the Most Effective Nudge,Selecting the Most Effective Nudge: Evidence from a Large-Scale Experiment on Immunization
Ishita Ghai,1,2,10.3386/w30835,Water Treatment And Child Mortality,Water Treatment And Child Mortality: A Meta-Analysis And Cost-effectiveness Analysis
Javier Mayoral Sánchez,1,2,10.3386/w23928,Artificial Intelligence and Economic Growth,Artificial Intelligence and Economic Growth
Jianhao Lin,1,2,10.1257/aer.20221215,Does the Squeaky Wheel Get More Grease? The Direct and…,Does the Squeaky Wheel Get More Grease? The Direct and Indirect Effects of Citizen Participation on Environmental Governance in China
Jianxian Wu,1,2,10.1257/aer.20221215,Does the Squeaky Wheel Get More Grease? The Direct and…,Does the Squeaky Wheel Get More Grease? The Direct and Indirect Effects of Citizen Participation on Environmental Governance in China
Jiasong Xie,1,2,10.1257/aer.20221215,Does the Squeaky Wheel Get More Grease? The Direct and…,Does the Squeaky Wheel Get More Grease? The Direct and Indirect Effects of Citizen Participation on Environmental Governance in China
Jim Leitzel,1,2,10.2139/ssrn.3938994,Information Avoidance and Moral Behavior,Information Avoidance and Moral Behavior: Experimental Evidence from Food Choices
Johannes Stroebel,1,2,10.3386/w31137,Biodiversity Risk,Biodiversity Risk
John Eric Humphries,1,2,10.2139/ssrn.4154000,How Effective Is (More) Money? Randomizing Unconditional Cash Transfer Amounts…,How Effective Is (More) Money? Randomizing Unconditional Cash Transfer Amounts in the US
John Eyers,1,2,10.3386/w23929,Effects of Emigration on Rural Labor Markets,Effects of Emigration on Rural Labor Markets
João Gama,1,2,10.3386/w23928,Artificial Intelligence and Economic Growth,Artificial Intelligence and Economic Growth
Jun Liu,1,2,10.3386/w23928,Artificial Intelligence and Economic Growth,Artificial Intelligence and Economic Growth
Jörg Peters,1,2,10.3386/w23929,Effects of Emigration on Rural Labor Markets,Effects of Emigration on Rural Labor Markets
Kaizhao Guo,1,2,10.3386/w23928,Artificial Intelligence and Economic Growth,Artificial Intelligence and Economic Growth
Karim Naguib,1,2,10.3386/w23929,Effects of Emigration on Rural Labor Markets,Effects of Emigration on Rural Labor Markets
Katharina Büsch,1,2,10.2139/ssrn.4154000,How Effective Is (More) Money? Randomizing Unconditional Cash Transfer Amounts…,How Effective Is (More) Money? Randomizing Unconditional Cash Transfer Amounts in the US
Katharina de Cruppe,1,2,10.3386/w23928,Artificial Intelligence and Economic Growth,Artificial Intelligence and Economic Growth
Katherine Dai,1,2,10.3386/w30011,"The Long-Run Effects of Psychotherapy on Depression, Beliefs, and Economic…","The Long-Run Effects of Psychotherapy on Depression, Beliefs, and Economic Outcomes"
Katherine Magnuson,1,2,10.2139/ssrn.4154000,How Effective Is (More) Money? Randomizing Unconditional Cash Transfer Amounts…,How Effective Is (More) Money? Randomizing Unconditional Cash Transfer Amounts in the US
Kazi Iqbal,1,2,10.3386/w23929,Effects of Emigration on Rural Labor Markets,Effects of Emigration on Rural Labor Markets
Khánh Hoàng,1,2,10.3386/w31137,Biodiversity Risk,Biodiversity Risk
Kimberly G. Noble,1,2,10.2139/ssrn.4154000,How Effective Is (More) Money? Randomizing Unconditional Cash Transfer Amounts…,How Effective Is (More) Money? Randomizing Unconditional Cash Transfer Amounts in the US
King King Li,1,2,10.3386/w28726,Selecting the Most Effective Nudge,Selecting the Most Effective Nudge: Evidence from a Large-Scale Experiment on Immunization
Kris‐Stella Trump,1,2,10.3386/w28726,Selecting the Most Effective Nudge,Selecting the Most Effective Nudge: Evidence from a Large-Scale Experiment on Immunization
Kun Duan,1,2,10.3386/w23928,Artificial Intelligence and Economic Growth,Artificial Intelligence and Economic Growth
Lelys Dinarte,1,2,10.3386/w28726,Selecting the Most Effective Nudge,Selecting the Most Effective Nudge: Evidence from a Large-Scale Experiment on Immunization
Leon Mait,1,2,10.3386/w28106,The Comparative Impact of Cash Transfers and a Psychotherapy Program…,The Comparative Impact of Cash Transfers and a Psychotherapy Program on Psychological and Economic Well-being
Lian Zhou,1,2,10.1257/aer.20221215,Does the Squeaky Wheel Get More Grease? The Direct and…,Does the Squeaky Wheel Get More Grease? The Direct and Indirect Effects of Citizen Participation on Environmental Governance in China
Liudmila D. Konovalova,1,2,10.3386/w23928,Artificial Intelligence and Economic Growth,Artificial Intelligence and Economic Growth
Lorenz Göette,1,2,10.3386/w28726,Selecting the Most Effective Nudge,Selecting the Most Effective Nudge: Evidence from a Large-Scale Experiment on Immunization
Lorenzo Lorenzo‐Luaces,1,2,10.3386/w28106,The Comparative Impact of Cash Transfers and a Psychotherapy Program…,The Comparative Impact of Cash Transfers and a Psychotherapy Program on Psychological and Economic Well-being
Lucas Kleine-Stegemann,1,2,10.3386/w23928,Artificial Intelligence and Economic Growth,Artificial Intelligence and Economic Growth
Lucian A. Taylor,1,2,10.3386/w31137,Biodiversity Risk,Biodiversity Risk
Maarit Olkkola,1,2,10.3386/w28726,Selecting the Most Effective Nudge,Selecting the Most Effective Nudge: Evidence from a Large-Scale Experiment on Immunization
Magdalena Larreboure,1,2,10.3386/w28106,The Comparative Impact of Cash Transfers and a Psychotherapy Program…,The Comparative Impact of Cash Transfers and a Psychotherapy Program on Psychological and Economic Well-being
Mahfoudh Hussein Mgammal,1,2,10.3386/w23928,Artificial Intelligence and Economic Growth,Artificial Intelligence and Economic Growth
Mai Vu,1,2,10.3386/w23928,Artificial Intelligence and Economic Growth,Artificial Intelligence and Economic Growth
Maira Emy Reimão,1,2,10.3386/w23929,Effects of Emigration on Rural Labor Markets,Effects of Emigration on Rural Labor Markets
Manisha Shah,1,2,10.3386/w28106,The Comparative Impact of Cash Transfers and a Psychotherapy Program…,The Comparative Impact of Cash Transfers and a Psychotherapy Program on Psychological and Economic Well-being
Marcel Fafchamps,1,2,10.3386/w28726,Selecting the Most Effective Nudge,Selecting the Most Effective Nudge: Evidence from a Large-Scale Experiment on Immunization
Margaret Kyle,1,2,10.1257/pandp.20201017,Advance Market Commitments,Advance Market Commitments: Insights from Theory and Experience
Margaret McMillan,1,2,10.3386/w28726,Selecting the Most Effective Nudge,Selecting the Most Effective Nudge: Evidence from a Large-Scale Experiment on Immunization
Marinko Škare,1,2,10.3386/w23928,Artificial Intelligence and Economic Growth,Artificial Intelligence and Economic Growth
Mary Steffel,1,2,10.3386/w28726,Selecting the Most Effective Nudge,Selecting the Most Effective Nudge: Evidence from a Large-Scale Experiment on Immunization
Maryam Mottaghi,1,2,10.1016/j.ijdrr.2022.102798,Long term cost-effectiveness of resilient foods for global catastrophes compared…,Long term cost-effectiveness of resilient foods for global catastrophes compared to artificial general intelligence safety
Masakatsu Nakamura,1,2,10.3386/w23928,Artificial Intelligence and Economic Growth,Artificial Intelligence and Economic Growth
Matthias Sutter,1,2,10.3386/w28726,Selecting the Most Effective Nudge,Selecting the Most Effective Nudge: Evidence from a Large-Scale Experiment on Immunization
Matthijs M. Maas,1,2,10.48550/arxiv.2305.07153,Towards best practices in AGI safety and governance,Towards best practices in AGI safety and governance: A survey of expert opinion
Maureen Ebben,1,2,10.3386/w23928,Artificial Intelligence and Economic Growth,Artificial Intelligence and Economic Growth
Maximiliane Sievert,1,2,10.3386/w23929,Effects of Emigration on Rural Labor Markets,Effects of Emigration on Rural Labor Markets
Md Nahid Ferdous Pabon,1,2,10.3386/w23929,Effects of Emigration on Rural Labor Markets,Effects of Emigration on Rural Labor Markets
Melika Miralem,1,2,10.2139/ssrn.4154000,How Effective Is (More) Money? Randomizing Unconditional Cash Transfer Amounts…,How Effective Is (More) Money? Randomizing Unconditional Cash Transfer Amounts in the US
Meng Liu,1,2,10.3386/w23928,Artificial Intelligence and Economic Growth,Artificial Intelligence and Economic Growth
Mengdi Liu,1,2,10.1257/aer.20221215,Does the Squeaky Wheel Get More Grease? The Direct and…,Does the Squeaky Wheel Get More Grease? The Direct and Indirect Effects of Citizen Participation on Environmental Governance in China
Meriah Lee DeJoseph,1,2,10.2139/ssrn.4154000,How Effective Is (More) Money? Randomizing Unconditional Cash Transfer Amounts…,How Effective Is (More) Money? Randomizing Unconditional Cash Transfer Amounts in the US
Mia Ellis,1,2,10.3386/w28726,Selecting the Most Effective Nudge,Selecting the Most Effective Nudge: Evidence from a Large-Scale Experiment on Immunization
Michael Rieser,1,2,10.3386/w28726,Selecting the Most Effective Nudge,Selecting the Most Effective Nudge: Evidence from a Large-Scale Experiment on Immunization
Michael Walker,1,2,10.3386/w30011,"The Long-Run Effects of Psychotherapy on Depression, Beliefs, and Economic…","The Long-Run Effects of Psychotherapy on Depression, Beliefs, and Economic Outcomes"
Michael Waugh,1,2,10.3386/w23929,Effects of Emigration on Rural Labor Markets,Effects of Emigration on Rural Labor Markets
Michael Y. Roleda,1,2,10.1016/j.ijdrr.2022.102798,Long term cost-effectiveness of resilient foods for global catastrophes compared…,Long term cost-effectiveness of resilient foods for global catastrophes compared to artificial general intelligence safety
Mingwei Xu,1,2,10.1257/aer.20221215,Does the Squeaky Wheel Get More Grease? The Direct and…,Does the Squeaky Wheel Get More Grease? The Direct and Indirect Effects of Citizen Participation on Environmental Governance in China
Mohammad Rezoanul Hoque,1,2,10.3386/w23929,Effects of Emigration on Rural Labor Markets,Effects of Emigration on Rural Labor Markets
Monica E Ellwood-Lowe,1,2,10.2139/ssrn.4154000,How Effective Is (More) Money? Randomizing Unconditional Cash Transfer Amounts…,How Effective Is (More) Money? Randomizing Unconditional Cash Transfer Amounts in the US
Montse Fernández,1,2,10.3386/w23928,Artificial Intelligence and Economic Growth,Artificial Intelligence and Economic Growth
Moti Shatner,1,2,10.3386/w26752,Stagnation and Scientific Incentives,Stagnation and Scientific Incentives
Mélissa Hidrobo,1,2,10.3386/w28106,The Comparative Impact of Cash Transfers and a Psychotherapy Program…,The Comparative Impact of Cash Transfers and a Psychotherapy Program on Psychological and Economic Well-being
Nahian Azad Shashi,1,2,10.3386/w23929,Effects of Emigration on Rural Labor Markets,Effects of Emigration on Rural Labor Markets
Nan Jia,1,2,10.3386/w23928,Artificial Intelligence and Economic Growth,Artificial Intelligence and Economic Growth
Natalie Bau,1,2,10.3386/w28106,The Comparative Impact of Cash Transfers and a Psychotherapy Program…,The Comparative Impact of Cash Transfers and a Psychotherapy Program on Psychological and Economic Well-being
Nathan A. Fox,1,2,10.2139/ssrn.4154000,How Effective Is (More) Money? Randomizing Unconditional Cash Transfer Amounts…,How Effective Is (More) Money? Randomizing Unconditional Cash Transfer Amounts in the US
Nathan Fiala,1,2,10.3386/w23929,Effects of Emigration on Rural Labor Markets,Effects of Emigration on Rural Labor Markets
Niccolò F. Meriggi,1,2,10.3386/w30011,"The Long-Run Effects of Psychotherapy on Depression, Beliefs, and Economic…","The Long-Run Effects of Psychotherapy on Depression, Beliefs, and Economic Outcomes"
Nicole Kovski,1,2,10.2139/ssrn.4154000,How Effective Is (More) Money? Randomizing Unconditional Cash Transfer Amounts…,How Effective Is (More) Money? Randomizing Unconditional Cash Transfer Amounts in the US
Nikhil Kalathil,1,2,10.1257/pandp.20201017,Advance Market Commitments,Advance Market Commitments: Insights from Theory and Experience
Nina Blöndal,1,2,10.3386/w23929,Effects of Emigration on Rural Labor Markets,Effects of Emigration on Rural Labor Markets
Nneka Osadolor,1,2,10.3386/w30835,Water Treatment And Child Mortality,Water Treatment And Child Mortality: A Meta-Analysis And Cost-effectiveness Analysis
Nuole Chen,1,2,10.3386/w28726,Selecting the Most Effective Nudge,Selecting the Most Effective Nudge: Evidence from a Large-Scale Experiment on Immunization
Nursena Aksünger,1,2,10.3386/w30011,"The Long-Run Effects of Psychotherapy on Depression, Beliefs, and Economic…","The Long-Run Effects of Psychotherapy on Depression, Beliefs, and Economic Outcomes"
Ottmar Edenhofer,1,2,10.3386/w32450,The Macroeconomic Impact of Climate Change,The Macroeconomic Impact of Climate Change: Global vs. Local Temperature
Paula López-Peña,1,2,10.3386/w23929,Effects of Emigration on Rural Labor Markets,Effects of Emigration on Rural Labor Markets
Pedro Quelhas Brito,1,2,10.3386/w23928,Artificial Intelligence and Economic Growth,Artificial Intelligence and Economic Growth
Peiyao Shen,1,2,10.3386/w28726,Selecting the Most Effective Nudge,Selecting the Most Effective Nudge: Evidence from a Large-Scale Experiment on Immunization
Peter Buxmann,1,2,10.3386/w23928,Artificial Intelligence and Economic Growth,Artificial Intelligence and Economic Growth
Pheliciah Mwachofi,1,2,10.3386/w30011,"The Long-Run Effects of Psychotherapy on Depression, Beliefs, and Economic…","The Long-Run Effects of Psychotherapy on Depression, Beliefs, and Economic Outcomes"
Philipp Barteska,1,2,10.3386/w28726,Selecting the Most Effective Nudge,Selecting the Most Effective Nudge: Evidence from a Large-Scale Experiment on Immunization
Post Raj Pokharel,1,2,10.3386/w31137,Biodiversity Risk,Biodiversity Risk
R. Amirikas,1,2,10.3386/w23928,Artificial Intelligence and Economic Growth,Artificial Intelligence and Economic Growth
Rachit Dhiman,1,2,10.3386/w23928,Artificial Intelligence and Economic Growth,Artificial Intelligence and Economic Growth
Rebecca Johnson,1,2,10.3386/w28726,Selecting the Most Effective Nudge,Selecting the Most Effective Nudge: Evidence from a Large-Scale Experiment on Immunization
Rebecca Littman,1,2,10.3386/w30011,"The Long-Run Effects of Psychotherapy on Depression, Beliefs, and Economic…","The Long-Run Effects of Psychotherapy on Depression, Beliefs, and Economic Outcomes"
Rekha Balu,1,2,10.3386/w28726,Selecting the Most Effective Nudge,Selecting the Most Effective Nudge: Evidence from a Large-Scale Experiment on Immunization
Robert Collinson,1,2,10.2139/ssrn.4154000,How Effective Is (More) Money? Randomizing Unconditional Cash Transfer Amounts…,How Effective Is (More) Money? Randomizing Unconditional Cash Transfer Amounts in the US
Robert F. Stambaugh,1,2,10.3386/w31137,Biodiversity Risk,Biodiversity Risk
Robin L. Chazdon,1,2,10.21203/rs.3.rs-3235955/v1,The global potential for natural regeneration in deforested tropical regions,The global potential for natural regeneration in deforested tropical regions
Russell Burnett,1,2,10.3386/w28726,Selecting the Most Effective Nudge,Selecting the Most Effective Nudge: Evidence from a Large-Scale Experiment on Immunization
Russell Golman,1,2,10.2139/ssrn.3938994,Information Avoidance and Moral Behavior,Information Avoidance and Moral Behavior: Experimental Evidence from Food Choices
Rémy Lecat,1,2,10.3386/w23928,Artificial Intelligence and Economic Growth,Artificial Intelligence and Economic Growth
Saad B. Omer,1,2,10.3386/w28726,Selecting the Most Effective Nudge,Selecting the Most Effective Nudge: Evidence from a Large-Scale Experiment on Immunization
Sabina Shaikh,1,2,10.2139/ssrn.3938994,Information Avoidance and Moral Behavior,Information Avoidance and Moral Behavior: Experimental Evidence from Food Choices
Sara Lowes,1,2,10.3386/w28106,The Comparative Impact of Cash Transfers and a Psychotherapy Program…,The Comparative Impact of Cash Transfers and a Psychotherapy Program on Psychological and Economic Well-being
Sarah Shaukat,1,2,10.3386/w28726,Selecting the Most Effective Nudge,Selecting the Most Effective Nudge: Evidence from a Large-Scale Experiment on Immunization
Saurabh Mishra,1,2,10.3386/w23928,Artificial Intelligence and Economic Growth,Artificial Intelligence and Economic Growth
Seong‐Jin Park,1,2,10.3386/w23928,Artificial Intelligence and Economic Growth,Artificial Intelligence and Economic Growth
Seth Benzell,1,2,10.3386/w23928,Artificial Intelligence and Economic Growth,Artificial Intelligence and Economic Growth
Shalini Roy,1,2,10.3386/w28106,The Comparative Impact of Cash Transfers and a Psychotherapy Program…,The Comparative Impact of Cash Transfers and a Psychotherapy Program on Psychological and Economic Well-being
Shaojian Chen,1,2,10.3386/w23928,Artificial Intelligence and Economic Growth,Artificial Intelligence and Economic Growth
Sheshadri Chatterjee,1,2,10.3386/w23928,Artificial Intelligence and Economic Growth,Artificial Intelligence and Economic Growth
Shih-Chi Ma,1,2,10.3386/w23928,Artificial Intelligence and Economic Growth,Artificial Intelligence and Economic Growth
Shi‐Sheng Liu,1,2,10.1111/conl.13077,Banning Wildlife Trade Can Boost the Unregulated Trade of Threatened…,Banning Wildlife Trade Can Boost the Unregulated Trade of Threatened Species
Shmuel San,1,2,10.3386/w23928,Artificial Intelligence and Economic Growth,Artificial Intelligence and Economic Growth
Siliang Tong,1,2,10.3386/w23928,Artificial Intelligence and Economic Growth,Artificial Intelligence and Economic Growth
Silvia Saccardo,1,2,10.3386/w28726,Selecting the Most Effective Nudge,Selecting the Most Effective Nudge: Evidence from a Large-Scale Experiment on Immunization
Sin-Tung Choi,1,2,10.1111/conl.13077,Banning Wildlife Trade Can Boost the Unregulated Trade of Threatened…,Banning Wildlife Trade Can Boost the Unregulated Trade of Threatened Species
Sofia Miteff,1,2,10.3386/w23928,Artificial Intelligence and Economic Growth,Artificial Intelligence and Economic Growth
Sonia Parratt Fernández,1,2,10.3386/w23928,Artificial Intelligence and Economic Growth,Artificial Intelligence and Economic Growth
Sonja Dobkowitz,1,2,10.3386/w28726,Selecting the Most Effective Nudge,Selecting the Most Effective Nudge: Evidence from a Large-Scale Experiment on Immunization
Sreyashi Sharmin,1,2,10.3386/w28106,The Comparative Impact of Cash Transfers and a Psychotherapy Program…,The Comparative Impact of Cash Transfers and a Psychotherapy Program on Psychological and Economic Well-being
Stephanie Bonds,1,2,10.3386/w30835,Water Treatment And Child Mortality,Water Treatment And Child Mortality: A Meta-Analysis And Cost-effectiveness Analysis
Steven McCabe,1,2,10.3386/w32450,The Macroeconomic Impact of Climate Change,The Macroeconomic Impact of Climate Change: Global vs. Local Temperature
Suchi Kapoor Malhotra,1,2,10.3386/w23929,Effects of Emigration on Rural Labor Markets,Effects of Emigration on Rural Labor Markets
Suwen Ge,1,2,10.2139/ssrn.4154000,How Effective Is (More) Money? Randomizing Unconditional Cash Transfer Amounts…,How Effective Is (More) Money? Randomizing Unconditional Cash Transfer Amounts in the US
Sylvie Borau,1,2,10.2139/ssrn.3938994,Information Avoidance and Moral Behavior,Information Avoidance and Moral Behavior: Experimental Evidence from Food Choices
Thang Ngoc Bach,1,2,10.3386/w31137,Biodiversity Risk,Biodiversity Risk
Thato Letsomo,1,2,10.3386/w31208,Building Resilient Education Systems,Building Resilient Education Systems: Evidence from Large-Scale Randomized Trials in Five Countries
Theresa K. Meyer,1,2,10.1016/j.ijdrr.2022.102798,Long term cost-effectiveness of resilient foods for global catastrophes compared…,Long term cost-effectiveness of resilient foods for global catastrophes compared to artificial general intelligence safety
Thomas Giroux,1,2,10.3386/w31137,Biodiversity Risk,Biodiversity Risk
Thorsten Staake,1,2,10.3386/w28726,Selecting the Most Effective Nudge,Selecting the Most Effective Nudge: Evidence from a Large-Scale Experiment on Immunization
Tingwei Luo,1,2,10.1257/aer.20221215,Does the Squeaky Wheel Get More Grease? The Direct and…,Does the Squeaky Wheel Get More Grease? The Direct and Indirect Effects of Citizen Participation on Environmental Governance in China
Tingyu Yu,1,2,10.3386/w31137,Biodiversity Risk,Biodiversity Risk
Tobias Kollmann,1,2,10.3386/w23928,Artificial Intelligence and Economic Growth,Artificial Intelligence and Economic Growth
Tobias Schimanski,1,2,10.3386/w31137,Biodiversity Risk,Biodiversity Risk
Tomas Folke,1,2,10.2139/ssrn.4154000,How Effective Is (More) Money? Randomizing Unconditional Cash Transfer Amounts…,How Effective Is (More) Money? Randomizing Unconditional Cash Transfer Amounts in the US
Tomohiko Endo,1,2,10.1111/conl.13077,Banning Wildlife Trade Can Boost the Unregulated Trade of Threatened…,Banning Wildlife Trade Can Boost the Unregulated Trade of Threatened Species
Tristan Reed,1,2,10.1257/pandp.20201017,Advance Market Commitments,Advance Market Commitments: Insights from Theory and Experience
Tzu‐Pi Chen,1,2,10.1111/conl.13077,Banning Wildlife Trade Can Boost the Unregulated Trade of Threatened…,Banning Wildlife Trade Can Boost the Unregulated Trade of Threatened Species
Uri Schattner,1,2,10.3386/w26752,Stagnation and Scientific Incentives,Stagnation and Scientific Incentives
V. Mironov,1,2,10.3386/w23928,Artificial Intelligence and Economic Growth,Artificial Intelligence and Economic Growth
Verena Tiefenbeck,1,2,10.3386/w28726,Selecting the Most Effective Nudge,Selecting the Most Effective Nudge: Evidence from a Large-Scale Experiment on Immunization
Veronika Cheplygina,1,2,10.3386/w26752,Stagnation and Scientific Incentives,Stagnation and Scientific Incentives
Vis Taraz,1,2,10.3386/w23929,Effects of Emigration on Rural Labor Markets,Effects of Emigration on Rural Labor Markets
Wei Zhang,1,2,10.1257/aer.20221215,Does the Squeaky Wheel Get More Grease? The Direct and…,Does the Squeaky Wheel Get More Grease? The Direct and Indirect Effects of Citizen Participation on Environmental Governance in China
Wei‐Ting Chen,1,2,10.1111/conl.13077,Banning Wildlife Trade Can Boost the Unregulated Trade of Threatened…,Banning Wildlife Trade Can Boost the Unregulated Trade of Threatened Species
Wenbiao Sha,1,2,10.1257/aer.20221215,Does the Squeaky Wheel Get More Grease? The Direct and…,Does the Squeaky Wheel Get More Grease? The Direct and Indirect Effects of Citizen Participation on Environmental Governance in China
Wendy Janssens,1,2,10.3386/w30011,"The Long-Run Effects of Psychotherapy on Depression, Beliefs, and Economic…","The Long-Run Effects of Psychotherapy on Depression, Beliefs, and Economic Outcomes"
Willem E. Frankenhuis,1,2,10.2139/ssrn.4154000,How Effective Is (More) Money? Randomizing Unconditional Cash Transfer Amounts…,How Effective Is (More) Money? Randomizing Unconditional Cash Transfer Amounts in the US
Winnie van Dijk,1,2,10.2139/ssrn.4154000,How Effective Is (More) Money? Randomizing Unconditional Cash Transfer Amounts…,How Effective Is (More) Money? Randomizing Unconditional Cash Transfer Amounts in the US
Xi Weng,1,2,10.1257/aer.20221215,Does the Squeaky Wheel Get More Grease? The Direct and…,Does the Squeaky Wheel Get More Grease? The Direct and Indirect Effects of Citizen Participation on Environmental Governance in China
Xianfeng Zhang,1,2,10.1257/aer.20221215,Does the Squeaky Wheel Get More Grease? The Direct and…,Does the Squeaky Wheel Get More Grease? The Direct and Indirect Effects of Citizen Participation on Environmental Governance in China
Xiang Hui,1,2,10.3386/w23928,Artificial Intelligence and Economic Growth,Artificial Intelligence and Economic Growth
Xiaoyu Chen,1,2,10.1257/aer.20221215,Does the Squeaky Wheel Get More Grease? The Direct and…,Does the Squeaky Wheel Get More Grease? The Direct and Indirect Effects of Citizen Participation on Environmental Governance in China
Ximeng Fang,1,2,10.3386/w28726,Selecting the Most Effective Nudge,Selecting the Most Effective Nudge: Evidence from a Large-Scale Experiment on Immunization
Xinyi Lv,1,2,10.1257/aer.20221215,Does the Squeaky Wheel Get More Grease? The Direct and…,Does the Squeaky Wheel Get More Grease? The Direct and Indirect Effects of Citizen Participation on Environmental Governance in China
Xueming Luo,1,2,10.3386/w23928,Artificial Intelligence and Economic Growth,Artificial Intelligence and Economic Growth
Xueping Liang,1,2,10.1257/aer.20221215,Does the Squeaky Wheel Get More Grease? The Direct and…,Does the Squeaky Wheel Get More Grease? The Direct and Indirect Effects of Citizen Participation on Environmental Governance in China
Yacov Tsur,1,2,10.1257/aer.20221215,Does the Squeaky Wheel Get More Grease? The Direct and…,Does the Squeaky Wheel Get More Grease? The Direct and Indirect Effects of Citizen Participation on Environmental Governance in China
Yi Li,1,2,10.3386/w23928,Artificial Intelligence and Economic Growth,Artificial Intelligence and Economic Growth
Yu Gao,1,2,10.2139/ssrn.3938994,Information Avoidance and Moral Behavior,Information Avoidance and Moral Behavior: Experimental Evidence from Food Choices
Yu Qian,1,2,10.3386/w23928,Artificial Intelligence and Economic Growth,Artificial Intelligence and Economic Growth
Yuan Zhi Seah,1,2,10.3386/w28726,Selecting the Most Effective Nudge,Selecting the Most Effective Nudge: Evidence from a Large-Scale Experiment on Immunization
Yuancheng Wang,1,2,10.3386/w23928,Artificial Intelligence and Economic Growth,Artificial Intelligence and Economic Growth
Yuichi Furukawa,1,2,10.3386/w23928,Artificial Intelligence and Economic Growth,Artificial Intelligence and Economic Growth
Yvonne van Dalen,1,2,10.3386/w30011,"The Long-Run Effects of Psychotherapy on Depression, Beliefs, and Economic…","The Long-Run Effects of Psychotherapy on Depression, Beliefs, and Economic Outcomes"
Zachary Wagner,1,2,10.3386/w30835,Water Treatment And Child Mortality,Water Treatment And Child Mortality: A Meta-Analysis And Cost-effectiveness Analysis
Zafer Kanik,1,2,10.3386/w23928,Artificial Intelligence and Economic Growth,Artificial Intelligence and Economic Growth
Zhaoxuan Qiu,1,2,10.1257/aer.20221215,Does the Squeaky Wheel Get More Grease? The Direct and…,Does the Squeaky Wheel Get More Grease? The Direct and Indirect Effects of Citizen Participation on Environmental Governance in China
Zheng Fang,1,2,10.3386/w23928,Artificial Intelligence and Economic Growth,Artificial Intelligence and Economic Growth
Zhiwei Wang,1,2,10.1257/aer.20221215,Does the Squeaky Wheel Get More Grease? The Direct and…,Does the Squeaky Wheel Get More Grease? The Direct and Indirect Effects of Citizen Participation on Environmental Governance in China
Ľuboš Pástor,1,2,10.3386/w31137,Biodiversity Risk,Biodiversity Risk
A R T Hidayat,1,1,10.3386/w23929,Effects of Emigration on Rural Labor Markets,Effects of Emigration on Rural Labor Markets
A. K. Chaurasia,1,1,10.3386/w31137,Biodiversity Risk,Biodiversity Risk
A. Rani Elwy,1,1,10.3386/w28726,Selecting the Most Effective Nudge,Selecting the Most Effective Nudge: Evidence from a Large-Scale Experiment on Immunization
A. Yu. Kolpakov,1,1,10.3386/w32450,The Macroeconomic Impact of Climate Change,The Macroeconomic Impact of Climate Change: Global vs. Local Temperature
A. de Ruyter,1,1,10.3386/w32450,The Macroeconomic Impact of Climate Change,The Macroeconomic Impact of Climate Change: Global vs. Local Temperature
A.C. Sim,1,1,10.1093/ej/uead102,Do Celebrity Endorsements Matter? A Twitter Experiment Promoting Vaccination in…,Do Celebrity Endorsements Matter? A Twitter Experiment Promoting Vaccination in Indonesia
Aaron S. Kesselheim,1,1,10.1257/pandp.20201017,Advance Market Commitments,Advance Market Commitments: Insights from Theory and Experience
Aaron Salzberg,1,1,10.1093/wbro/lkae010,The Effect of Lead Exposure on Children’s Learning in the…,The Effect of Lead Exposure on Children’s Learning in the Developing World: A Meta-Analysis
Abdelaziz Abdalla Alowais,1,1,10.3386/w31354,The Benefits and Costs of Guest Worker Programs,The Benefits and Costs of Guest Worker Programs: Experimental Evidence from the India-UAE Migration Corridor
Abdullah M. Baabdullah,1,1,10.3386/w23928,Artificial Intelligence and Economic Growth,Artificial Intelligence and Economic Growth
Abeba N. Turi,1,1,10.3386/w23928,Artificial Intelligence and Economic Growth,Artificial Intelligence and Economic Growth
Abel Lucena,1,1,10.3386/w31899,The Effect of Public Science on Corporate R&amp;D,The Effect of Public Science on Corporate R&amp;D
Abhishek Gupta,1,1,10.48550/arxiv.2305.07153,Towards best practices in AGI safety and governance,Towards best practices in AGI safety and governance: A survey of expert opinion
Abideen Salako,1,1,10.3386/w30835,Water Treatment And Child Mortality,Water Treatment And Child Mortality: A Meta-Analysis And Cost-effectiveness Analysis
Abraham Loeb,1,1,10.48550/arxiv.2305.07153,Towards best practices in AGI safety and governance,Towards best practices in AGI safety and governance: A survey of expert opinion
Abu Shonchoy,1,1,10.3386/w23929,Effects of Emigration on Rural Labor Markets,Effects of Emigration on Rural Labor Markets
Abubakr Suliman,1,1,10.3386/w31354,The Benefits and Costs of Guest Worker Programs,The Benefits and Costs of Guest Worker Programs: Experimental Evidence from the India-UAE Migration Corridor
Achim Wambach,1,1,10.3386/w26775,Advance Market Commitments,Advance Market Commitments: Insights from Theory and Experience
Adam Laycock,1,1,10.1093/wbro/lkae010,The Effect of Lead Exposure on Children’s Learning in the…,The Effect of Lead Exposure on Children’s Learning in the Developing World: A Meta-Analysis
Adam McCloskey,1,1,10.3386/w28726,Selecting the Most Effective Nudge,Selecting the Most Effective Nudge: Evidence from a Large-Scale Experiment on Immunization
Adam Rose,1,1,10.3386/w32450,The Macroeconomic Impact of Climate Change,The Macroeconomic Impact of Climate Change: Global vs. Local Temperature
Adeline Delavande,1,1,10.3386/w28726,Selecting the Most Effective Nudge,Selecting the Most Effective Nudge: Evidence from a Large-Scale Experiment on Immunization
Adeyinka Tella,1,1,10.3386/w23928,Artificial Intelligence and Economic Growth,Artificial Intelligence and Economic Growth
Adrian Stoian,1,1,10.3386/w23928,Artificial Intelligence and Economic Growth,Artificial Intelligence and Economic Growth
Adriana Ibiti,1,1,10.3386/w23928,Artificial Intelligence and Economic Growth,Artificial Intelligence and Economic Growth
Adrien Bilal,1,1,10.3386/w32450,The Macroeconomic Impact of Climate Change,The Macroeconomic Impact of Climate Change: Global vs. Local Temperature
Adélaïde Fadhuile,1,1,10.3386/w30740,"When do ""Nudges"" Increase Welfare?","When do ""Nudges"" Increase Welfare?"
Aelita Sargsyan,1,1,10.1093/wbro/lkae010,The Effect of Lead Exposure on Children’s Learning in the…,The Effect of Lead Exposure on Children’s Learning in the Developing World: A Meta-Analysis
Afaf Bouhoute,1,1,10.3386/w23928,Artificial Intelligence and Economic Growth,Artificial Intelligence and Economic Growth
Afshan Naseem,1,1,10.48550/arxiv.2305.07153,Towards best practices in AGI safety and governance,Towards best practices in AGI safety and governance: A survey of expert opinion
Agnė Paliokaitė,1,1,10.3386/w31899,The Effect of Public Science on Corporate R&amp;D,The Effect of Public Science on Corporate R&amp;D
Agudelo Nicolás,1,1,10.1257/pandp.20201017,Advance Market Commitments,Advance Market Commitments: Insights from Theory and Experience
Aguilar David,1,1,10.1257/pandp.20201017,Advance Market Commitments,Advance Market Commitments: Insights from Theory and Experience
Ahmed Karmaoui,1,1,10.3386/w23928,Artificial Intelligence and Economic Growth,Artificial Intelligence and Economic Growth
Ahmed M. Fallatah,1,1,10.3386/w30835,Water Treatment And Child Mortality,Water Treatment And Child Mortality: A Meta-Analysis And Cost-effectiveness Analysis
Ahsan Alam,1,1,10.3386/w28106,The Comparative Impact of Cash Transfers and a Psychotherapy Program…,The Comparative Impact of Cash Transfers and a Psychotherapy Program on Psychological and Economic Well-being
Aidan Coville,1,1,10.1093/ej/uead102,Do Celebrity Endorsements Matter? A Twitter Experiment Promoting Vaccination in…,Do Celebrity Endorsements Matter? A Twitter Experiment Promoting Vaccination in Indonesia
Aidan Hollis,1,1,10.1257/pandp.20201017,Advance Market Commitments,Advance Market Commitments: Insights from Theory and Experience
Aikaterini Taka,1,1,10.2139/ssrn.4154000,How Effective Is (More) Money? Randomizing Unconditional Cash Transfer Amounts…,How Effective Is (More) Money? Randomizing Unconditional Cash Transfer Amounts in the US
Aishwarya Atluri,1,1,10.3386/w30835,Water Treatment And Child Mortality,Water Treatment And Child Mortality: A Meta-Analysis And Cost-effectiveness Analysis
Ajay Pillarisetti,1,1,10.3386/w32450,The Macroeconomic Impact of Climate Change,The Macroeconomic Impact of Climate Change: Global vs. Local Temperature
Akash R. Wasil,1,1,10.3386/w28106,The Comparative Impact of Cash Transfers and a Psychotherapy Program…,The Comparative Impact of Cash Transfers and a Psychotherapy Program on Psychological and Economic Well-being
Akhter Ahmed,1,1,10.3386/w28106,The Comparative Impact of Cash Transfers and a Psychotherapy Program…,The Comparative Impact of Cash Transfers and a Psychotherapy Program on Psychological and Economic Well-being
Akimitsu Hirota,1,1,10.3386/w23928,Artificial Intelligence and Economic Growth,Artificial Intelligence and Economic Growth
Akshay Kotak,1,1,10.3386/w26752,Stagnation and Scientific Incentives,Stagnation and Scientific Incentives
Alain Quinet,1,1,10.3386/w23928,Artificial Intelligence and Economic Growth,Artificial Intelligence and Economic Growth
Alain de Janvry,1,1,10.3386/w28726,Selecting the Most Effective Nudge,Selecting the Most Effective Nudge: Evidence from a Large-Scale Experiment on Immunization
Alan Chan,1,1,10.48550/arxiv.2305.07153,Towards best practices in AGI safety and governance,Towards best practices in AGI safety and governance: A survey of expert opinion
Alan de Brauw,1,1,10.3386/w23929,Effects of Emigration on Rural Labor Markets,Effects of Emigration on Rural Labor Markets
Albert Quek,1,1,10.3386/w23928,Artificial Intelligence and Economic Growth,Artificial Intelligence and Economic Growth
Alberto Binetti,1,1,10.3386/w32073,Ends versus Means,"Ends versus Means: Kantians, Utilitarians, and Moral Decisions"
Alberto Ciancio,1,1,10.3386/w28726,Selecting the Most Effective Nudge,Selecting the Most Effective Nudge: Evidence from a Large-Scale Experiment on Immunization
Alberto Costantiello,1,1,10.3386/w23928,Artificial Intelligence and Economic Growth,Artificial Intelligence and Economic Growth
Alberto Garcı́a,1,1,10.3386/w31554,Urban Forests,Urban Forests: Environmental Health Values and Risks
Alberto González‐García,1,1,10.3386/w31554,Urban Forests,Urban Forests: Environmental Health Values and Risks
Aleida March,1,1,10.3386/w28106,The Comparative Impact of Cash Transfers and a Psychotherapy Program…,The Comparative Impact of Cash Transfers and a Psychotherapy Program on Psychological and Economic Well-being
Alejandro Ganimian,1,1,10.3386/w31208,Building Resilient Education Systems,Building Resilient Education Systems: Evidence from Large-Scale Randomized Trials in Five Countries
Aleksandr Christenko,1,1,10.3386/w31899,The Effect of Public Science on Corporate R&amp;D,The Effect of Public Science on Corporate R&amp;D
Aleksei V. Bogoviz,1,1,10.3386/w23928,Artificial Intelligence and Economic Growth,Artificial Intelligence and Economic Growth
Alessandra Calvo–Friedman,1,1,10.2139/ssrn.4154000,How Effective Is (More) Money? Randomizing Unconditional Cash Transfer Amounts…,How Effective Is (More) Money? Randomizing Unconditional Cash Transfer Amounts in the US
Alessandro Palma,1,1,10.3386/w30740,"When do ""Nudges"" Increase Welfare?","When do ""Nudges"" Increase Welfare?"
Alex Tabarrok,1,1,10.3386/w26775,Advance Market Commitments,Advance Market Commitments: Insights from Theory and Experience
Alexander F. Wagner,1,1,10.3386/w31137,Biodiversity Risk,Biodiversity Risk
Alexander Kopka,1,1,10.3386/w23928,Artificial Intelligence and Economic Growth,Artificial Intelligence and Economic Growth
Alexander Pfaff,1,1,10.1257/pandp.20201017,Advance Market Commitments,Advance Market Commitments: Insights from Theory and Experience
Alexandr V. Lukashin,1,1,10.3386/w23928,Artificial Intelligence and Economic Growth,Artificial Intelligence and Economic Growth
Alexandra Hartman,1,1,10.1257/aeri.20210612,Cognitive Behavioral Therapy among Ghana's Rural Poor Is Effective Regardless…,Cognitive Behavioral Therapy among Ghana's Rural Poor Is Effective Regardless of Baseline Mental Distress
Alexandra Sadler,1,1,10.3386/w31137,Biodiversity Risk,Biodiversity Risk
Alexandre Alahi,1,1,10.48550/arxiv.2305.07153,Towards best practices in AGI safety and governance,Towards best practices in AGI safety and governance: A survey of expert opinion
Alexandre Garel,1,1,10.3386/w31137,Biodiversity Risk,Biodiversity Risk
Alexandre Sollaci,1,1,10.3386/w32450,The Macroeconomic Impact of Climate Change,The Macroeconomic Impact of Climate Change: Global vs. Local Temperature
Alexey Makarin,1,1,10.1257/aeri.20210612,Cognitive Behavioral Therapy among Ghana's Rural Poor Is Effective Regardless…,Cognitive Behavioral Therapy among Ghana's Rural Poor Is Effective Regardless of Baseline Mental Distress
Alexis Poindron,1,1,10.3386/w28726,Selecting the Most Effective Nudge,Selecting the Most Effective Nudge: Evidence from a Large-Scale Experiment on Immunization
Alfonso Sousa‐Poza,1,1,10.3386/w30202,Economic vs. Epidemiological Approaches to Measuring the Human Capital Impacts…,Economic vs. Epidemiological Approaches to Measuring the Human Capital Impacts of Infectious Disease Elimination
Alfredo Burlando,1,1,10.3386/w28726,Selecting the Most Effective Nudge,Selecting the Most Effective Nudge: Evidence from a Large-Scale Experiment on Immunization
Alice Dominici,1,1,10.3386/w28726,Selecting the Most Effective Nudge,Selecting the Most Effective Nudge: Evidence from a Large-Scale Experiment on Immunization
Alina Fahrenwaldt,1,1,10.2139/ssrn.3938994,Information Avoidance and Moral Behavior,Information Avoidance and Moral Behavior: Experimental Evidence from Food Choices
Alireza Ghassemi Toussi,1,1,10.1093/wbro/lkae010,The Effect of Lead Exposure on Children’s Learning in the…,The Effect of Lead Exposure on Children’s Learning in the Developing World: A Meta-Analysis
Alison Karasz,1,1,10.3386/w28106,The Comparative Impact of Cash Transfers and a Psychotherapy Program…,The Comparative Impact of Cash Transfers and a Psychotherapy Program on Psychological and Economic Well-being
Alissa Kleinnijenhuis,1,1,10.3386/w32450,The Macroeconomic Impact of Climate Change,The Macroeconomic Impact of Climate Change: Global vs. Local Temperature
Allison Witman,1,1,10.2139/ssrn.4154000,How Effective Is (More) Money? Randomizing Unconditional Cash Transfer Amounts…,How Effective Is (More) Money? Randomizing Unconditional Cash Transfer Amounts in the US
Altuğ Günar,1,1,10.3386/w23928,Artificial Intelligence and Economic Growth,Artificial Intelligence and Economic Growth
Alvin E. Roth,1,1,10.1257/pandp.20201017,Advance Market Commitments,Advance Market Commitments: Insights from Theory and Experience
Alvin Kuowei Tay,1,1,10.3386/w28106,The Comparative Impact of Cash Transfers and a Psychotherapy Program…,The Comparative Impact of Cash Transfers and a Psychotherapy Program on Psychological and Economic Well-being
Alyas Widita,1,1,10.1093/ej/uead102,Do Celebrity Endorsements Matter? A Twitter Experiment Promoting Vaccination in…,Do Celebrity Endorsements Matter? A Twitter Experiment Promoting Vaccination in Indonesia
Amanda Johnson,1,1,10.2139/ssrn.4154000,How Effective Is (More) Money? Randomizing Unconditional Cash Transfer Amounts…,How Effective Is (More) Money? Randomizing Unconditional Cash Transfer Amounts in the US
Amanda Lenhardt,1,1,10.3386/w28106,The Comparative Impact of Cash Transfers and a Psychotherapy Program…,The Comparative Impact of Cash Transfers and a Psychotherapy Program on Psychological and Economic Well-being
Amar Rao,1,1,10.3386/w31137,Biodiversity Risk,Biodiversity Risk
Amber van Druten,1,1,10.2139/ssrn.3938994,Information Avoidance and Moral Behavior,Information Avoidance and Moral Behavior: Experimental Evidence from Food Choices
Amel Gacem,1,1,10.3386/w30835,Water Treatment And Child Mortality,Water Treatment And Child Mortality: A Meta-Analysis And Cost-effectiveness Analysis
Amelia Clarke,1,1,10.3386/w32450,The Macroeconomic Impact of Climate Change,The Macroeconomic Impact of Climate Change: Global vs. Local Temperature
Amir Jina,1,1,10.3386/w30011,"The Long-Run Effects of Psychotherapy on Depression, Beliefs, and Economic…","The Long-Run Effects of Psychotherapy on Depression, Beliefs, and Economic Outcomes"
Amitrajeet A. Batabyal,1,1,10.1257/aeri.20230431,Money (Not) to Burn,Money (Not) to Burn: Payments for Ecosystem Services to Reduce Crop Residue Burning
Amrita Ahuja,1,1,10.3386/w26775,Advance Market Commitments,Advance Market Commitments: Insights from Theory and Experience
Amrita Singh,1,1,10.3386/w31137,Biodiversity Risk,Biodiversity Risk
Amy Freeman,1,1,10.2139/ssrn.4154000,How Effective Is (More) Money? Randomizing Unconditional Cash Transfer Amounts…,How Effective Is (More) Money? Randomizing Unconditional Cash Transfer Amounts in the US
Amy McQueen,1,1,10.2139/ssrn.3938994,Information Avoidance and Moral Behavior,Information Avoidance and Moral Behavior: Experimental Evidence from Food Choices
Amy Ogan,1,1,10.2139/ssrn.4154000,How Effective Is (More) Money? Randomizing Unconditional Cash Transfer Amounts…,How Effective Is (More) Money? Randomizing Unconditional Cash Transfer Amounts in the US
Améline Vallet,1,1,10.3386/w31554,Urban Forests,Urban Forests: Environmental Health Values and Risks
Ana Julia Paula Carcedo,1,1,10.3386/w26752,Stagnation and Scientific Incentives,Stagnation and Scientific Incentives
Ana Paula Cusolito,1,1,10.3386/w23928,Artificial Intelligence and Economic Growth,Artificial Intelligence and Economic Growth
Ana-Maria Boromisa,1,1,10.3386/w32450,The Macroeconomic Impact of Climate Change,The Macroeconomic Impact of Climate Change: Global vs. Local Temperature
Anand M. Osuri,1,1,10.21203/rs.3.rs-3235955/v1,The global potential for natural regeneration in deforested tropical regions,The global potential for natural regeneration in deforested tropical regions
Anand Nair,1,1,10.1287/mnsc.2023.4846,The Governance of Nonprofits and Their Social Impact,The Governance of Nonprofits and Their Social Impact: Evidence from a Randomized Program in Healthcare in the Democratic Republic of Congo
Anant Bhan,1,1,10.3386/w30011,"The Long-Run Effects of Psychotherapy on Depression, Beliefs, and Economic…","The Long-Run Effects of Psychotherapy on Depression, Beliefs, and Economic Outcomes"
Anastasia Spartinou,1,1,10.2139/ssrn.4154000,How Effective Is (More) Money? Randomizing Unconditional Cash Transfer Amounts…,How Effective Is (More) Money? Randomizing Unconditional Cash Transfer Amounts in the US
Anazélia M. Tedesco,1,1,10.21203/rs.3.rs-3235955/v1,The global potential for natural regeneration in deforested tropical regions,The global potential for natural regeneration in deforested tropical regions
Anca Balietti,1,1,10.3386/w23929,Effects of Emigration on Rural Labor Markets,Effects of Emigration on Rural Labor Markets
Anca D. Dragan,1,1,10.48550/arxiv.2305.07153,Towards best practices in AGI safety and governance,Towards best practices in AGI safety and governance: A survey of expert opinion
Anders Bach‐Mortensen,1,1,10.3386/w28106,The Comparative Impact of Cash Transfers and a Psychotherapy Program…,The Comparative Impact of Cash Transfers and a Psychotherapy Program on Psychological and Economic Well-being
Anders H. Lund,1,1,10.3386/w26752,Stagnation and Scientific Incentives,Stagnation and Scientific Incentives
Anders Kjelsrud,1,1,10.3386/w28106,The Comparative Impact of Cash Transfers and a Psychotherapy Program…,The Comparative Impact of Cash Transfers and a Psychotherapy Program on Psychological and Economic Well-being
Anders Kärnä,1,1,10.3386/w26752,Stagnation and Scientific Incentives,Stagnation and Scientific Incentives
Anders Sandberg,1,1,10.31219/osf.io/vrmpf,Long Term Cost-Effectiveness of Resilient Foods for Global Catastrophes Compared…,Long Term Cost-Effectiveness of Resilient Foods for Global Catastrophes Compared to Artificial General Intelligence Safety
Andrea Prieto,1,1,10.3386/w31208,Building Resilient Education Systems,Building Resilient Education Systems: Evidence from Large-Scale Randomized Trials in Five Countries
Andrea Repetto,1,1,10.3386/w28106,The Comparative Impact of Cash Transfers and a Psychotherapy Program…,The Comparative Impact of Cash Transfers and a Psychotherapy Program on Psychological and Economic Well-being
Andrea Sauchelli,1,1,10.1016/j.cognition.2021.104941,Population ethical intuitions,Population ethical intuitions
Andrea Teglio,1,1,10.3386/w23928,Artificial Intelligence and Economic Growth,Artificial Intelligence and Economic Growth
Andrea Éltető,1,1,10.3386/w23928,Artificial Intelligence and Economic Growth,Artificial Intelligence and Economic Growth
Andreas G. F. Hoepner,1,1,10.3386/w31137,Biodiversity Risk,Biodiversity Risk
Andreas Kjær Stage,1,1,10.3386/w31409,Choose Your Moments,Choose Your Moments: Peer Review and Scientific Risk Taking
Andreas Kotsadam,1,1,10.3386/w28106,The Comparative Impact of Cash Transfers and a Psychotherapy Program…,The Comparative Impact of Cash Transfers and a Psychotherapy Program on Psychological and Economic Well-being
Andreas Löschel,1,1,10.2139/ssrn.3938994,Information Avoidance and Moral Behavior,Information Avoidance and Moral Behavior: Experimental Evidence from Food Choices
Andreas Mokros,1,1,10.3386/w30011,"The Long-Run Effects of Psychotherapy on Depression, Beliefs, and Economic…","The Long-Run Effects of Psychotherapy on Depression, Beliefs, and Economic Outcomes"
Andreas Richter,1,1,10.3386/w31137,Biodiversity Risk,Biodiversity Risk
Andreas T. Schmidt,1,1,10.1016/j.cognition.2021.104941,Population ethical intuitions,Population ethical intuitions
Andreas de Barros,1,1,10.3386/w31208,Building Resilient Education Systems,Building Resilient Education Systems: Evidence from Large-Scale Randomized Trials in Five Countries
Andrew Balmford,1,1,10.1111/conl.13077,Banning Wildlife Trade Can Boost the Unregulated Trade of Threatened…,Banning Wildlife Trade Can Boost the Unregulated Trade of Threatened Species
Andrew Barry,1,1,10.3386/w26775,Advance Market Commitments,Advance Market Commitments: Insights from Theory and Experience
Andrew Chi-Chih Yao,1,1,10.48550/arxiv.2305.07153,Towards best practices in AGI safety and governance,Towards best practices in AGI safety and governance: A survey of expert opinion
Andrew Huey Ping Tan,1,1,10.3386/w23928,Artificial Intelligence and Economic Growth,Artificial Intelligence and Economic Growth
Andrew J. McDonald,1,1,10.1257/aeri.20230431,Money (Not) to Burn,Money (Not) to Burn: Payments for Ecosystem Services to Reduce Crop Residue Burning
Andrew Laitha,1,1,10.3386/w31354,The Benefits and Costs of Guest Worker Programs,The Benefits and Costs of Guest Worker Programs: Experimental Evidence from the India-UAE Migration Corridor
Andrew Simon,1,1,10.3386/w32093,Cash Transfers for Child Development,Cash Transfers for Child Development: Experimental Evidence from India
Andrew Urquhart,1,1,10.3386/w31137,Biodiversity Risk,Biodiversity Risk
Andrii Vitrenko,1,1,10.3386/w23928,Artificial Intelligence and Economic Growth,Artificial Intelligence and Economic Growth
André Jungmittag,1,1,10.3386/w23928,Artificial Intelligence and Economic Growth,Artificial Intelligence and Economic Growth
Andrés Felipe Suárez‐Castro,1,1,10.21203/rs.3.rs-3235955/v1,The global potential for natural regeneration in deforested tropical regions,The global potential for natural regeneration in deforested tropical regions
Andrés José Morales Pantoja,1,1,10.3386/w23928,Artificial Intelligence and Economic Growth,Artificial Intelligence and Economic Growth
Andy Gray,1,1,10.1257/pandp.20201017,Advance Market Commitments,Advance Market Commitments: Insights from Theory and Experience
Angela Duckworth,1,1,10.2139/ssrn.4154000,How Effective Is (More) Money? Randomizing Unconditional Cash Transfer Amounts…,How Effective Is (More) Money? Randomizing Unconditional Cash Transfer Amounts in the US
Angela Ofori-Atta,1,1,10.3386/w28106,The Comparative Impact of Cash Transfers and a Psychotherapy Program…,The Comparative Impact of Cash Transfers and a Psychotherapy Program on Psychological and Economic Well-being
Angelo Leogrande,1,1,10.3386/w23928,Artificial Intelligence and Economic Growth,Artificial Intelligence and Economic Growth
Angelos Theodorakopoulos,1,1,10.3386/w23928,Artificial Intelligence and Economic Growth,Artificial Intelligence and Economic Growth
Angélica M. Almeyda Zambrano,1,1,10.21203/rs.3.rs-3235955/v1,The global potential for natural regeneration in deforested tropical regions,The global potential for natural regeneration in deforested tropical regions
Anil Cacodcar,1,1,10.1257/pandp.20201017,Advance Market Commitments,Advance Market Commitments: Insights from Theory and Experience
Anirudh Sankar,1,1,10.3386/w28726,Selecting the Most Effective Nudge,Selecting the Most Effective Nudge: Evidence from a Large-Scale Experiment on Immunization
Anja Groth,1,1,10.3386/w26752,Stagnation and Scientific Incentives,Stagnation and Scientific Incentives
Anjali Kapoor,1,1,10.3386/w23928,Artificial Intelligence and Economic Growth,Artificial Intelligence and Economic Growth
Anjana Singh,1,1,10.3386/w23928,Artificial Intelligence and Economic Growth,Artificial Intelligence and Economic Growth
Anjini Kochar,1,1,10.1257/pandp.20201017,Advance Market Commitments,Advance Market Commitments: Insights from Theory and Experience
Anju Mishra,1,1,10.3386/w23928,Artificial Intelligence and Economic Growth,Artificial Intelligence and Economic Growth
Ankai Xu,1,1,10.1257/pandp.20201017,Advance Market Commitments,Advance Market Commitments: Insights from Theory and Experience
Anke Haberkamp,1,1,10.3386/w30011,"The Long-Run Effects of Psychotherapy on Depression, Beliefs, and Economic…","The Long-Run Effects of Psychotherapy on Depression, Beliefs, and Economic Outcomes"
Ann H. Kelly,1,1,10.3386/w26775,Advance Market Commitments,Advance Market Commitments: Insights from Theory and Experience
Ann P. Kinzig,1,1,10.3386/w32450,The Macroeconomic Impact of Climate Change,The Macroeconomic Impact of Climate Change: Global vs. Local Temperature
Anna Cretì,1,1,10.3386/w31137,Biodiversity Risk,Biodiversity Risk
Anna Fabry,1,1,10.3386/w31354,The Benefits and Costs of Guest Worker Programs,The Benefits and Costs of Guest Worker Programs: Experimental Evidence from the India-UAE Migration Corridor
Anna Gassman‐Pines,1,1,10.2139/ssrn.4154000,How Effective Is (More) Money? Randomizing Unconditional Cash Transfer Amounts…,How Effective Is (More) Money? Randomizing Unconditional Cash Transfer Amounts in the US
Anna Reuter,1,1,10.3386/w28726,Selecting the Most Effective Nudge,Selecting the Most Effective Nudge: Evidence from a Large-Scale Experiment on Immunization
Anna Schrimpf,1,1,10.3386/w28726,Selecting the Most Effective Nudge,Selecting the Most Effective Nudge: Evidence from a Large-Scale Experiment on Immunization
Anna Tompsett,1,1,10.3386/w30835,Water Treatment And Child Mortality,Water Treatment And Child Mortality: A Meta-Analysis And Cost-effectiveness Analysis
Annan Khampeera,1,1,10.3386/w32450,The Macroeconomic Impact of Climate Change,The Macroeconomic Impact of Climate Change: Global vs. Local Temperature
Anne Bartsch,1,1,10.1093/ej/uead102,Do Celebrity Endorsements Matter? A Twitter Experiment Promoting Vaccination in…,Do Celebrity Endorsements Matter? A Twitter Experiment Promoting Vaccination in Indonesia
Anne Karing,1,1,10.3386/w28726,Selecting the Most Effective Nudge,Selecting the Most Effective Nudge: Evidence from a Large-Scale Experiment on Immunization
Anne de Saint Martin,1,1,10.3386/w23928,Artificial Intelligence and Economic Growth,Artificial Intelligence and Economic Growth
Anson Ho,1,1,10.3386/w23928,Artificial Intelligence and Economic Growth,Artificial Intelligence and Economic Growth
Anthony J. Pavlo,1,1,10.3386/w28106,The Comparative Impact of Cash Transfers and a Psychotherapy Program…,The Comparative Impact of Cash Transfers and a Psychotherapy Program on Psychological and Economic Well-being
Antoine Nebout,1,1,10.3386/w30740,"When do ""Nudges"" Increase Welfare?","When do ""Nudges"" Increase Welfare?"
Antonio Gaitán Torres,1,1,10.1016/j.cognition.2021.104941,Population ethical intuitions,Population ethical intuitions
Anujit Chakraborty,1,1,10.3386/w32073,Ends versus Means,"Ends versus Means: Kantians, Utilitarians, and Moral Decisions"
Anushka Patel,1,1,10.3386/w30011,"The Long-Run Effects of Psychotherapy on Depression, Beliefs, and Economic…","The Long-Run Effects of Psychotherapy on Depression, Beliefs, and Economic Outcomes"
Aparna Gomes,1,1,10.3386/w26775,Advance Market Commitments,Advance Market Commitments: Insights from Theory and Experience
Aras Canipek,1,1,10.3386/w31137,Biodiversity Risk,Biodiversity Risk
Arben Asllani,1,1,10.3386/w23928,Artificial Intelligence and Economic Growth,Artificial Intelligence and Economic Growth
Areti Lagiou,1,1,10.3386/w31899,The Effect of Public Science on Corporate R&amp;D,The Effect of Public Science on Corporate R&amp;D
Areti-Dimitra Koulouvari,1,1,10.3386/w31899,The Effect of Public Science on Corporate R&amp;D,The Effect of Public Science on Corporate R&amp;D
Arezou Harraf,1,1,10.3386/w23928,Artificial Intelligence and Economic Growth,Artificial Intelligence and Economic Growth
Ariadna Angulo-Brunet,1,1,10.3386/w23928,Artificial Intelligence and Economic Growth,Artificial Intelligence and Economic Growth
Arianna Martinelli,1,1,10.3386/w23928,Artificial Intelligence and Economic Growth,Artificial Intelligence and Economic Growth
Arief Anshory Yusuf,1,1,10.3386/w23928,Artificial Intelligence and Economic Growth,Artificial Intelligence and Economic Growth
Arielle Bernhardt,1,1,10.3386/w31162,Intergenerational Child Mortality Impacts of Deworming,Intergenerational Child Mortality Impacts of Deworming: Experimental Evidence from Two Decades of the Kenya Life Panel Survey
Arjun Goyal,1,1,10.3386/w23928,Artificial Intelligence and Economic Growth,Artificial Intelligence and Economic Growth
Arkodipta Sarkar,1,1,10.1257/aer.20221215,Does the Squeaky Wheel Get More Grease? The Direct and…,Does the Squeaky Wheel Get More Grease? The Direct and Indirect Effects of Citizen Participation on Environmental Governance in China
Armin Mertens,1,1,10.3386/w23928,Artificial Intelligence and Economic Growth,Artificial Intelligence and Economic Growth
Arnab Acharya,1,1,10.1257/pandp.20201017,Advance Market Commitments,Advance Market Commitments: Insights from Theory and Experience
Arndt Reichert,1,1,10.1093/ej/uead102,Do Celebrity Endorsements Matter? A Twitter Experiment Promoting Vaccination in…,Do Celebrity Endorsements Matter? A Twitter Experiment Promoting Vaccination in Indonesia
Arregocés Leonardo,1,1,10.1257/pandp.20201017,Advance Market Commitments,Advance Market Commitments: Insights from Theory and Experience
Arthur Baker,1,1,10.3386/w26775,Advance Market Commitments,Advance Market Commitments: Insights from Theory and Experience
Arthur Moonga,1,1,10.3386/w28106,The Comparative Impact of Cash Transfers and a Psychotherapy Program…,The Comparative Impact of Cash Transfers and a Psychotherapy Program on Psychological and Economic Well-being
Arthur Romec,1,1,10.3386/w31137,Biodiversity Risk,Biodiversity Risk
Arti Singh,1,1,10.3386/w23928,Artificial Intelligence and Economic Growth,Artificial Intelligence and Economic Growth
Asbjørn Andersen,1,1,10.3386/w28106,The Comparative Impact of Cash Transfers and a Psychotherapy Program…,The Comparative Impact of Cash Transfers and a Psychotherapy Program on Psychological and Economic Well-being
Asha Sundaram,1,1,10.3386/w23928,Artificial Intelligence and Economic Growth,Artificial Intelligence and Economic Growth
Ashish Arora,1,1,10.3386/w31899,The Effect of Public Science on Corporate R&amp;D,The Effect of Public Science on Corporate R&amp;D
Ashley V. Whillans,1,1,10.3386/w28106,The Comparative Impact of Cash Transfers and a Psychotherapy Program…,The Comparative Impact of Cash Transfers and a Psychotherapy Program on Psychological and Economic Well-being
Ashwin Acharya,1,1,10.48550/arxiv.2305.07153,Towards best practices in AGI safety and governance,Towards best practices in AGI safety and governance: A survey of expert opinion
Asif Ali Laghari,1,1,10.3386/w23928,Artificial Intelligence and Economic Growth,Artificial Intelligence and Economic Growth
Asuman Ozdaglar,1,1,10.3386/w23928,Artificial Intelligence and Economic Growth,Artificial Intelligence and Economic Growth
Atheendar Venkataramani,1,1,10.3386/w28106,The Comparative Impact of Cash Transfers and a Psychotherapy Program…,The Comparative Impact of Cash Transfers and a Psychotherapy Program on Psychological and Economic Well-being
Atılım Güneş Baydin,1,1,10.48550/arxiv.2305.07153,Towards best practices in AGI safety and governance,Towards best practices in AGI safety and governance: A survey of expert opinion
Audun Langørgen,1,1,10.3386/w28726,Selecting the Most Effective Nudge,Selecting the Most Effective Nudge: Evidence from a Large-Scale Experiment on Immunization
Aurika Mundrytė,1,1,10.3386/w23928,Artificial Intelligence and Economic Growth,Artificial Intelligence and Economic Growth
Aurinta Elenskė,1,1,10.3386/w31899,The Effect of Public Science on Corporate R&amp;D,The Effect of Public Science on Corporate R&amp;D
Aurélien Baillon,1,1,10.2139/ssrn.3938994,Information Avoidance and Moral Behavior,Information Avoidance and Moral Behavior: Experimental Evidence from Food Choices
Aviv Ovadya,1,1,10.48550/arxiv.2305.07153,Towards best practices in AGI safety and governance,Towards best practices in AGI safety and governance: A survey of expert opinion
Awais Khan Jumani,1,1,10.3386/w23928,Artificial Intelligence and Economic Growth,Artificial Intelligence and Economic Growth
Ayman Abdalmajeed Alsmadi,1,1,10.3386/w28106,The Comparative Impact of Cash Transfers and a Psychotherapy Program…,The Comparative Impact of Cash Transfers and a Psychotherapy Program on Psychological and Economic Well-being
Ayoub Saei,1,1,10.1093/wbro/lkae010,The Effect of Lead Exposure on Children’s Learning in the…,The Effect of Lead Exposure on Children’s Learning in the Developing World: A Meta-Analysis
B Shrestha,1,1,10.3386/w31208,Building Resilient Education Systems,Building Resilient Education Systems: Evidence from Large-Scale Randomized Trials in Five Countries
B. Akomolafe,1,1,10.3386/w32450,The Macroeconomic Impact of Climate Change,The Macroeconomic Impact of Climate Change: Global vs. Local Temperature
B. Dhillon,1,1,10.1257/aeri.20230431,Money (Not) to Burn,Money (Not) to Burn: Payments for Ecosystem Services to Reduce Crop Residue Burning
B. Kelsey Jack,1,1,10.3386/w32728,A Welfare Analysis of Policies Impacting Climate Change,A Welfare Analysis of Policies Impacting Climate Change
B. N. Lakshmi Narayan,1,1,10.3386/w23928,Artificial Intelligence and Economic Growth,Artificial Intelligence and Economic Growth
B. N. Porfiriev,1,1,10.3386/w32450,The Macroeconomic Impact of Climate Change,The Macroeconomic Impact of Climate Change: Global vs. Local Temperature
B. S. Karky,1,1,10.3386/w31137,Biodiversity Risk,Biodiversity Risk
B. Wang,1,1,10.3386/w32450,The Macroeconomic Impact of Climate Change,The Macroeconomic Impact of Climate Change: Global vs. Local Temperature
B.V.E. Hyde,1,1,10.1016/j.cognition.2021.104941,Population ethical intuitions,Population ethical intuitions
Babatunde Adewale,1,1,10.3386/w30835,Water Treatment And Child Mortality,Water Treatment And Child Mortality: A Meta-Analysis And Cost-effectiveness Analysis
Babatunde Lawal Salako,1,1,10.3386/w30835,Water Treatment And Child Mortality,Water Treatment And Child Mortality: A Meta-Analysis And Cost-effectiveness Analysis
Bachir El Khadir,1,1,10.3386/w26752,Stagnation and Scientific Incentives,Stagnation and Scientific Incentives
Baihui Pan,1,1,10.2139/ssrn.4154000,How Effective Is (More) Money? Randomizing Unconditional Cash Transfer Amounts…,How Effective Is (More) Money? Randomizing Unconditional Cash Transfer Amounts in the US
Baizhen Zhang,1,1,10.3386/w23928,Artificial Intelligence and Economic Growth,Artificial Intelligence and Economic Growth
Balasubramani Ravindran,1,1,10.3386/w30835,Water Treatment And Child Mortality,Water Treatment And Child Mortality: A Meta-Analysis And Cost-effectiveness Analysis
Balusu Nandini,1,1,10.3386/w23928,Artificial Intelligence and Economic Growth,Artificial Intelligence and Economic Growth
Baohua Yang,1,1,10.3386/w23928,Artificial Intelligence and Economic Growth,Artificial Intelligence and Economic Growth
Barnabás Szászi,1,1,10.2139/ssrn.4154000,How Effective Is (More) Money? Randomizing Unconditional Cash Transfer Amounts…,How Effective Is (More) Money? Randomizing Unconditional Cash Transfer Amounts in the US
Bart Verspagen,1,1,10.3386/w23928,Artificial Intelligence and Economic Growth,Artificial Intelligence and Economic Growth
Bashiru Yachori,1,1,10.3386/w30835,Water Treatment And Child Mortality,Water Treatment And Child Mortality: A Meta-Analysis And Cost-effectiveness Analysis
Bassirou Karimou,1,1,10.3386/w28106,The Comparative Impact of Cash Transfers and a Psychotherapy Program…,The Comparative Impact of Cash Transfers and a Psychotherapy Program on Psychological and Economic Well-being
Bastian Schnabel,1,1,10.3386/w30835,Water Treatment And Child Mortality,Water Treatment And Child Mortality: A Meta-Analysis And Cost-effectiveness Analysis
Bastien Kolt,1,1,10.3386/w28106,The Comparative Impact of Cash Transfers and a Psychotherapy Program…,The Comparative Impact of Cash Transfers and a Psychotherapy Program on Psychological and Economic Well-being
Battista Biggio,1,1,10.48550/arxiv.2305.07153,Towards best practices in AGI safety and governance,Towards best practices in AGI safety and governance: A survey of expert opinion
Bauyrzhan Yedgenov,1,1,10.1093/ej/uead102,Do Celebrity Endorsements Matter? A Twitter Experiment Promoting Vaccination in…,Do Celebrity Endorsements Matter? A Twitter Experiment Promoting Vaccination in Indonesia
Beatriz Elena Marín Ochoa,1,1,10.3386/w23928,Artificial Intelligence and Economic Growth,Artificial Intelligence and Economic Growth
Bella Tonkonogy,1,1,10.3386/w26775,Advance Market Commitments,Advance Market Commitments: Insights from Theory and Experience
Ben Bucknall,1,1,10.48550/arxiv.2305.07153,Towards best practices in AGI safety and governance,Towards best practices in AGI safety and governance: A survey of expert opinion
Ben Garfinkel,1,1,10.48550/arxiv.2305.07153,Towards best practices in AGI safety and governance,Towards best practices in AGI safety and governance: A survey of expert opinion
Bence Pálfi,1,1,10.2139/ssrn.4154000,How Effective Is (More) Money? Randomizing Unconditional Cash Transfer Amounts…,How Effective Is (More) Money? Randomizing Unconditional Cash Transfer Amounts in the US
Benjamin Collier,1,1,10.3386/w31137,Biodiversity Risk,Biodiversity Risk
Benjamin Dennis,1,1,10.3386/w31137,Biodiversity Risk,Biodiversity Risk
Benjamin Faber,1,1,10.3386/w23929,Effects of Emigration on Rural Labor Markets,Effects of Emigration on Rural Labor Markets
Benjamin Golub,1,1,10.3386/w28726,Selecting the Most Effective Nudge,Selecting the Most Effective Nudge: Evidence from a Large-Scale Experiment on Immunization
Benjamin K. Sovacool,1,1,10.1257/pandp.20201017,Advance Market Commitments,Advance Market Commitments: Insights from Theory and Experience
Benjamin Ly Serena,1,1,10.3386/w30011,"The Long-Run Effects of Psychotherapy on Depression, Beliefs, and Economic…","The Long-Run Effects of Psychotherapy on Depression, Beliefs, and Economic Outcomes"
Benjamin Lê Cook,1,1,10.2139/ssrn.4154000,How Effective Is (More) Money? Randomizing Unconditional Cash Transfer Amounts…,How Effective Is (More) Money? Randomizing Unconditional Cash Transfer Amounts in the US
Benjamin Olken,1,1,10.3386/w28726,Selecting the Most Effective Nudge,Selecting the Most Effective Nudge: Evidence from a Large-Scale Experiment on Immunization
Benjamin Wall,1,1,10.3386/w26752,Stagnation and Scientific Incentives,Stagnation and Scientific Incentives
Benny Smith,1,1,10.2139/ssrn.3938994,Information Avoidance and Moral Behavior,Information Avoidance and Moral Behavior: Experimental Evidence from Food Choices
Bernardo A. Bastien-Olvera,1,1,10.3386/w29357,The Environmental Effects of Economic Production,The Environmental Effects of Economic Production: Evidence from Ecological Observations
Bernardo Buarque,1,1,10.3386/w23928,Artificial Intelligence and Economic Growth,Artificial Intelligence and Economic Growth
Berta Martín‐López,1,1,10.21203/rs.3.rs-3235955/v1,The global potential for natural regeneration in deforested tropical regions,The global potential for natural regeneration in deforested tropical regions
Bertin Martens,1,1,10.3386/w23928,Artificial Intelligence and Economic Growth,Artificial Intelligence and Economic Growth
Bertrand Garbinti,1,1,10.3386/w23928,Artificial Intelligence and Economic Growth,Artificial Intelligence and Economic Growth
Bethany Springer,1,1,10.2139/ssrn.4154000,How Effective Is (More) Money? Randomizing Unconditional Cash Transfer Amounts…,How Effective Is (More) Money? Randomizing Unconditional Cash Transfer Amounts in the US
Beverley Nielsen,1,1,10.3386/w32450,The Macroeconomic Impact of Climate Change,The Macroeconomic Impact of Climate Change: Global vs. Local Temperature
Beáta Gavurová,1,1,10.3386/w23928,Artificial Intelligence and Economic Growth,Artificial Intelligence and Economic Growth
Bharat R. Hazari,1,1,10.3386/w23928,Artificial Intelligence and Economic Growth,Artificial Intelligence and Economic Growth
Bhattacharjee Suchiradipta,1,1,10.3386/w26752,Stagnation and Scientific Incentives,Stagnation and Scientific Incentives
Bhaven N. Sampat,1,1,10.1257/pandp.20201017,Advance Market Commitments,Advance Market Commitments: Insights from Theory and Experience
Bianca Vandresen,1,1,10.1080/21606544.2022.2138980,The animal welfare cost of meat,The animal welfare cost of meat: evidence from a survey of hypothetical scenarios among Belgian consumers
Bill Schultz,1,1,10.3386/w28726,Selecting the Most Effective Nudge,Selecting the Most Effective Nudge: Evidence from a Large-Scale Experiment on Immunization
Bin Guo,1,1,10.3386/w23928,Artificial Intelligence and Economic Growth,Artificial Intelligence and Economic Growth
Bin Sang,1,1,10.3386/w23928,Artificial Intelligence and Economic Growth,Artificial Intelligence and Economic Growth
Bing Zheng,1,1,10.3386/w23928,Artificial Intelligence and Economic Growth,Artificial Intelligence and Economic Growth
Binghan Jiang,1,1,10.3386/w31137,Biodiversity Risk,Biodiversity Risk
Bingjian Zhao,1,1,10.3386/w23928,Artificial Intelligence and Economic Growth,Artificial Intelligence and Economic Growth
Bingnan Guo,1,1,10.1257/aer.20221215,Does the Squeaky Wheel Get More Grease? The Direct and…,Does the Squeaky Wheel Get More Grease? The Direct and Indirect Effects of Citizen Participation on Environmental Governance in China
Bingqin Li,1,1,10.3386/w23928,Artificial Intelligence and Economic Growth,Artificial Intelligence and Economic Growth
Bingrui Gao,1,1,10.1257/aer.20221215,Does the Squeaky Wheel Get More Grease? The Direct and…,Does the Squeaky Wheel Get More Grease? The Direct and Indirect Effects of Citizen Participation on Environmental Governance in China
Birgit Stark,1,1,10.1093/ej/uead102,Do Celebrity Endorsements Matter? A Twitter Experiment Promoting Vaccination in…,Do Celebrity Endorsements Matter? A Twitter Experiment Promoting Vaccination in Indonesia
Bo Jellesmark Thorsen,1,1,10.3386/w31137,Biodiversity Risk,Biodiversity Risk
Bo Zhang,1,1,10.1257/aer.20221215,Does the Squeaky Wheel Get More Grease? The Direct and…,Does the Squeaky Wheel Get More Grease? The Direct and Indirect Effects of Citizen Participation on Environmental Governance in China
Bob Fischer,1,1,10.1080/21606544.2022.2138980,The animal welfare cost of meat,The animal welfare cost of meat: evidence from a survey of hypothetical scenarios among Belgian consumers
Bohua Yang,1,1,10.3386/w23928,Artificial Intelligence and Economic Growth,Artificial Intelligence and Economic Growth
Bohui Zhang,1,1,10.1257/aer.20221215,Does the Squeaky Wheel Get More Grease? The Direct and…,Does the Squeaky Wheel Get More Grease? The Direct and Indirect Effects of Citizen Participation on Environmental Governance in China
Bongani Andy Mabaso,1,1,10.3386/w23928,Artificial Intelligence and Economic Growth,Artificial Intelligence and Economic Growth
Bouchra Al Mawla,1,1,10.3386/w23928,Artificial Intelligence and Economic Growth,Artificial Intelligence and Economic Growth
Boudhir Anouar Abdelhakim,1,1,10.3386/w23928,Artificial Intelligence and Economic Growth,Artificial Intelligence and Economic Growth
Bowen Guan,1,1,10.3386/w23929,Effects of Emigration on Rural Labor Markets,Effects of Emigration on Rural Labor Markets
Brad Wong,1,1,10.3386/w31208,Building Resilient Education Systems,Building Resilient Education Systems: Evidence from Large-Scale Randomized Trials in Five Countries
Brajesh Tripathi,1,1,10.3386/w30011,"The Long-Run Effects of Psychotherapy on Depression, Beliefs, and Economic…","The Long-Run Effects of Psychotherapy on Depression, Beliefs, and Economic Outcomes"
Brandon Joel Tan,1,1,10.3386/w26775,Advance Market Commitments,Advance Market Commitments: Insights from Theory and Experience
Branko Katalinić,1,1,10.3386/w23928,Artificial Intelligence and Economic Growth,Artificial Intelligence and Economic Growth
Brian Beckage,1,1,10.3386/w32450,The Macroeconomic Impact of Climate Change,The Macroeconomic Impact of Climate Change: Global vs. Local Temperature
Brian C. Albrecht,1,1,10.1257/pandp.20201017,Advance Market Commitments,Advance Market Commitments: Insights from Theory and Experience
Brian Jabarian,1,1,10.3386/w23928,Artificial Intelligence and Economic Growth,Artificial Intelligence and Economic Growth
Brian Jacob,1,1,10.2139/ssrn.4154000,How Effective Is (More) Money? Randomizing Unconditional Cash Transfer Amounts…,How Effective Is (More) Money? Randomizing Unconditional Cash Transfer Amounts in the US
Brian O’Callaghan,1,1,10.3386/w31137,Biodiversity Risk,Biodiversity Risk
Brittney Sandler,1,1,10.3386/w28726,Selecting the Most Effective Nudge,Selecting the Most Effective Nudge: Evidence from a Large-Scale Experiment on Immunization
Brooke Williams,1,1,10.21203/rs.3.rs-3235955/v1,The global potential for natural regeneration in deforested tropical regions,The global potential for natural regeneration in deforested tropical regions
Bruce P. Lanphear,1,1,10.1093/wbro/lkae010,The Effect of Lead Exposure on Children’s Learning in the…,The Effect of Lead Exposure on Children’s Learning in the Developing World: A Meta-Analysis
Bryan Le,1,1,10.3386/w23928,Artificial Intelligence and Economic Growth,Artificial Intelligence and Economic Growth
Bryan Patenaude,1,1,10.3386/w30011,"The Long-Run Effects of Psychotherapy on Depression, Beliefs, and Economic…","The Long-Run Effects of Psychotherapy on Depression, Beliefs, and Economic Outcomes"
Busara Lab Busara Lab,1,1,10.3386/w28106,The Comparative Impact of Cash Transfers and a Psychotherapy Program…,The Comparative Impact of Cash Transfers and a Psychotherapy Program on Psychological and Economic Well-being
Béatrice Roussillon,1,1,10.3386/w30740,"When do ""Nudges"" Increase Welfare?","When do ""Nudges"" Increase Welfare?"
C. D. West,1,1,10.3386/w28106,The Comparative Impact of Cash Transfers and a Psychotherapy Program…,The Comparative Impact of Cash Transfers and a Psychotherapy Program on Psychological and Economic Well-being
C. Felicia Lyu,1,1,10.3386/w23928,Artificial Intelligence and Economic Growth,Artificial Intelligence and Economic Growth
Canice Prendergast,1,1,10.3386/w26775,Advance Market Commitments,Advance Market Commitments: Insights from Theory and Experience
Cao Truong Son,1,1,10.3386/w30835,Water Treatment And Child Mortality,Water Treatment And Child Mortality: A Meta-Analysis And Cost-effectiveness Analysis
Carl Johan Lagerkvist,1,1,10.3386/w31137,Biodiversity Risk,Biodiversity Risk
Carl Shulman,1,1,10.1016/j.cognition.2021.104941,Population ethical intuitions,Population ethical intuitions
Carlo Drago,1,1,10.3386/w23928,Artificial Intelligence and Economic Growth,Artificial Intelligence and Economic Growth
Carlos A. Ibarra,1,1,10.3386/w23928,Artificial Intelligence and Economic Growth,Artificial Intelligence and Economic Growth
Carlos Alberto Dória,1,1,10.3386/w31208,Building Resilient Education Systems,Building Resilient Education Systems: Evidence from Large-Scale Randomized Trials in Five Countries
Carlos Fanjul Peyró,1,1,10.3386/w23928,Artificial Intelligence and Economic Growth,Artificial Intelligence and Economic Growth
Carlos Gould,1,1,10.3386/w32450,The Macroeconomic Impact of Climate Change,The Macroeconomic Impact of Climate Change: Global vs. Local Temperature
Carlos Hernández,1,1,10.3386/w26752,Stagnation and Scientific Incentives,Stagnation and Scientific Incentives
Carlos Riumalló‐Herl,1,1,10.3386/w28726,Selecting the Most Effective Nudge,Selecting the Most Effective Nudge: Evidence from a Large-Scale Experiment on Immunization
Carlos Torres,1,1,10.3386/w28726,Selecting the Most Effective Nudge,Selecting the Most Effective Nudge: Evidence from a Large-Scale Experiment on Immunization
Carly Molloy,1,1,10.3386/w28726,Selecting the Most Effective Nudge,Selecting the Most Effective Nudge: Evidence from a Large-Scale Experiment on Immunization
Caroline Delaire,1,1,10.3386/w30835,Water Treatment And Child Mortality,Water Treatment And Child Mortality: A Meta-Analysis And Cost-effectiveness Analysis
Caroline Theoharides,1,1,10.3386/w23929,Effects of Emigration on Rural Labor Markets,Effects of Emigration on Rural Labor Markets
Carolyn A. Berry,1,1,10.2139/ssrn.4154000,How Effective Is (More) Money? Randomizing Unconditional Cash Transfer Amounts…,How Effective Is (More) Money? Randomizing Unconditional Cash Transfer Amounts in the US
Carson Ezell,1,1,10.48550/arxiv.2305.07153,Towards best practices in AGI safety and governance,Towards best practices in AGI safety and governance: A survey of expert opinion
Carter Walter Bloch,1,1,10.3386/w31409,Choose Your Moments,Choose Your Moments: Peer Review and Scientific Risk Taking
Caspar Kaiser,1,1,10.3386/w28106,The Comparative Impact of Cash Transfers and a Psychotherapy Program…,The Comparative Impact of Cash Transfers and a Psychotherapy Program on Psychological and Economic Well-being
Catarina C. Jakovac,1,1,10.21203/rs.3.rs-3235955/v1,The global potential for natural regeneration in deforested tropical regions,The global potential for natural regeneration in deforested tropical regions
Catherine H. Tinsley,1,1,10.3386/w28106,The Comparative Impact of Cash Transfers and a Psychotherapy Program…,The Comparative Impact of Cash Transfers and a Psychotherapy Program on Psychological and Economic Well-being
Catherine Thomas,1,1,10.3386/w28106,The Comparative Impact of Cash Transfers and a Psychotherapy Program…,The Comparative Impact of Cash Transfers and a Psychotherapy Program on Psychological and Economic Well-being
Cecilia Castaldo,1,1,10.3386/w30740,"When do ""Nudges"" Increase Welfare?","When do ""Nudges"" Increase Welfare?"
Cecilia Springer,1,1,10.1257/aer.20221215,Does the Squeaky Wheel Get More Grease? The Direct and…,Does the Squeaky Wheel Get More Grease? The Direct and Indirect Effects of Citizen Participation on Environmental Governance in China
Celestina Heepen,1,1,10.3386/w31354,The Benefits and Costs of Guest Worker Programs,The Benefits and Costs of Guest Worker Programs: Experimental Evidence from the India-UAE Migration Corridor
Celso Brunetti,1,1,10.3386/w31137,Biodiversity Risk,Biodiversity Risk
Cem Yavuz,1,1,10.1257/pandp.20201017,Advance Market Commitments,Advance Market Commitments: Insights from Theory and Experience
Cemre YILDIZ,1,1,10.3386/w23928,Artificial Intelligence and Economic Growth,Artificial Intelligence and Economic Growth
Ceren Arslan Kazan,1,1,10.3386/w23928,Artificial Intelligence and Economic Growth,Artificial Intelligence and Economic Growth
Chad M. Baum,1,1,10.1257/pandp.20201017,Advance Market Commitments,Advance Market Commitments: Insights from Theory and Experience
Chadwick Curtis,1,1,10.3386/w32450,The Macroeconomic Impact of Climate Change,The Macroeconomic Impact of Climate Change: Global vs. Local Temperature
Chaehee Shin,1,1,10.3386/w31137,Biodiversity Risk,Biodiversity Risk
Chan Seob Nam,1,1,10.3386/w28106,The Comparative Impact of Cash Transfers and a Psychotherapy Program…,The Comparative Impact of Cash Transfers and a Psychotherapy Program on Psychological and Economic Well-being
Chang Hwan Choi,1,1,10.3386/w23928,Artificial Intelligence and Economic Growth,Artificial Intelligence and Economic Growth
Changbiao Zhong,1,1,10.3386/w23928,Artificial Intelligence and Economic Growth,Artificial Intelligence and Economic Growth
Chao Fang,1,1,10.3386/w23928,Artificial Intelligence and Economic Growth,Artificial Intelligence and Economic Growth
Chao Yin,1,1,10.1257/aer.20221215,Does the Squeaky Wheel Get More Grease? The Direct and…,Does the Squeaky Wheel Get More Grease? The Direct and Indirect Effects of Citizen Participation on Environmental Governance in China
Chaolin Tian,1,1,10.48550/arxiv.2107.06476,Adaptability and the Pivot Penalty in Science,Adaptability and the Pivot Penalty in Science
Charity Troyer Moore,1,1,10.3386/w23929,Effects of Emigration on Rural Labor Markets,Effects of Emigration on Rural Labor Markets
Charles A. Emogor,1,1,10.1111/conl.13077,Banning Wildlife Trade Can Boost the Unregulated Trade of Threatened…,Banning Wildlife Trade Can Boost the Unregulated Trade of Threatened Species
Charles Efferson,1,1,10.3386/w28726,Selecting the Most Effective Nudge,Selecting the Most Effective Nudge: Evidence from a Large-Scale Experiment on Immunization
Charles Harper,1,1,10.3386/w26775,Advance Market Commitments,Advance Market Commitments: Insights from Theory and Experience
Charles T. Anderson,1,1,10.1016/j.ijdrr.2022.102798,Long term cost-effectiveness of resilient foods for global catastrophes compared…,Long term cost-effectiveness of resilient foods for global catastrophes compared to artificial general intelligence safety
Charles‐Albert Lehalle,1,1,10.3386/w23928,Artificial Intelligence and Economic Growth,Artificial Intelligence and Economic Growth
Charlie A. Davidson,1,1,10.3386/w28106,The Comparative Impact of Cash Transfers and a Psychotherapy Program…,The Comparative Impact of Cash Transfers and a Psychotherapy Program on Psychological and Economic Well-being
Charlie Giattino,1,1,10.3386/w23928,Artificial Intelligence and Economic Growth,Artificial Intelligence and Economic Growth
Charlotte H. Chang,1,1,10.1257/aer.20221215,Does the Squeaky Wheel Get More Grease? The Direct and…,Does the Squeaky Wheel Get More Grease? The Direct and Indirect Effects of Citizen Participation on Environmental Governance in China
Charlotte Stix,1,1,10.48550/arxiv.2305.07153,Towards best practices in AGI safety and governance,Towards best practices in AGI safety and governance: A survey of expert opinion
Charlotte Süring,1,1,10.3386/w31137,Biodiversity Risk,Biodiversity Risk
Chayce R. Baldwin,1,1,10.2139/ssrn.4154000,How Effective Is (More) Money? Randomizing Unconditional Cash Transfer Amounts…,How Effective Is (More) Money? Randomizing Unconditional Cash Transfer Amounts in the US
Chen Ye,1,1,10.1287/mnsc.2023.4846,The Governance of Nonprofits and Their Social Impact,The Governance of Nonprofits and Their Social Impact: Evidence from a Randomized Program in Healthcare in the Democratic Republic of Congo
Chen Zeming,1,1,10.1257/aer.20221215,Does the Squeaky Wheel Get More Grease? The Direct and…,Does the Squeaky Wheel Get More Grease? The Direct and Indirect Effects of Citizen Participation on Environmental Governance in China
Chengyan Xu,1,1,10.2139/ssrn.3938994,Information Avoidance and Moral Behavior,Information Avoidance and Moral Behavior: Experimental Evidence from Food Choices
Chengying He,1,1,10.3386/w23928,Artificial Intelligence and Economic Growth,Artificial Intelligence and Economic Growth
Chengzhang Wang,1,1,10.3386/w23928,Artificial Intelligence and Economic Growth,Artificial Intelligence and Economic Growth
Chenhui Ding,1,1,10.3386/w23928,Artificial Intelligence and Economic Growth,Artificial Intelligence and Economic Growth
Chenxiao Wang,1,1,10.3386/w23928,Artificial Intelligence and Economic Growth,Artificial Intelligence and Economic Growth
Chenyu Li,1,1,10.3386/w31137,Biodiversity Risk,Biodiversity Risk
Chiara Criscuolo,1,1,10.3386/w23928,Artificial Intelligence and Economic Growth,Artificial Intelligence and Economic Growth
Chia‐Hui Lu,1,1,10.3386/w23928,Artificial Intelligence and Economic Growth,Artificial Intelligence and Economic Growth
Chie Hanaoka,1,1,10.1257/aeri.20210612,Cognitive Behavioral Therapy among Ghana's Rural Poor Is Effective Regardless…,Cognitive Behavioral Therapy among Ghana's Rural Poor Is Effective Regardless of Baseline Mental Distress
Chin-Leei Cham,1,1,10.3386/w23928,Artificial Intelligence and Economic Growth,Artificial Intelligence and Economic Growth
Chisangu Matome,1,1,10.3386/w28106,The Comparative Impact of Cash Transfers and a Psychotherapy Program…,The Comparative Impact of Cash Transfers and a Psychotherapy Program on Psychological and Economic Well-being
Chong Zhuo,1,1,10.1257/aer.20221215,Does the Squeaky Wheel Get More Grease? The Direct and…,Does the Squeaky Wheel Get More Grease? The Direct and Indirect Effects of Citizen Participation on Environmental Governance in China
Choo‐Yee Ting,1,1,10.3386/w23928,Artificial Intelligence and Economic Growth,Artificial Intelligence and Economic Growth
Chris Emmanuel Tchatchouang Wanko,1,1,10.3386/w23928,Artificial Intelligence and Economic Growth,Artificial Intelligence and Economic Growth
Chris R. Shepherd,1,1,10.1111/conl.13077,Banning Wildlife Trade Can Boost the Unregulated Trade of Threatened…,Banning Wildlife Trade Can Boost the Unregulated Trade of Threatened Species
Chris Snyder,1,1,10.3386/w26775,Advance Market Commitments,Advance Market Commitments: Insights from Theory and Experience
Chrispus Mayora,1,1,10.3386/w26775,Advance Market Commitments,Advance Market Commitments: Insights from Theory and Experience
Christian J. Merz,1,1,10.3386/w30011,"The Long-Run Effects of Psychotherapy on Depression, Beliefs, and Economic…","The Long-Run Effects of Psychotherapy on Depression, Beliefs, and Economic Outcomes"
Christian Leuz,1,1,10.1257/aer.20221215,Does the Squeaky Wheel Get More Grease? The Direct and…,Does the Squeaky Wheel Get More Grease? The Direct and Indirect Effects of Citizen Participation on Environmental Governance in China
Christian M. Dahl,1,1,10.3386/w31162,Intergenerational Child Mortality Impacts of Deworming,Intergenerational Child Mortality Impacts of Deworming: Experimental Evidence from Two Decades of the Kenya Life Panel Survey
Christian Montag,1,1,10.3386/w23928,Artificial Intelligence and Economic Growth,Artificial Intelligence and Economic Growth
Christian Pentzold,1,1,10.1093/ej/uead102,Do Celebrity Endorsements Matter? A Twitter Experiment Promoting Vaccination in…,Do Celebrity Endorsements Matter? A Twitter Experiment Promoting Vaccination in Indonesia
Christian Schemer,1,1,10.1093/ej/uead102,Do Celebrity Endorsements Matter? A Twitter Experiment Promoting Vaccination in…,Do Celebrity Endorsements Matter? A Twitter Experiment Promoting Vaccination in Indonesia
Christian Schmid,1,1,10.3386/w28106,The Comparative Impact of Cash Transfers and a Psychotherapy Program…,The Comparative Impact of Cash Transfers and a Psychotherapy Program on Psychological and Economic Well-being
Christina Gravert,1,1,10.3386/w30740,"When do ""Nudges"" Increase Welfare?","When do ""Nudges"" Increase Welfare?"
Christina Hartmann,1,1,10.2139/ssrn.3938994,Information Avoidance and Moral Behavior,Information Avoidance and Moral Behavior: Experimental Evidence from Food Choices
Christina Strauss,1,1,10.3386/w23928,Artificial Intelligence and Economic Growth,Artificial Intelligence and Economic Growth
Christina Then-Bergh,1,1,10.3386/w23928,Artificial Intelligence and Economic Growth,Artificial Intelligence and Economic Growth
Christoph Feldhaus,1,1,10.2139/ssrn.3938994,Information Avoidance and Moral Behavior,Information Avoidance and Moral Behavior: Experimental Evidence from Food Choices
Christoph Nedopil,1,1,10.1257/aer.20221215,Does the Squeaky Wheel Get More Grease? The Direct and…,Does the Squeaky Wheel Get More Grease? The Direct and Indirect Effects of Citizen Participation on Environmental Governance in China
Christoph Neuberger,1,1,10.1093/ej/uead102,Do Celebrity Endorsements Matter? A Twitter Experiment Promoting Vaccination in…,Do Celebrity Endorsements Matter? A Twitter Experiment Promoting Vaccination in Indonesia
Christoph Winter,1,1,10.48550/arxiv.2305.07153,Towards best practices in AGI safety and governance,Towards best practices in AGI safety and governance: A survey of expert opinion
Christopher A. Hartwell,1,1,10.3386/w23928,Artificial Intelligence and Economic Growth,Artificial Intelligence and Economic Growth
Christopher Avery,1,1,10.1257/pandp.20201017,Advance Market Commitments,Advance Market Commitments: Insights from Theory and Experience
Christopher Dye,1,1,10.3386/w28726,Selecting the Most Effective Nudge,Selecting the Most Effective Nudge: Evidence from a Large-Scale Experiment on Immunization
Christopher Gan,1,1,10.3386/w23928,Artificial Intelligence and Economic Growth,Artificial Intelligence and Economic Growth
Christopher Roth,1,1,10.3386/w30011,"The Long-Run Effects of Psychotherapy on Depression, Beliefs, and Economic…","The Long-Run Effects of Psychotherapy on Depression, Beliefs, and Economic Outcomes"
Christopher Yan-Chak Chan,1,1,10.1016/j.ijdrr.2022.102798,Long term cost-effectiveness of resilient foods for global catastrophes compared…,Long term cost-effectiveness of resilient foods for global catastrophes compared to artificial general intelligence safety
Christos Batsis,1,1,10.2139/ssrn.4154000,How Effective Is (More) Money? Randomizing Unconditional Cash Transfer Amounts…,How Effective Is (More) Money? Randomizing Unconditional Cash Transfer Amounts in the US
Chuanhao Wen,1,1,10.3386/w23928,Artificial Intelligence and Economic Growth,Artificial Intelligence and Economic Growth
Chuanjie Wang,1,1,10.3386/w31137,Biodiversity Risk,Biodiversity Risk
Chuanwang Sun,1,1,10.1257/aer.20221215,Does the Squeaky Wheel Get More Grease? The Direct and…,Does the Squeaky Wheel Get More Grease? The Direct and Indirect Effects of Citizen Participation on Environmental Governance in China
Chuntian Lu,1,1,10.1257/aer.20221215,Does the Squeaky Wheel Get More Grease? The Direct and…,Does the Squeaky Wheel Get More Grease? The Direct and Indirect Effects of Citizen Participation on Environmental Governance in China
Chunyuan Zhang,1,1,10.3386/w23928,Artificial Intelligence and Economic Growth,Artificial Intelligence and Economic Growth
Chunzhi Li,1,1,10.3386/w23929,Effects of Emigration on Rural Labor Markets,Effects of Emigration on Rural Labor Markets
Cihan Uzmanoglu,1,1,10.3386/w31137,Biodiversity Risk,Biodiversity Risk
Claire Mackevicius,1,1,10.3386/w23929,Effects of Emigration on Rural Labor Markets,Effects of Emigration on Rural Labor Markets
Claudette Salinas,1,1,10.48550/arxiv.2305.07153,Towards best practices in AGI safety and governance,Towards best practices in AGI safety and governance: A survey of expert opinion
Claudia Liceth Fajardo Hoyos,1,1,10.3386/w23928,Artificial Intelligence and Economic Growth,Artificial Intelligence and Economic Growth
Claudio Guillermo Rosell Arce,1,1,10.3386/w23928,Artificial Intelligence and Economic Growth,Artificial Intelligence and Economic Growth
Claudio Rizzi,1,1,10.3386/w31137,Biodiversity Risk,Biodiversity Risk
Clemens Breisinger,1,1,10.3386/w28726,Selecting the Most Effective Nudge,Selecting the Most Effective Nudge: Evidence from a Large-Scale Experiment on Immunization
Clevo Wilson,1,1,10.1111/conl.13077,Banning Wildlife Trade Can Boost the Unregulated Trade of Threatened…,Banning Wildlife Trade Can Boost the Unregulated Trade of Threatened Species
Clíodhna Ní Ghuidhir,1,1,10.48550/arxiv.2305.07153,Towards best practices in AGI safety and governance,Towards best practices in AGI safety and governance: A survey of expert opinion
Cole Hooley,1,1,10.3386/w28726,Selecting the Most Effective Nudge,Selecting the Most Effective Nudge: Evidence from a Large-Scale Experiment on Immunization
Colin Vance,1,1,10.3386/w32728,A Welfare Analysis of Policies Impacting Climate Change,A Welfare Analysis of Policies Impacting Climate Change
Congming Ding,1,1,10.1257/aer.20221215,Does the Squeaky Wheel Get More Grease? The Direct and…,Does the Squeaky Wheel Get More Grease? The Direct and Indirect Effects of Citizen Participation on Environmental Governance in China
Connie Susilawati,1,1,10.1111/conl.13077,Banning Wildlife Trade Can Boost the Unregulated Trade of Threatened…,Banning Wildlife Trade Can Boost the Unregulated Trade of Threatened Species
Constantin Arnscheidt,1,1,10.1016/j.ijdrr.2022.102798,Long term cost-effectiveness of resilient foods for global catastrophes compared…,Long term cost-effectiveness of resilient foods for global catastrophes compared to artificial general intelligence safety
Constantin Grywatz,1,1,10.1257/pandp.20201017,Advance Market Commitments,Advance Market Commitments: Insights from Theory and Experience
Constantin W. Arnscheidt,1,1,10.1016/j.ijdrr.2022.102798,Long term cost-effectiveness of resilient foods for global catastrophes compared…,Long term cost-effectiveness of resilient foods for global catastrophes compared to artificial general intelligence safety
Constantina Skanavis,1,1,10.3386/w31899,The Effect of Public Science on Corporate R&amp;D,The Effect of Public Science on Corporate R&amp;D
Corinthias P. M. Sianipar,1,1,10.3386/w23929,Effects of Emigration on Rural Labor Markets,Effects of Emigration on Rural Labor Markets
Cornelia Niessen,1,1,10.3386/w30011,"The Long-Run Effects of Psychotherapy on Depression, Beliefs, and Economic…","The Long-Run Effects of Psychotherapy on Depression, Beliefs, and Economic Outcomes"
Cristian A. Cruz-Rodríguez,1,1,10.21203/rs.3.rs-3235955/v1,The global potential for natural regeneration in deforested tropical regions,The global potential for natural regeneration in deforested tropical regions
Cristian Larroulet Philippi,1,1,10.3386/w28106,The Comparative Impact of Cash Transfers and a Psychotherapy Program…,The Comparative Impact of Cash Transfers and a Psychotherapy Program on Psychological and Economic Well-being
Cristina Cornelio,1,1,10.3386/w26752,Stagnation and Scientific Incentives,Stagnation and Scientific Incentives
Cuihong Long,1,1,10.3386/w23929,Effects of Emigration on Rural Labor Markets,Effects of Emigration on Rural Labor Markets
Cuong Nguyen Thanh,1,1,10.3386/w23928,Artificial Intelligence and Economic Growth,Artificial Intelligence and Economic Growth
Cyrille Schwellnus,1,1,10.3386/w23928,Artificial Intelligence and Economic Growth,Artificial Intelligence and Economic Growth
Cátia Batista,1,1,10.3386/w28726,Selecting the Most Effective Nudge,Selecting the Most Effective Nudge: Evidence from a Large-Scale Experiment on Immunization
Céline Antonin,1,1,10.3386/w23928,Artificial Intelligence and Economic Growth,Artificial Intelligence and Economic Growth
D Fetters Michael,1,1,10.3386/w31208,Building Resilient Education Systems,Building Resilient Education Systems: Evidence from Large-Scale Randomized Trials in Five Countries
Da Zhang,1,1,10.1257/aer.20221215,Does the Squeaky Wheel Get More Grease? The Direct and…,Does the Squeaky Wheel Get More Grease? The Direct and Indirect Effects of Citizen Participation on Environmental Governance in China
Daixin He,1,1,10.3386/w28726,Selecting the Most Effective Nudge,Selecting the Most Effective Nudge: Evidence from a Large-Scale Experiment on Immunization
Damien Besancenot,1,1,10.3386/w26752,Stagnation and Scientific Incentives,Stagnation and Scientific Incentives
Damilola S. Olawuyi,1,1,10.3386/w31137,Biodiversity Risk,Biodiversity Risk
Dan Braun,1,1,10.48550/arxiv.2305.07153,Towards best practices in AGI safety and governance,Towards best practices in AGI safety and governance: A survey of expert opinion
Dan Salmon,1,1,10.3386/w26775,Advance Market Commitments,Advance Market Commitments: Insights from Theory and Experience
Dana Miller‐Cotto,1,1,10.2139/ssrn.4154000,How Effective Is (More) Money? Randomizing Unconditional Cash Transfer Amounts…,How Effective Is (More) Money? Randomizing Unconditional Cash Transfer Amounts in the US
Dana Suskind,1,1,10.3386/w23929,Effects of Emigration on Rural Labor Markets,Effects of Emigration on Rural Labor Markets
Daniel Brisson,1,1,10.3386/w28106,The Comparative Impact of Cash Transfers and a Psychotherapy Program…,The Comparative Impact of Cash Transfers and a Psychotherapy Program on Psychological and Economic Well-being
Daniel C. Esty,1,1,10.3386/w26775,Advance Market Commitments,Advance Market Commitments: Insights from Theory and Experience
Daniel Cohen,1,1,10.3386/w23928,Artificial Intelligence and Economic Growth,Artificial Intelligence and Economic Growth
Daniel Darbyshire,1,1,10.2139/ssrn.4154000,How Effective Is (More) Money? Randomizing Unconditional Cash Transfer Amounts…,How Effective Is (More) Money? Randomizing Unconditional Cash Transfer Amounts in the US
Daniel Ershov,1,1,10.1093/ej/uead102,Do Celebrity Endorsements Matter? A Twitter Experiment Promoting Vaccination in…,Do Celebrity Endorsements Matter? A Twitter Experiment Promoting Vaccination in Indonesia
Daniel Garcia-Macia,1,1,10.3386/w32450,The Macroeconomic Impact of Climate Change,The Macroeconomic Impact of Climate Change: Global vs. Local Temperature
Daniel Graeber,1,1,10.3386/w28106,The Comparative Impact of Cash Transfers and a Psychotherapy Program…,The Comparative Impact of Cash Transfers and a Psychotherapy Program on Psychological and Economic Well-being
Daniel J. Ingram,1,1,10.1111/conl.13077,Banning Wildlife Trade Can Boost the Unregulated Trade of Threatened…,Banning Wildlife Trade Can Boost the Unregulated Trade of Threatened Species
Daniel Kahneman,1,1,10.48550/arxiv.2305.07153,Towards best practices in AGI safety and governance,Towards best practices in AGI safety and governance: A survey of expert opinion
Daniel Kwaah,1,1,10.3386/w30835,Water Treatment And Child Mortality,Water Treatment And Child Mortality: A Meta-Analysis And Cost-effectiveness Analysis
Daniel Llerena,1,1,10.3386/w30740,"When do ""Nudges"" Increase Welfare?","When do ""Nudges"" Increase Welfare?"
Daniel P. Gross,1,1,10.1257/pandp.20201017,Advance Market Commitments,Advance Market Commitments: Insights from Theory and Experience
Daniel R. Richards,1,1,10.3386/w31554,Urban Forests,Urban Forests: Environmental Health Values and Risks
Daniel Schäffer,1,1,10.3386/w23929,Effects of Emigration on Rural Labor Markets,Effects of Emigration on Rural Labor Markets
Daniel W. Phillips,1,1,10.1257/pandp.20201017,Advance Market Commitments,Advance Market Commitments: Insights from Theory and Experience
Daniela Fazio,1,1,10.2139/ssrn.4154000,How Effective Is (More) Money? Randomizing Unconditional Cash Transfer Amounts…,How Effective Is (More) Money? Randomizing Unconditional Cash Transfer Amounts in the US
Daniela Pennetta,1,1,10.3386/w31137,Biodiversity Risk,Biodiversity Risk
Danny Cassimon,1,1,10.1257/pandp.20201017,Advance Market Commitments,Advance Market Commitments: Insights from Theory and Experience
Danxia Xie,1,1,10.3386/w23928,Artificial Intelligence and Economic Growth,Artificial Intelligence and Economic Growth
Daojun Li,1,1,10.3386/w23928,Artificial Intelligence and Economic Growth,Artificial Intelligence and Economic Growth
Daqian Shi,1,1,10.1257/aer.20221215,Does the Squeaky Wheel Get More Grease? The Direct and…,Does the Squeaky Wheel Get More Grease? The Direct and Indirect Effects of Citizen Participation on Environmental Governance in China
Dave Donaldson,1,1,10.3386/w23929,Effects of Emigration on Rural Labor Markets,Effects of Emigration on Rural Labor Markets
Dave Nellesen,1,1,10.3386/w26775,Advance Market Commitments,Advance Market Commitments: Insights from Theory and Experience
David B. Audretsch,1,1,10.3386/w23928,Artificial Intelligence and Economic Growth,Artificial Intelligence and Economic Growth
David C. Phillips,1,1,10.2139/ssrn.4154000,How Effective Is (More) Money? Randomizing Unconditional Cash Transfer Amounts…,How Effective Is (More) Money? Randomizing Unconditional Cash Transfer Amounts in the US
David Casagrande,1,1,10.3386/w32450,The Macroeconomic Impact of Climate Change,The Macroeconomic Impact of Climate Change: Global vs. Local Temperature
David Chipanta,1,1,10.3386/w28106,The Comparative Impact of Cash Transfers and a Psychotherapy Program…,The Comparative Impact of Cash Transfers and a Psychotherapy Program on Psychological and Economic Well-being
David Doloreux,1,1,10.3386/w23928,Artificial Intelligence and Economic Growth,Artificial Intelligence and Economic Growth
David Gonzalez-Jimenez,1,1,10.2139/ssrn.3938994,Information Avoidance and Moral Behavior,Information Avoidance and Moral Behavior: Experimental Evidence from Food Choices
David Hume,1,1,10.3386/w30740,"When do ""Nudges"" Increase Welfare?","When do ""Nudges"" Increase Welfare?"
David J. Abson,1,1,10.21203/rs.3.rs-3235955/v1,The global potential for natural regeneration in deforested tropical regions,The global potential for natural regeneration in deforested tropical regions
David J. Kupfer,1,1,10.3386/w23928,Artificial Intelligence and Economic Growth,Artificial Intelligence and Economic Growth
David K. Evans,1,1,10.1257/pandp.20201017,Advance Market Commitments,Advance Market Commitments: Insights from Theory and Experience
David Krueger,1,1,10.48550/arxiv.2305.07153,Towards best practices in AGI safety and governance,Towards best practices in AGI safety and governance: A survey of expert opinion
David Kwon,1,1,10.3386/w26752,Stagnation and Scientific Incentives,Stagnation and Scientific Incentives
David McAdams,1,1,10.1257/pandp.20201017,Advance Market Commitments,Advance Market Commitments: Insights from Theory and Experience
David McKenzie,1,1,10.3386/w23929,Effects of Emigration on Rural Labor Markets,Effects of Emigration on Rural Labor Markets
David Mhlanga,1,1,10.3386/w23928,Artificial Intelligence and Economic Growth,Artificial Intelligence and Economic Growth
David Piachaud,1,1,10.3386/w23928,Artificial Intelligence and Economic Growth,Artificial Intelligence and Economic Growth
David Proudman,1,1,10.3386/w26775,Advance Market Commitments,Advance Market Commitments: Insights from Theory and Experience
David Rhys Bernard,1,1,10.3386/w28106,The Comparative Impact of Cash Transfers and a Psychotherapy Program…,The Comparative Impact of Cash Transfers and a Psychotherapy Program on Psychological and Economic Well-being
Davide Cantoni,1,1,10.3386/w33018,Misperceptions and Demand for Democracy under Authoritarianism,Misperceptions and Demand for Democracy under Authoritarianism
Davide D. Pace,1,1,10.2139/ssrn.3938994,Information Avoidance and Moral Behavior,Information Avoidance and Moral Behavior: Experimental Evidence from Food Choices
Dawn Song,1,1,10.48550/arxiv.2305.07153,Towards best practices in AGI safety and governance,Towards best practices in AGI safety and governance: A survey of expert opinion
Dean Yang,1,1,10.3386/w23929,Effects of Emigration on Rural Labor Markets,Effects of Emigration on Rural Labor Markets
Debapriya Mondal,1,1,10.1093/wbro/lkae010,The Effect of Lead Exposure on Children’s Learning in the…,The Effect of Lead Exposure on Children’s Learning in the Developing World: A Meta-Analysis
Debasish Sur,1,1,10.3386/w23928,Artificial Intelligence and Economic Growth,Artificial Intelligence and Economic Growth
Decheng Fan,1,1,10.3386/w23928,Artificial Intelligence and Economic Growth,Artificial Intelligence and Economic Growth
Demetris Vrontis,1,1,10.3386/w23928,Artificial Intelligence and Economic Growth,Artificial Intelligence and Economic Growth
Denisse Piérola,1,1,10.2139/ssrn.4154000,How Effective Is (More) Money? Randomizing Unconditional Cash Transfer Amounts…,How Effective Is (More) Money? Randomizing Unconditional Cash Transfer Amounts in the US
Dennis Wesselbaum,1,1,10.3386/w23928,Artificial Intelligence and Economic Growth,Artificial Intelligence and Economic Growth
Deqiu Chen,1,1,10.1257/aer.20221215,Does the Squeaky Wheel Get More Grease? The Direct and…,Does the Squeaky Wheel Get More Grease? The Direct and Indirect Effects of Citizen Participation on Environmental Governance in China
Dequn Teng,1,1,10.1287/mnsc.2023.4846,The Governance of Nonprofits and Their Social Impact,The Governance of Nonprofits and Their Social Impact: Evidence from a Randomized Program in Healthcare in the Democratic Republic of Congo
Derrick Silove,1,1,10.3386/w28106,The Comparative Impact of Cash Transfers and a Psychotherapy Program…,The Comparative Impact of Cash Transfers and a Psychotherapy Program on Psychological and Economic Well-being
Desheng Wu,1,1,10.1257/aer.20221215,Does the Squeaky Wheel Get More Grease? The Direct and…,Does the Squeaky Wheel Get More Grease? The Direct and Indirect Effects of Citizen Participation on Environmental Governance in China
Desmond McNeill,1,1,10.1257/pandp.20201017,Advance Market Commitments,Advance Market Commitments: Insights from Theory and Experience
Dev Patel,1,1,10.3386/w28726,Selecting the Most Effective Nudge,Selecting the Most Effective Nudge: Evidence from a Large-Scale Experiment on Immunization
Devesh Singh,1,1,10.3386/w23928,Artificial Intelligence and Economic Growth,Artificial Intelligence and Economic Growth
Diala Hajal,1,1,10.3386/w31208,Building Resilient Education Systems,Building Resilient Education Systems: Evidence from Large-Scale Randomized Trials in Five Countries
Dianna Amasino,1,1,10.2139/ssrn.3938994,Information Avoidance and Moral Behavior,Information Avoidance and Moral Behavior: Experimental Evidence from Food Choices
Didier Blanchet,1,1,10.3386/w23928,Artificial Intelligence and Economic Growth,Artificial Intelligence and Economic Growth
Didier Lebert,1,1,10.3386/w28726,Selecting the Most Effective Nudge,Selecting the Most Effective Nudge: Evidence from a Large-Scale Experiment on Immunization
Diego Bastos,1,1,10.21203/rs.3.rs-3235955/v1,The global potential for natural regeneration in deforested tropical regions,The global potential for natural regeneration in deforested tropical regions
Diego R. Känzig,1,1,10.3386/w32450,The Macroeconomic Impact of Climate Change,The Macroeconomic Impact of Climate Change: Global vs. Local Temperature
Dieter F. Kogler,1,1,10.3386/w23928,Artificial Intelligence and Economic Growth,Artificial Intelligence and Economic Growth
Dimitrios Kourouklis,1,1,10.1257/pandp.20201017,Advance Market Commitments,Advance Market Commitments: Insights from Theory and Experience
Dimitrios P. Tsomocos,1,1,10.3386/w26752,Stagnation and Scientific Incentives,Stagnation and Scientific Incentives
Dimitrios Xefteris,1,1,10.1093/ej/uead102,Do Celebrity Endorsements Matter? A Twitter Experiment Promoting Vaccination in…,Do Celebrity Endorsements Matter? A Twitter Experiment Promoting Vaccination in Indonesia
Dirk Gerritsen,1,1,10.3386/w31137,Biodiversity Risk,Biodiversity Risk
Divya Mudappa,1,1,10.21203/rs.3.rs-3235955/v1,The global potential for natural regeneration in deforested tropical regions,The global potential for natural regeneration in deforested tropical regions
Divya Solomon,1,1,10.1257/aeri.20230431,Money (Not) to Burn,Money (Not) to Burn: Payments for Ecosystem Services to Reduce Crop Residue Burning
Diyi Yang,1,1,10.3386/w23928,Artificial Intelligence and Economic Growth,Artificial Intelligence and Economic Growth
Dmitri Kofanov,1,1,10.2139/ssrn.4154000,How Effective Is (More) Money? Randomizing Unconditional Cash Transfer Amounts…,How Effective Is (More) Money? Randomizing Unconditional Cash Transfer Amounts in the US
Dmitry Namiot,1,1,10.48550/arxiv.2305.07153,Towards best practices in AGI safety and governance,Towards best practices in AGI safety and governance: A survey of expert opinion
Dominic Chalmers,1,1,10.3386/w23928,Artificial Intelligence and Economic Growth,Artificial Intelligence and Economic Growth
Dominic S. Ogu,1,1,10.1111/conl.13077,Banning Wildlife Trade Can Boost the Unregulated Trade of Threatened…,Banning Wildlife Trade Can Boost the Unregulated Trade of Threatened Species
Dominik Hangartner,1,1,10.1257/aeri.20210612,Cognitive Behavioral Therapy among Ghana's Rural Poor Is Effective Regardless…,Cognitive Behavioral Therapy among Ghana's Rural Poor Is Effective Regardless of Baseline Mental Distress
Dominique Goux,1,1,10.3386/w23928,Artificial Intelligence and Economic Growth,Artificial Intelligence and Economic Growth
Donald P. Morgan,1,1,10.3386/w31137,Biodiversity Risk,Biodiversity Risk
Douglas Glandon,1,1,10.1257/pandp.20201017,Advance Market Commitments,Advance Market Commitments: Insights from Theory and Experience
Dovilė Ruplienė,1,1,10.3386/w23928,Artificial Intelligence and Economic Growth,Artificial Intelligence and Economic Growth
Drew H. Bailey,1,1,10.2139/ssrn.4154000,How Effective Is (More) Money? Randomizing Unconditional Cash Transfer Amounts…,How Effective Is (More) Money? Randomizing Unconditional Cash Transfer Amounts in the US
Drupad Nair,1,1,10.3386/w28106,The Comparative Impact of Cash Transfers and a Psychotherapy Program…,The Comparative Impact of Cash Transfers and a Psychotherapy Program on Psychological and Economic Well-being
Duan Biggs,1,1,10.1111/conl.13077,Banning Wildlife Trade Can Boost the Unregulated Trade of Threatened…,Banning Wildlife Trade Can Boost the Unregulated Trade of Threatened Species
Duc Dung Le,1,1,10.3386/w31162,Intergenerational Child Mortality Impacts of Deworming,Intergenerational Child Mortality Impacts of Deworming: Experimental Evidence from Two Decades of the Kenya Life Panel Survey
Duncan A.Q. Moore,1,1,10.3386/w31409,Choose Your Moments,Choose Your Moments: Peer Review and Scientific Risk Taking
Dunigan Parker Folk,1,1,10.3386/w28106,The Comparative Impact of Cash Transfers and a Psychotherapy Program…,The Comparative Impact of Cash Transfers and a Psychotherapy Program on Psychological and Economic Well-being
Duo Xu,1,1,10.3386/w23928,Artificial Intelligence and Economic Growth,Artificial Intelligence and Economic Growth
Durgadas Menon,1,1,10.1257/pandp.20201017,Advance Market Commitments,Advance Market Commitments: Insights from Theory and Experience
Dylan Hogan,1,1,10.3386/w32450,The Macroeconomic Impact of Climate Change,The Macroeconomic Impact of Climate Change: Global vs. Local Temperature
E. A. Lazeeva,1,1,10.3386/w32450,The Macroeconomic Impact of Climate Change,The Macroeconomic Impact of Climate Change: Global vs. Local Temperature
E. Richard Gold,1,1,10.3386/w26752,Stagnation and Scientific Incentives,Stagnation and Scientific Incentives
Ea Høg Utoft,1,1,10.3386/w31409,Choose Your Moments,Choose Your Moments: Peer Review and Scientific Risk Taking
Eben N. Broadbent,1,1,10.21203/rs.3.rs-3235955/v1,The global potential for natural regeneration in deforested tropical regions,The global potential for natural regeneration in deforested tropical regions
Ed Noyons,1,1,10.3386/w26752,Stagnation and Scientific Incentives,Stagnation and Scientific Incentives
Edmund W. Cheng,1,1,10.1257/aer.20221215,Does the Squeaky Wheel Get More Grease? The Direct and…,Does the Squeaky Wheel Get More Grease? The Direct and Indirect Effects of Citizen Participation on Environmental Governance in China
Edward Glaeser,1,1,10.3386/w23929,Effects of Emigration on Rural Labor Markets,Effects of Emigration on Rural Labor Markets
Edward H. Soule,1,1,10.3386/w28106,The Comparative Impact of Cash Transfers and a Psychotherapy Program…,The Comparative Impact of Cash Transfers and a Psychotherapy Program on Psychological and Economic Well-being
Edward Kong,1,1,10.1257/pandp.20201017,Advance Market Commitments,Advance Market Commitments: Insights from Theory and Experience
Egon Tripodi,1,1,10.3386/w30011,"The Long-Run Effects of Psychotherapy on Depression, Beliefs, and Economic…","The Long-Run Effects of Psychotherapy on Depression, Beliefs, and Economic Outcomes"
Ehsan Azarmsa,1,1,10.3386/w31137,Biodiversity Risk,Biodiversity Risk
Ehsan Valavi,1,1,10.3386/w23928,Artificial Intelligence and Economic Growth,Artificial Intelligence and Economic Growth
Eirini Trachanatzi,1,1,10.2139/ssrn.4154000,How Effective Is (More) Money? Randomizing Unconditional Cash Transfer Amounts…,How Effective Is (More) Money? Randomizing Unconditional Cash Transfer Amounts in the US
Ekaterina A. Shlapeko,1,1,10.3386/w32450,The Macroeconomic Impact of Climate Change,The Macroeconomic Impact of Climate Change: Global vs. Local Temperature
Ekaterina Khmelnitskaya,1,1,10.1257/pandp.20201017,Advance Market Commitments,Advance Market Commitments: Insights from Theory and Experience
Ekaterina Levitskaya,1,1,10.3386/w26752,Stagnation and Scientific Incentives,Stagnation and Scientific Incentives
Ekaterine Ruadze,1,1,10.1093/wbro/lkae010,The Effect of Lead Exposure on Children’s Learning in the…,The Effect of Lead Exposure on Children’s Learning in the Developing World: A Meta-Analysis
Eleftherios Andreadis,1,1,10.3386/w23928,Artificial Intelligence and Economic Growth,Artificial Intelligence and Economic Growth
Elena Grinza,1,1,10.3386/w23928,Artificial Intelligence and Economic Growth,Artificial Intelligence and Economic Growth
Elena V. Lukashina,1,1,10.3386/w23928,Artificial Intelligence and Economic Growth,Artificial Intelligence and Economic Growth
Eleni Tasika,1,1,10.2139/ssrn.4154000,How Effective Is (More) Money? Randomizing Unconditional Cash Transfer Amounts…,How Effective Is (More) Money? Randomizing Unconditional Cash Transfer Amounts in the US
Elham Einafshar,1,1,10.1093/wbro/lkae010,The Effect of Lead Exposure on Children’s Learning in the…,The Effect of Lead Exposure on Children’s Learning in the Developing World: A Meta-Analysis
Elia Apostolopoulou,1,1,10.3386/w32450,The Macroeconomic Impact of Climate Change,The Macroeconomic Impact of Climate Change: Global vs. Local Temperature
Elira Hoxha,1,1,10.3386/w23928,Artificial Intelligence and Economic Growth,Artificial Intelligence and Economic Growth
Elisa F Long,1,1,10.1257/pandp.20201017,Advance Market Commitments,Advance Market Commitments: Insights from Theory and Experience
Elisabeth Gsottbauer,1,1,10.3386/w30740,"When do ""Nudges"" Increase Welfare?","When do ""Nudges"" Increase Welfare?"
Elisabeth Kempf,1,1,10.3386/w32073,Ends versus Means,"Ends versus Means: Kantians, Utilitarians, and Moral Decisions"
Elisabetta Aurino,1,1,10.3386/w31208,Building Resilient Education Systems,Building Resilient Education Systems: Evidence from Large-Scale Randomized Trials in Five Countries
Elizabeth Losos,1,1,10.1257/pandp.20201017,Advance Market Commitments,Advance Market Commitments: Insights from Theory and Experience
Elizabeth Rhodes,1,1,10.2139/ssrn.4154000,How Effective Is (More) Money? Randomizing Unconditional Cash Transfer Amounts…,How Effective Is (More) Money? Randomizing Unconditional Cash Transfer Amounts in the US
Elizabeth Seger,1,1,10.48550/arxiv.2305.07153,Towards best practices in AGI safety and governance,Towards best practices in AGI safety and governance: A survey of expert opinion
Elizabeth W. Dunn,1,1,10.3386/w28106,The Comparative Impact of Cash Transfers and a Psychotherapy Program…,The Comparative Impact of Cash Transfers and a Psychotherapy Program on Psychological and Economic Well-being
Elkin Alexi Noguera Urbano,1,1,10.21203/rs.3.rs-3235955/v1,The global potential for natural regeneration in deforested tropical regions,The global potential for natural regeneration in deforested tropical regions
Ellen Matthies,1,1,10.3386/w30011,"The Long-Run Effects of Psychotherapy on Depression, Beliefs, and Economic…","The Long-Run Effects of Psychotherapy on Depression, Beliefs, and Economic Outcomes"
Ellen V. Muir,1,1,10.1257/pandp.20201017,Advance Market Commitments,Advance Market Commitments: Insights from Theory and Experience
Elliott Thornley,1,1,10.1016/j.cognition.2021.104941,Population ethical intuitions,Population ethical intuitions
Elmar Veenendaal,1,1,10.21203/rs.3.rs-3235955/v1,The global potential for natural regeneration in deforested tropical regions,The global potential for natural regeneration in deforested tropical regions
Elona Toska,1,1,10.3386/w28106,The Comparative Impact of Cash Transfers and a Psychotherapy Program…,The Comparative Impact of Cash Transfers and a Psychotherapy Program on Psychological and Economic Well-being
Elvin Geng,1,1,10.3386/w28726,Selecting the Most Effective Nudge,Selecting the Most Effective Nudge: Evidence from a Large-Scale Experiment on Immunization
Elvis Korku Avenyo,1,1,10.3386/w23928,Artificial Intelligence and Economic Growth,Artificial Intelligence and Economic Growth
Emil N. Sørensen,1,1,10.3386/w31162,Intergenerational Child Mortality Impacts of Deworming,Intergenerational Child Mortality Impacts of Deworming: Experimental Evidence from Two Decades of the Kenya Life Panel Survey
Emilia Simeonova,1,1,10.3386/w28106,The Comparative Impact of Cash Transfers and a Psychotherapy Program…,The Comparative Impact of Cash Transfers and a Psychotherapy Program on Psychological and Economic Well-being
Emiliana Vegas,1,1,10.3386/w31208,Building Resilient Education Systems,Building Resilient Education Systems: Evidence from Large-Scale Randomized Trials in Five Countries
Emilio Bisetti,1,1,10.1257/aer.20221215,Does the Squeaky Wheel Get More Grease? The Direct and…,Does the Squeaky Wheel Get More Grease? The Direct and Indirect Effects of Citizen Participation on Environmental Governance in China
Emilio Esguerra,1,1,10.1093/ej/uead102,Do Celebrity Endorsements Matter? A Twitter Experiment Promoting Vaccination in…,Do Celebrity Endorsements Matter? A Twitter Experiment Promoting Vaccination in Indonesia
Emily Dardaman,1,1,10.48550/arxiv.2305.07153,Towards best practices in AGI safety and governance,Towards best practices in AGI safety and governance: A survey of expert opinion
Emily Hoppe,1,1,10.3386/w28726,Selecting the Most Effective Nudge,Selecting the Most Effective Nudge: Evidence from a Large-Scale Experiment on Immunization
Emir Murathanoglu,1,1,10.3386/w23929,Effects of Emigration on Rural Labor Markets,Effects of Emigration on Rural Labor Markets
Emma Bluemke,1,1,10.48550/arxiv.2305.07153,Towards best practices in AGI safety and governance,Towards best practices in AGI safety and governance: A survey of expert opinion
Emma Levine,1,1,10.1016/j.cognition.2021.104941,Population ethical intuitions,Population ethical intuitions
Emma Näslund-Hadley,1,1,10.3386/w31208,Building Resilient Education Systems,Building Resilient Education Systems: Evidence from Large-Scale Randomized Trials in Five Countries
Emmanouil Chatzikonstantinou,1,1,10.3386/w23928,Artificial Intelligence and Economic Growth,Artificial Intelligence and Economic Growth
Emmanuel Kemel,1,1,10.3386/w30740,"When do ""Nudges"" Increase Welfare?","When do ""Nudges"" Increase Welfare?"
Emmanuel Orkoh,1,1,10.3386/w23929,Effects of Emigration on Rural Labor Markets,Effects of Emigration on Rural Labor Markets
Emmanuel Paroissien,1,1,10.3386/w30740,"When do ""Nudges"" Increase Welfare?","When do ""Nudges"" Increase Welfare?"
Emmanuel Tumusiime,1,1,10.3386/w28106,The Comparative Impact of Cash Transfers and a Psychotherapy Program…,The Comparative Impact of Cash Transfers and a Psychotherapy Program on Psychological and Economic Well-being
Enola K. Proctor,1,1,10.3386/w28726,Selecting the Most Effective Nudge,Selecting the Most Effective Nudge: Evidence from a Large-Scale Experiment on Immunization
Enrique Fernández‐Macías,1,1,10.3386/w23928,Artificial Intelligence and Economic Growth,Artificial Intelligence and Economic Growth
Enze Zhang,1,1,10.1257/aer.20221215,Does the Squeaky Wheel Get More Grease? The Direct and…,Does the Squeaky Wheel Get More Grease? The Direct and Indirect Effects of Citizen Participation on Environmental Governance in China
Eoghan Stafford,1,1,10.48550/arxiv.2305.07153,Towards best practices in AGI safety and governance,Towards best practices in AGI safety and governance: A survey of expert opinion
Eran Bendavid,1,1,10.1093/wbro/lkae010,The Effect of Lead Exposure on Children’s Learning in the…,The Effect of Lead Exposure on Children’s Learning in the Developing World: A Meta-Analysis
Eric Budish,1,1,10.3386/w26775,Advance Market Commitments,Advance Market Commitments: Insights from Theory and Experience
Eric Mvukiyehe,1,1,10.3386/w23929,Effects of Emigration on Rural Labor Markets,Effects of Emigration on Rural Labor Markets
Eric Reinhart,1,1,10.3386/w28106,The Comparative Impact of Cash Transfers and a Psychotherapy Program…,The Comparative Impact of Cash Transfers and a Psychotherapy Program on Psychological and Economic Well-being
Eric Schwitzgebel,1,1,10.1016/j.cognition.2021.104941,Population ethical intuitions,Population ethical intuitions
Erica Field,1,1,10.3386/w31162,Intergenerational Child Mortality Impacts of Deworming,Intergenerational Child Mortality Impacts of Deworming: Experimental Evidence from Two Decades of the Kenya Life Panel Survey
Erica L. Plambeck,1,1,10.1093/wbro/lkae010,The Effect of Lead Exposure on Children’s Learning in the…,The Effect of Lead Exposure on Children’s Learning in the Developing World: A Meta-Analysis
Erica T. Warner,1,1,10.3386/w28726,Selecting the Most Effective Nudge,Selecting the Most Effective Nudge: Evidence from a Large-Scale Experiment on Immunization
Erik Engberg,1,1,10.3386/w26752,Stagnation and Scientific Incentives,Stagnation and Scientific Incentives
Erika A. Waters,1,1,10.2139/ssrn.3938994,Information Avoidance and Moral Behavior,Information Avoidance and Moral Behavior: Experimental Evidence from Food Choices
Erin L. Connolly,1,1,10.1016/j.ijdrr.2022.102798,Long term cost-effectiveness of resilient foods for global catastrophes compared…,Long term cost-effectiveness of resilient foods for global catastrophes compared to artificial general intelligence safety
Erin Leahey,1,1,10.3386/w26752,Stagnation and Scientific Incentives,Stagnation and Scientific Incentives
Erkki Mervaala,1,1,10.3386/w32450,The Macroeconomic Impact of Climate Change,The Macroeconomic Impact of Climate Change: Global vs. Local Temperature
Ernest Owusu Boakye,1,1,10.3386/w31137,Biodiversity Risk,Biodiversity Risk
Espinosa Oscar,1,1,10.1257/pandp.20201017,Advance Market Commitments,Advance Market Commitments: Insights from Theory and Experience
Estibaliz Díaz,1,1,10.1111/conl.13077,Banning Wildlife Trade Can Boost the Unregulated Trade of Threatened…,Banning Wildlife Trade Can Boost the Unregulated Trade of Threatened Species
Eugen Dimant,1,1,10.3386/w28726,Selecting the Most Effective Nudge,Selecting the Most Effective Nudge: Evidence from a Large-Scale Experiment on Immunization
Eva Steiner,1,1,10.3386/w31137,Biodiversity Risk,Biodiversity Risk
Eva Vivalt,1,1,10.3386/w28106,The Comparative Impact of Cash Transfers and a Psychotherapy Program…,The Comparative Impact of Cash Transfers and a Psychotherapy Program on Psychological and Economic Well-being
Evan C. Storms,1,1,10.3386/w28726,Selecting the Most Effective Nudge,Selecting the Most Effective Nudge: Evidence from a Large-Scale Experiment on Immunization
Evangelia Georgia Kostaki,1,1,10.3386/w31899,The Effect of Public Science on Corporate R&amp;D,The Effect of Public Science on Corporate R&amp;D
Eva‐Marie Meemken,1,1,10.3386/w31354,The Benefits and Costs of Guest Worker Programs,The Benefits and Costs of Guest Worker Programs: Experimental Evidence from the India-UAE Migration Corridor
Evelien van de Veer,1,1,10.2139/ssrn.3938994,Information Avoidance and Moral Behavior,Information Avoidance and Moral Behavior: Experimental Evidence from Food Choices
Evelina Gavrilova,1,1,10.3386/w28726,Selecting the Most Effective Nudge,Selecting the Most Effective Nudge: Evidence from a Large-Scale Experiment on Immunization
F. T. Wu,1,1,10.1257/aer.20221215,Does the Squeaky Wheel Get More Grease? The Direct and…,Does the Squeaky Wheel Get More Grease? The Direct and Indirect Effects of Citizen Participation on Environmental Governance in China
Fabian Stephany,1,1,10.3386/w23928,Artificial Intelligence and Economic Growth,Artificial Intelligence and Economic Growth
Fabio Manca,1,1,10.3386/w23928,Artificial Intelligence and Economic Growth,Artificial Intelligence and Economic Growth
Fabrice Lenseigne,1,1,10.3386/w23928,Artificial Intelligence and Economic Growth,Artificial Intelligence and Economic Growth
Facundo Albornoz,1,1,10.3386/w31208,Building Resilient Education Systems,Building Resilient Education Systems: Evidence from Large-Scale Randomized Trials in Five Countries
Fahad K. Alkhaldi,1,1,10.3386/w23928,Artificial Intelligence and Economic Growth,Artificial Intelligence and Economic Growth
Fahmida Tofail,1,1,10.3386/w28106,The Comparative Impact of Cash Transfers and a Psychotherapy Program…,The Comparative Impact of Cash Transfers and a Psychotherapy Program on Psychological and Economic Well-being
Fang Zhang,1,1,10.3386/w23928,Artificial Intelligence and Economic Growth,Artificial Intelligence and Economic Growth
Fangjie Si,1,1,10.1257/aer.20221215,Does the Squeaky Wheel Get More Grease? The Direct and…,Does the Squeaky Wheel Get More Grease? The Direct and Indirect Effects of Citizen Participation on Environmental Governance in China
Fangwen Lu,1,1,10.3386/w28726,Selecting the Most Effective Nudge,Selecting the Most Effective Nudge: Evidence from a Large-Scale Experiment on Immunization
Fanlue Li,1,1,10.1257/aer.20221215,Does the Squeaky Wheel Get More Grease? The Direct and…,Does the Squeaky Wheel Get More Grease? The Direct and Indirect Effects of Citizen Participation on Environmental Governance in China
Farheen Khan,1,1,10.3386/w28106,The Comparative Impact of Cash Transfers and a Psychotherapy Program…,The Comparative Impact of Cash Transfers and a Psychotherapy Program on Psychological and Economic Well-being
Fatima Cody Stanford,1,1,10.3386/w28726,Selecting the Most Effective Nudge,Selecting the Most Effective Nudge: Evidence from a Large-Scale Experiment on Immunization
Fattreza Ihsan,1,1,10.1111/conl.13077,Banning Wildlife Trade Can Boost the Unregulated Trade of Threatened…,Banning Wildlife Trade Can Boost the Unregulated Trade of Threatened Species
Federico Ciliberto,1,1,10.1257/pandp.20201017,Advance Market Commitments,Advance Market Commitments: Insights from Theory and Experience
Federico Gómez,1,1,10.3386/w26752,Stagnation and Scientific Incentives,Stagnation and Scientific Incentives
Federico Niccoló Daverio Occhini,1,1,10.1093/ej/uead102,Do Celebrity Endorsements Matter? A Twitter Experiment Promoting Vaccination in…,Do Celebrity Endorsements Matter? A Twitter Experiment Promoting Vaccination in Indonesia
Fei Teng,1,1,10.3386/w32450,The Macroeconomic Impact of Climate Change,The Macroeconomic Impact of Climate Change: Global vs. Local Temperature
Fei Wu,1,1,10.3386/w31137,Biodiversity Risk,Biodiversity Risk
Feifan Liu,1,1,10.3386/w26752,Stagnation and Scientific Incentives,Stagnation and Scientific Incentives
Feiran Wang,1,1,10.1257/aer.20221215,Does the Squeaky Wheel Get More Grease? The Direct and…,Does the Squeaky Wheel Get More Grease? The Direct and Indirect Effects of Citizen Participation on Environmental Governance in China
Feiyi Wang,1,1,10.3386/w26752,Stagnation and Scientific Incentives,Stagnation and Scientific Incentives
Felipe González,1,1,10.3386/w33018,Misperceptions and Demand for Democracy under Authoritarianism,Misperceptions and Demand for Democracy under Authoritarianism
Felix Tintelnot,1,1,10.3386/w32728,A Welfare Analysis of Policies Impacting Climate Change,A Welfare Analysis of Policies Impacting Climate Change
Feng Guo,1,1,10.1257/aer.20221215,Does the Squeaky Wheel Get More Grease? The Direct and…,Does the Squeaky Wheel Get More Grease? The Direct and Indirect Effects of Citizen Participation on Environmental Governance in China
Feng He,1,1,10.1257/aer.20221215,Does the Squeaky Wheel Get More Grease? The Direct and…,Does the Squeaky Wheel Get More Grease? The Direct and Indirect Effects of Citizen Participation on Environmental Governance in China
Feng Huang,1,1,10.1257/aer.20221215,Does the Squeaky Wheel Get More Grease? The Direct and…,Does the Squeaky Wheel Get More Grease? The Direct and Indirect Effects of Citizen Participation on Environmental Governance in China
Feng Zhang,1,1,10.3386/w31899,The Effect of Public Science on Corporate R&amp;D,The Effect of Public Science on Corporate R&amp;D
Fernanda Bravo,1,1,10.1257/pandp.20201017,Advance Market Commitments,Advance Market Commitments: Insights from Theory and Experience
Fernando Aguiar,1,1,10.1016/j.cognition.2021.104941,Population ethical intuitions,Population ethical intuitions
Fernando Martínez‐Plumed,1,1,10.3386/w26752,Stagnation and Scientific Incentives,Stagnation and Scientific Incentives
Finn Tarp,1,1,10.3386/w28106,The Comparative Impact of Cash Transfers and a Psychotherapy Program…,The Comparative Impact of Cash Transfers and a Psychotherapy Program on Psychological and Economic Well-being
Fiona Burlig,1,1,10.3386/w30011,"The Long-Run Effects of Psychotherapy on Depression, Beliefs, and Economic…","The Long-Run Effects of Psychotherapy on Depression, Beliefs, and Economic Outcomes"
Fionnuala Seiferth,1,1,10.2139/ssrn.4154000,How Effective Is (More) Money? Randomizing Unconditional Cash Transfer Amounts…,How Effective Is (More) Money? Randomizing Unconditional Cash Transfer Amounts in the US
Flavio Calvino,1,1,10.3386/w23928,Artificial Intelligence and Economic Growth,Artificial Intelligence and Economic Growth
Florence Aketch,1,1,10.3386/w28726,Selecting the Most Effective Nudge,Selecting the Most Effective Nudge: Evidence from a Large-Scale Experiment on Immunization
Florent Vieux,1,1,10.3386/w30740,"When do ""Nudges"" Increase Welfare?","When do ""Nudges"" Increase Welfare?"
Florian E. Dorner,1,1,10.3386/w23928,Artificial Intelligence and Economic Growth,Artificial Intelligence and Economic Growth
Florian Habermacher,1,1,10.3386/w30740,"When do ""Nudges"" Increase Welfare?","When do ""Nudges"" Increase Welfare?"
Floris Zoutman,1,1,10.3386/w28726,Selecting the Most Effective Nudge,Selecting the Most Effective Nudge: Evidence from a Large-Scale Experiment on Immunization
Flávio Barboza,1,1,10.3386/w23928,Artificial Intelligence and Economic Growth,Artificial Intelligence and Economic Growth
Forhad Shilpi,1,1,10.3386/w23929,Effects of Emigration on Rural Labor Markets,Effects of Emigration on Rural Labor Markets
Frances C. Moore,1,1,10.3386/w29357,The Environmental Effects of Economic Production,The Environmental Effects of Economic Production: Evidence from Ecological Observations
Francesco Bilotta,1,1,10.3386/w32073,Ends versus Means,"Ends versus Means: Kantians, Utilitarians, and Moral Decisions"
Francesco Di Gioia,1,1,10.1016/j.ijdrr.2022.102798,Long term cost-effectiveness of resilient foods for global catastrophes compared…,Long term cost-effectiveness of resilient foods for global catastrophes compared to artificial general intelligence safety
Francesco Rentocchini,1,1,10.3386/w23928,Artificial Intelligence and Economic Growth,Artificial Intelligence and Economic Growth
Francesco Trebbi,1,1,10.3386/w32728,A Welfare Analysis of Policies Impacting Climate Change,A Welfare Analysis of Policies Impacting Climate Change
Francine Loza,1,1,10.3386/w28726,Selecting the Most Effective Nudge,Selecting the Most Effective Nudge: Evidence from a Large-Scale Experiment on Immunization
Francis Wong,1,1,10.2139/ssrn.4154000,How Effective Is (More) Money? Randomizing Unconditional Cash Transfer Amounts…,How Effective Is (More) Money? Randomizing Unconditional Cash Transfer Amounts in the US
Francisco Blanco‐Garrido,1,1,10.1111/conl.13077,Banning Wildlife Trade Can Boost the Unregulated Trade of Threatened…,Banning Wildlife Trade Can Boost the Unregulated Trade of Threatened Species
Francisco Del Villar,1,1,10.1257/pandp.20201017,Advance Market Commitments,Advance Market Commitments: Insights from Theory and Experience
Francisco Estrada,1,1,10.3386/w32450,The Macroeconomic Impact of Climate Change,The Macroeconomic Impact of Climate Change: Global vs. Local Temperature
Francisco Muñoz,1,1,10.3386/w33018,Misperceptions and Demand for Democracy under Authoritarianism,Misperceptions and Demand for Democracy under Authoritarianism
Frank Gyimah Sackey,1,1,10.3386/w23929,Effects of Emigration on Rural Labor Markets,Effects of Emigration on Rural Labor Markets
Frank Hutter,1,1,10.48550/arxiv.2305.07153,Towards best practices in AGI safety and governance,Towards best practices in AGI safety and governance: A survey of expert opinion
Frans Bongers,1,1,10.21203/rs.3.rs-3235955/v1,The global potential for natural regeneration in deforested tropical regions,The global potential for natural regeneration in deforested tropical regions
François Legendre,1,1,10.3386/w23928,Artificial Intelligence and Economic Growth,Artificial Intelligence and Economic Growth
François Sémécurbe,1,1,10.3386/w23928,Artificial Intelligence and Economic Growth,Artificial Intelligence and Economic Growth
Fred D’Agostino,1,1,10.3386/w26752,Stagnation and Scientific Incentives,Stagnation and Scientific Incentives
Frederic Hanusch,1,1,10.1016/j.ijdrr.2022.102798,Long term cost-effectiveness of resilient foods for global catastrophes compared…,Long term cost-effectiveness of resilient foods for global catastrophes compared to artificial general intelligence safety
Fukang Chen,1,1,10.1257/aer.20221215,Does the Squeaky Wheel Get More Grease? The Direct and…,Does the Squeaky Wheel Get More Grease? The Direct and Indirect Effects of Citizen Participation on Environmental Governance in China
Fulvia Marotta,1,1,10.3386/w31137,Biodiversity Risk,Biodiversity Risk
Fusuo Zhang,1,1,10.1257/aer.20221215,Does the Squeaky Wheel Get More Grease? The Direct and…,Does the Squeaky Wheel Get More Grease? The Direct and Indirect Effects of Citizen Participation on Environmental Governance in China
Fırat Şahin,1,1,10.3386/w23928,Artificial Intelligence and Economic Growth,Artificial Intelligence and Economic Growth
G. J. Lane,1,1,10.3386/w30011,"The Long-Run Effects of Psychotherapy on Depression, Beliefs, and Economic…","The Long-Run Effects of Psychotherapy on Depression, Beliefs, and Economic Outcomes"
Gabriel Andrade,1,1,10.1016/j.cognition.2021.104941,Population ethical intuitions,Population ethical intuitions
Gabriella M. McLoughlin,1,1,10.3386/w28726,Selecting the Most Effective Nudge,Selecting the Most Effective Nudge: Evidence from a Large-Scale Experiment on Immunization
Gail E. Austen,1,1,10.1111/conl.13077,Banning Wildlife Trade Can Boost the Unregulated Trade of Threatened…,Banning Wildlife Trade Can Boost the Unregulated Trade of Threatened Species
Gangdong Peng,1,1,10.3386/w23928,Artificial Intelligence and Economic Growth,Artificial Intelligence and Economic Growth
Ganjar Cahyadi,1,1,10.1111/conl.13077,Banning Wildlife Trade Can Boost the Unregulated Trade of Threatened…,Banning Wildlife Trade Can Boost the Unregulated Trade of Threatened Species
Gaurab Aryal,1,1,10.1257/pandp.20201017,Advance Market Commitments,Advance Market Commitments: Insights from Theory and Experience
Gautam Anand,1,1,10.3386/w30835,Water Treatment And Child Mortality,Water Treatment And Child Mortality: A Meta-Analysis And Cost-effectiveness Analysis
Gautam Rao,1,1,10.3386/w28106,The Comparative Impact of Cash Transfers and a Psychotherapy Program…,The Comparative Impact of Cash Transfers and a Psychotherapy Program on Psychological and Economic Well-being
Gaël Varoquaux,1,1,10.3386/w26752,Stagnation and Scientific Incentives,Stagnation and Scientific Incentives
Gbenga Adamolekun,1,1,10.3386/w31137,Biodiversity Risk,Biodiversity Risk
Ge Zhang,1,1,10.1257/aer.20221215,Does the Squeaky Wheel Get More Grease? The Direct and…,Does the Squeaky Wheel Get More Grease? The Direct and Indirect Effects of Citizen Participation on Environmental Governance in China
Geeta Soohinda,1,1,10.1257/aeri.20210612,Cognitive Behavioral Therapy among Ghana's Rural Poor Is Effective Regardless…,Cognitive Behavioral Therapy among Ghana's Rural Poor Is Effective Regardless of Baseline Mental Distress
Gelson Tembo,1,1,10.3386/w28106,The Comparative Impact of Cash Transfers and a Psychotherapy Program…,The Comparative Impact of Cash Transfers and a Psychotherapy Program on Psychological and Economic Well-being
Geneviève Savoie‐Dansereau,1,1,10.3386/w23928,Artificial Intelligence and Economic Growth,Artificial Intelligence and Economic Growth
Geng Huang,1,1,10.3386/w23928,Artificial Intelligence and Economic Growth,Artificial Intelligence and Economic Growth
Genia Kostka,1,1,10.1257/aer.20221215,Does the Squeaky Wheel Get More Grease? The Direct and…,Does the Squeaky Wheel Get More Grease? The Direct and Indirect Effects of Citizen Participation on Environmental Governance in China
Geoffrey E. Hinton,1,1,10.48550/arxiv.2305.07153,Towards best practices in AGI safety and governance,Towards best practices in AGI safety and governance: A survey of expert opinion
Geoffrey Heal,1,1,10.3386/w31137,Biodiversity Risk,Biodiversity Risk
Geoffrey Wood,1,1,10.1257/aer.20221215,Does the Squeaky Wheel Get More Grease? The Direct and…,Does the Squeaky Wheel Get More Grease? The Direct and Indirect Effects of Citizen Participation on Environmental Governance in China
George Giannakopoulos,1,1,10.3386/w23928,Artificial Intelligence and Economic Growth,Artificial Intelligence and Economic Growth
George Notas,1,1,10.2139/ssrn.4154000,How Effective Is (More) Money? Randomizing Unconditional Cash Transfer Amounts…,How Effective Is (More) Money? Randomizing Unconditional Cash Transfer Amounts in the US
George Psacharopoulos,1,1,10.3386/w31208,Building Resilient Education Systems,Building Resilient Education Systems: Evidence from Large-Scale Randomized Trials in Five Countries
Georgia D. Tourassi,1,1,10.3386/w26752,Stagnation and Scientific Incentives,Stagnation and Scientific Incentives
Gerrit von Zedlitz,1,1,10.3386/w31137,Biodiversity Risk,Biodiversity Risk
Gesa Hartwigsen,1,1,10.3386/w30011,"The Long-Run Effects of Psychotherapy on Depression, Beliefs, and Economic…","The Long-Run Effects of Psychotherapy on Depression, Beliefs, and Economic Outcomes"
Geyi Zheng,1,1,10.1257/aeri.20210612,Cognitive Behavioral Therapy among Ghana's Rural Poor Is Effective Regardless…,Cognitive Behavioral Therapy among Ghana's Rural Poor Is Effective Regardless of Baseline Mental Distress
Ghislain Bisimwa,1,1,10.3386/w28106,The Comparative Impact of Cash Transfers and a Psychotherapy Program…,The Comparative Impact of Cash Transfers and a Psychotherapy Program on Psychological and Economic Well-being
Giacomo Manferdini,1,1,10.3386/w32073,Ends versus Means,"Ends versus Means: Kantians, Utilitarians, and Moral Decisions"
Giacomo Pallante,1,1,10.3386/w30740,"When do ""Nudges"" Increase Welfare?","When do ""Nudges"" Increase Welfare?"
Giampaolo Abate Romero Ladini,1,1,10.2139/ssrn.4154000,How Effective Is (More) Money? Randomizing Unconditional Cash Transfer Amounts…,How Effective Is (More) Money? Randomizing Unconditional Cash Transfer Amounts in the US
Giancarlo Spagnolo,1,1,10.1257/pandp.20201017,Advance Market Commitments,Advance Market Commitments: Insights from Theory and Experience
Gideon Ndubuisi,1,1,10.3386/w23928,Artificial Intelligence and Economic Growth,Artificial Intelligence and Economic Growth
Gillian K. Hadfield,1,1,10.48550/arxiv.2305.07153,Towards best practices in AGI safety and governance,Towards best practices in AGI safety and governance: A survey of expert opinion
Gillian Sawyer,1,1,10.3386/w26775,Advance Market Commitments,Advance Market Commitments: Insights from Theory and Experience
Ginger Zhe Jin,1,1,10.3386/w23929,Effects of Emigration on Rural Labor Markets,Effects of Emigration on Rural Labor Markets
Giovanna Michelon,1,1,10.1257/aer.20221215,Does the Squeaky Wheel Get More Grease? The Direct and…,Does the Squeaky Wheel Get More Grease? The Direct and Indirect Effects of Citizen Participation on Environmental Governance in China
Giray Gözgör,1,1,10.3386/w31137,Biodiversity Risk,Biodiversity Risk
Girija Bahety,1,1,10.3386/w28726,Selecting the Most Effective Nudge,Selecting the Most Effective Nudge: Evidence from a Large-Scale Experiment on Immunization
Giuseppe Dal Prá,1,1,10.1016/j.ijdrr.2022.102798,Long term cost-effectiveness of resilient foods for global catastrophes compared…,Long term cost-effectiveness of resilient foods for global catastrophes compared to artificial general intelligence safety
Giuseppe Rimo,1,1,10.3386/w31137,Biodiversity Risk,Biodiversity Risk
Glen Gostlow,1,1,10.3386/w31137,Biodiversity Risk,Biodiversity Risk
Gloria Liou,1,1,10.2139/ssrn.4154000,How Effective Is (More) Money? Randomizing Unconditional Cash Transfer Amounts…,How Effective Is (More) Money? Randomizing Unconditional Cash Transfer Amounts in the US
Goboori Harsh Vardhan,1,1,10.3386/w23928,Artificial Intelligence and Economic Growth,Artificial Intelligence and Economic Growth
Godfred Anakpo,1,1,10.3386/w23928,Artificial Intelligence and Economic Growth,Artificial Intelligence and Economic Growth
Golnaz Bahrami,1,1,10.3386/w31137,Biodiversity Risk,Biodiversity Risk
Gonzalo Almeyda,1,1,10.3386/w31208,Building Resilient Education Systems,Building Resilient Education Systems: Evidence from Large-Scale Randomized Trials in Five Countries
Gonzalo Arrieta,1,1,10.3386/w30011,"The Long-Run Effects of Psychotherapy on Depression, Beliefs, and Economic…","The Long-Run Effects of Psychotherapy on Depression, Beliefs, and Economic Outcomes"
Grace C. Huang,1,1,10.3386/w28726,Selecting the Most Effective Nudge,Selecting the Most Effective Nudge: Evidence from a Large-Scale Experiment on Immunization
Granger Morgan,1,1,10.1257/pandp.20201017,Advance Market Commitments,Advance Market Commitments: Insights from Theory and Experience
Grant M Gordon,1,1,10.1257/pandp.20201017,Advance Market Commitments,Advance Market Commitments: Insights from Theory and Experience
Grant Royd Howard,1,1,10.48550/arxiv.2305.07153,Towards best practices in AGI safety and governance,Towards best practices in AGI safety and governance: A survey of expert opinion
Graziano Moramarco,1,1,10.3386/w32450,The Macroeconomic Impact of Climate Change,The Macroeconomic Impact of Climate Change: Global vs. Local Temperature
Gregor Weiß,1,1,10.3386/w31137,Biodiversity Risk,Biodiversity Risk
Gregory Sun,1,1,10.3386/w30740,"When do ""Nudges"" Increase Welfare?","When do ""Nudges"" Increase Welfare?"
Guanfu Fang,1,1,10.3386/w23928,Artificial Intelligence and Economic Growth,Artificial Intelligence and Economic Growth
Guglielmo Zappalà,1,1,10.3386/w32728,A Welfare Analysis of Policies Impacting Climate Change,A Welfare Analysis of Policies Impacting Climate Change
Guilherme Lichand,1,1,10.3386/w31208,Building Resilient Education Systems,Building Resilient Education Systems: Evidence from Large-Scale Randomized Trials in Five Countries
Guillaume Coqueret,1,1,10.3386/w31137,Biodiversity Risk,Biodiversity Risk
Guillem Bas,1,1,10.48550/arxiv.2305.07153,Towards best practices in AGI safety and governance,Towards best practices in AGI safety and governance: A survey of expert opinion
Guillermo Lagarda,1,1,10.3386/w23928,Artificial Intelligence and Economic Growth,Artificial Intelligence and Economic Growth
Guo Jianxin,1,1,10.1257/aer.20221215,Does the Squeaky Wheel Get More Grease? The Direct and…,Does the Squeaky Wheel Get More Grease? The Direct and Indirect Effects of Citizen Participation on Environmental Governance in China
Guoying Li,1,1,10.3386/w23928,Artificial Intelligence and Economic Growth,Artificial Intelligence and Economic Growth
Gurubala Kotta,1,1,10.3386/w31137,Biodiversity Risk,Biodiversity Risk
Gwen Yu,1,1,10.1257/aer.20221215,Does the Squeaky Wheel Get More Grease? The Direct and…,Does the Squeaky Wheel Get More Grease? The Direct and Indirect Effects of Citizen Participation on Environmental Governance in China
Gábor Neszveda,1,1,10.2139/ssrn.4154000,How Effective Is (More) Money? Randomizing Unconditional Cash Transfer Amounts…,How Effective Is (More) Money? Randomizing Unconditional Cash Transfer Amounts in the US
H. Kressel,1,1,10.3386/w26752,Stagnation and Scientific Incentives,Stagnation and Scientific Incentives
Habil Otanga,1,1,10.3386/w28106,The Comparative Impact of Cash Transfers and a Psychotherapy Program…,The Comparative Impact of Cash Transfers and a Psychotherapy Program on Psychological and Economic Well-being
Hai Liang,1,1,10.1257/aer.20221215,Does the Squeaky Wheel Get More Grease? The Direct and…,Does the Squeaky Wheel Get More Grease? The Direct and Indirect Effects of Citizen Participation on Environmental Governance in China
Haichao Fan,1,1,10.3386/w23928,Artificial Intelligence and Economic Growth,Artificial Intelligence and Economic Growth
Haichao Liu,1,1,10.1093/ej/uead102,Do Celebrity Endorsements Matter? A Twitter Experiment Promoting Vaccination in…,Do Celebrity Endorsements Matter? A Twitter Experiment Promoting Vaccination in Indonesia
Haijiang Li,1,1,10.1257/aer.20221215,Does the Squeaky Wheel Get More Grease? The Direct and…,Does the Squeaky Wheel Get More Grease? The Direct and Indirect Effects of Citizen Participation on Environmental Governance in China
Haijun Xu,1,1,10.1257/aer.20221215,Does the Squeaky Wheel Get More Grease? The Direct and…,Does the Squeaky Wheel Get More Grease? The Direct and Indirect Effects of Citizen Participation on Environmental Governance in China
Hailemariam Ayalew,1,1,10.3386/w28726,Selecting the Most Effective Nudge,Selecting the Most Effective Nudge: Evidence from a Large-Scale Experiment on Immunization
Haiqin Wang,1,1,10.3386/w23928,Artificial Intelligence and Economic Growth,Artificial Intelligence and Economic Growth
Hairu Lang,1,1,10.3386/w30740,"When do ""Nudges"" Increase Welfare?","When do ""Nudges"" Increase Welfare?"
Hakan Yilmazkuday,1,1,10.3386/w23928,Artificial Intelligence and Economic Growth,Artificial Intelligence and Economic Growth
Halil İbrahim Koruca,1,1,10.3386/w23928,Artificial Intelligence and Economic Growth,Artificial Intelligence and Economic Growth
Hamdi Becha,1,1,10.3386/w23928,Artificial Intelligence and Economic Growth,Artificial Intelligence and Economic Growth
Hamid Beladi,1,1,10.1257/aeri.20230431,Money (Not) to Burn,Money (Not) to Burn: Payments for Ecosystem Services to Reduce Crop Residue Burning
Hamid R. Oskorouchi,1,1,10.3386/w30202,Economic vs. Epidemiological Approaches to Measuring the Human Capital Impacts…,Economic vs. Epidemiological Approaches to Measuring the Human Capital Impacts of Infectious Disease Elimination
Han Liang,1,1,10.3386/w23928,Artificial Intelligence and Economic Growth,Artificial Intelligence and Economic Growth
Han Woo Park,1,1,10.3386/w23928,Artificial Intelligence and Economic Growth,Artificial Intelligence and Economic Growth
Hankun Yuan,1,1,10.3386/w23928,Artificial Intelligence and Economic Growth,Artificial Intelligence and Economic Growth
Hanlin Wu,1,1,10.3386/w31137,Biodiversity Risk,Biodiversity Risk
Hannah Kettler,1,1,10.1257/pandp.20201017,Advance Market Commitments,Advance Market Commitments: Insights from Theory and Experience
Hansen Zhang,1,1,10.3386/w31899,The Effect of Public Science on Corporate R&amp;D,The Effect of Public Science on Corporate R&amp;D
Hans‐Peter Kohler,1,1,10.3386/w28726,Selecting the Most Effective Nudge,Selecting the Most Effective Nudge: Evidence from a Large-Scale Experiment on Immunization
Hanxiong Zhang,1,1,10.3386/w31137,Biodiversity Risk,Biodiversity Risk
Hanène Babay,1,1,10.3386/w23928,Artificial Intelligence and Economic Growth,Artificial Intelligence and Economic Growth
Haojie Wu,1,1,10.1257/aer.20221215,Does the Squeaky Wheel Get More Grease? The Direct and…,Does the Squeaky Wheel Get More Grease? The Direct and Indirect Effects of Citizen Participation on Environmental Governance in China
Haowei Yu,1,1,10.1257/aer.20221215,Does the Squeaky Wheel Get More Grease? The Direct and…,Does the Squeaky Wheel Get More Grease? The Direct and Indirect Effects of Citizen Participation on Environmental Governance in China
Haoxiang Xia,1,1,10.3386/w26752,Stagnation and Scientific Incentives,Stagnation and Scientific Incentives
Haoyu Gao,1,1,10.1257/aer.20221215,Does the Squeaky Wheel Get More Grease? The Direct and…,Does the Squeaky Wheel Get More Grease? The Direct and Indirect Effects of Citizen Participation on Environmental Governance in China
Harini Kannan,1,1,10.3386/w28726,Selecting the Most Effective Nudge,Selecting the Most Effective Nudge: Evidence from a Large-Scale Experiment on Immunization
Harm Bartholomeus,1,1,10.21203/rs.3.rs-3235955/v1,The global potential for natural regeneration in deforested tropical regions,The global potential for natural regeneration in deforested tropical regions
Harmony N. Arcilla,1,1,10.2139/ssrn.4154000,How Effective Is (More) Money? Randomizing Unconditional Cash Transfer Amounts…,How Effective Is (More) Money? Randomizing Unconditional Cash Transfer Amounts in the US
Harounan Kazianga,1,1,10.3386/w28106,The Comparative Impact of Cash Transfers and a Psychotherapy Program…,The Comparative Impact of Cash Transfers and a Psychotherapy Program on Psychological and Economic Well-being
Harris Selod,1,1,10.3386/w23929,Effects of Emigration on Rural Labor Markets,Effects of Emigration on Rural Labor Markets
Harshavardhan Sampath,1,1,10.1257/aeri.20210612,Cognitive Behavioral Therapy among Ghana's Rural Poor Is Effective Regardless…,Cognitive Behavioral Therapy among Ghana's Rural Poor Is Effective Regardless of Baseline Mental Distress
Harshita Yadav,1,1,10.3386/w30011,"The Long-Run Effects of Psychotherapy on Depression, Beliefs, and Economic…","The Long-Run Effects of Psychotherapy on Depression, Beliefs, and Economic Outcomes"
Hasan Ghura,1,1,10.3386/w23928,Artificial Intelligence and Economic Growth,Artificial Intelligence and Economic Growth
Hasna Chaibi,1,1,10.3386/w23928,Artificial Intelligence and Economic Growth,Artificial Intelligence and Economic Growth
Hassan Zaman,1,1,10.3386/w23929,Effects of Emigration on Rural Labor Markets,Effects of Emigration on Rural Labor Markets
Hawthorne L. Beyer,1,1,10.21203/rs.3.rs-3235955/v1,The global potential for natural regeneration in deforested tropical regions,The global potential for natural regeneration in deforested tropical regions
Heather Orom,1,1,10.2139/ssrn.3938994,Information Avoidance and Moral Behavior,Information Avoidance and Moral Behavior: Experimental Evidence from Food Choices
Heather Schofield,1,1,10.3386/w28106,The Comparative Impact of Cash Transfers and a Psychotherapy Program…,The Comparative Impact of Cash Transfers and a Psychotherapy Program on Psychological and Economic Well-being
Heidi Stöckl,1,1,10.3386/w28106,The Comparative Impact of Cash Transfers and a Psychotherapy Program…,The Comparative Impact of Cash Transfers and a Psychotherapy Program on Psychological and Economic Well-being
Heiko Roßnagel,1,1,10.3386/w23928,Artificial Intelligence and Economic Growth,Artificial Intelligence and Economic Growth
Helal Uddin Ahmed,1,1,10.3386/w28106,The Comparative Impact of Cash Transfers and a Psychotherapy Program…,The Comparative Impact of Cash Transfers and a Psychotherapy Program on Psychological and Economic Well-being
Helen Crabbe,1,1,10.1093/wbro/lkae010,The Effect of Lead Exposure on Children’s Learning in the…,The Effect of Lead Exposure on Children’s Learning in the Developing World: A Meta-Analysis
Helen Rees,1,1,10.1257/pandp.20201017,Advance Market Commitments,Advance Market Commitments: Insights from Theory and Experience
Helena Naffa,1,1,10.3386/w31137,Biodiversity Risk,Biodiversity Risk
Helene Purcell,1,1,10.3386/w28726,Selecting the Most Effective Nudge,Selecting the Most Effective Nudge: Evidence from a Large-Scale Experiment on Immunization
Hema Shah,1,1,10.2139/ssrn.4154000,How Effective Is (More) Money? Randomizing Unconditional Cash Transfer Amounts…,How Effective Is (More) Money? Randomizing Unconditional Cash Transfer Amounts in the US
Henning Vöpel,1,1,10.3386/w23928,Artificial Intelligence and Economic Growth,Artificial Intelligence and Economic Growth
Henry G. Grabowski,1,1,10.3386/w26775,Advance Market Commitments,Advance Market Commitments: Insights from Theory and Experience
Herbert Kimura,1,1,10.3386/w23928,Artificial Intelligence and Economic Growth,Artificial Intelligence and Economic Growth
Herrera Andrés,1,1,10.1257/pandp.20201017,Advance Market Commitments,Advance Market Commitments: Insights from Theory and Experience
Hicham Sadok,1,1,10.3386/w23928,Artificial Intelligence and Economic Growth,Artificial Intelligence and Economic Growth
Hidemichi Fujii,1,1,10.3386/w23928,Artificial Intelligence and Economic Growth,Artificial Intelligence and Economic Growth
Hoa Briscoe-Tran,1,1,10.3386/w31137,Biodiversity Risk,Biodiversity Risk
Hoa Trần Thị Vân,1,1,10.3386/w23928,Artificial Intelligence and Economic Growth,Artificial Intelligence and Economic Growth
Holger Brandt,1,1,10.3386/w30011,"The Long-Run Effects of Psychotherapy on Depression, Beliefs, and Economic…","The Long-Run Effects of Psychotherapy on Depression, Beliefs, and Economic Outcomes"
Holger J. Schmidt,1,1,10.3386/w23928,Artificial Intelligence and Economic Growth,Artificial Intelligence and Economic Growth
Holger Schmidt,1,1,10.3386/w23928,Artificial Intelligence and Economic Growth,Artificial Intelligence and Economic Growth
Hong Song,1,1,10.3386/w31137,Biodiversity Risk,Biodiversity Risk
Hongjie Zhang,1,1,10.1257/aer.20221215,Does the Squeaky Wheel Get More Grease? The Direct and…,Does the Squeaky Wheel Get More Grease? The Direct and Indirect Effects of Citizen Participation on Environmental Governance in China
Hongmei Ma,1,1,10.3386/w23928,Artificial Intelligence and Economic Growth,Artificial Intelligence and Economic Growth
Hongqiang Jiang,1,1,10.1257/aer.20221215,Does the Squeaky Wheel Get More Grease? The Direct and…,Does the Squeaky Wheel Get More Grease? The Direct and Indirect Effects of Citizen Participation on Environmental Governance in China
Hongwei Yu,1,1,10.1257/aer.20221215,Does the Squeaky Wheel Get More Grease? The Direct and…,Does the Squeaky Wheel Get More Grease? The Direct and Indirect Effects of Citizen Participation on Environmental Governance in China
Hongyuan Zhang,1,1,10.3386/w23928,Artificial Intelligence and Economic Growth,Artificial Intelligence and Economic Growth
Hongyun Huang,1,1,10.1257/aer.20221215,Does the Squeaky Wheel Get More Grease? The Direct and…,Does the Squeaky Wheel Get More Grease? The Direct and Indirect Effects of Citizen Participation on Environmental Governance in China
Hooman Habibnia,1,1,10.2139/ssrn.3938994,Information Avoidance and Moral Behavior,Information Avoidance and Moral Behavior: Experimental Evidence from Food Choices
Horacio Larreguy,1,1,10.3386/w28726,Selecting the Most Effective Nudge,Selecting the Most Effective Nudge: Evidence from a Large-Scale Experiment on Immunization
Houda Mahboub,1,1,10.3386/w23928,Artificial Intelligence and Economic Growth,Artificial Intelligence and Economic Growth
Howard Hu,1,1,10.1093/wbro/lkae010,The Effect of Lead Exposure on Children’s Learning in the…,The Effect of Lead Exposure on Children’s Learning in the Developing World: A Meta-Analysis
Hua Feng,1,1,10.3386/w23928,Artificial Intelligence and Economic Growth,Artificial Intelligence and Economic Growth
Hua Zhang,1,1,10.1257/aer.20221215,Does the Squeaky Wheel Get More Grease? The Direct and…,Does the Squeaky Wheel Get More Grease? The Direct and Indirect Effects of Citizen Participation on Environmental Governance in China
Huangsheng Su,1,1,10.1257/aer.20221215,Does the Squeaky Wheel Get More Grease? The Direct and…,Does the Squeaky Wheel Get More Grease? The Direct and Indirect Effects of Citizen Participation on Environmental Governance in China
Huangxin Chen,1,1,10.1257/aer.20221215,Does the Squeaky Wheel Get More Grease? The Direct and…,Does the Squeaky Wheel Get More Grease? The Direct and Indirect Effects of Citizen Participation on Environmental Governance in China
Huanhuan Wang,1,1,10.1257/aer.20221215,Does the Squeaky Wheel Get More Grease? The Direct and…,Does the Squeaky Wheel Get More Grease? The Direct and Indirect Effects of Citizen Participation on Environmental Governance in China
Huasheng Song,1,1,10.3386/w31899,The Effect of Public Science on Corporate R&amp;D,The Effect of Public Science on Corporate R&amp;D
Hugh M. Cartwright,1,1,10.3386/w26752,Stagnation and Scientific Incentives,Stagnation and Scientific Incentives
Hugo Confraria,1,1,10.3386/w26752,Stagnation and Scientific Incentives,Stagnation and Scientific Incentives
Hugo Viciana,1,1,10.1016/j.cognition.2021.104941,Population ethical intuitions,Population ethical intuitions
Hui Wang,1,1,10.3386/w23928,Artificial Intelligence and Economic Growth,Artificial Intelligence and Economic Growth
Hui Xu,1,1,10.1257/aer.20221215,Does the Squeaky Wheel Get More Grease? The Direct and…,Does the Squeaky Wheel Get More Grease? The Direct and Indirect Effects of Citizen Participation on Environmental Governance in China
Hui-Ngo Goh,1,1,10.3386/w23928,Artificial Intelligence and Economic Growth,Artificial Intelligence and Economic Growth
Huijuan Wang,1,1,10.3386/w23928,Artificial Intelligence and Economic Growth,Artificial Intelligence and Economic Growth
Hunt Allcott,1,1,10.3386/w32728,A Welfare Analysis of Policies Impacting Climate Change,A Welfare Analysis of Policies Impacting Climate Change
Huong Quynh Nguyen,1,1,10.3386/w23928,Artificial Intelligence and Economic Growth,Artificial Intelligence and Economic Growth
Huzhou Zhu,1,1,10.3386/w23928,Artificial Intelligence and Economic Growth,Artificial Intelligence and Economic Growth
Hyeyoon Jung,1,1,10.3386/w31137,Biodiversity Risk,Biodiversity Risk
Hyuk Chung,1,1,10.3386/w23928,Artificial Intelligence and Economic Growth,Artificial Intelligence and Economic Growth
Hyunjung Choi,1,1,10.3386/w28106,The Comparative Impact of Cash Transfers and a Psychotherapy Program…,The Comparative Impact of Cash Transfers and a Psychotherapy Program on Psychological and Economic Well-being
Hélène Dernis,1,1,10.3386/w23928,Artificial Intelligence and Economic Growth,Artificial Intelligence and Economic Growth
I. D. Konovalova,1,1,10.3386/w23928,Artificial Intelligence and Economic Growth,Artificial Intelligence and Economic Growth
I. Firth,1,1,10.1257/pandp.20201017,Advance Market Commitments,Advance Market Commitments: Insights from Theory and Experience
Ichiro Kawachi,1,1,10.3386/w28726,Selecting the Most Effective Nudge,Selecting the Most Effective Nudge: Evidence from a Large-Scale Experiment on Immunization
Ifeoma Idigbe,1,1,10.3386/w30835,Water Treatment And Child Mortality,Water Treatment And Child Mortality: A Meta-Analysis And Cost-effectiveness Analysis
Ignacio A. Ciampitti,1,1,10.3386/w26752,Stagnation and Scientific Incentives,Stagnation and Scientific Incentives
Ignacio Palacios‐Huerta,1,1,10.3386/w26752,Stagnation and Scientific Incentives,Stagnation and Scientific Incentives
Ignas Bernotas,1,1,10.3386/w31899,The Effect of Public Science on Corporate R&amp;D,The Effect of Public Science on Corporate R&amp;D
Igor Francetić,1,1,10.3386/w30011,"The Long-Run Effects of Psychotherapy on Depression, Beliefs, and Economic…","The Long-Run Effects of Psychotherapy on Depression, Beliefs, and Economic Outcomes"
Iliana V. Kohler,1,1,10.3386/w28726,Selecting the Most Effective Nudge,Selecting the Most Effective Nudge: Evidence from a Large-Scale Experiment on Immunization
Ilija Ćosić,1,1,10.3386/w23928,Artificial Intelligence and Economic Growth,Artificial Intelligence and Economic Growth
Ilknur Zer,1,1,10.3386/w31137,Biodiversity Risk,Biodiversity Risk
Inaoyom Imong,1,1,10.1111/conl.13077,Banning Wildlife Trade Can Boost the Unregulated Trade of Threatened…,Banning Wildlife Trade Can Boost the Unregulated Trade of Threatened Species
Ingvild Almås,1,1,10.3386/w28106,The Comparative Impact of Cash Transfers and a Psychotherapy Program…,The Comparative Impact of Cash Transfers and a Psychotherapy Program on Psychological and Economic Well-being
Intan Khairina Adlina Ahmad,1,1,10.3386/w23928,Artificial Intelligence and Economic Growth,Artificial Intelligence and Economic Growth
International Transport Forum,1,1,10.3386/w23928,Artificial Intelligence and Economic Growth,Artificial Intelligence and Economic Growth
Irina Tatomyr,1,1,10.3386/w23928,Artificial Intelligence and Economic Growth,Artificial Intelligence and Economic Growth
Irma Arteaga,1,1,10.3386/w31208,Building Resilient Education Systems,Building Resilient Education Systems: Evidence from Large-Scale Randomized Trials in Five Countries
Irma Khonelidze,1,1,10.1093/wbro/lkae010,The Effect of Lead Exposure on Children’s Learning in the…,The Effect of Lead Exposure on Children’s Learning in the Developing World: A Meta-Analysis
Isabel Reynoso,1,1,10.3386/w32450,The Macroeconomic Impact of Climate Change,The Macroeconomic Impact of Climate Change: Global vs. Local Temperature
Isaiah Andrews,1,1,10.3386/w28726,Selecting the Most Effective Nudge,Selecting the Most Effective Nudge: Evidence from a Large-Scale Experiment on Immunization
Ishmael Tingbani,1,1,10.3386/w23928,Artificial Intelligence and Economic Growth,Artificial Intelligence and Economic Growth
Ismaïl Berrada,1,1,10.3386/w23928,Artificial Intelligence and Economic Growth,Artificial Intelligence and Economic Growth
Ivan Soraperra,1,1,10.2139/ssrn.3938994,Information Avoidance and Moral Behavior,Information Avoidance and Moral Behavior: Experimental Evidence from Food Choices
Ivy Johnson,1,1,10.1016/j.ijdrr.2022.102798,Long term cost-effectiveness of resilient foods for global catastrophes compared…,Long term cost-effectiveness of resilient foods for global catastrophes compared to artificial general intelligence safety
Iván Torre,1,1,10.3386/w28726,Selecting the Most Effective Nudge,Selecting the Most Effective Nudge: Evidence from a Large-Scale Experiment on Immunization
J Jesse,1,1,10.3386/w23928,Artificial Intelligence and Economic Growth,Artificial Intelligence and Economic Growth
J. C. Castillo,1,1,10.3386/w26775,Advance Market Commitments,Advance Market Commitments: Insights from Theory and Experience
J. C. Liu,1,1,10.3386/w28726,Selecting the Most Effective Nudge,Selecting the Most Effective Nudge: Evidence from a Large-Scale Experiment on Immunization
J. E. M. Robinson,1,1,10.1257/pandp.20201017,Advance Market Commitments,Advance Market Commitments: Insights from Theory and Experience
J. Gonzales,1,1,10.3386/w23928,Artificial Intelligence and Economic Growth,Artificial Intelligence and Economic Growth
J. Jackson Ewing,1,1,10.1257/aer.20221215,Does the Squeaky Wheel Get More Grease? The Direct and…,Does the Squeaky Wheel Get More Grease? The Direct and Indirect Effects of Citizen Participation on Environmental Governance in China
J. P. Sevilla,1,1,10.3386/w26775,Advance Market Commitments,Advance Market Commitments: Insights from Theory and Experience
Jack W. Scannell,1,1,10.3386/w26752,Stagnation and Scientific Incentives,Stagnation and Scientific Incentives
Jacob Bronsther,1,1,10.3386/w32450,The Macroeconomic Impact of Climate Change,The Macroeconomic Impact of Climate Change: Global vs. Local Temperature
Jacob Cates,1,1,10.1016/j.ijdrr.2022.102798,Long term cost-effectiveness of resilient foods for global catastrophes compared…,Long term cost-effectiveness of resilient foods for global catastrophes compared to artificial general intelligence safety
Jacopo Bonan,1,1,10.3386/w28726,Selecting the Most Effective Nudge,Selecting the Most Effective Nudge: Evidence from a Large-Scale Experiment on Immunization
Jae-Woong Kim,1,1,10.3386/w28106,The Comparative Impact of Cash Transfers and a Psychotherapy Program…,The Comparative Impact of Cash Transfers and a Psychotherapy Program on Psychological and Economic Well-being
Jahnab Bharadwa,1,1,10.3386/w26752,Stagnation and Scientific Incentives,Stagnation and Scientific Incentives
Jahnab Bharadwaj,1,1,10.3386/w26752,Stagnation and Scientific Incentives,Stagnation and Scientific Incentives
Jaime Ros,1,1,10.3386/w23928,Artificial Intelligence and Economic Growth,Artificial Intelligence and Economic Growth
Jaime Sevilla,1,1,10.48550/arxiv.2305.07153,Towards best practices in AGI safety and governance,Towards best practices in AGI safety and governance: A survey of expert opinion
James A. Evans,1,1,10.3386/w23928,Artificial Intelligence and Economic Growth,Artificial Intelligence and Economic Growth
James Mulhall,1,1,10.1016/j.ijdrr.2022.102798,Long term cost-effectiveness of resilient foods for global catastrophes compared…,Long term cost-effectiveness of resilient foods for global catastrophes compared to artificial general intelligence safety
James Mwera,1,1,10.3386/w28726,Selecting the Most Effective Nudge,Selecting the Most Effective Nudge: Evidence from a Large-Scale Experiment on Immunization
James R. Otieno,1,1,10.3386/w28726,Selecting the Most Effective Nudge,Selecting the Most Effective Nudge: Evidence from a Large-Scale Experiment on Immunization
James S. Potter,1,1,10.3386/w28726,Selecting the Most Effective Nudge,Selecting the Most Effective Nudge: Evidence from a Large-Scale Experiment on Immunization
James T. Erbaugh,1,1,10.1257/aer.20221215,Does the Squeaky Wheel Get More Grease? The Direct and…,Does the Squeaky Wheel Get More Grease? The Direct and Indirect Effects of Citizen Participation on Environmental Governance in China
James Throup,1,1,10.1016/j.ijdrr.2022.102798,Long term cost-effectiveness of resilient foods for global catastrophes compared…,Long term cost-effectiveness of resilient foods for global catastrophes compared to artificial general intelligence safety
James Watson,1,1,10.21203/rs.3.rs-3235955/v1,The global potential for natural regeneration in deforested tropical regions,The global potential for natural regeneration in deforested tropical regions
Jamile Youssef,1,1,10.3386/w31208,Building Resilient Education Systems,Building Resilient Education Systems: Evidence from Large-Scale Randomized Trials in Five Countries
Jan Brauner,1,1,10.48550/arxiv.2305.07153,Towards best practices in AGI safety and governance,Towards best practices in AGI safety and governance: A survey of expert opinion
Jana Cahlíková,1,1,10.3386/w28726,Selecting the Most Effective Nudge,Selecting the Most Effective Nudge: Evidence from a Large-Scale Experiment on Immunization
Jane Hammaker,1,1,10.1257/pandp.20201017,Advance Market Commitments,Advance Market Commitments: Insights from Theory and Experience
Janne Estill,1,1,10.3386/w28106,The Comparative Impact of Cash Transfers and a Psychotherapy Program…,The Comparative Impact of Cash Transfers and a Psychotherapy Program on Psychological and Economic Well-being
Jari S. Algethami,1,1,10.3386/w30835,Water Treatment And Child Mortality,Water Treatment And Child Mortality: A Meta-Analysis And Cost-effectiveness Analysis
Jason Mwanza,1,1,10.3386/w28106,The Comparative Impact of Cash Transfers and a Psychotherapy Program…,The Comparative Impact of Cash Transfers and a Psychotherapy Program on Psychological and Economic Well-being
Jason Potts,1,1,10.3386/w23928,Artificial Intelligence and Economic Growth,Artificial Intelligence and Economic Growth
Jaspreet Pannu,1,1,10.1257/pandp.20201017,Advance Market Commitments,Advance Market Commitments: Insights from Theory and Experience
Javed Hossain,1,1,10.3386/w23928,Artificial Intelligence and Economic Growth,Artificial Intelligence and Economic Growth
Javier D. Donna,1,1,10.3386/w31354,The Benefits and Costs of Guest Worker Programs,The Benefits and Costs of Guest Worker Programs: Experimental Evidence from the India-UAE Migration Corridor
Jean N. Lee,1,1,10.3386/w23929,Effects of Emigration on Rural Labor Markets,Effects of Emigration on Rural Labor Markets
Jean Nahrae Lee,1,1,10.3386/w26775,Advance Market Commitments,Advance Market Commitments: Insights from Theory and Experience
Jean Robert Kala Kamdjoug,1,1,10.3386/w23928,Artificial Intelligence and Economic Growth,Artificial Intelligence and Economic Growth
Jean-Luc Tavernier,1,1,10.3386/w23928,Artificial Intelligence and Economic Growth,Artificial Intelligence and Economic Growth
Jean-Pierre Landau,1,1,10.3386/w32450,The Macroeconomic Impact of Climate Change,The Macroeconomic Impact of Climate Change: Global vs. Local Temperature
Jeff Clune,1,1,10.48550/arxiv.2305.07153,Towards best practices in AGI safety and governance,Towards best practices in AGI safety and governance: A survey of expert opinion
Jeff Malpas,1,1,10.3386/w26752,Stagnation and Scientific Incentives,Stagnation and Scientific Incentives
Jeffray Behr,1,1,10.1016/j.ijdrr.2022.102798,Long term cost-effectiveness of resilient foods for global catastrophes compared…,Long term cost-effectiveness of resilient foods for global catastrophes compared to artificial general intelligence safety
Jeffrey B. Liebman,1,1,10.2139/ssrn.4154000,How Effective Is (More) Money? Randomizing Unconditional Cash Transfer Amounts…,How Effective Is (More) Money? Randomizing Unconditional Cash Transfer Amounts in the US
Jeffrey R. Vincent,1,1,10.21203/rs.3.rs-3235955/v1,The global potential for natural regeneration in deforested tropical regions,The global potential for natural regeneration in deforested tropical regions
Jeffrey Sachs,1,1,10.3386/w23928,Artificial Intelligence and Economic Growth,Artificial Intelligence and Economic Growth
Jena D. Hamadani,1,1,10.3386/w28106,The Comparative Impact of Cash Transfers and a Psychotherapy Program…,The Comparative Impact of Cash Transfers and a Psychotherapy Program on Psychological and Economic Well-being
Jeng-Bau Lin,1,1,10.3386/w32450,The Macroeconomic Impact of Climate Change,The Macroeconomic Impact of Climate Change: Global vs. Local Temperature
Jenifer Clapp,1,1,10.2139/ssrn.4154000,How Effective Is (More) Money? Randomizing Unconditional Cash Transfer Amounts…,How Effective Is (More) Money? Randomizing Unconditional Cash Transfer Amounts in the US
Jenna Allard,1,1,10.3386/w23929,Effects of Emigration on Rural Labor Markets,Effects of Emigration on Rural Labor Markets
Jenna E. Forsyth,1,1,10.1093/wbro/lkae010,The Effect of Lead Exposure on Children’s Learning in the…,The Effect of Lead Exposure on Children’s Learning in the Developing World: A Meta-Analysis
Jennifer A. Campbell,1,1,10.2139/ssrn.4154000,How Effective Is (More) Money? Randomizing Unconditional Cash Transfer Amounts…,How Effective Is (More) Money? Randomizing Unconditional Cash Transfer Amounts in the US
Jennifer L. Baker,1,1,10.3386/w31162,Intergenerational Child Mortality Impacts of Deworming,Intergenerational Child Mortality Impacts of Deworming: Experimental Evidence from Two Decades of the Kenya Life Panel Survey
Jennifer L. Hay,1,1,10.2139/ssrn.3938994,Information Avoidance and Moral Behavior,Information Avoidance and Moral Behavior: Experimental Evidence from Food Choices
Jennifer T. Lai,1,1,10.3386/w23928,Artificial Intelligence and Economic Growth,Artificial Intelligence and Economic Growth
Jennifer Wilson,1,1,10.3386/w28106,The Comparative Impact of Cash Transfers and a Psychotherapy Program…,The Comparative Impact of Cash Transfers and a Psychotherapy Program on Psychological and Economic Well-being
Jenny Carolina Hernández Cardozo,1,1,10.3386/w31208,Building Resilient Education Systems,Building Resilient Education Systems: Evidence from Large-Scale Randomized Trials in Five Countries
Jeromin Zettelmeyer,1,1,10.3386/w32450,The Macroeconomic Impact of Climate Change,The Macroeconomic Impact of Climate Change: Global vs. Local Temperature
Jesmin Sultana,1,1,10.1093/wbro/lkae010,The Effect of Lead Exposure on Children’s Learning in the…,The Effect of Lead Exposure on Children’s Learning in the Developing World: A Meta-Analysis
Jess Cornaggia,1,1,10.3386/w31137,Biodiversity Risk,Biodiversity Risk
Jesse Ribot,1,1,10.1257/aer.20221215,Does the Squeaky Wheel Get More Grease? The Direct and…,Does the Squeaky Wheel Get More Grease? The Direct and Indirect Effects of Citizen Participation on Environmental Governance in China
Jessica Goldberg,1,1,10.3386/w28726,Selecting the Most Effective Nudge,Selecting the Most Effective Nudge: Evidence from a Large-Scale Experiment on Immunization
Jessica Schmeiss,1,1,10.3386/w23928,Artificial Intelligence and Economic Growth,Artificial Intelligence and Economic Growth
Jessie Sun,1,1,10.1016/j.cognition.2021.104941,Population ethical intuitions,Population ethical intuitions
Jesús Fernández‐Villaverde,1,1,10.3386/w31137,Biodiversity Risk,Biodiversity Risk
Jhonathan Rodríguez,1,1,10.1257/pandp.20201017,Advance Market Commitments,Advance Market Commitments: Insights from Theory and Experience
Ji Lu,1,1,10.1257/aer.20221215,Does the Squeaky Wheel Get More Grease? The Direct and…,Does the Squeaky Wheel Get More Grease? The Direct and Indirect Effects of Citizen Participation on Environmental Governance in China
Jia Xu,1,1,10.1093/ej/uead102,Do Celebrity Endorsements Matter? A Twitter Experiment Promoting Vaccination in…,Do Celebrity Endorsements Matter? A Twitter Experiment Promoting Vaccination in Indonesia
Jiabin Fang,1,1,10.3386/w23928,Artificial Intelligence and Economic Growth,Artificial Intelligence and Economic Growth
Jiajun Han,1,1,10.3386/w23929,Effects of Emigration on Rural Labor Markets,Effects of Emigration on Rural Labor Markets
Jiakai Zhang,1,1,10.3386/w32728,A Welfare Analysis of Policies Impacting Climate Change,A Welfare Analysis of Policies Impacting Climate Change
Jiamin Wang,1,1,10.3386/w23928,Artificial Intelligence and Economic Growth,Artificial Intelligence and Economic Growth
Jiaming Wang,1,1,10.1257/aer.20221215,Does the Squeaky Wheel Get More Grease? The Direct and…,Does the Squeaky Wheel Get More Grease? The Direct and Indirect Effects of Citizen Participation on Environmental Governance in China
Jianan Yang,1,1,10.3386/w28726,Selecting the Most Effective Nudge,Selecting the Most Effective Nudge: Evidence from a Large-Scale Experiment on Immunization
Jianbo Huang,1,1,10.1257/aer.20221215,Does the Squeaky Wheel Get More Grease? The Direct and…,Does the Squeaky Wheel Get More Grease? The Direct and Indirect Effects of Citizen Participation on Environmental Governance in China
Jianfeng Guo,1,1,10.3386/w23928,Artificial Intelligence and Economic Growth,Artificial Intelligence and Economic Growth
Jiangyuan Liang,1,1,10.1257/aer.20221215,Does the Squeaky Wheel Get More Grease? The Direct and…,Does the Squeaky Wheel Get More Grease? The Direct and Indirect Effects of Citizen Participation on Environmental Governance in China
Jianhong Qi,1,1,10.1257/aer.20221215,Does the Squeaky Wheel Get More Grease? The Direct and…,Does the Squeaky Wheel Get More Grease? The Direct and Indirect Effects of Citizen Participation on Environmental Governance in China
Jiankun Gong,1,1,10.1093/ej/uead102,Do Celebrity Endorsements Matter? A Twitter Experiment Promoting Vaccination in…,Do Celebrity Endorsements Matter? A Twitter Experiment Promoting Vaccination in Indonesia
Jianshuo Chen,1,1,10.3386/w23928,Artificial Intelligence and Economic Growth,Artificial Intelligence and Economic Growth
Jiansong Tang,1,1,10.1257/aer.20221215,Does the Squeaky Wheel Get More Grease? The Direct and…,Does the Squeaky Wheel Get More Grease? The Direct and Indirect Effects of Citizen Participation on Environmental Governance in China
Jianyong Fan,1,1,10.3386/w31899,The Effect of Public Science on Corporate R&amp;D,The Effect of Public Science on Corporate R&amp;D
Jiaofeng Pan,1,1,10.3386/w23928,Artificial Intelligence and Economic Growth,Artificial Intelligence and Economic Growth
Jiaoyun Yang,1,1,10.3386/w30011,"The Long-Run Effects of Psychotherapy on Depression, Beliefs, and Economic…","The Long-Run Effects of Psychotherapy on Depression, Beliefs, and Economic Outcomes"
Jiaqi Liu,1,1,10.1257/aer.20221215,Does the Squeaky Wheel Get More Grease? The Direct and…,Does the Squeaky Wheel Get More Grease? The Direct and Indirect Effects of Citizen Participation on Environmental Governance in China
Jiaqi Zhang,1,1,10.1257/aer.20221215,Does the Squeaky Wheel Get More Grease? The Direct and…,Does the Squeaky Wheel Get More Grease? The Direct and Indirect Effects of Citizen Participation on Environmental Governance in China
Jiashun Huang,1,1,10.1257/aer.20221215,Does the Squeaky Wheel Get More Grease? The Direct and…,Does the Squeaky Wheel Get More Grease? The Direct and Indirect Effects of Citizen Participation on Environmental Governance in China
Jiawei Gao,1,1,10.3386/w23928,Artificial Intelligence and Economic Growth,Artificial Intelligence and Economic Growth
Jiayi Yan,1,1,10.1257/aer.20221215,Does the Squeaky Wheel Get More Grease? The Direct and…,Does the Squeaky Wheel Get More Grease? The Direct and Indirect Effects of Citizen Participation on Environmental Governance in China
Jiayin Zhu,1,1,10.1257/aer.20221215,Does the Squeaky Wheel Get More Grease? The Direct and…,Does the Squeaky Wheel Get More Grease? The Direct and Indirect Effects of Citizen Participation on Environmental Governance in China
Jicai Liu,1,1,10.1257/aer.20221215,Does the Squeaky Wheel Get More Grease? The Direct and…,Does the Squeaky Wheel Get More Grease? The Direct and Indirect Effects of Citizen Participation on Environmental Governance in China
Jidong Chen,1,1,10.1257/aer.20221215,Does the Squeaky Wheel Get More Grease? The Direct and…,Does the Squeaky Wheel Get More Grease? The Direct and Indirect Effects of Citizen Participation on Environmental Governance in China
Jie Gao,1,1,10.3386/w23928,Artificial Intelligence and Economic Growth,Artificial Intelligence and Economic Growth
Jie Lai,1,1,10.1257/aer.20221215,Does the Squeaky Wheel Get More Grease? The Direct and…,Does the Squeaky Wheel Get More Grease? The Direct and Indirect Effects of Citizen Participation on Environmental Governance in China
Jie Zheng,1,1,10.1257/aer.20221215,Does the Squeaky Wheel Get More Grease? The Direct and…,Does the Squeaky Wheel Get More Grease? The Direct and Indirect Effects of Citizen Participation on Environmental Governance in China
Jiefeng Kang,1,1,10.1111/conl.13077,Banning Wildlife Trade Can Boost the Unregulated Trade of Threatened…,Banning Wildlife Trade Can Boost the Unregulated Trade of Threatened Species
Jie‐Sheng Tan‐Soo,1,1,10.3386/w32728,A Welfare Analysis of Policies Impacting Climate Change,A Welfare Analysis of Policies Impacting Climate Change
Jignesh Chandarana,1,1,10.3386/w23928,Artificial Intelligence and Economic Growth,Artificial Intelligence and Economic Growth
Jigyasa Kaur,1,1,10.3386/w30011,"The Long-Run Effects of Psychotherapy on Depression, Beliefs, and Economic…","The Long-Run Effects of Psychotherapy on Depression, Beliefs, and Economic Outcomes"
Jill Hoiting,1,1,10.2139/ssrn.4154000,How Effective Is (More) Money? Randomizing Unconditional Cash Transfer Amounts…,How Effective Is (More) Money? Randomizing Unconditional Cash Transfer Amounts in the US
Jin Shi,1,1,10.3386/w31137,Biodiversity Risk,Biodiversity Risk
Jin Xiao,1,1,10.1257/aer.20221215,Does the Squeaky Wheel Get More Grease? The Direct and…,Does the Squeaky Wheel Get More Grease? The Direct and Indirect Effects of Citizen Participation on Environmental Governance in China
Jin Ze-hu,1,1,10.1257/aer.20221215,Does the Squeaky Wheel Get More Grease? The Direct and…,Does the Squeaky Wheel Get More Grease? The Direct and Indirect Effects of Citizen Participation on Environmental Governance in China
Jin-Feng Huang,1,1,10.3386/w23928,Artificial Intelligence and Economic Growth,Artificial Intelligence and Economic Growth
Jincheng Li,1,1,10.1257/aer.20221215,Does the Squeaky Wheel Get More Grease? The Direct and…,Does the Squeaky Wheel Get More Grease? The Direct and Indirect Effects of Citizen Participation on Environmental Governance in China
Jinchi Dong,1,1,10.1257/aer.20221215,Does the Squeaky Wheel Get More Grease? The Direct and…,Does the Squeaky Wheel Get More Grease? The Direct and Indirect Effects of Citizen Participation on Environmental Governance in China
Jinfeng Liang,1,1,10.3386/w23928,Artificial Intelligence and Economic Growth,Artificial Intelligence and Economic Growth
Jing Lu,1,1,10.1257/aer.20221215,Does the Squeaky Wheel Get More Grease? The Direct and…,Does the Squeaky Wheel Get More Grease? The Direct and Indirect Effects of Citizen Participation on Environmental Governance in China
Jing Niu,1,1,10.3386/w23928,Artificial Intelligence and Economic Growth,Artificial Intelligence and Economic Growth
Jing Ren,1,1,10.1257/aer.20221215,Does the Squeaky Wheel Get More Grease? The Direct and…,Does the Squeaky Wheel Get More Grease? The Direct and Indirect Effects of Citizen Participation on Environmental Governance in China
Jing Xie,1,1,10.1257/aer.20221215,Does the Squeaky Wheel Get More Grease? The Direct and…,Does the Squeaky Wheel Get More Grease? The Direct and Indirect Effects of Citizen Participation on Environmental Governance in China
Jing Zhao,1,1,10.1257/aer.20221215,Does the Squeaky Wheel Get More Grease? The Direct and…,Does the Squeaky Wheel Get More Grease? The Direct and Indirect Effects of Citizen Participation on Environmental Governance in China
Jingbing Feng,1,1,10.1257/aer.20221215,Does the Squeaky Wheel Get More Grease? The Direct and…,Does the Squeaky Wheel Get More Grease? The Direct and Indirect Effects of Citizen Participation on Environmental Governance in China
Jinglei Huang,1,1,10.3386/w23928,Artificial Intelligence and Economic Growth,Artificial Intelligence and Economic Growth
Jinglong Chen,1,1,10.3386/w23928,Artificial Intelligence and Economic Growth,Artificial Intelligence and Economic Growth
Jingwei Ni,1,1,10.3386/w31137,Biodiversity Risk,Biodiversity Risk
Jingya Qian,1,1,10.1257/aer.20221215,Does the Squeaky Wheel Get More Grease? The Direct and…,Does the Squeaky Wheel Get More Grease? The Direct and Indirect Effects of Citizen Participation on Environmental Governance in China
Jinlan Ni,1,1,10.1257/aer.20221215,Does the Squeaky Wheel Get More Grease? The Direct and…,Does the Squeaky Wheel Get More Grease? The Direct and Indirect Effects of Citizen Participation on Environmental Governance in China
Jinli Wang,1,1,10.1257/aer.20221215,Does the Squeaky Wheel Get More Grease? The Direct and…,Does the Squeaky Wheel Get More Grease? The Direct and Indirect Effects of Citizen Participation on Environmental Governance in China
Jinmin Wang,1,1,10.1257/aer.20221215,Does the Squeaky Wheel Get More Grease? The Direct and…,Does the Squeaky Wheel Get More Grease? The Direct and Indirect Effects of Citizen Participation on Environmental Governance in China
Jintao Fu,1,1,10.1257/aer.20221215,Does the Squeaky Wheel Get More Grease? The Direct and…,Does the Squeaky Wheel Get More Grease? The Direct and Indirect Effects of Citizen Participation on Environmental Governance in China
Jinting Dong,1,1,10.1257/aer.20221215,Does the Squeaky Wheel Get More Grease? The Direct and…,Does the Squeaky Wheel Get More Grease? The Direct and Indirect Effects of Citizen Participation on Environmental Governance in China
Jize Jiang,1,1,10.1257/aer.20221215,Does the Squeaky Wheel Get More Grease? The Direct and…,Does the Squeaky Wheel Get More Grease? The Direct and Indirect Effects of Citizen Participation on Environmental Governance in China
Jiří Trešl,1,1,10.3386/w31137,Biodiversity Risk,Biodiversity Risk
Joan Manuel Rodríguez-Díaz,1,1,10.3386/w30835,Water Treatment And Child Mortality,Water Treatment And Child Mortality: A Meta-Analysis And Cost-effectiveness Analysis
Joan Martínez Alier,1,1,10.3386/w32450,The Macroeconomic Impact of Climate Change,The Macroeconomic Impact of Climate Change: Global vs. Local Temperature
Joanna Wang,1,1,10.3386/w23928,Artificial Intelligence and Economic Growth,Artificial Intelligence and Economic Growth
Joaquin A. Montell,1,1,10.3386/w23928,Artificial Intelligence and Economic Growth,Artificial Intelligence and Economic Growth
Jocelyn Kelley,1,1,10.3386/w30011,"The Long-Run Effects of Psychotherapy on Depression, Beliefs, and Economic…","The Long-Run Effects of Psychotherapy on Depression, Beliefs, and Economic Outcomes"
Jocelyn Kelly,1,1,10.3386/w30011,"The Long-Run Effects of Psychotherapy on Depression, Beliefs, and Economic…","The Long-Run Effects of Psychotherapy on Depression, Beliefs, and Economic Outcomes"
Jochen Monstadt,1,1,10.1257/aer.20221215,Does the Squeaky Wheel Get More Grease? The Direct and…,Does the Squeaky Wheel Get More Grease? The Direct and Indirect Effects of Citizen Participation on Environmental Governance in China
Joe Dodd,1,1,10.3386/w30011,"The Long-Run Effects of Psychotherapy on Depression, Beliefs, and Economic…","The Long-Run Effects of Psychotherapy on Depression, Beliefs, and Economic Outcomes"
Joel Hestness,1,1,10.3386/w23928,Artificial Intelligence and Economic Growth,Artificial Intelligence and Economic Growth
Joel McGuire,1,1,10.3386/w28106,The Comparative Impact of Cash Transfers and a Psychotherapy Program…,The Comparative Impact of Cash Transfers and a Psychotherapy Program on Psychological and Economic Well-being
Joel Shapiro,1,1,10.3386/w31137,Biodiversity Risk,Biodiversity Risk
Joern Fischer,1,1,10.21203/rs.3.rs-3235955/v1,The global potential for natural regeneration in deforested tropical regions,The global potential for natural regeneration in deforested tropical regions
Johan Karlsson,1,1,10.3386/w26752,Stagnation and Scientific Incentives,Stagnation and Scientific Incentives
Johan Rockström,1,1,10.3386/w32450,The Macroeconomic Impact of Climate Change,The Macroeconomic Impact of Climate Change: Global vs. Local Temperature
Johan de Jong,1,1,10.21203/rs.3.rs-3235955/v1,The global potential for natural regeneration in deforested tropical regions,The global potential for natural regeneration in deforested tropical regions
Johanna Hedlund,1,1,10.1016/j.ijdrr.2022.102798,Long term cost-effectiveness of resilient foods for global catastrophes compared…,Long term cost-effectiveness of resilient foods for global catastrophes compared to artificial general intelligence safety
Johannes A. Jacobs,1,1,10.3386/w32450,The Macroeconomic Impact of Climate Change,The Macroeconomic Impact of Climate Change: Global vs. Local Temperature
Johannes Jaspersen,1,1,10.3386/w31137,Biodiversity Risk,Biodiversity Risk
Johannes Klausmann,1,1,10.3386/w31137,Biodiversity Risk,Biodiversity Risk
Johannes König,1,1,10.3386/w23928,Artificial Intelligence and Economic Growth,Artificial Intelligence and Economic Growth
Johannes Wimmer,1,1,10.1093/ej/uead102,Do Celebrity Endorsements Matter? A Twitter Experiment Promoting Vaccination in…,Do Celebrity Endorsements Matter? A Twitter Experiment Promoting Vaccination in Indonesia
Johannes Zimmermann,1,1,10.3386/w30011,"The Long-Run Effects of Psychotherapy on Depression, Beliefs, and Economic…","The Long-Run Effects of Psychotherapy on Depression, Beliefs, and Economic Outcomes"
John A. Maluccio,1,1,10.3386/w31162,Intergenerational Child Mortality Impacts of Deworming,Intergenerational Child Mortality Impacts of Deworming: Experimental Evidence from Two Decades of the Kenya Life Panel Survey
John A. Roper,1,1,10.3386/w32450,The Macroeconomic Impact of Climate Change,The Macroeconomic Impact of Climate Change: Global vs. Local Temperature
John F. Rauthmann,1,1,10.3386/w30011,"The Long-Run Effects of Psychotherapy on Depression, Beliefs, and Economic…","The Long-Run Effects of Psychotherapy on Depression, Beliefs, and Economic Outcomes"
John Floretta,1,1,10.3386/w28726,Selecting the Most Effective Nudge,Selecting the Most Effective Nudge: Evidence from a Large-Scale Experiment on Immunization
John Gathergood,1,1,10.3386/w30740,"When do ""Nudges"" Increase Welfare?","When do ""Nudges"" Increase Welfare?"
John Herbohn,1,1,10.21203/rs.3.rs-3235955/v1,The global potential for natural regeneration in deforested tropical regions,The global potential for natural regeneration in deforested tropical regions
John Hoddinott,1,1,10.3386/w28106,The Comparative Impact of Cash Transfers and a Psychotherapy Program…,The Comparative Impact of Cash Transfers and a Psychotherapy Program on Psychological and Economic Well-being
John L. Campbell,1,1,10.3386/w23928,Artificial Intelligence and Economic Growth,Artificial Intelligence and Economic Growth
John Manuel Barrios,1,1,10.3386/w23928,Artificial Intelligence and Economic Growth,Artificial Intelligence and Economic Growth
John Quattrochi,1,1,10.3386/w28106,The Comparative Impact of Cash Transfers and a Psychotherapy Program…,The Comparative Impact of Cash Transfers and a Psychotherapy Program on Psychological and Economic Well-being
John R. Weisz,1,1,10.3386/w28106,The Comparative Impact of Cash Transfers and a Psychotherapy Program…,The Comparative Impact of Cash Transfers and a Psychotherapy Program on Psychological and Economic Well-being
John Zhuang Liu HKU,1,1,10.1257/aer.20221215,Does the Squeaky Wheel Get More Grease? The Direct and…,Does the Squeaky Wheel Get More Grease? The Direct and Indirect Effects of Citizen Participation on Environmental Governance in China
John‐Oliver Engler,1,1,10.1016/j.ijdrr.2022.102798,Long term cost-effectiveness of resilient foods for global catastrophes compared…,Long term cost-effectiveness of resilient foods for global catastrophes compared to artificial general intelligence safety
Jon Bielby,1,1,10.1111/conl.13077,Banning Wildlife Trade Can Boost the Unregulated Trade of Threatened…,Banning Wildlife Trade Can Boost the Unregulated Trade of Threatened Species
Jon Kleinberg,1,1,10.3386/w23928,Artificial Intelligence and Economic Growth,Artificial Intelligence and Economic Growth
Jon Kvist,1,1,10.2139/ssrn.4154000,How Effective Is (More) Money? Randomizing Unconditional Cash Transfer Amounts…,How Effective Is (More) Money? Randomizing Unconditional Cash Transfer Amounts in the US
Jonas Antanavičius,1,1,10.3386/w31899,The Effect of Public Science on Corporate R&amp;D,The Effect of Public Science on Corporate R&amp;D
Jonas B. Sandbrink,1,1,10.1257/pandp.20201017,Advance Market Commitments,Advance Market Commitments: Insights from Theory and Experience
Jonas Krogh Madsen,1,1,10.2139/ssrn.4154000,How Effective Is (More) Money? Randomizing Unconditional Cash Transfer Amounts…,How Effective Is (More) Money? Randomizing Unconditional Cash Transfer Amounts in the US
Jonas Meckling,1,1,10.3386/w26775,Advance Market Commitments,Advance Market Commitments: Insights from Theory and Experience
Jonas Schuett,1,1,10.48550/arxiv.2305.07153,Towards best practices in AGI safety and governance,Towards best practices in AGI safety and governance: A survey of expert opinion
Jonathan Goupille-Lebret,1,1,10.3386/w23928,Artificial Intelligence and Economic Growth,Artificial Intelligence and Economic Growth
Jonathan Morduch,1,1,10.3386/w23929,Effects of Emigration on Rural Labor Markets,Effects of Emigration on Rural Labor Markets
Jonathan Sotsky,1,1,10.3386/w31409,Choose Your Moments,Choose Your Moments: Peer Review and Scientific Risk Taking
Jonathan Wai,1,1,10.3386/w26752,Stagnation and Scientific Incentives,Stagnation and Scientific Incentives
Jonathan Wittau,1,1,10.3386/w26752,Stagnation and Scientific Incentives,Stagnation and Scientific Incentives
Jordy Rillaerts,1,1,10.3386/w31137,Biodiversity Risk,Biodiversity Risk
Jorge A. Meave,1,1,10.21203/rs.3.rs-3235955/v1,The global potential for natural regeneration in deforested tropical regions,The global potential for natural regeneration in deforested tropical regions
Jorge Britto,1,1,10.3386/w23928,Artificial Intelligence and Economic Growth,Artificial Intelligence and Economic Growth
Joschka Flintz,1,1,10.3386/w32728,A Welfare Analysis of Policies Impacting Climate Change,A Welfare Analysis of Policies Impacting Climate Change
Jose Manuel Ochoa‐Quintero,1,1,10.21203/rs.3.rs-3235955/v1,The global potential for natural regeneration in deforested tropical regions,The global potential for natural regeneration in deforested tropical regions
Joseph Bamidele Awotunde,1,1,10.3386/w23928,Artificial Intelligence and Economic Growth,Artificial Intelligence and Economic Growth
Joseph E. Aldy,1,1,10.3386/w26775,Advance Market Commitments,Advance Market Commitments: Insights from Theory and Experience
Joseph E. Stiglitz,1,1,10.3386/w23928,Artificial Intelligence and Economic Growth,Artificial Intelligence and Economic Growth
Joseph H. Davis,1,1,10.3386/w23928,Artificial Intelligence and Economic Growth,Artificial Intelligence and Economic Growth
Joseph Karguia,1,1,10.3386/w28726,Selecting the Most Effective Nudge,Selecting the Most Effective Nudge: Evidence from a Large-Scale Experiment on Immunization
Joseph Nyaga,1,1,10.3386/w28106,The Comparative Impact of Cash Transfers and a Psychotherapy Program…,The Comparative Impact of Cash Transfers and a Psychotherapy Program on Psychological and Economic Well-being
Joseph Shapiro,1,1,10.3386/w32728,A Welfare Analysis of Policies Impacting Climate Change,A Welfare Analysis of Policies Impacting Climate Change
Joseph Simbaya,1,1,10.3386/w28106,The Comparative Impact of Cash Transfers and a Psychotherapy Program…,The Comparative Impact of Cash Transfers and a Psychotherapy Program on Psychological and Economic Well-being
Joseph W. Bull,1,1,10.3386/w31137,Biodiversity Risk,Biodiversity Risk
Joseph Zeira,1,1,10.3386/w23928,Artificial Intelligence and Economic Growth,Artificial Intelligence and Economic Growth
Josep‐Oriol Escardíbul,1,1,10.3386/w23928,Artificial Intelligence and Economic Growth,Artificial Intelligence and Economic Growth
Josh Greenberg,1,1,10.3386/w31409,Choose Your Moments,Choose Your Moments: Peer Review and Scientific Risk Taking
Joshua D. Lambert,1,1,10.1016/j.ijdrr.2022.102798,Long term cost-effectiveness of resilient foods for global catastrophes compared…,Long term cost-effectiveness of resilient foods for global catastrophes compared to artificial general intelligence safety
Joshua Teperowski Monrad,1,1,10.1257/pandp.20201017,Advance Market Commitments,Advance Market Commitments: Insights from Theory and Experience
Josie Coburn,1,1,10.3386/w31409,Choose Your Moments,Choose Your Moments: Peer Review and Scientific Risk Taking
José Hernández‐Orallo,1,1,10.3386/w26752,Stagnation and Scientific Incentives,Stagnation and Scientific Incentives
José R. Suárez-López,1,1,10.3386/w32450,The Macroeconomic Impact of Climate Change,The Macroeconomic Impact of Climate Change: Global vs. Local Temperature
José Rômulo de Castro Vieira,1,1,10.3386/w23928,Artificial Intelligence and Economic Growth,Artificial Intelligence and Economic Growth
José Vicente Sancho Escrivá,1,1,10.3386/w23928,Artificial Intelligence and Economic Growth,Artificial Intelligence and Economic Growth
João Carlos Ferraz,1,1,10.3386/w23928,Artificial Intelligence and Economic Growth,Artificial Intelligence and Economic Growth
Juan Li,1,1,10.3386/w23928,Artificial Intelligence and Economic Growth,Artificial Intelligence and Economic Growth
Juan Manuel Guío,1,1,10.3386/w23928,Artificial Intelligence and Economic Growth,Artificial Intelligence and Economic Growth
Juan Manuel Hernández-Agramonte,1,1,10.3386/w31208,Building Resilient Education Systems,Building Resilient Education Systems: Evidence from Large-Scale Randomized Trials in Five Countries
Juan Mateos-García,1,1,10.3386/w23928,Artificial Intelligence and Economic Growth,Artificial Intelligence and Economic Growth
Juan Pablo Chauvin,1,1,10.3386/w30624,Legalizing Entrepreneurship,Legalizing Entrepreneurship
Juanjuan Meng,1,1,10.3386/w23928,Artificial Intelligence and Economic Growth,Artificial Intelligence and Economic Growth
Jukka Riekki,1,1,10.3386/w26752,Stagnation and Scientific Incentives,Stagnation and Scientific Incentives
Julia Lane,1,1,10.3386/w31409,Choose Your Moments,Choose Your Moments: Peer Review and Scientific Risk Taking
Julia Sweatman,1,1,10.3386/w26775,Advance Market Commitments,Advance Market Commitments: Insights from Theory and Experience
Julia Torracca,1,1,10.3386/w23928,Artificial Intelligence and Economic Growth,Artificial Intelligence and Economic Growth
Julia Vaillant,1,1,10.3386/w28106,The Comparative Impact of Cash Transfers and a Psychotherapy Program…,The Comparative Impact of Cash Transfers and a Psychotherapy Program on Psychological and Economic Well-being
Julian Hazell,1,1,10.48550/arxiv.2305.07153,Towards best practices in AGI safety and governance,Towards best practices in AGI safety and governance: A survey of expert opinion
Julian M. Alston,1,1,10.1257/pandp.20201017,Advance Market Commitments,Advance Market Commitments: Insights from Theory and Experience
Juliane Degner,1,1,10.3386/w30011,"The Long-Run Effects of Psychotherapy on Depression, Beliefs, and Economic…","The Long-Run Effects of Psychotherapy on Depression, Beliefs, and Economic Outcomes"
Julie Chytilová,1,1,10.3386/w28726,Selecting the Most Effective Nudge,Selecting the Most Effective Nudge: Evidence from a Large-Scale Experiment on Immunization
Julie Djiriguian,1,1,10.3386/w23928,Artificial Intelligence and Economic Growth,Artificial Intelligence and Economic Growth
Julien‐François Gerber,1,1,10.3386/w32450,The Macroeconomic Impact of Climate Change,The Macroeconomic Impact of Climate Change: Global vs. Local Temperature
Julieta Vera Rueda,1,1,10.3386/w31162,Intergenerational Child Mortality Impacts of Deworming,Intergenerational Child Mortality Impacts of Deworming: Experimental Evidence from Two Decades of the Kenya Life Panel Survey
Julio González-Díaz,1,1,10.3386/w26752,Stagnation and Scientific Incentives,Stagnation and Scientific Incentives
Julius Dohbit Sama,1,1,10.3386/w28726,Selecting the Most Effective Nudge,Selecting the Most Effective Nudge: Evidence from a Large-Scale Experiment on Immunization
Jun Bi,1,1,10.1257/aer.20221215,Does the Squeaky Wheel Get More Grease? The Direct and…,Does the Squeaky Wheel Get More Grease? The Direct and Indirect Effects of Citizen Participation on Environmental Governance in China
Jun Li,1,1,10.3386/w32728,A Welfare Analysis of Policies Impacting Climate Change,A Welfare Analysis of Policies Impacting Climate Change
Jungkyu Suh,1,1,10.3386/w31899,The Effect of Public Science on Corporate R&amp;D,The Effect of Public Science on Corporate R&amp;D
Junli Cheng,1,1,10.3386/w23929,Effects of Emigration on Rural Labor Markets,Effects of Emigration on Rural Labor Markets
Junling Huang,1,1,10.1257/aer.20221215,Does the Squeaky Wheel Get More Grease? The Direct and…,Does the Squeaky Wheel Get More Grease? The Direct and Indirect Effects of Citizen Participation on Environmental Governance in China
Junming Chen,1,1,10.1257/aer.20221215,Does the Squeaky Wheel Get More Grease? The Direct and…,Does the Squeaky Wheel Get More Grease? The Direct and Indirect Effects of Citizen Participation on Environmental Governance in China
Junyan Zhang,1,1,10.3386/w26752,Stagnation and Scientific Incentives,Stagnation and Scientific Incentives
Junyi Feng,1,1,10.3386/w31137,Biodiversity Risk,Biodiversity Risk
Junyin Tan,1,1,10.3386/w23928,Artificial Intelligence and Economic Growth,Artificial Intelligence and Economic Growth
Jérémy Scheurer,1,1,10.48550/arxiv.2305.07153,Towards best practices in AGI safety and governance,Towards best practices in AGI safety and governance: A survey of expert opinion
Jörn R. Sparfeldt,1,1,10.3386/w30011,"The Long-Run Effects of Psychotherapy on Depression, Beliefs, and Economic…","The Long-Run Effects of Psychotherapy on Depression, Beliefs, and Economic Outcomes"
K. Banskota,1,1,10.3386/w31137,Biodiversity Risk,Biodiversity Risk
K. K. Mahajan,1,1,10.1257/aeri.20230431,Money (Not) to Burn,Money (Not) to Burn: Payments for Ecosystem Services to Reduce Crop Residue Burning
K. Sowmya,1,1,10.3386/w23928,Artificial Intelligence and Economic Growth,Artificial Intelligence and Economic Growth
K.P. Prabheesh,1,1,10.3386/w32450,The Macroeconomic Impact of Climate Change,The Macroeconomic Impact of Climate Change: Global vs. Local Temperature
Kai Lin,1,1,10.3386/w23928,Artificial Intelligence and Economic Growth,Artificial Intelligence and Economic Growth
Kai Xu,1,1,10.1257/aer.20221215,Does the Squeaky Wheel Get More Grease? The Direct and…,Does the Squeaky Wheel Get More Grease? The Direct and Indirect Effects of Citizen Participation on Environmental Governance in China
Kaida Liang,1,1,10.1093/wbro/lkae010,The Effect of Lead Exposure on Children’s Learning in the…,The Effect of Lead Exposure on Children’s Learning in the Developing World: A Meta-Analysis
Kaidong Yu,1,1,10.1093/ej/uead102,Do Celebrity Endorsements Matter? A Twitter Experiment Promoting Vaccination in…,Do Celebrity Endorsements Matter? A Twitter Experiment Promoting Vaccination in Indonesia
Kairan Liu,1,1,10.3386/w23928,Artificial Intelligence and Economic Growth,Artificial Intelligence and Economic Growth
Kaiyuan Xiao,1,1,10.1257/aer.20221215,Does the Squeaky Wheel Get More Grease? The Direct and…,Does the Squeaky Wheel Get More Grease? The Direct and Indirect Effects of Citizen Participation on Environmental Governance in China
Kaja Kinga Jasińska,1,1,10.2139/ssrn.4154000,How Effective Is (More) Money? Randomizing Unconditional Cash Transfer Amounts…,How Effective Is (More) Money? Randomizing Unconditional Cash Transfer Amounts in the US
Kalipso Chalkidou,1,1,10.1257/pandp.20201017,Advance Market Commitments,Advance Market Commitments: Insights from Theory and Experience
Kalle Hirvonen,1,1,10.3386/w28106,The Comparative Impact of Cash Transfers and a Psychotherapy Program…,The Comparative Impact of Cash Transfers and a Psychotherapy Program on Psychological and Economic Well-being
Kalpana Balakrishnan,1,1,10.3386/w32450,The Macroeconomic Impact of Climate Change,The Macroeconomic Impact of Climate Change: Global vs. Local Temperature
Kamel Helali,1,1,10.3386/w23928,Artificial Intelligence and Economic Growth,Artificial Intelligence and Economic Growth
Kamiar Mohaddes,1,1,10.3386/w32450,The Macroeconomic Impact of Climate Change,The Macroeconomic Impact of Climate Change: Global vs. Local Temperature
Kamlesh Narwani,1,1,10.3386/w23928,Artificial Intelligence and Economic Growth,Artificial Intelligence and Economic Growth
Kangyin Dong,1,1,10.1257/aer.20221215,Does the Squeaky Wheel Get More Grease? The Direct and…,Does the Squeaky Wheel Get More Grease? The Direct and Indirect Effects of Citizen Participation on Environmental Governance in China
Kantika Khanthawithoon,1,1,10.3386/w23928,Artificial Intelligence and Economic Growth,Artificial Intelligence and Economic Growth
Kaoutar Sefrioui Boujemaa,1,1,10.3386/w23928,Artificial Intelligence and Economic Growth,Artificial Intelligence and Economic Growth
Kara Kedrick,1,1,10.3386/w26752,Stagnation and Scientific Incentives,Stagnation and Scientific Incentives
Karen Liseth Atis Ortega,1,1,10.3386/w23928,Artificial Intelligence and Economic Growth,Artificial Intelligence and Economic Growth
Karen Macours,1,1,10.3386/w31162,Intergenerational Child Mortality Impacts of Deworming,Intergenerational Child Mortality Impacts of Deworming: Experimental Evidence from Two Decades of the Kenya Life Panel Survey
Kari Heimonen,1,1,10.3386/w31137,Biodiversity Risk,Biodiversity Risk
Karlina Indraswari,1,1,10.1111/conl.13077,Banning Wildlife Trade Can Boost the Unregulated Trade of Threatened…,Banning Wildlife Trade Can Boost the Unregulated Trade of Threatened Species
Karrie A.B. Walker,1,1,10.1257/pandp.20201017,Advance Market Commitments,Advance Market Commitments: Insights from Theory and Experience
Kartik Anand,1,1,10.3386/w31137,Biodiversity Risk,Biodiversity Risk
Kat Adams Shannon,1,1,10.2139/ssrn.4154000,How Effective Is (More) Money? Randomizing Unconditional Cash Transfer Amounts…,How Effective Is (More) Money? Randomizing Unconditional Cash Transfer Amounts in the US
Katarzyna Lipowska,1,1,10.1093/ej/uead102,Do Celebrity Endorsements Matter? A Twitter Experiment Promoting Vaccination in…,Do Celebrity Endorsements Matter? A Twitter Experiment Promoting Vaccination in Indonesia
Kate Schwartz,1,1,10.3386/w31208,Building Resilient Education Systems,Building Resilient Education Systems: Evidence from Large-Scale Randomized Trials in Five Countries
Kateryna Shatnenko,1,1,10.1257/aeri.20210612,Cognitive Behavioral Therapy among Ghana's Rural Poor Is Effective Regardless…,Cognitive Behavioral Therapy among Ghana's Rural Poor Is Effective Regardless of Baseline Mental Distress
Katharina Szota,1,1,10.3386/w30011,"The Long-Run Effects of Psychotherapy on Depression, Beliefs, and Economic…","The Long-Run Effects of Psychotherapy on Depression, Beliefs, and Economic Outcomes"
Katherine A. DeCelles,1,1,10.2139/ssrn.4154000,How Effective Is (More) Money? Randomizing Unconditional Cash Transfer Amounts…,How Effective Is (More) Money? Randomizing Unconditional Cash Transfer Amounts in the US
Katherine Adams Shannon,1,1,10.2139/ssrn.4154000,How Effective Is (More) Money? Randomizing Unconditional Cash Transfer Amounts…,How Effective Is (More) Money? Randomizing Unconditional Cash Transfer Amounts in the US
Katherine Calhoun,1,1,10.3386/w28106,The Comparative Impact of Cash Transfers and a Psychotherapy Program…,The Comparative Impact of Cash Transfers and a Psychotherapy Program on Psychological and Economic Well-being
Katherine E. Venturo‐Conerly,1,1,10.3386/w28106,The Comparative Impact of Cash Transfers and a Psychotherapy Program…,The Comparative Impact of Cash Transfers and a Psychotherapy Program on Psychological and Economic Well-being
Katherine L. Marshall,1,1,10.3386/w30835,Water Treatment And Child Mortality,Water Treatment And Child Mortality: A Meta-Analysis And Cost-effectiveness Analysis
Katherine Lacasse,1,1,10.3386/w32450,The Macroeconomic Impact of Climate Change,The Macroeconomic Impact of Climate Change: Global vs. Local Temperature
Katherine Meckel,1,1,10.3386/w30011,"The Long-Run Effects of Psychotherapy on Depression, Beliefs, and Economic…","The Long-Run Effects of Psychotherapy on Depression, Beliefs, and Economic Outcomes"
Katherine Richard,1,1,10.2139/ssrn.4154000,How Effective Is (More) Money? Randomizing Unconditional Cash Transfer Amounts…,How Effective Is (More) Money? Randomizing Unconditional Cash Transfer Amounts in the US
Katherine Rittenhouse,1,1,10.3386/w30011,"The Long-Run Effects of Psychotherapy on Depression, Beliefs, and Economic…","The Long-Run Effects of Psychotherapy on Depression, Beliefs, and Economic Outcomes"
Kathrin Grosse,1,1,10.48550/arxiv.2305.07153,Towards best practices in AGI safety and governance,Towards best practices in AGI safety and governance: A survey of expert opinion
Kathrin Wolf,1,1,10.1257/pandp.20201017,Advance Market Commitments,Advance Market Commitments: Insights from Theory and Experience
Katrine Sonne‐Hansen,1,1,10.3386/w26752,Stagnation and Scientific Incentives,Stagnation and Scientific Incentives
Katy Bergstrom,1,1,10.3386/w28726,Selecting the Most Effective Nudge,Selecting the Most Effective Nudge: Evidence from a Large-Scale Experiment on Immunization
Kazunobu Muro,1,1,10.3386/w23928,Artificial Intelligence and Economic Growth,Artificial Intelligence and Economic Growth
Ke He,1,1,10.1257/aer.20221215,Does the Squeaky Wheel Get More Grease? The Direct and…,Does the Squeaky Wheel Get More Grease? The Direct and Indirect Effects of Citizen Participation on Environmental Governance in China
Ke-Liang Wang,1,1,10.3386/w23928,Artificial Intelligence and Economic Growth,Artificial Intelligence and Economic Growth
Keita Fukasawa,1,1,10.1111/conl.13077,Banning Wildlife Trade Can Boost the Unregulated Trade of Threatened…,Banning Wildlife Trade Can Boost the Unregulated Trade of Threatened Species
Kelly Holland,1,1,10.3386/w28726,Selecting the Most Effective Nudge,Selecting the Most Effective Nudge: Evidence from a Large-Scale Experiment on Immunization
Kelly Kaila,1,1,10.3386/w28106,The Comparative Impact of Cash Transfers and a Psychotherapy Program…,The Comparative Impact of Cash Transfers and a Psychotherapy Program on Psychological and Economic Well-being
Kelly M. Doran,1,1,10.2139/ssrn.4154000,How Effective Is (More) Money? Randomizing Unconditional Cash Transfer Amounts…,How Effective Is (More) Money? Randomizing Unconditional Cash Transfer Amounts in the US
Kenichiro Onitsuka,1,1,10.3386/w23929,Effects of Emigration on Rural Labor Markets,Effects of Emigration on Rural Labor Markets
Kenneth Gillingham,1,1,10.3386/w31137,Biodiversity Risk,Biodiversity Risk
Kenneth L. Davis,1,1,10.3386/w23928,Artificial Intelligence and Economic Growth,Artificial Intelligence and Economic Growth
Keri M. Guilbault,1,1,10.3386/w26752,Stagnation and Scientific Incentives,Stagnation and Scientific Incentives
Kerong Zhang,1,1,10.3386/w23928,Artificial Intelligence and Economic Growth,Artificial Intelligence and Economic Growth
Kerstin Hötte,1,1,10.3386/w23928,Artificial Intelligence and Economic Growth,Artificial Intelligence and Economic Growth
Ketki Sheth,1,1,10.3386/w30835,Water Treatment And Child Mortality,Water Treatment And Child Mortality: A Meta-Analysis And Cost-effectiveness Analysis
Kevin Carney,1,1,10.3386/w28726,Selecting the Most Effective Nudge,Selecting the Most Effective Nudge: Evidence from a Large-Scale Experiment on Immunization
Kevin Donovan,1,1,10.3386/w23929,Effects of Emigration on Rural Labor Markets,Effects of Emigration on Rural Labor Markets
Kevin Hosford,1,1,10.3386/w26752,Stagnation and Scientific Incentives,Stagnation and Scientific Incentives
Kevin R. James,1,1,10.3386/w26752,Stagnation and Scientific Incentives,Stagnation and Scientific Incentives
Kevin Rassool,1,1,10.1016/j.ijdrr.2022.102798,Long term cost-effectiveness of resilient foods for global catastrophes compared…,Long term cost-effectiveness of resilient foods for global catastrophes compared to artificial general intelligence safety
Kevin Wei,1,1,10.48550/arxiv.2305.07153,Towards best practices in AGI safety and governance,Towards best practices in AGI safety and governance: A survey of expert opinion
Kexu Wu,1,1,10.3386/w23928,Artificial Intelligence and Economic Growth,Artificial Intelligence and Economic Growth
Keyi Tang,1,1,10.1257/aer.20221215,Does the Squeaky Wheel Get More Grease? The Direct and…,Does the Squeaky Wheel Get More Grease? The Direct and Indirect Effects of Citizen Participation on Environmental Governance in China
Khagendra Subba,1,1,10.3386/w31208,Building Resilient Education Systems,Building Resilient Education Systems: Evidence from Large-Scale Randomized Trials in Five Countries
Khalid Fardousse,1,1,10.3386/w23928,Artificial Intelligence and Economic Growth,Artificial Intelligence and Economic Growth
Khatuna Akhalaia,1,1,10.1093/wbro/lkae010,The Effect of Lead Exposure on Children’s Learning in the…,The Effect of Lead Exposure on Children’s Learning in the Developing World: A Meta-Analysis
Khine Kyaw,1,1,10.3386/w31137,Biodiversity Risk,Biodiversity Risk
Kibrom A. Abay,1,1,10.3386/w28726,Selecting the Most Effective Nudge,Selecting the Most Effective Nudge: Evidence from a Large-Scale Experiment on Immunization
Kimberly Berg,1,1,10.3386/w32450,The Macroeconomic Impact of Climate Change,The Macroeconomic Impact of Climate Change: Global vs. Local Temperature
Kiparissenia Samara,1,1,10.3386/w31899,The Effect of Public Science on Corporate R&amp;D,The Effect of Public Science on Corporate R&amp;D
Kirsten M. McMillan,1,1,10.1111/conl.13077,Banning Wildlife Trade Can Boost the Unregulated Trade of Threatened…,Banning Wildlife Trade Can Boost the Unregulated Trade of Threatened Species
Kirun Sankaran,1,1,10.1257/pandp.20201017,Advance Market Commitments,Advance Market Commitments: Insights from Theory and Experience
Klaus Kümmerer,1,1,10.21203/rs.3.rs-3235955/v1,The global potential for natural regeneration in deforested tropical regions,The global potential for natural regeneration in deforested tropical regions
Koen Maaskant,1,1,10.3386/w23929,Effects of Emigration on Rural Labor Markets,Effects of Emigration on Rural Labor Markets
Koen Schoors,1,1,10.3386/w33018,Misperceptions and Demand for Democracy under Authoritarianism,Misperceptions and Demand for Democracy under Authoritarianism
Konstantin Büchel,1,1,10.3386/w31208,Building Resilient Education Systems,Building Resilient Education Systems: Evidence from Large-Scale Randomized Trials in Five Countries
Kosuke Inoue,1,1,10.3386/w28726,Selecting the Most Effective Nudge,Selecting the Most Effective Nudge: Evidence from a Large-Scale Experiment on Immunization
Kota Mameno,1,1,10.1111/conl.13077,Banning Wildlife Trade Can Boost the Unregulated Trade of Threatened…,Banning Wildlife Trade Can Boost the Unregulated Trade of Threatened Species
Kotamarti Sushanth,1,1,10.3386/w23928,Artificial Intelligence and Economic Growth,Artificial Intelligence and Economic Growth
Kreshnik Vukatana,1,1,10.3386/w23928,Artificial Intelligence and Economic Growth,Artificial Intelligence and Economic Growth
Krishna Kumar Yadav,1,1,10.3386/w30835,Water Treatment And Child Mortality,Water Treatment And Child Mortality: A Meta-Analysis And Cost-effectiveness Analysis
Kristin Kiesel,1,1,10.3386/w30740,"When do ""Nudges"" Increase Welfare?","When do ""Nudges"" Increase Welfare?"
Kristina Matuzevičiūtė,1,1,10.3386/w23928,Artificial Intelligence and Economic Growth,Artificial Intelligence and Economic Growth
Kristina Suchotzki,1,1,10.3386/w30011,"The Long-Run Effects of Psychotherapy on Depression, Beliefs, and Economic…","The Long-Run Effects of Psychotherapy on Depression, Beliefs, and Economic Outcomes"
Kultar Singh,1,1,10.3386/w28726,Selecting the Most Effective Nudge,Selecting the Most Effective Nudge: Evidence from a Large-Scale Experiment on Immunization
Kumari Smita,1,1,10.3386/w30011,"The Long-Run Effects of Psychotherapy on Depression, Beliefs, and Economic…","The Long-Run Effects of Psychotherapy on Depression, Beliefs, and Economic Outcomes"
Kun Yang,1,1,10.3386/w23928,Artificial Intelligence and Economic Growth,Artificial Intelligence and Economic Growth
Kyle J. Moon,1,1,10.2139/ssrn.4154000,How Effective Is (More) Money? Randomizing Unconditional Cash Transfer Amounts…,How Effective Is (More) Money? Randomizing Unconditional Cash Transfer Amounts in the US
Kyunam Kim,1,1,10.3386/w23928,Artificial Intelligence and Economic Growth,Artificial Intelligence and Economic Growth
L. Guillermo Woo-Mora,1,1,10.1093/ej/uead102,Do Celebrity Endorsements Matter? A Twitter Experiment Promoting Vaccination in…,Do Celebrity Endorsements Matter? A Twitter Experiment Promoting Vaccination in Indonesia
Lalitha Sundaram,1,1,10.1016/j.ijdrr.2022.102798,Long term cost-effectiveness of resilient foods for global catastrophes compared…,Long term cost-effectiveness of resilient foods for global catastrophes compared to artificial general intelligence safety
Lamiaa Fiala,1,1,10.3386/w32093,Cash Transfers for Child Development,Cash Transfers for Child Development: Experimental Evidence from India
Langtian Ma,1,1,10.48550/arxiv.2107.06476,Adaptability and the Pivot Penalty in Science,Adaptability and the Pivot Penalty in Science
Lara Bartels,1,1,10.3386/w30740,"When do ""Nudges"" Increase Welfare?","When do ""Nudges"" Increase Welfare?"
Larissa Lushniak,1,1,10.3386/w28726,Selecting the Most Effective Nudge,Selecting the Most Effective Nudge: Evidence from a Large-Scale Experiment on Immunization
Laura Boudreau,1,1,10.3386/w23929,Effects of Emigration on Rural Labor Markets,Effects of Emigration on Rural Labor Markets
Laura Cook,1,1,10.1016/j.ijdrr.2022.102798,Long term cost-effectiveness of resilient foods for global catastrophes compared…,Long term cost-effectiveness of resilient foods for global catastrophes compared to artificial general intelligence safety
Laura Levaggi,1,1,10.3386/w31272,Pharmaceutical Pricing and R&amp;D as a Global Public Good,Pharmaceutical Pricing and R&amp;D as a Global Public Good
Laura Schechter,1,1,10.3386/w28726,Selecting the Most Effective Nudge,Selecting the Most Effective Nudge: Evidence from a Large-Scale Experiment on Immunization
Laura Stilwell,1,1,10.2139/ssrn.4154000,How Effective Is (More) Money? Randomizing Unconditional Cash Transfer Amounts…,How Effective Is (More) Money? Randomizing Unconditional Cash Transfer Amounts in the US
Laura Veldkamp,1,1,10.3386/w23928,Artificial Intelligence and Economic Growth,Artificial Intelligence and Economic Growth
Laurel Krovetz,1,1,10.1257/aeri.20210612,Cognitive Behavioral Therapy among Ghana's Rural Poor Is Effective Regardless…,Cognitive Behavioral Therapy among Ghana's Rural Poor Is Effective Regardless of Baseline Mental Distress
Lauren Coad,1,1,10.1111/conl.13077,Banning Wildlife Trade Can Boost the Unregulated Trade of Threatened…,Banning Wildlife Trade Can Boost the Unregulated Trade of Threatened Species
Lauren Meyer,1,1,10.2139/ssrn.4154000,How Effective Is (More) Money? Randomizing Unconditional Cash Transfer Amounts…,How Effective Is (More) Money? Randomizing Unconditional Cash Transfer Amounts in the US
Laurence J. Kotlikoff,1,1,10.3386/w23928,Artificial Intelligence and Economic Growth,Artificial Intelligence and Economic Growth
Lawrence O. Gostin,1,1,10.3386/w26775,Advance Market Commitments,Advance Market Commitments: Insights from Theory and Experience
Lea Samek,1,1,10.3386/w23928,Artificial Intelligence and Economic Growth,Artificial Intelligence and Economic Growth
Leah R. Rosenzweig,1,1,10.3386/w28726,Selecting the Most Effective Nudge,Selecting the Most Effective Nudge: Evidence from a Large-Scale Experiment on Immunization
Leandra Scharnhorst,1,1,10.3386/w32450,The Macroeconomic Impact of Climate Change,The Macroeconomic Impact of Climate Change: Global vs. Local Temperature
Lee Crawfurd,1,1,10.3386/w30835,Water Treatment And Child Mortality,Water Treatment And Child Mortality: A Meta-Analysis And Cost-effectiveness Analysis
Lee Sharkey,1,1,10.48550/arxiv.2305.07153,Towards best practices in AGI safety and governance,Towards best practices in AGI safety and governance: A survey of expert opinion
Lefteris Andreadis,1,1,10.3386/w23928,Artificial Intelligence and Economic Growth,Artificial Intelligence and Economic Growth
Lei Lei,1,1,10.1257/aer.20221215,Does the Squeaky Wheel Get More Grease? The Direct and…,Does the Squeaky Wheel Get More Grease? The Direct and Indirect Effects of Citizen Participation on Environmental Governance in China
Lei Liu,1,1,10.3386/w30011,"The Long-Run Effects of Psychotherapy on Depression, Beliefs, and Economic…","The Long-Run Effects of Psychotherapy on Depression, Beliefs, and Economic Outcomes"
Lei Shi,1,1,10.1257/aer.20221215,Does the Squeaky Wheel Get More Grease? The Direct and…,Does the Squeaky Wheel Get More Grease? The Direct and Indirect Effects of Citizen Participation on Environmental Governance in China
Leland E. Farmer,1,1,10.1257/pandp.20201017,Advance Market Commitments,Advance Market Commitments: Insights from Theory and Experience
Lelys Dinarte-Diaz,1,1,10.3386/w28106,The Comparative Impact of Cash Transfers and a Psychotherapy Program…,The Comparative Impact of Cash Transfers and a Psychotherapy Program on Psychological and Economic Well-being
Lena Frischlich,1,1,10.3386/w30011,"The Long-Run Effects of Psychotherapy on Depression, Beliefs, and Economic…","The Long-Run Effects of Psychotherapy on Depression, Beliefs, and Economic Outcomes"
Leonard E. Egede,1,1,10.2139/ssrn.4154000,How Effective Is (More) Money? Randomizing Unconditional Cash Transfer Amounts…,How Effective Is (More) Money? Randomizing Unconditional Cash Transfer Amounts in the US
Leonardo M. Giuffrida,1,1,10.1257/pandp.20201017,Advance Market Commitments,Advance Market Commitments: Insights from Theory and Experience
Leonhard Vollmer,1,1,10.1093/ej/uead102,Do Celebrity Endorsements Matter? A Twitter Experiment Promoting Vaccination in…,Do Celebrity Endorsements Matter? A Twitter Experiment Promoting Vaccination in Indonesia
Leonie Koessler,1,1,10.48550/arxiv.2305.07153,Towards best practices in AGI safety and governance,Towards best practices in AGI safety and governance: A survey of expert opinion
Li Lin,1,1,10.1257/aer.20221215,Does the Squeaky Wheel Get More Grease? The Direct and…,Does the Squeaky Wheel Get More Grease? The Direct and Indirect Effects of Citizen Participation on Environmental Governance in China
Li Sun,1,1,10.1257/aer.20221215,Does the Squeaky Wheel Get More Grease? The Direct and…,Does the Squeaky Wheel Get More Grease? The Direct and Indirect Effects of Citizen Participation on Environmental Governance in China
Lianchao Yu,1,1,10.1257/aer.20221215,Does the Squeaky Wheel Get More Grease? The Direct and…,Does the Squeaky Wheel Get More Grease? The Direct and Indirect Effects of Citizen Participation on Environmental Governance in China
Liang Liu,1,1,10.3386/w23928,Artificial Intelligence and Economic Growth,Artificial Intelligence and Economic Growth
Liangke Liu,1,1,10.1257/aer.20221215,Does the Squeaky Wheel Get More Grease? The Direct and…,Does the Squeaky Wheel Get More Grease? The Direct and Indirect Effects of Citizen Participation on Environmental Governance in China
Liangyu Jiang,1,1,10.3386/w23928,Artificial Intelligence and Economic Growth,Artificial Intelligence and Economic Growth
Lichen Qiao,1,1,10.3386/w23928,Artificial Intelligence and Economic Growth,Artificial Intelligence and Economic Growth
Lienda Bashier Eltayeb,1,1,10.3386/w30835,Water Treatment And Child Mortality,Water Treatment And Child Mortality: A Meta-Analysis And Cost-effectiveness Analysis
Lifan Shi,1,1,10.3386/w23928,Artificial Intelligence and Economic Growth,Artificial Intelligence and Economic Growth
Lili Wang,1,1,10.3386/w23928,Artificial Intelligence and Economic Growth,Artificial Intelligence and Economic Growth
Lili Xia,1,1,10.1016/j.ijdrr.2022.102798,Long term cost-effectiveness of resilient foods for global catastrophes compared…,Long term cost-effectiveness of resilient foods for global catastrophes compared to artificial general intelligence safety
Lili Yan,1,1,10.1257/aer.20221215,Does the Squeaky Wheel Get More Grease? The Direct and…,Does the Squeaky Wheel Get More Grease? The Direct and Indirect Effects of Citizen Participation on Environmental Governance in China
Lilla Bánkuty-Balogh,1,1,10.3386/w23928,Artificial Intelligence and Economic Growth,Artificial Intelligence and Economic Growth
Lilla Sarolta Bánkuty-Balogh,1,1,10.3386/w23928,Artificial Intelligence and Economic Growth,Artificial Intelligence and Economic Growth
Limei Yang,1,1,10.1257/aer.20221215,Does the Squeaky Wheel Get More Grease? The Direct and…,Does the Squeaky Wheel Get More Grease? The Direct and Indirect Effects of Citizen Participation on Environmental Governance in China
Lin Ding,1,1,10.3386/w23928,Artificial Intelligence and Economic Growth,Artificial Intelligence and Economic Growth
Lin Feng,1,1,10.3386/w23929,Effects of Emigration on Rural Labor Markets,Effects of Emigration on Rural Labor Markets
Lin Guo,1,1,10.3386/w23928,Artificial Intelligence and Economic Growth,Artificial Intelligence and Economic Growth
Lin Li,1,1,10.1257/aer.20221215,Does the Squeaky Wheel Get More Grease? The Direct and…,Does the Squeaky Wheel Get More Grease? The Direct and Indirect Effects of Citizen Participation on Environmental Governance in China
Lin Yang,1,1,10.3386/w31554,Urban Forests,Urban Forests: Environmental Health Values and Risks
Lina Garšvienė,1,1,10.3386/w23928,Artificial Intelligence and Economic Growth,Artificial Intelligence and Economic Growth
Lina Torossian,1,1,10.3386/w31208,Building Resilient Education Systems,Building Resilient Education Systems: Evidence from Large-Scale Randomized Trials in Five Countries
Linda Ponta,1,1,10.3386/w23928,Artificial Intelligence and Economic Growth,Artificial Intelligence and Economic Growth
Ling Dai,1,1,10.1257/aer.20221215,Does the Squeaky Wheel Get More Grease? The Direct and…,Does the Squeaky Wheel Get More Grease? The Direct and Indirect Effects of Citizen Participation on Environmental Governance in China
Lingqian Kong,1,1,10.1257/aer.20221215,Does the Squeaky Wheel Get More Grease? The Direct and…,Does the Squeaky Wheel Get More Grease? The Direct and Indirect Effects of Citizen Participation on Environmental Governance in China
Lingxiao Yang,1,1,10.3386/w23928,Artificial Intelligence and Economic Growth,Artificial Intelligence and Economic Growth
Lingyun Chen,1,1,10.1257/aer.20221215,Does the Squeaky Wheel Get More Grease? The Direct and…,Does the Squeaky Wheel Get More Grease? The Direct and Indirect Effects of Citizen Participation on Environmental Governance in China
Ling‐Yun He,1,1,10.3386/w23928,Artificial Intelligence and Economic Growth,Artificial Intelligence and Economic Growth
Linh Tu Ho,1,1,10.3386/w23928,Artificial Intelligence and Economic Growth,Artificial Intelligence and Economic Growth
Linh Vu,1,1,10.2139/ssrn.3938994,Information Avoidance and Moral Behavior,Information Avoidance and Moral Behavior: Experimental Evidence from Food Choices
Linjie Feng,1,1,10.1257/aer.20221215,Does the Squeaky Wheel Get More Grease? The Direct and…,Does the Squeaky Wheel Get More Grease? The Direct and Indirect Effects of Citizen Participation on Environmental Governance in China
Lint Barrage,1,1,10.1257/aeri.20230431,Money (Not) to Burn,Money (Not) to Burn: Payments for Ecosystem Services to Reduce Crop Residue Burning
Lior Horesh,1,1,10.3386/w26752,Stagnation and Scientific Incentives,Stagnation and Scientific Incentives
Lirui Jiao,1,1,10.3386/w31137,Biodiversity Risk,Biodiversity Risk
Lisa Ho,1,1,10.3386/w28726,Selecting the Most Effective Nudge,Selecting the Most Effective Nudge: Evidence from a Large-Scale Experiment on Immunization
Lisa Rogge,1,1,10.3386/w28726,Selecting the Most Effective Nudge,Selecting the Most Effective Nudge: Evidence from a Large-Scale Experiment on Immunization
Lisa Sheenan,1,1,10.3386/w31137,Biodiversity Risk,Biodiversity Risk
Lise G. Bjerregaard,1,1,10.3386/w31162,Intergenerational Child Mortality Impacts of Deworming,Intergenerational Child Mortality Impacts of Deworming: Experimental Evidence from Two Decades of the Kenya Life Panel Survey
Lisen Arnheim‐Dahlström,1,1,10.3386/w28726,Selecting the Most Effective Nudge,Selecting the Most Effective Nudge: Evidence from a Large-Scale Experiment on Immunization
Lixin Zhang,1,1,10.3386/w23928,Artificial Intelligence and Economic Growth,Artificial Intelligence and Economic Growth
Liya Miao,1,1,10.3386/w23928,Artificial Intelligence and Economic Growth,Artificial Intelligence and Economic Growth
Liz Ota,1,1,10.21203/rs.3.rs-3235955/v1,The global potential for natural regeneration in deforested tropical regions,The global potential for natural regeneration in deforested tropical regions
Long Niu,1,1,10.1257/aer.20221215,Does the Squeaky Wheel Get More Grease? The Direct and…,Does the Squeaky Wheel Get More Grease? The Direct and Indirect Effects of Citizen Participation on Environmental Governance in China
Longpeng Zhang,1,1,10.3386/w23928,Artificial Intelligence and Economic Growth,Artificial Intelligence and Economic Growth
Longzheng Du,1,1,10.3386/w23928,Artificial Intelligence and Economic Growth,Artificial Intelligence and Economic Growth
Lorenzo Rodrigo Aldeco Leo,1,1,10.1257/aeri.20230431,Money (Not) to Burn,Money (Not) to Burn: Payments for Ecosystem Services to Reduce Crop Residue Burning
Louis J. Gross,1,1,10.3386/w32450,The Macroeconomic Impact of Climate Change,The Macroeconomic Impact of Climate Change: Global vs. Local Temperature
Louis Tay,1,1,10.2139/ssrn.4154000,How Effective Is (More) Money? Randomizing Unconditional Cash Transfer Amounts…,How Effective Is (More) Money? Randomizing Unconditional Cash Transfer Amounts in the US
Louis-Maël Jean,1,1,10.3386/w28726,Selecting the Most Effective Nudge,Selecting the Most Effective Nudge: Evidence from a Large-Scale Experiment on Immunization
Lourens Poorter,1,1,10.21203/rs.3.rs-3235955/v1,The global potential for natural regeneration in deforested tropical regions,The global potential for natural regeneration in deforested tropical regions
Luca Braghieri,1,1,10.1257/aeri.20210612,Cognitive Behavioral Therapy among Ghana's Rural Poor Is Effective Regardless…,Cognitive Behavioral Therapy among Ghana's Rural Poor Is Effective Regardless of Baseline Mental Distress
Luca Farè,1,1,10.3386/w23928,Artificial Intelligence and Economic Growth,Artificial Intelligence and Economic Growth
Luca Henkel,1,1,10.3386/w32073,Ends versus Means,"Ends versus Means: Kantians, Utilitarians, and Moral Decisions"
Luca Stella,1,1,10.3386/w23928,Artificial Intelligence and Economic Growth,Artificial Intelligence and Economic Growth
Lucas Hertzog,1,1,10.3386/w28106,The Comparative Impact of Cash Transfers and a Psychotherapy Program…,The Comparative Impact of Cash Transfers and a Psychotherapy Program on Psychological and Economic Well-being
Lucas Siga,1,1,10.3386/w31663,"Zero-Sum Environments, the Evolution of Effort-Suppressing Beliefs, and Economic…","Zero-Sum Environments, the Evolution of Effort-Suppressing Beliefs, and Economic Development"
Lucia A. Reisch,1,1,10.3386/w30740,"When do ""Nudges"" Increase Welfare?","When do ""Nudges"" Increase Welfare?"
Lucie Cluver,1,1,10.3386/w28106,The Comparative Impact of Cash Transfers and a Psychotherapy Program…,The Comparative Impact of Cash Transfers and a Psychotherapy Program on Psychological and Economic Well-being
Lucie Gadenne,1,1,10.3386/w32093,Cash Transfers for Child Development,Cash Transfers for Child Development: Experimental Evidence from India
Lucius Bushnaq,1,1,10.48550/arxiv.2305.07153,Towards best practices in AGI safety and governance,Towards best practices in AGI safety and governance: A survey of expert opinion
Lucius Caviola,1,1,10.1016/j.cognition.2021.104941,Population ethical intuitions,Population ethical intuitions
Lucy Amissah,1,1,10.21203/rs.3.rs-3235955/v1,The global potential for natural regeneration in deforested tropical regions,The global potential for natural regeneration in deforested tropical regions
Lucy Ogbu-Nwobodo,1,1,10.3386/w28726,Selecting the Most Effective Nudge,Selecting the Most Effective Nudge: Evidence from a Large-Scale Experiment on Immunization
Luis Hernando Romero Jiménez,1,1,10.21203/rs.3.rs-3235955/v1,The global potential for natural regeneration in deforested tropical regions,The global potential for natural regeneration in deforested tropical regions
Luisa Feline Freier,1,1,10.2139/ssrn.4154000,How Effective Is (More) Money? Randomizing Unconditional Cash Transfer Amounts…,How Effective Is (More) Money? Randomizing Unconditional Cash Transfer Amounts in the US
Lukas Bieringer,1,1,10.48550/arxiv.2305.07153,Towards best practices in AGI safety and governance,Towards best practices in AGI safety and governance: A survey of expert opinion
Lukas Bolte,1,1,10.3386/w30011,"The Long-Run Effects of Psychotherapy on Depression, Beliefs, and Economic…","The Long-Run Effects of Psychotherapy on Depression, Beliefs, and Economic Outcomes"
Lukas Brandl-Cheng,1,1,10.3386/w23928,Artificial Intelligence and Economic Growth,Artificial Intelligence and Economic Growth
Lukas Lehner,1,1,10.2139/ssrn.4154000,How Effective Is (More) Money? Randomizing Unconditional Cash Transfer Amounts…,How Effective Is (More) Money? Randomizing Unconditional Cash Transfer Amounts in the US
Lukas Zimmermann,1,1,10.3386/w31137,Biodiversity Risk,Biodiversity Risk
Luke Munford,1,1,10.3386/w30011,"The Long-Run Effects of Psychotherapy on Depression, Beliefs, and Economic…","The Long-Run Effects of Psychotherapy on Depression, Beliefs, and Economic Outcomes"
Luke R. Aldridge,1,1,10.3386/w30011,"The Long-Run Effects of Psychotherapy on Depression, Beliefs, and Economic…","The Long-Run Effects of Psychotherapy on Depression, Beliefs, and Economic Outcomes"
Luping Yu,1,1,10.3386/w31137,Biodiversity Risk,Biodiversity Risk
Lutz Bornmann,1,1,10.3386/w26752,Stagnation and Scientific Incentives,Stagnation and Scientific Incentives
M Stratinaki,1,1,10.2139/ssrn.4154000,How Effective Is (More) Money? Randomizing Unconditional Cash Transfer Amounts…,How Effective Is (More) Money? Randomizing Unconditional Cash Transfer Amounts in the US
M. Granger Morgan,1,1,10.1257/pandp.20201017,Advance Market Commitments,Advance Market Commitments: Insights from Theory and Experience
M. J. Guo,1,1,10.3386/w23928,Artificial Intelligence and Economic Growth,Artificial Intelligence and Economic Growth
M. L. Rivers,1,1,10.1016/j.ijdrr.2022.102798,Long term cost-effectiveness of resilient foods for global catastrophes compared…,Long term cost-effectiveness of resilient foods for global catastrophes compared to artificial general intelligence safety
M. Link,1,1,10.3386/w23928,Artificial Intelligence and Economic Growth,Artificial Intelligence and Economic Growth
M. S. Rahman,1,1,10.3386/w23928,Artificial Intelligence and Economic Growth,Artificial Intelligence and Economic Growth
M. Taha Kasim,1,1,10.1093/ej/uead102,Do Celebrity Endorsements Matter? A Twitter Experiment Promoting Vaccination in…,Do Celebrity Endorsements Matter? A Twitter Experiment Promoting Vaccination in Indonesia
M. Xu,1,1,10.1257/aer.20221215,Does the Squeaky Wheel Get More Grease? The Direct and…,Does the Squeaky Wheel Get More Grease? The Direct and Indirect Effects of Citizen Participation on Environmental Governance in China
M.A.G. von Keyserlingk,1,1,10.1080/21606544.2022.2138980,The animal welfare cost of meat,The animal welfare cost of meat: evidence from a survey of hypothetical scenarios among Belgian consumers
M.K.G. Abbas,1,1,10.3386/w30835,Water Treatment And Child Mortality,Water Treatment And Child Mortality: A Meta-Analysis And Cost-effectiveness Analysis
Mabel Machado López,1,1,10.3386/w23928,Artificial Intelligence and Economic Growth,Artificial Intelligence and Economic Growth
Maciej Jakubowski,1,1,10.3386/w31208,Building Resilient Education Systems,Building Resilient Education Systems: Evidence from Large-Scale Randomized Trials in Five Countries
Maciej Turała,1,1,10.3386/w23928,Artificial Intelligence and Economic Growth,Artificial Intelligence and Economic Growth
Mackenzie Arnold,1,1,10.48550/arxiv.2305.07153,Towards best practices in AGI safety and governance,Towards best practices in AGI safety and governance: A survey of expert opinion
Madeline Werthschulte,1,1,10.3386/w30740,"When do ""Nudges"" Increase Welfare?","When do ""Nudges"" Increase Welfare?"
Madelon Lohbeck,1,1,10.21203/rs.3.rs-3235955/v1,The global potential for natural regeneration in deforested tropical regions,The global potential for natural regeneration in deforested tropical regions
Magdalena Wache,1,1,10.1016/j.ijdrr.2022.102798,Long term cost-effectiveness of resilient foods for global catastrophes compared…,Long term cost-effectiveness of resilient foods for global catastrophes compared to artificial general intelligence safety
Magdolna Sass,1,1,10.3386/w23928,Artificial Intelligence and Economic Growth,Artificial Intelligence and Economic Growth
Maha Awjan Alreshidi,1,1,10.3386/w30835,Water Treatment And Child Mortality,Water Treatment And Child Mortality: A Meta-Analysis And Cost-effectiveness Analysis
Maha Kalai,1,1,10.3386/w23928,Artificial Intelligence and Economic Growth,Artificial Intelligence and Economic Growth
Mahamane L. Manzo,1,1,10.3386/w28726,Selecting the Most Effective Nudge,Selecting the Most Effective Nudge: Evidence from a Large-Scale Experiment on Immunization
Mahbubur Rahman,1,1,10.1093/wbro/lkae010,The Effect of Lead Exposure on Children’s Learning in the…,The Effect of Lead Exposure on Children’s Learning in the Developing World: A Meta-Analysis
Maheshwor Shrestha,1,1,10.3386/w28726,Selecting the Most Effective Nudge,Selecting the Most Effective Nudge: Evidence from a Large-Scale Experiment on Immunization
Mahmuda Mahmuda,1,1,10.3386/w28106,The Comparative Impact of Cash Transfers and a Psychotherapy Program…,The Comparative Impact of Cash Transfers and a Psychotherapy Program on Psychological and Economic Well-being
Mai Dong Tran,1,1,10.3386/w26752,Stagnation and Scientific Incentives,Stagnation and Scientific Incentives
Maja E. Marcus,1,1,10.3386/w28726,Selecting the Most Effective Nudge,Selecting the Most Effective Nudge: Evidence from a Large-Scale Experiment on Immunization
Maks Khomenko,1,1,10.3386/w26775,Advance Market Commitments,Advance Market Commitments: Insights from Theory and Experience
Malka N. Halgamuge,1,1,10.48550/arxiv.2305.07153,Towards best practices in AGI safety and governance,Towards best practices in AGI safety and governance: A survey of expert opinion
Mallikarjun Shankar,1,1,10.3386/w26752,Stagnation and Scientific Incentives,Stagnation and Scientific Incentives
Manas Kumar Yogi,1,1,10.3386/w31208,Building Resilient Education Systems,Building Resilient Education Systems: Evidence from Large-Scale Randomized Trials in Five Countries
Manaswini Rao,1,1,10.3386/w28726,Selecting the Most Effective Nudge,Selecting the Most Effective Nudge: Evidence from a Large-Scale Experiment on Immunization
Manfred Sneps-Sneppe,1,1,10.48550/arxiv.2305.07153,Towards best practices in AGI safety and governance,Towards best practices in AGI safety and governance: A survey of expert opinion
Mangadevi Atti,1,1,10.3386/w31208,Building Resilient Education Systems,Building Resilient Education Systems: Evidence from Large-Scale Randomized Trials in Five Countries
Manolis Chatzikonstantinou,1,1,10.3386/w23928,Artificial Intelligence and Economic Growth,Artificial Intelligence and Economic Growth
Maobin Wang,1,1,10.1257/aer.20221215,Does the Squeaky Wheel Get More Grease? The Direct and…,Does the Squeaky Wheel Get More Grease? The Direct and Indirect Effects of Citizen Participation on Environmental Governance in China
Maoliang Ye,1,1,10.3386/w28726,Selecting the Most Effective Nudge,Selecting the Most Effective Nudge: Evidence from a Large-Scale Experiment on Immunization
Maram Ahmed,1,1,10.1257/pandp.20201017,Advance Market Commitments,Advance Market Commitments: Insights from Theory and Experience
Marc Auboin,1,1,10.1257/pandp.20201017,Advance Market Commitments,Advance Market Commitments: Insights from Theory and Experience
Marc Edwards,1,1,10.3386/w26752,Stagnation and Scientific Incentives,Stagnation and Scientific Incentives
Marc Scheufen,1,1,10.3386/w23928,Artificial Intelligence and Economic Growth,Artificial Intelligence and Economic Growth
Marc T. Kiviniemi,1,1,10.2139/ssrn.3938994,Information Avoidance and Moral Behavior,Information Avoidance and Moral Behavior: Experimental Evidence from Food Choices
Marcel Knöchelmann,1,1,10.3386/w26752,Stagnation and Scientific Incentives,Stagnation and Scientific Incentives
Marcel Llavero‐Pasquina,1,1,10.3386/w32450,The Macroeconomic Impact of Climate Change,The Macroeconomic Impact of Climate Change: Global vs. Local Temperature
Marcello Nieddu,1,1,10.3386/w23928,Artificial Intelligence and Economic Growth,Artificial Intelligence and Economic Growth
Marcelo Villa‐Piñeros,1,1,10.21203/rs.3.rs-3235955/v1,The global potential for natural regeneration in deforested tropical regions,The global potential for natural regeneration in deforested tropical regions
Marco Iansiti,1,1,10.3386/w23928,Artificial Intelligence and Economic Growth,Artificial Intelligence and Economic Growth
Marco Raberto,1,1,10.3386/w23928,Artificial Intelligence and Economic Growth,Artificial Intelligence and Economic Growth
Marco Savorgnan,1,1,10.3386/w23928,Artificial Intelligence and Economic Growth,Artificial Intelligence and Economic Growth
Marcus Maurer,1,1,10.1093/ej/uead102,Do Celebrity Endorsements Matter? A Twitter Experiment Promoting Vaccination in…,Do Celebrity Endorsements Matter? A Twitter Experiment Promoting Vaccination in Indonesia
Margaret Hamburg,1,1,10.3386/w26775,Advance Market Commitments,Advance Market Commitments: Insights from Theory and Experience
Margaret Skutsch,1,1,10.3386/w31137,Biodiversity Risk,Biodiversity Risk
Margarita Leib,1,1,10.2139/ssrn.3938994,Information Avoidance and Moral Behavior,Information Avoidance and Moral Behavior: Experimental Evidence from Food Choices
Margot Neyret,1,1,10.3386/w31554,Urban Forests,Urban Forests: Environmental Health Values and Risks
Marguerita Lane,1,1,10.3386/w23928,Artificial Intelligence and Economic Growth,Artificial Intelligence and Economic Growth
Maria Julia de Lima Brossi,1,1,10.1016/j.ijdrr.2022.102798,Long term cost-effectiveness of resilient foods for global catastrophes compared…,Long term cost-effectiveness of resilient foods for global catastrophes compared to artificial general intelligence safety
Maria Loreto Biehl,1,1,10.3386/w31208,Building Resilient Education Systems,Building Resilient Education Systems: Evidence from Large-Scale Randomized Trials in Five Countries
Maria von Salisch,1,1,10.21203/rs.3.rs-3235955/v1,The global potential for natural regeneration in deforested tropical regions,The global potential for natural regeneration in deforested tropical regions
Marian Stamp Dawkins,1,1,10.1080/21606544.2022.2138980,The animal welfare cost of meat,The animal welfare cost of meat: evidence from a survey of hypothetical scenarios among Belgian consumers
Marie Kammer,1,1,10.3386/w31354,The Benefits and Costs of Guest Worker Programs,The Benefits and Costs of Guest Worker Programs: Experimental Evidence from the India-UAE Migration Corridor
Marina M.S. Cabral-Pinto,1,1,10.3386/w30835,Water Treatment And Child Mortality,Water Treatment And Child Mortality: A Meta-Analysis And Cost-effectiveness Analysis
Marina Schmoeller,1,1,10.21203/rs.3.rs-3235955/v1,The global potential for natural regeneration in deforested tropical regions,The global potential for natural regeneration in deforested tropical regions
Marine Casalis,1,1,10.1257/aeri.20210612,Cognitive Behavioral Therapy among Ghana's Rural Poor Is Effective Regardless…,Cognitive Behavioral Therapy among Ghana's Rural Poor Is Effective Regardless of Baseline Mental Distress
Mario Benassi,1,1,10.3386/w23928,Artificial Intelligence and Economic Growth,Artificial Intelligence and Economic Growth
Mario Macis,1,1,10.3386/w28726,Selecting the Most Effective Nudge,Selecting the Most Effective Nudge: Evidence from a Large-Scale Experiment on Immunization
Mario Schmidt,1,1,10.3386/w28106,The Comparative Impact of Cash Transfers and a Psychotherapy Program…,The Comparative Impact of Cash Transfers and a Psychotherapy Program on Psychological and Economic Well-being
Marius Hobbhahn,1,1,10.48550/arxiv.2305.07153,Towards best practices in AGI safety and governance,Towards best practices in AGI safety and governance: A survey of expert opinion
Marjorie Jauregui,1,1,10.1016/j.ijdrr.2022.102798,Long term cost-effectiveness of resilient foods for global catastrophes compared…,Long term cost-effectiveness of resilient foods for global catastrophes compared to artificial general intelligence safety
Mark A. Chen,1,1,10.3386/w23928,Artificial Intelligence and Economic Growth,Artificial Intelligence and Economic Growth
Mark Andor,1,1,10.3386/w32728,A Welfare Analysis of Policies Impacting Climate Change,A Welfare Analysis of Policies Impacting Climate Change
Mark Budolfson,1,1,10.1080/21606544.2022.2138980,The animal welfare cost of meat,The animal welfare cost of meat: evidence from a survey of hypothetical scenarios among Belgian consumers
Mark Buntaine,1,1,10.1257/aer.20221215,Does the Squeaky Wheel Get More Grease? The Direct and…,Does the Squeaky Wheel Get More Grease? The Direct and Indirect Effects of Citizen Participation on Environmental Governance in China
Mark Engelbert,1,1,10.1257/pandp.20201017,Advance Market Commitments,Advance Market Commitments: Insights from Theory and Experience
Mark Rider,1,1,10.1093/ej/uead102,Do Celebrity Endorsements Matter? A Twitter Experiment Promoting Vaccination in…,Do Celebrity Endorsements Matter? A Twitter Experiment Promoting Vaccination in Indonesia
Mark Shepard,1,1,10.3386/w30740,"When do ""Nudges"" Increase Welfare?","When do ""Nudges"" Increase Welfare?"
Markus Anderljung,1,1,10.48550/arxiv.2305.07153,Towards best practices in AGI safety and governance,Towards best practices in AGI safety and governance: A survey of expert opinion
Markus Baer,1,1,10.3386/w26752,Stagnation and Scientific Incentives,Stagnation and Scientific Incentives
Markus Goldstein,1,1,10.3386/w28106,The Comparative Impact of Cash Transfers and a Psychotherapy Program…,The Comparative Impact of Cash Transfers and a Psychotherapy Program on Psychological and Economic Well-being
Marshall Burke,1,1,10.3386/w32450,The Macroeconomic Impact of Climate Change,The Macroeconomic Impact of Climate Change: Global vs. Local Temperature
Marta Götz,1,1,10.3386/w23928,Artificial Intelligence and Economic Growth,Artificial Intelligence and Economic Growth
Martin Bækgaard,1,1,10.2139/ssrn.4154000,How Effective Is (More) Money? Randomizing Unconditional Cash Transfer Amounts…,How Effective Is (More) Money? Randomizing Unconditional Cash Transfer Amounts in the US
Martin Förster,1,1,10.3386/w31272,Pharmaceutical Pricing and R&amp;D as a Global Public Good,Pharmaceutical Pricing and R&amp;D as a Global Public Good
Martin Hedlund,1,1,10.3386/w26752,Stagnation and Scientific Incentives,Stagnation and Scientific Incentives
Martin J. Field,1,1,10.3386/w28106,The Comparative Impact of Cash Transfers and a Psychotherapy Program…,The Comparative Impact of Cash Transfers and a Psychotherapy Program on Psychological and Economic Well-being
Martin Obschonka,1,1,10.3386/w23928,Artificial Intelligence and Economic Growth,Artificial Intelligence and Economic Growth
Martin Schindler,1,1,10.3386/w23928,Artificial Intelligence and Economic Growth,Artificial Intelligence and Economic Growth
Martina Bisello,1,1,10.3386/w23928,Artificial Intelligence and Economic Growth,Artificial Intelligence and Economic Growth
Martina Kirchberger,1,1,10.3386/w23929,Effects of Emigration on Rural Labor Markets,Effects of Emigration on Rural Labor Markets
Marvin Gleue,1,1,10.2139/ssrn.3938994,Information Avoidance and Moral Behavior,Information Avoidance and Moral Behavior: Experimental Evidence from Food Choices
Mary Merva,1,1,10.3386/w23928,Artificial Intelligence and Economic Growth,Artificial Intelligence and Economic Growth
Maryanne Schretzman,1,1,10.2139/ssrn.4154000,How Effective Is (More) Money? Randomizing Unconditional Cash Transfer Amounts…,How Effective Is (More) Money? Randomizing Unconditional Cash Transfer Amounts in the US
María Eugenia Sanin,1,1,10.3386/w31137,Biodiversity Risk,Biodiversity Risk
María José Escartí Fabra,1,1,10.3386/w23928,Artificial Intelligence and Economic Growth,Artificial Intelligence and Economic Growth
María Mendoza Michilot,1,1,10.3386/w23928,Artificial Intelligence and Economic Growth,Artificial Intelligence and Economic Growth
María Montoya-Aguirre,1,1,10.1093/ej/uead102,Do Celebrity Endorsements Matter? A Twitter Experiment Promoting Vaccination in…,Do Celebrity Endorsements Matter? A Twitter Experiment Promoting Vaccination in Indonesia
María T. Soto-Sanfiel,1,1,10.3386/w23928,Artificial Intelligence and Economic Growth,Artificial Intelligence and Economic Growth
María de la Iglesia-Vayá,1,1,10.3386/w23928,Artificial Intelligence and Economic Growth,Artificial Intelligence and Economic Growth
Masamine Jimba,1,1,10.3386/w28726,Selecting the Most Effective Nudge,Selecting the Most Effective Nudge: Evidence from a Large-Scale Experiment on Immunization
Massimiliano Caporin,1,1,10.3386/w31137,Biodiversity Risk,Biodiversity Risk
Mateusz Smoter,1,1,10.1093/ej/uead102,Do Celebrity Endorsements Matter? A Twitter Experiment Promoting Vaccination in…,Do Celebrity Endorsements Matter? A Twitter Experiment Promoting Vaccination in Indonesia
Mathieu Decuyper,1,1,10.21203/rs.3.rs-3235955/v1,The global potential for natural regeneration in deforested tropical regions,The global potential for natural regeneration in deforested tropical regions
Mathieu Guigourez,1,1,10.3386/w32073,Ends versus Means,"Ends versus Means: Kantians, Utilitarians, and Moral Decisions"
Mathilde Pak,1,1,10.3386/w23928,Artificial Intelligence and Economic Growth,Artificial Intelligence and Economic Growth
Matilde Bombardini,1,1,10.3386/w32728,A Welfare Analysis of Policies Impacting Climate Change,A Welfare Analysis of Policies Impacting Climate Change
Matilde Giaccherini,1,1,10.3386/w30740,"When do ""Nudges"" Increase Welfare?","When do ""Nudges"" Increase Welfare?"
Matt Boyd,1,1,10.1016/j.ijdrr.2022.102798,Long term cost-effectiveness of resilient foods for global catastrophes compared…,Long term cost-effectiveness of resilient foods for global catastrophes compared to artificial general intelligence safety
Matt Goldman,1,1,10.3386/w28726,Selecting the Most Effective Nudge,Selecting the Most Effective Nudge: Evidence from a Large-Scale Experiment on Immunization
Matt Sutton,1,1,10.3386/w30011,"The Long-Run Effects of Psychotherapy on Depression, Beliefs, and Economic…","The Long-Run Effects of Psychotherapy on Depression, Beliefs, and Economic Outcomes"
Matt Taddy,1,1,10.3386/w28726,Selecting the Most Effective Nudge,Selecting the Most Effective Nudge: Evidence from a Large-Scale Experiment on Immunization
Matteo Crosignani,1,1,10.3386/w31137,Biodiversity Risk,Biodiversity Risk
Matthew A. Turner,1,1,10.1257/aeri.20230431,Money (Not) to Burn,Money (Not) to Burn: Payments for Ecosystem Services to Reduce Crop Residue Burning
Matthew Bird,1,1,10.2139/ssrn.4154000,How Effective Is (More) Money? Randomizing Unconditional Cash Transfer Amounts…,How Effective Is (More) Money? Randomizing Unconditional Cash Transfer Amounts in the US
Matthew Freedman,1,1,10.2139/ssrn.4154000,How Effective Is (More) Money? Randomizing Unconditional Cash Transfer Amounts…,How Effective Is (More) Money? Randomizing Unconditional Cash Transfer Amounts in the US
Matthew Gustafson,1,1,10.3386/w31137,Biodiversity Risk,Biodiversity Risk
Matthew Mitchell,1,1,10.1093/ej/uead102,Do Celebrity Endorsements Matter? A Twitter Experiment Promoting Vaccination in…,Do Celebrity Endorsements Matter? A Twitter Experiment Promoting Vaccination in Indonesia
Matthew Ridley,1,1,10.3386/w28106,The Comparative Impact of Cash Transfers and a Psychotherapy Program…,The Comparative Impact of Cash Transfers and a Psychotherapy Program on Psychological and Economic Well-being
Matí­as Busso,1,1,10.3386/w30624,Legalizing Entrepreneurship,Legalizing Entrepreneurship
Maurizio Bussolo,1,1,10.3386/w28726,Selecting the Most Effective Nudge,Selecting the Most Effective Nudge: Evidence from a Large-Scale Experiment on Immunization
Maurizio Zanardi,1,1,10.1093/ej/uead102,Do Celebrity Endorsements Matter? A Twitter Experiment Promoting Vaccination in…,Do Celebrity Endorsements Matter? A Twitter Experiment Promoting Vaccination in Indonesia
Mauro Mazzocut,1,1,10.3386/w26752,Stagnation and Scientific Incentives,Stagnation and Scientific Incentives
Max Alexander Matthey,1,1,10.1257/pandp.20201017,Advance Market Commitments,Advance Market Commitments: Insights from Theory and Experience
Max Berg,1,1,10.3386/w30011,"The Long-Run Effects of Psychotherapy on Depression, Beliefs, and Economic…","The Long-Run Effects of Psychotherapy on Depression, Beliefs, and Economic Outcomes"
Max Kleinebrahm,1,1,10.3386/w32450,The Macroeconomic Impact of Climate Change,The Macroeconomic Impact of Climate Change: Global vs. Local Temperature
Maximilian Lackner,1,1,10.1016/j.ijdrr.2022.102798,Long term cost-effectiveness of resilient foods for global catastrophes compared…,Long term cost-effectiveness of resilient foods for global catastrophes compared to artificial general intelligence safety
Maximilian Maier,1,1,10.1016/j.cognition.2021.104941,Population ethical intuitions,Population ethical intuitions
Maximilian Maydanchik,1,1,10.3386/w32728,A Welfare Analysis of Policies Impacting Climate Change,A Welfare Analysis of Policies Impacting Climate Change
Maximilian Mihm,1,1,10.3386/w31663,"Zero-Sum Environments, the Evolution of Effort-Suppressing Beliefs, and Economic…","Zero-Sum Environments, the Evolution of Effort-Suppressing Beliefs, and Economic Development"
Maya B Mathur,1,1,10.2139/ssrn.3938994,Information Avoidance and Moral Behavior,Information Avoidance and Moral Behavior: Experimental Evidence from Food Choices
Md Noman Hossain,1,1,10.3386/w31137,Biodiversity Risk,Biodiversity Risk
Md Rajib Kamal,1,1,10.3386/w31137,Biodiversity Risk,Biodiversity Risk
Md. Ahasan Habib,1,1,10.3386/w30835,Water Treatment And Child Mortality,Water Treatment And Child Mortality: A Meta-Analysis And Cost-effectiveness Analysis
Md. Mir Abu Raihan,1,1,10.3386/w30835,Water Treatment And Child Mortality,Water Treatment And Child Mortality: A Meta-Analysis And Cost-effectiveness Analysis
Meagan Pilar,1,1,10.3386/w28726,Selecting the Most Effective Nudge,Selecting the Most Effective Nudge: Evidence from a Large-Scale Experiment on Immunization
Meaghan Stacy,1,1,10.3386/w28106,The Comparative Impact of Cash Transfers and a Psychotherapy Program…,The Comparative Impact of Cash Transfers and a Psychotherapy Program on Psychological and Economic Well-being
Meera Mahadevan,1,1,10.1257/aeri.20230431,Money (Not) to Burn,Money (Not) to Burn: Payments for Ecosystem Services to Reduce Crop Residue Burning
Megan Lang,1,1,10.3386/w28106,The Comparative Impact of Cash Transfers and a Psychotherapy Program…,The Comparative Impact of Cash Transfers and a Psychotherapy Program on Psychological and Economic Well-being
Mehdi Raissi,1,1,10.3386/w32450,The Macroeconomic Impact of Climate Change,The Macroeconomic Impact of Climate Change: Global vs. Local Temperature
Mehmet Akif Destek,1,1,10.3386/w23928,Artificial Intelligence and Economic Growth,Artificial Intelligence and Economic Growth
Mehran Ullah,1,1,10.48550/arxiv.2305.07153,Towards best practices in AGI safety and governance,Towards best practices in AGI safety and governance: A survey of expert opinion
Mei-e Xie,1,1,10.3386/w23928,Artificial Intelligence and Economic Growth,Artificial Intelligence and Economic Growth
Meilin Jin,1,1,10.1257/aer.20221215,Does the Squeaky Wheel Get More Grease? The Direct and…,Does the Squeaky Wheel Get More Grease? The Direct and Indirect Effects of Citizen Participation on Environmental Governance in China
Melanie I. Stefan,1,1,10.3386/w26752,Stagnation and Scientific Incentives,Stagnation and Scientific Incentives
Melina Moleskis,1,1,10.2139/ssrn.4154000,How Effective Is (More) Money? Randomizing Unconditional Cash Transfer Amounts…,How Effective Is (More) Money? Randomizing Unconditional Cash Transfer Amounts in the US
Melissa Graboyes,1,1,10.3386/w28726,Selecting the Most Effective Nudge,Selecting the Most Effective Nudge: Evidence from a Large-Scale Experiment on Immunization
Meltem Ikinci,1,1,10.2139/ssrn.4154000,How Effective Is (More) Money? Randomizing Unconditional Cash Transfer Amounts…,How Effective Is (More) Money? Randomizing Unconditional Cash Transfer Amounts in the US
Meng Du,1,1,10.3386/w23928,Artificial Intelligence and Economic Growth,Artificial Intelligence and Economic Growth
Mengmeng Xie,1,1,10.3386/w23928,Artificial Intelligence and Economic Growth,Artificial Intelligence and Economic Growth
Mengting Chen,1,1,10.3386/w32728,A Welfare Analysis of Policies Impacting Climate Change,A Welfare Analysis of Policies Impacting Climate Change
Mengxia Yang,1,1,10.3386/w31899,The Effect of Public Science on Corporate R&amp;D,The Effect of Public Science on Corporate R&amp;D
Mengxu Li,1,1,10.1257/aer.20221215,Does the Squeaky Wheel Get More Grease? The Direct and…,Does the Squeaky Wheel Get More Grease? The Direct and Indirect Effects of Citizen Participation on Environmental Governance in China
Merter Mert,1,1,10.3386/w23928,Artificial Intelligence and Economic Growth,Artificial Intelligence and Economic Growth
Miaomiao Liu,1,1,10.1257/aer.20221215,Does the Squeaky Wheel Get More Grease? The Direct and…,Does the Squeaky Wheel Get More Grease? The Direct and Indirect Effects of Citizen Participation on Environmental Governance in China
Michael Aird,1,1,10.48550/arxiv.2305.07153,Towards best practices in AGI safety and governance,Towards best practices in AGI safety and governance: A survey of expert opinion
Michael B. Fisher,1,1,10.1093/wbro/lkae010,The Effect of Lead Exposure on Children’s Learning in the…,The Effect of Lead Exposure on Children’s Learning in the Developing World: A Meta-Analysis
Michael Cuna,1,1,10.3386/w32093,Cash Transfers for Child Development,Cash Transfers for Child Development: Experimental Evidence from India
Michael Gofman,1,1,10.3386/w23928,Artificial Intelligence and Economic Growth,Artificial Intelligence and Economic Growth
Michael Greene,1,1,10.2139/ssrn.4154000,How Effective Is (More) Money? Randomizing Unconditional Cash Transfer Amounts…,How Effective Is (More) Money? Randomizing Unconditional Cash Transfer Amounts in the US
Michael Kubach,1,1,10.3386/w23928,Artificial Intelligence and Economic Growth,Artificial Intelligence and Economic Growth
Michael Mies,1,1,10.3386/w31137,Biodiversity Risk,Biodiversity Risk
Michael Park,1,1,10.3386/w26752,Stagnation and Scientific Incentives,Stagnation and Scientific Incentives
Michael R. Carter,1,1,10.1257/aeri.20210612,Cognitive Behavioral Therapy among Ghana's Rural Poor Is Effective Regardless…,Cognitive Behavioral Therapy among Ghana's Rural Poor Is Effective Regardless of Baseline Mental Distress
Michael Ricks,1,1,10.3386/w32728,A Welfare Analysis of Policies Impacting Climate Change,A Welfare Analysis of Policies Impacting Climate Change
Michael Rochlitz,1,1,10.3386/w33018,Misperceptions and Demand for Democracy under Authoritarianism,Misperceptions and Demand for Democracy under Authoritarianism
Michael Siegrist,1,1,10.2139/ssrn.3938994,Information Avoidance and Moral Behavior,Information Avoidance and Moral Behavior: Experimental Evidence from Food Choices
Michael Urselmann,1,1,10.1287/mnsc.2020.00596,Does Online Fundraising Increase Charitable Giving? A Nationwide Field Experimen…,Does Online Fundraising Increase Charitable Giving? A Nationwide Field Experiment on Facebook
Michael Zaehringer,1,1,10.3386/w32450,The Macroeconomic Impact of Climate Change,The Macroeconomic Impact of Climate Change: Global vs. Local Temperature
Michal Bauer,1,1,10.3386/w28726,Selecting the Most Effective Nudge,Selecting the Most Effective Nudge: Evidence from a Large-Scale Experiment on Immunization
Michal Usowicz,1,1,10.3386/w30835,Water Treatment And Child Mortality,Water Treatment And Child Mortality: A Meta-Analysis And Cost-effectiveness Analysis
Micheal Ainomugisha,1,1,10.3386/w31208,Building Resilient Education Systems,Building Resilient Education Systems: Evidence from Large-Scale Randomized Trials in Five Countries
Michele Veldsman,1,1,10.3386/w26752,Stagnation and Scientific Incentives,Stagnation and Scientific Incentives
Michelle Cherian,1,1,10.3386/w30835,Water Treatment And Child Mortality,Water Treatment And Child Mortality: A Meta-Analysis And Cost-effectiveness Analysis
Michelle G. Craske,1,1,10.3386/w30011,"The Long-Run Effects of Psychotherapy on Depression, Beliefs, and Economic…","The Long-Run Effects of Psychotherapy on Depression, Beliefs, and Economic Outcomes"
Michelle Lee,1,1,10.3386/w31554,Urban Forests,Urban Forests: Environmental Health Values and Risks
Miguel Clavero,1,1,10.1111/conl.13077,Banning Wildlife Trade Can Boost the Unregulated Trade of Threatened…,Banning Wildlife Trade Can Boost the Unregulated Trade of Threatened Species
Miguel I. Gómez,1,1,10.1257/pandp.20201017,Advance Market Commitments,Advance Market Commitments: Insights from Theory and Experience
Miguel Martínez‐Ramos,1,1,10.21203/rs.3.rs-3235955/v1,The global potential for natural regeneration in deforested tropical regions,The global potential for natural regeneration in deforested tropical regions
Miguel Székely,1,1,10.1257/pandp.20201017,Advance Market Commitments,Advance Market Commitments: Insights from Theory and Experience
Mihaï Tivadar,1,1,10.3386/w31554,Urban Forests,Urban Forests: Environmental Health Values and Risks
Mika Kunieda,1,1,10.3386/w28726,Selecting the Most Effective Nudge,Selecting the Most Effective Nudge: Evidence from a Large-Scale Experiment on Immunization
Mikel Berdud,1,1,10.1257/pandp.20201017,Advance Market Commitments,Advance Market Commitments: Insights from Theory and Experience
Mikita Balesni,1,1,10.48550/arxiv.2305.07153,Towards best practices in AGI safety and governance,Towards best practices in AGI safety and governance: A survey of expert opinion
Milena Bainduri,1,1,10.1093/wbro/lkae010,The Effect of Lead Exposure on Children’s Learning in the…,The Effect of Lead Exposure on Children’s Learning in the Developing World: A Meta-Analysis
Milojko Arsić,1,1,10.3386/w23928,Artificial Intelligence and Economic Growth,Artificial Intelligence and Economic Growth
Milton Calderón,1,1,10.3386/w31208,Building Resilient Education Systems,Building Resilient Education Systems: Evidence from Large-Scale Randomized Trials in Five Countries
Min Hu,1,1,10.3386/w30011,"The Long-Run Effects of Psychotherapy on Depression, Beliefs, and Economic…","The Long-Run Effects of Psychotherapy on Depression, Beliefs, and Economic Outcomes"
Min Sok Lee,1,1,10.3386/w23929,Effects of Emigration on Rural Labor Markets,Effects of Emigration on Rural Labor Markets
Min Song,1,1,10.1257/aer.20221215,Does the Squeaky Wheel Get More Grease? The Direct and…,Does the Squeaky Wheel Get More Grease? The Direct and Indirect Effects of Citizen Participation on Environmental Governance in China
Min Zheng,1,1,10.3386/w23928,Artificial Intelligence and Economic Growth,Artificial Intelligence and Economic Growth
Minchun Han,1,1,10.3386/w23928,Artificial Intelligence and Economic Growth,Artificial Intelligence and Economic Growth
Ming Chen,1,1,10.1257/aer.20221215,Does the Squeaky Wheel Get More Grease? The Direct and…,Does the Squeaky Wheel Get More Grease? The Direct and Indirect Effects of Citizen Participation on Environmental Governance in China
Ming Li,1,1,10.3386/w23929,Effects of Emigration on Rural Labor Markets,Effects of Emigration on Rural Labor Markets
Ming Zhang,1,1,10.1257/aer.20221215,Does the Squeaky Wheel Get More Grease? The Direct and…,Does the Squeaky Wheel Get More Grease? The Direct and Indirect Effects of Citizen Participation on Environmental Governance in China
Mingchuan Yu,1,1,10.3386/w23928,Artificial Intelligence and Economic Growth,Artificial Intelligence and Economic Growth
Mingming Jiang,1,1,10.1257/aer.20221215,Does the Squeaky Wheel Get More Grease? The Direct and…,Does the Squeaky Wheel Get More Grease? The Direct and Indirect Effects of Citizen Participation on Environmental Governance in China
Mingxiao Dai,1,1,10.1257/aer.20221215,Does the Squeaky Wheel Get More Grease? The Direct and…,Does the Squeaky Wheel Get More Grease? The Direct and Indirect Effects of Citizen Participation on Environmental Governance in China
Minhao Chen,1,1,10.1257/aer.20221215,Does the Squeaky Wheel Get More Grease? The Direct and…,Does the Squeaky Wheel Get More Grease? The Direct and Indirect Effects of Citizen Participation on Environmental Governance in China
Mireia Jofre‐Bonet,1,1,10.1257/pandp.20201017,Advance Market Commitments,Advance Market Commitments: Insights from Theory and Experience
Miriam Gade,1,1,10.3386/w30011,"The Long-Run Effects of Psychotherapy on Depression, Beliefs, and Economic…","The Long-Run Effects of Psychotherapy on Depression, Beliefs, and Economic Outcomes"
Miriam Marra,1,1,10.3386/w31137,Biodiversity Risk,Biodiversity Risk
Miriam Sequeira,1,1,10.1257/aeri.20210612,Cognitive Behavioral Therapy among Ghana's Rural Poor Is Effective Regardless…,Cognitive Behavioral Therapy among Ghana's Rural Poor Is Effective Regardless of Baseline Mental Distress
Miriam Wüst,1,1,10.3386/w31162,Intergenerational Child Mortality Impacts of Deworming,Intergenerational Child Mortality Impacts of Deworming: Experimental Evidence from Two Decades of the Kenya Life Panel Survey
Mitchell Hoffman,1,1,10.3386/w23928,Artificial Intelligence and Economic Growth,Artificial Intelligence and Economic Growth
Mohamed Ali Trabelsi,1,1,10.3386/w23928,Artificial Intelligence and Economic Growth,Artificial Intelligence and Economic Growth
Mohamed Wahbi,1,1,10.3386/w23928,Artificial Intelligence and Economic Growth,Artificial Intelligence and Economic Growth
Mohammad Abdul Awal Miah,1,1,10.3386/w28106,The Comparative Impact of Cash Transfers and a Psychotherapy Program…,The Comparative Impact of Cash Transfers and a Psychotherapy Program on Psychological and Economic Well-being
Mohammad Ali Al-Afeef,1,1,10.3386/w28106,The Comparative Impact of Cash Transfers and a Psychotherapy Program…,The Comparative Impact of Cash Transfers and a Psychotherapy Program on Psychological and Economic Well-being
Mohammad M. Herzallah,1,1,10.3386/w30011,"The Long-Run Effects of Psychotherapy on Depression, Beliefs, and Economic…","The Long-Run Effects of Psychotherapy on Depression, Beliefs, and Economic Outcomes"
Mohammed Akallouch,1,1,10.3386/w23928,Artificial Intelligence and Economic Growth,Artificial Intelligence and Economic Growth
Mohammed Ben Ahmed,1,1,10.3386/w23928,Artificial Intelligence and Economic Growth,Artificial Intelligence and Economic Growth
Mohammed Mohsin,1,1,10.3386/w28106,The Comparative Impact of Cash Transfers and a Psychotherapy Program…,The Comparative Impact of Cash Transfers and a Psychotherapy Program on Psychological and Economic Well-being
Mohit Sood,1,1,10.3386/w30011,"The Long-Run Effects of Psychotherapy on Depression, Beliefs, and Economic…","The Long-Run Effects of Psychotherapy on Depression, Beliefs, and Economic Outcomes"
Moitshepi Matsheng,1,1,10.3386/w31208,Building Resilient Education Systems,Building Resilient Education Systems: Evidence from Large-Scale Randomized Trials in Five Countries
Molly Frazer,1,1,10.1257/pandp.20201017,Advance Market Commitments,Advance Market Commitments: Insights from Theory and Experience
Monica Singhal,1,1,10.3386/w32093,Cash Transfers for Child Development,Cash Transfers for Child Development: Experimental Evidence from India
Monika K. Rabarison,1,1,10.3386/w31137,Biodiversity Risk,Biodiversity Risk
Mosa Moshabela,1,1,10.3386/w28726,Selecting the Most Effective Nudge,Selecting the Most Effective Nudge: Evidence from a Large-Scale Experiment on Immunization
Moshe Tennenholtz,1,1,10.3386/w23928,Artificial Intelligence and Economic Growth,Artificial Intelligence and Economic Growth
Mouhcine Guettabi,1,1,10.2139/ssrn.4154000,How Effective Is (More) Money? Randomizing Unconditional Cash Transfer Amounts…,How Effective Is (More) Money? Randomizing Unconditional Cash Transfer Amounts in the US
Muhammad Awais Akbar,1,1,10.48550/arxiv.2305.07153,Towards best practices in AGI safety and governance,Towards best practices in AGI safety and governance: A survey of expert opinion
Muhammad Omar,1,1,10.3386/w23928,Artificial Intelligence and Economic Growth,Artificial Intelligence and Economic Growth
Muhammad Ramzan Kalhoro,1,1,10.3386/w31137,Biodiversity Risk,Biodiversity Risk
Muhammad Waleed Younas,1,1,10.3386/w23928,Artificial Intelligence and Economic Growth,Artificial Intelligence and Economic Growth
Muhammad Waqas Khan,1,1,10.3386/w23928,Artificial Intelligence and Economic Growth,Artificial Intelligence and Economic Growth
Musharraf Cyan,1,1,10.1093/ej/uead102,Do Celebrity Endorsements Matter? A Twitter Experiment Promoting Vaccination in…,Do Celebrity Endorsements Matter? A Twitter Experiment Promoting Vaccination in Indonesia
Myles Wagner,1,1,10.3386/w30740,"When do ""Nudges"" Increase Welfare?","When do ""Nudges"" Increase Welfare?"
Mylène Lagarde,1,1,10.3386/w28726,Selecting the Most Effective Nudge,Selecting the Most Effective Nudge: Evidence from a Large-Scale Experiment on Immunization
Nagendra P. Luitel,1,1,10.3386/w30011,"The Long-Run Effects of Psychotherapy on Depression, Beliefs, and Economic…","The Long-Run Effects of Psychotherapy on Depression, Beliefs, and Economic Outcomes"
Najmedin Meshkati,1,1,10.3386/w32450,The Macroeconomic Impact of Climate Change,The Macroeconomic Impact of Climate Change: Global vs. Local Temperature
Namdeo Dongare,1,1,10.3386/w30011,"The Long-Run Effects of Psychotherapy on Depression, Beliefs, and Economic…","The Long-Run Effects of Psychotherapy on Depression, Beliefs, and Economic Outcomes"
Nanxu Chen,1,1,10.3386/w23928,Artificial Intelligence and Economic Growth,Artificial Intelligence and Economic Growth
Naoki Kondo,1,1,10.3386/w28726,Selecting the Most Effective Nudge,Selecting the Most Effective Nudge: Evidence from a Large-Scale Experiment on Immunization
Nargess Golshan,1,1,10.3386/w31137,Biodiversity Risk,Biodiversity Risk
Natalia G. Vovchenko,1,1,10.3386/w23928,Artificial Intelligence and Economic Growth,Artificial Intelligence and Economic Growth
Natalia Rigol,1,1,10.3386/w31162,Intergenerational Child Mortality Impacts of Deworming,Intergenerational Child Mortality Impacts of Deworming: Experimental Evidence from Two Decades of the Kenya Life Panel Survey
Natalya Martynova,1,1,10.3386/w31137,Biodiversity Risk,Biodiversity Risk
Natasha C. Allard,1,1,10.2139/ssrn.3938994,Information Avoidance and Moral Behavior,Information Avoidance and Moral Behavior: Experimental Evidence from Food Choices
Natcha Connot,1,1,10.3386/w28106,The Comparative Impact of Cash Transfers and a Psychotherapy Program…,The Comparative Impact of Cash Transfers and a Psychotherapy Program on Psychological and Economic Well-being
Nathaniel Gundersen,1,1,10.3386/w32450,The Macroeconomic Impact of Climate Change,The Macroeconomic Impact of Climate Change: Global vs. Local Temperature
Nathaniel Jensen,1,1,10.1257/aeri.20210612,Cognitive Behavioral Therapy among Ghana's Rural Poor Is Effective Regardless…,Cognitive Behavioral Therapy among Ghana's Rural Poor Is Effective Regardless of Baseline Mental Distress
Naureen Karachiwalla,1,1,10.3386/w28106,The Comparative Impact of Cash Transfers and a Psychotherapy Program…,The Comparative Impact of Cash Transfers and a Psychotherapy Program on Psychological and Economic Well-being
Naveed Abbas,1,1,10.3386/w23928,Artificial Intelligence and Economic Growth,Artificial Intelligence and Economic Growth
Nayantara Sarma,1,1,10.3386/w28726,Selecting the Most Effective Nudge,Selecting the Most Effective Nudge: Evidence from a Large-Scale Experiment on Immunization
Neale Mahoney,1,1,10.2139/ssrn.4154000,How Effective Is (More) Money? Randomizing Unconditional Cash Transfer Amounts…,How Effective Is (More) Money? Randomizing Unconditional Cash Transfer Amounts in the US
Neil George Cherian,1,1,10.1257/pandp.20201017,Advance Market Commitments,Advance Market Commitments: Insights from Theory and Experience
Neil Stewart,1,1,10.3386/w30740,"When do ""Nudges"" Increase Welfare?","When do ""Nudges"" Increase Welfare?"
Nele Jensen,1,1,10.3386/w26775,Advance Market Commitments,Advance Market Commitments: Insights from Theory and Experience
Nelson C. Mark,1,1,10.3386/w32450,The Macroeconomic Impact of Climate Change,The Macroeconomic Impact of Climate Change: Global vs. Local Temperature
Nestor Gregorio,1,1,10.21203/rs.3.rs-3235955/v1,The global potential for natural regeneration in deforested tropical regions,The global potential for natural regeneration in deforested tropical regions
Newsha Ardalani,1,1,10.3386/w23928,Artificial Intelligence and Economic Growth,Artificial Intelligence and Economic Growth
Nguyễn Đức Trung,1,1,10.3386/w23928,Artificial Intelligence and Economic Growth,Artificial Intelligence and Economic Growth
Niall MacKenzie,1,1,10.3386/w23928,Artificial Intelligence and Economic Growth,Artificial Intelligence and Economic Growth
Nichola J. Davis,1,1,10.2139/ssrn.4154000,How Effective Is (More) Money? Randomizing Unconditional Cash Transfer Amounts…,How Effective Is (More) Money? Randomizing Unconditional Cash Transfer Amounts in the US
Nicholas Apergis,1,1,10.3386/w31137,Biodiversity Risk,Biodiversity Risk
Nicholas Calbraith Owsley,1,1,10.3386/w28106,The Comparative Impact of Cash Transfers and a Psychotherapy Program…,The Comparative Impact of Cash Transfers and a Psychotherapy Program on Psychological and Economic Well-being
Nicholas Miller,1,1,10.1093/wbro/lkae010,The Effect of Lead Exposure on Children’s Learning in the…,The Effect of Lead Exposure on Children’s Learning in the Developing World: A Meta-Analysis
Nick Tsivanidis,1,1,10.3386/w23929,Effects of Emigration on Rural Labor Markets,Effects of Emigration on Rural Labor Markets
Nico Wunderling,1,1,10.1016/j.ijdrr.2022.102798,Long term cost-effectiveness of resilient foods for global catastrophes compared…,Long term cost-effectiveness of resilient foods for global catastrophes compared to artificial general intelligence safety
Nico Zengeler,1,1,10.3386/w23928,Artificial Intelligence and Economic Growth,Artificial Intelligence and Economic Growth
Nicola Ranger,1,1,10.3386/w31137,Biodiversity Risk,Biodiversity Risk
Nicolas Longuet Marx,1,1,10.3386/w32728,A Welfare Analysis of Policies Impacting Climate Change,A Welfare Analysis of Policies Impacting Climate Change
Nicole Darmon,1,1,10.3386/w30740,"When do ""Nudges"" Increase Welfare?","When do ""Nudges"" Increase Welfare?"
Nicolette J. Sullivan,1,1,10.2139/ssrn.3938994,Information Avoidance and Moral Behavior,Information Avoidance and Moral Behavior: Experimental Evidence from Food Choices
Niels Strange,1,1,10.3386/w31137,Biodiversity Risk,Biodiversity Risk
Nikolas Bernaola,1,1,10.3386/w23928,Artificial Intelligence and Economic Growth,Artificial Intelligence and Economic Growth
Nils Grashof,1,1,10.3386/w23928,Artificial Intelligence and Economic Growth,Artificial Intelligence and Economic Growth
Nina Ashley O. Dela Cruz,1,1,10.3386/w23929,Effects of Emigration on Rural Labor Markets,Effects of Emigration on Rural Labor Markets
Nina de la Cruz,1,1,10.3386/w23929,Effects of Emigration on Rural Labor Markets,Effects of Emigration on Rural Labor Markets
Ning An,1,1,10.3386/w30011,"The Long-Run Effects of Psychotherapy on Depression, Beliefs, and Economic…","The Long-Run Effects of Psychotherapy on Depression, Beliefs, and Economic Outcomes"
Ning Jia,1,1,10.3386/w28726,Selecting the Most Effective Nudge,Selecting the Most Effective Nudge: Evidence from a Large-Scale Experiment on Immunization
Ning Neil Yu,1,1,10.3386/w28726,Selecting the Most Effective Nudge,Selecting the Most Effective Nudge: Evidence from a Large-Scale Experiment on Immunization
Ning Zhang,1,1,10.1257/aer.20221215,Does the Squeaky Wheel Get More Grease? The Direct and…,Does the Squeaky Wheel Get More Grease? The Direct and Indirect Effects of Citizen Participation on Environmental Governance in China
Niroshan Siva,1,1,10.1016/j.ijdrr.2022.102798,Long term cost-effectiveness of resilient foods for global catastrophes compared…,Long term cost-effectiveness of resilient foods for global catastrophes compared to artificial general intelligence safety
Nisha Nadesan-Reddy,1,1,10.3386/w28726,Selecting the Most Effective Nudge,Selecting the Most Effective Nudge: Evidence from a Large-Scale Experiment on Immunization
Nityasri Sankha Narasimhamurti,1,1,10.3386/w30011,"The Long-Run Effects of Psychotherapy on Depression, Beliefs, and Economic…","The Long-Run Effects of Psychotherapy on Depression, Beliefs, and Economic Outcomes"
Noah Spencer,1,1,10.3386/w31208,Building Resilient Education Systems,Building Resilient Education Systems: Evidence from Large-Scale Randomized Trials in Five Countries
Noam Yuchtman,1,1,10.3386/w33018,Misperceptions and Demand for Democracy under Authoritarianism,Misperceptions and Demand for Democracy under Authoritarianism
Noelle Greenwood,1,1,10.1257/pandp.20201017,Advance Market Commitments,Advance Market Commitments: Insights from Theory and Experience
Noemi Dreksler,1,1,10.48550/arxiv.2305.07153,Towards best practices in AGI safety and governance,Towards best practices in AGI safety and governance: A survey of expert opinion
Nolan E. Ramer,1,1,10.2139/ssrn.3938994,Information Avoidance and Moral Behavior,Information Avoidance and Moral Behavior: Experimental Evidence from Food Choices
Noori Park,1,1,10.3386/w23928,Artificial Intelligence and Economic Growth,Artificial Intelligence and Economic Growth
Nozha Erragcha,1,1,10.3386/w23928,Artificial Intelligence and Economic Growth,Artificial Intelligence and Economic Growth
Noémi Berlin,1,1,10.3386/w30740,"When do ""Nudges"" Increase Welfare?","When do ""Nudges"" Increase Welfare?"
Nripendra P. Rana,1,1,10.3386/w23928,Artificial Intelligence and Economic Growth,Artificial Intelligence and Economic Growth
Nul Loren Oh,1,1,10.1257/aeri.20210612,Cognitive Behavioral Therapy among Ghana's Rural Poor Is Effective Regardless…,Cognitive Behavioral Therapy among Ghana's Rural Poor Is Effective Regardless of Baseline Mental Distress
Nuno Crato,1,1,10.3386/w31208,Building Resilient Education Systems,Building Resilient Education Systems: Evidence from Large-Scale Randomized Trials in Five Countries
O.I. LAIKO,1,1,10.1257/aeri.20210612,Cognitive Behavioral Therapy among Ghana's Rural Poor Is Effective Regardless…,Cognitive Behavioral Therapy among Ghana's Rural Poor Is Effective Regardless of Baseline Mental Distress
OECD,1,1,10.3386/w26775,Advance Market Commitments,Advance Market Commitments: Insights from Theory and Experience
Ohid Yaqub,1,1,10.3386/w31409,Choose Your Moments,Choose Your Moments: Peer Review and Scientific Risk Taking
Ola Kheir,1,1,10.3386/w31208,Building Resilient Education Systems,Building Resilient Education Systems: Evidence from Large-Scale Randomized Trials in Five Countries
Olakunle Alonge,1,1,10.3386/w28726,Selecting the Most Effective Nudge,Selecting the Most Effective Nudge: Evidence from a Large-Scale Experiment on Immunization
Olayinka Aremu,1,1,10.3386/w31354,The Benefits and Costs of Guest Worker Programs,The Benefits and Costs of Guest Worker Programs: Experimental Evidence from the India-UAE Migration Corridor
Oleg Tolstoguzov,1,1,10.3386/w32450,The Macroeconomic Impact of Climate Change,The Macroeconomic Impact of Climate Change: Global vs. Local Temperature
Olga Andreeva,1,1,10.3386/w23928,Artificial Intelligence and Economic Growth,Artificial Intelligence and Economic Growth
Olga Chiappinelli,1,1,10.1257/pandp.20201017,Advance Market Commitments,Advance Market Commitments: Insights from Theory and Experience
Olga Namen,1,1,10.3386/w31208,Building Resilient Education Systems,Building Resilient Education Systems: Evidence from Large-Scale Randomized Trials in Five Countries
Oliver G. Spalt,1,1,10.3386/w32073,Ends versus Means,"Ends versus Means: Kantians, Utilitarians, and Moral Decisions"
Oliver Hauser,1,1,10.2139/ssrn.4154000,How Effective Is (More) Money? Randomizing Unconditional Cash Transfer Amounts…,How Effective Is (More) Money? Randomizing Unconditional Cash Transfer Amounts in the US
Oliver Quiring,1,1,10.1093/ej/uead102,Do Celebrity Endorsements Matter? A Twitter Experiment Promoting Vaccination in…,Do Celebrity Endorsements Matter? A Twitter Experiment Promoting Vaccination in Indonesia
Olivia Keiser,1,1,10.3386/w28106,The Comparative Impact of Cash Transfers and a Psychotherapy Program…,The Comparative Impact of Cash Transfers and a Psychotherapy Program on Psychological and Economic Well-being
Olivia Zhao,1,1,10.1257/pandp.20201017,Advance Market Commitments,Advance Market Commitments: Insights from Theory and Experience
Olivier Wang,1,1,10.3386/w31137,Biodiversity Risk,Biodiversity Risk
Oluwafemi Folarin,1,1,10.3386/w23928,Artificial Intelligence and Economic Growth,Artificial Intelligence and Economic Growth
Oluwakemi Christiana Abikoye,1,1,10.3386/w23928,Artificial Intelligence and Economic Growth,Artificial Intelligence and Economic Growth
Omar Al‐Ubaydli,1,1,10.3386/w23929,Effects of Emigration on Rural Labor Markets,Effects of Emigration on Rural Labor Markets
Omini B. Iferi,1,1,10.1111/conl.13077,Banning Wildlife Trade Can Boost the Unregulated Trade of Threatened…,Banning Wildlife Trade Can Boost the Unregulated Trade of Threatened Species
Orestis Troumpounis,1,1,10.1093/ej/uead102,Do Celebrity Endorsements Matter? A Twitter Experiment Promoting Vaccination in…,Do Celebrity Endorsements Matter? A Twitter Experiment Promoting Vaccination in Indonesia
Orlando Gomes,1,1,10.3386/w23928,Artificial Intelligence and Economic Growth,Artificial Intelligence and Economic Growth
Oscar M Díaz-Botía,1,1,10.3386/w31162,Intergenerational Child Mortality Impacts of Deworming,Intergenerational Child Mortality Impacts of Deworming: Experimental Evidence from Two Decades of the Kenya Life Panel Survey
Osea Giuntella,1,1,10.3386/w23928,Artificial Intelligence and Economic Growth,Artificial Intelligence and Economic Growth
Owen Kay,1,1,10.3386/w32728,A Welfare Analysis of Policies Impacting Climate Change,A Welfare Analysis of Policies Impacting Climate Change
Owen O’Donnell,1,1,10.2139/ssrn.4154000,How Effective Is (More) Money? Randomizing Unconditional Cash Transfer Amounts…,How Effective Is (More) Money? Randomizing Unconditional Cash Transfer Amounts in the US
Oğuzhan Çepni,1,1,10.3386/w31137,Biodiversity Risk,Biodiversity Risk
P L Wang,1,1,10.3386/w26752,Stagnation and Scientific Incentives,Stagnation and Scientific Incentives
P. L. Ghosh,1,1,10.3386/w23928,Artificial Intelligence and Economic Growth,Artificial Intelligence and Economic Growth
P. Turner,1,1,10.2139/ssrn.4154000,How Effective Is (More) Money? Randomizing Unconditional Cash Transfer Amounts…,How Effective Is (More) Money? Randomizing Unconditional Cash Transfer Amounts in the US
P.-Z. Li,1,1,10.3386/w31137,Biodiversity Risk,Biodiversity Risk
Pablo Barredo,1,1,10.3386/w26752,Stagnation and Scientific Incentives,Stagnation and Scientific Incentives
Pablo Zoido,1,1,10.3386/w31208,Building Resilient Education Systems,Building Resilient Education Systems: Evidence from Large-Scale Randomized Trials in Five Countries
Pantelis Koutroumpis,1,1,10.3386/w23928,Artificial Intelligence and Economic Growth,Artificial Intelligence and Economic Growth
Pantelis Solomou,1,1,10.2139/ssrn.4154000,How Effective Is (More) Money? Randomizing Unconditional Cash Transfer Amounts…,How Effective Is (More) Money? Randomizing Unconditional Cash Transfer Amounts in the US
Paola Isaacs‐Cubides,1,1,10.21203/rs.3.rs-3235955/v1,The global potential for natural regeneration in deforested tropical regions,The global potential for natural regeneration in deforested tropical regions
Paolo Bocchini,1,1,10.3386/w32450,The Macroeconomic Impact of Climate Change,The Macroeconomic Impact of Climate Change: Global vs. Local Temperature
Paolo Pertile,1,1,10.3386/w31272,Pharmaceutical Pricing and R&amp;D as a Global Public Good,Pharmaceutical Pricing and R&amp;D as a Global Public Good
Paolo Santori,1,1,10.3386/w32073,Ends versus Means,"Ends versus Means: Kantians, Utilitarians, and Moral Decisions"
Paravee Maneejuk,1,1,10.3386/w23928,Artificial Intelligence and Economic Growth,Artificial Intelligence and Economic Growth
Patricia Ruffing-Straube,1,1,10.3386/w31137,Biodiversity Risk,Biodiversity Risk
Patrick Agte,1,1,10.3386/w31162,Intergenerational Child Mortality Impacts of Deworming,Intergenerational Child Mortality Impacts of Deworming: Experimental Evidence from Two Decades of the Kenya Life Panel Survey
Patrick Bolton,1,1,10.3386/w32450,The Macroeconomic Impact of Climate Change,The Macroeconomic Impact of Climate Change: Global vs. Local Temperature
Patrick Bond,1,1,10.3386/w32450,The Macroeconomic Impact of Climate Change,The Macroeconomic Impact of Climate Change: Global vs. Local Temperature
Patrick Chanda,1,1,10.3386/w28106,The Comparative Impact of Cash Transfers and a Psychotherapy Program…,The Comparative Impact of Cash Transfers and a Psychotherapy Program on Psychological and Economic Well-being
Patrick Gaulé,1,1,10.1257/pandp.20201017,Advance Market Commitments,Advance Market Commitments: Insights from Theory and Experience
Patrick Illien,1,1,10.3386/w31354,The Benefits and Costs of Guest Worker Programs,The Benefits and Costs of Guest Worker Programs: Experimental Evidence from the India-UAE Migration Corridor
Patrick Levermore,1,1,10.48550/arxiv.2305.07153,Towards best practices in AGI safety and governance,Towards best practices in AGI safety and governance: A survey of expert opinion
Patrick Prémand,1,1,10.3386/w28106,The Comparative Impact of Cash Transfers and a Psychotherapy Program…,The Comparative Impact of Cash Transfers and a Psychotherapy Program on Psychological and Economic Well-being
Patrick R. Heck,1,1,10.2139/ssrn.4154000,How Effective Is (More) Money? Randomizing Unconditional Cash Transfer Amounts…,How Effective Is (More) Money? Randomizing Unconditional Cash Transfer Amounts in the US
Patrick S. Forscher,1,1,10.3386/w28106,The Comparative Impact of Cash Transfers and a Psychotherapy Program…,The Comparative Impact of Cash Transfers and a Psychotherapy Program on Psychological and Economic Well-being
Patrick Turner,1,1,10.2139/ssrn.4154000,How Effective Is (More) Money? Randomizing Unconditional Cash Transfer Amounts…,How Effective Is (More) Money? Randomizing Unconditional Cash Transfer Amounts in the US
Patrick W. Heck,1,1,10.2139/ssrn.4154000,How Effective Is (More) Money? Randomizing Unconditional Cash Transfer Amounts…,How Effective Is (More) Money? Randomizing Unconditional Cash Transfer Amounts in the US
Paul Clements,1,1,10.3386/w32450,The Macroeconomic Impact of Climate Change,The Macroeconomic Impact of Climate Change: Global vs. Local Temperature
Paul E. Carrillo,1,1,10.3386/w30624,Legalizing Entrepreneurship,Legalizing Entrepreneurship
Paul Goldsmith-Pinkham,1,1,10.3386/w28726,Selecting the Most Effective Nudge,Selecting the Most Effective Nudge: Evidence from a Large-Scale Experiment on Immunization
Paul Lohmann,1,1,10.3386/w30740,"When do ""Nudges"" Increase Welfare?","When do ""Nudges"" Increase Welfare?"
Paul Seabright,1,1,10.3386/w31663,"Zero-Sum Environments, the Evolution of Effort-Suppressing Beliefs, and Economic…","Zero-Sum Environments, the Evolution of Effort-Suppressing Beliefs, and Economic Development"
Paul Watters,1,1,10.48550/arxiv.2305.07153,Towards best practices in AGI safety and governance,Towards best practices in AGI safety and governance: A survey of expert opinion
Pauline Castaing,1,1,10.3386/w30835,Water Treatment And Child Mortality,Water Treatment And Child Mortality: A Meta-Analysis And Cost-effectiveness Analysis
Pavan Kumar,1,1,10.3386/w32450,The Macroeconomic Impact of Climate Change,The Macroeconomic Impact of Climate Change: Global vs. Local Temperature
Pedro A. Oliboni,1,1,10.1016/j.ijdrr.2022.102798,Long term cost-effectiveness of resilient foods for global catastrophes compared…,Long term cost-effectiveness of resilient foods for global catastrophes compared to artificial general intelligence safety
Pedro C. Vicente,1,1,10.3386/w28726,Selecting the Most Effective Nudge,Selecting the Most Effective Nudge: Evidence from a Large-Scale Experiment on Immunization
Pedro H. S. Brancalion,1,1,10.21203/rs.3.rs-3235955/v1,The global potential for natural regeneration in deforested tropical regions,The global potential for natural regeneration in deforested tropical regions
Pedro Pereira,1,1,10.3386/w31354,The Benefits and Costs of Guest Worker Programs,The Benefits and Costs of Guest Worker Programs: Experimental Evidence from the India-UAE Migration Corridor
Pei Li,1,1,10.1257/aer.20221215,Does the Squeaky Wheel Get More Grease? The Direct and…,Does the Squeaky Wheel Get More Grease? The Direct and Indirect Effects of Citizen Participation on Environmental Governance in China
Pei Xu,1,1,10.1257/aer.20221215,Does the Squeaky Wheel Get More Grease? The Direct and…,Does the Squeaky Wheel Get More Grease? The Direct and Indirect Effects of Citizen Participation on Environmental Governance in China
Peibiao Liu,1,1,10.1257/aer.20221215,Does the Squeaky Wheel Get More Grease? The Direct and…,Does the Squeaky Wheel Get More Grease? The Direct and Indirect Effects of Citizen Participation on Environmental Governance in China
Peng Lü,1,1,10.1257/aer.20221215,Does the Squeaky Wheel Get More Grease? The Direct and…,Does the Squeaky Wheel Get More Grease? The Direct and Indirect Effects of Citizen Participation on Environmental Governance in China
Peng Zhang,1,1,10.1257/aer.20221215,Does the Squeaky Wheel Get More Grease? The Direct and…,Does the Squeaky Wheel Get More Grease? The Direct and Indirect Effects of Citizen Participation on Environmental Governance in China
Pengfei Lei,1,1,10.1257/aer.20221215,Does the Squeaky Wheel Get More Grease? The Direct and…,Does the Squeaky Wheel Get More Grease? The Direct and Indirect Effects of Citizen Participation on Environmental Governance in China
Penghu Zhu,1,1,10.1257/aer.20221215,Does the Squeaky Wheel Get More Grease? The Direct and…,Does the Squeaky Wheel Get More Grease? The Direct and Indirect Effects of Citizen Participation on Environmental Governance in China
Per Andersson,1,1,10.2139/ssrn.3938994,Information Avoidance and Moral Behavior,Information Avoidance and Moral Behavior: Experimental Evidence from Food Choices
Periklis Terlixidis,1,1,10.3386/w23928,Artificial Intelligence and Economic Growth,Artificial Intelligence and Economic Growth
Peter A. Raymond,1,1,10.3386/w26775,Advance Market Commitments,Advance Market Commitments: Insights from Theory and Experience
Peter Bergman,1,1,10.3386/w31208,Building Resilient Education Systems,Building Resilient Education Systems: Evidence from Large-Scale Randomized Trials in Five Countries
Peter Cramton,1,1,10.1257/pandp.20201017,Advance Market Commitments,Advance Market Commitments: Insights from Theory and Experience
Peter Eibich,1,1,10.1257/aeri.20210612,Cognitive Behavioral Therapy among Ghana's Rural Poor Is Effective Regardless…,Cognitive Behavioral Therapy among Ghana's Rural Poor Is Effective Regardless of Baseline Mental Distress
Peter H. Howard,1,1,10.3386/w32450,The Macroeconomic Impact of Climate Change,The Macroeconomic Impact of Climate Change: Global vs. Local Temperature
Peter Hangoma,1,1,10.3386/w28726,Selecting the Most Effective Nudge,Selecting the Most Effective Nudge: Evidence from a Large-Scale Experiment on Immunization
Peter Iliev,1,1,10.3386/w31137,Biodiversity Risk,Biodiversity Risk
Peter J. Winch,1,1,10.1093/wbro/lkae010,The Effect of Lead Exposure on Children’s Learning in the…,The Effect of Lead Exposure on Children’s Learning in the Developing World: A Meta-Analysis
Peter John,1,1,10.3386/w30740,"When do ""Nudges"" Increase Welfare?","When do ""Nudges"" Increase Welfare?"
Peter Kyveryga,1,1,10.3386/w26752,Stagnation and Scientific Incentives,Stagnation and Scientific Incentives
Peter Svensson,1,1,10.3386/w26752,Stagnation and Scientific Incentives,Stagnation and Scientific Incentives
Peter Van Der Windt,1,1,10.3386/w28106,The Comparative Impact of Cash Transfers and a Psychotherapy Program…,The Comparative Impact of Cash Transfers and a Psychotherapy Program on Psychological and Economic Well-being
Peter Ventevogel,1,1,10.3386/w28106,The Comparative Impact of Cash Transfers and a Psychotherapy Program…,The Comparative Impact of Cash Transfers and a Psychotherapy Program on Psychological and Economic Well-being
Peter Warren,1,1,10.1257/pandp.20201017,Advance Market Commitments,Advance Market Commitments: Insights from Theory and Experience
Peter Werner,1,1,10.2139/ssrn.3938994,Information Avoidance and Moral Behavior,Information Avoidance and Moral Behavior: Experimental Evidence from Food Choices
Peterson K Ozili,1,1,10.3386/w23928,Artificial Intelligence and Economic Growth,Artificial Intelligence and Economic Growth
Peter‐Jan Engelen,1,1,10.1257/pandp.20201017,Advance Market Commitments,Advance Market Commitments: Insights from Theory and Experience
Petre Caraiani,1,1,10.3386/w31137,Biodiversity Risk,Biodiversity Risk
Philip G. Pardey,1,1,10.1257/pandp.20201017,Advance Market Commitments,Advance Market Commitments: Insights from Theory and Experience
Philip H. S. Torr,1,1,10.48550/arxiv.2305.07153,Towards best practices in AGI safety and governance,Towards best practices in AGI safety and governance: A survey of expert opinion
Philip J. Landrigan,1,1,10.1093/wbro/lkae010,The Effect of Lead Exposure on Children’s Learning in the…,The Effect of Lead Exposure on Children’s Learning in the Developing World: A Meta-Analysis
Philip Jefferies,1,1,10.1257/aeri.20210612,Cognitive Behavioral Therapy among Ghana's Rural Poor Is Effective Regardless…,Cognitive Behavioral Therapy among Ghana's Rural Poor Is Effective Regardless of Baseline Mental Distress
Philip Oreopoulos,1,1,10.3386/w31208,Building Resilient Education Systems,Building Resilient Education Systems: Evidence from Large-Scale Randomized Trials in Five Countries
Philipp Koralus,1,1,10.3386/w30740,"When do ""Nudges"" Increase Welfare?","When do ""Nudges"" Increase Welfare?"
Philipp Scharner,1,1,10.3386/w31137,Biodiversity Risk,Biodiversity Risk
Philipp Schoenegger,1,1,10.1016/j.cognition.2021.104941,Population ethical intuitions,Population ethical intuitions
Philippe Aghion,1,1,10.3386/w23928,Artificial Intelligence and Economic Growth,Artificial Intelligence and Economic Growth
Phillip Cassey,1,1,10.1111/conl.13077,Banning Wildlife Trade Can Boost the Unregulated Trade of Threatened…,Banning Wildlife Trade Can Boost the Unregulated Trade of Threatened Species
Phuoc Tran,1,1,10.3386/w23928,Artificial Intelligence and Economic Growth,Artificial Intelligence and Economic Growth
Pierre Azoulay,1,1,10.3386/w31409,Choose Your Moments,Choose Your Moments: Peer Review and Scientific Risk Taking
Pierre-Luc Vautrey,1,1,10.3386/w28726,Selecting the Most Effective Nudge,Selecting the Most Effective Nudge: Evidence from a Large-Scale Experiment on Immunization
Pierre‐Alain Pionnier,1,1,10.3386/w23928,Artificial Intelligence and Economic Growth,Artificial Intelligence and Economic Growth
Pieter Abbeel,1,1,10.48550/arxiv.2305.07153,Towards best practices in AGI safety and governance,Towards best practices in AGI safety and governance: A survey of expert opinion
Pieter Hooimeijer,1,1,10.1257/aer.20221215,Does the Squeaky Wheel Get More Grease? The Direct and…,Does the Squeaky Wheel Get More Grease? The Direct and Indirect Effects of Citizen Participation on Environmental Governance in China
Pietro Bonetti,1,1,10.1257/aer.20221215,Does the Squeaky Wheel Get More Grease? The Direct and…,Does the Squeaky Wheel Get More Grease? The Direct and Indirect Effects of Citizen Participation on Environmental Governance in China
Pijus Krūminas,1,1,10.3386/w31899,The Effect of Public Science on Corporate R&amp;D,The Effect of Public Science on Corporate R&amp;D
Ping Chen,1,1,10.3386/w23928,Artificial Intelligence and Economic Growth,Artificial Intelligence and Economic Growth
Ping Qin,1,1,10.3386/w32728,A Welfare Analysis of Policies Impacting Climate Change,A Welfare Analysis of Policies Impacting Climate Change
Pinghan Liang,1,1,10.1257/aer.20221215,Does the Squeaky Wheel Get More Grease? The Direct and…,Does the Squeaky Wheel Get More Grease? The Direct and Indirect Effects of Citizen Participation on Environmental Governance in China
Pingping Ma,1,1,10.1257/aer.20221215,Does the Squeaky Wheel Get More Grease? The Direct and…,Does the Squeaky Wheel Get More Grease? The Direct and Indirect Effects of Citizen Participation on Environmental Governance in China
Pingyi Lou,1,1,10.3386/w31137,Biodiversity Risk,Biodiversity Risk
Piotr Dworczak,1,1,10.1257/pandp.20201017,Advance Market Commitments,Advance Market Commitments: Insights from Theory and Experience
Piotr Lewandowski,1,1,10.1093/ej/uead102,Do Celebrity Endorsements Matter? A Twitter Experiment Promoting Vaccination in…,Do Celebrity Endorsements Matter? A Twitter Experiment Promoting Vaccination in Indonesia
Ponlachart Chotikarn,1,1,10.3386/w32450,The Macroeconomic Impact of Climate Change,The Macroeconomic Impact of Climate Change: Global vs. Local Temperature
Pradeep K. Chintagunta,1,1,10.3386/w28726,Selecting the Most Effective Nudge,Selecting the Most Effective Nudge: Evidence from a Large-Scale Experiment on Immunization
Pradip Poudel,1,1,10.1016/j.ijdrr.2022.102798,Long term cost-effectiveness of resilient foods for global catastrophes compared…,Long term cost-effectiveness of resilient foods for global catastrophes compared to artificial general intelligence safety
Prakashan Chellattan Veettil,1,1,10.1257/aeri.20230431,Money (Not) to Burn,Money (Not) to Burn: Payments for Ecosystem Services to Reduce Crop Residue Burning
Prasad Naik Hamsavath,1,1,10.3386/w23928,Artificial Intelligence and Economic Growth,Artificial Intelligence and Economic Growth
Prasenjit Makur,1,1,10.3386/w23928,Artificial Intelligence and Economic Growth,Artificial Intelligence and Economic Growth
Prashant Bharadwaj,1,1,10.3386/w28106,The Comparative Impact of Cash Transfers and a Psychotherapy Program…,The Comparative Impact of Cash Transfers and a Psychotherapy Program on Psychological and Economic Well-being
Prashant Sharma,1,1,10.3386/w30011,"The Long-Run Effects of Psychotherapy on Depression, Beliefs, and Economic…","The Long-Run Effects of Psychotherapy on Depression, Beliefs, and Economic Outcomes"
Pratik Khanal,1,1,10.1257/aeri.20210612,Cognitive Behavioral Therapy among Ghana's Rural Poor Is Effective Regardless…,Cognitive Behavioral Therapy among Ghana's Rural Poor Is Effective Regardless of Baseline Mental Distress
Priscila B. Cano,1,1,10.3386/w26752,Stagnation and Scientific Incentives,Stagnation and Scientific Incentives
Prosun Bhattacharya,1,1,10.3386/w30835,Water Treatment And Child Mortality,Water Treatment And Child Mortality: A Meta-Analysis And Cost-effectiveness Analysis
Provash Kumer Sarker,1,1,10.3386/w23928,Artificial Intelligence and Economic Growth,Artificial Intelligence and Economic Growth
Péter Szécsi,1,1,10.2139/ssrn.4154000,How Effective Is (More) Money? Randomizing Unconditional Cash Transfer Amounts…,How Effective Is (More) Money? Randomizing Unconditional Cash Transfer Amounts in the US
Qian Liu,1,1,10.3386/w31137,Biodiversity Risk,Biodiversity Risk
Qianqian Guo,1,1,10.3386/w23928,Artificial Intelligence and Economic Growth,Artificial Intelligence and Economic Growth
Qiaoqiao Zhu,1,1,10.1257/aer.20221215,Does the Squeaky Wheel Get More Grease? The Direct and…,Does the Squeaky Wheel Get More Grease? The Direct and Indirect Effects of Citizen Participation on Environmental Governance in China
Qiaozhu Mei,1,1,10.3386/w23928,Artificial Intelligence and Economic Growth,Artificial Intelligence and Economic Growth
Qingfu Liu,1,1,10.3386/w31137,Biodiversity Risk,Biodiversity Risk
Qingjiang Han,1,1,10.3386/w23928,Artificial Intelligence and Economic Growth,Artificial Intelligence and Economic Growth
Qingyang Wu,1,1,10.3386/w23928,Artificial Intelligence and Economic Growth,Artificial Intelligence and Economic Growth
Qinlei Jing,1,1,10.1257/aer.20221215,Does the Squeaky Wheel Get More Grease? The Direct and…,Does the Squeaky Wheel Get More Grease? The Direct and Indirect Effects of Citizen Participation on Environmental Governance in China
Qiong Wu,1,1,10.1257/aer.20221215,Does the Squeaky Wheel Get More Grease? The Direct and…,Does the Squeaky Wheel Get More Grease? The Direct and Indirect Effects of Citizen Participation on Environmental Governance in China
Qiqi Gao,1,1,10.48550/arxiv.2305.07153,Towards best practices in AGI safety and governance,Towards best practices in AGI safety and governance: A survey of expert opinion
Qiqiao Lang,1,1,10.3386/w31137,Biodiversity Risk,Biodiversity Risk
Qiucen Ma,1,1,10.1257/aer.20221215,Does the Squeaky Wheel Get More Grease? The Direct and…,Does the Squeaky Wheel Get More Grease? The Direct and Indirect Effects of Citizen Participation on Environmental Governance in China
Qunli Wang,1,1,10.3386/w23928,Artificial Intelligence and Economic Growth,Artificial Intelligence and Economic Growth
R Fior,1,1,10.3386/w28726,Selecting the Most Effective Nudge,Selecting the Most Effective Nudge: Evidence from a Large-Scale Experiment on Immunization
R Liu,1,1,10.1257/aer.20221215,Does the Squeaky Wheel Get More Grease? The Direct and…,Does the Squeaky Wheel Get More Grease? The Direct and Indirect Effects of Citizen Participation on Environmental Governance in China
R. A. Kane,1,1,10.3386/w32728,A Welfare Analysis of Policies Impacting Climate Change,A Welfare Analysis of Policies Impacting Climate Change
R. K. Amit,1,1,10.1257/pandp.20201017,Advance Market Commitments,Advance Market Commitments: Insights from Theory and Experience
R.A. Farrokhnia,1,1,10.2139/ssrn.4154000,How Effective Is (More) Money? Randomizing Unconditional Cash Transfer Amounts…,How Effective Is (More) Money? Randomizing Unconditional Cash Transfer Amounts in the US
RA Farrokhnia,1,1,10.2139/ssrn.4154000,How Effective Is (More) Money? Randomizing Unconditional Cash Transfer Amounts…,How Effective Is (More) Money? Randomizing Unconditional Cash Transfer Amounts in the US
RM Ammar Zahid,1,1,10.3386/w23928,Artificial Intelligence and Economic Growth,Artificial Intelligence and Economic Growth
Raad Z. Homod,1,1,10.3386/w30835,Water Treatment And Child Mortality,Water Treatment And Child Mortality: A Meta-Analysis And Cost-effectiveness Analysis
Rabah Arezki,1,1,10.3386/w32450,The Macroeconomic Impact of Climate Change,The Macroeconomic Impact of Climate Change: Global vs. Local Temperature
Rachel Glennerster,1,1,10.3386/w26775,Advance Market Commitments,Advance Market Commitments: Insights from Theory and Experience
Rachel Heath,1,1,10.3386/w23929,Effects of Emigration on Rural Labor Markets,Effects of Emigration on Rural Labor Markets
Rachel Peletz,1,1,10.3386/w30835,Water Treatment And Child Mortality,Water Treatment And Child Mortality: A Meta-Analysis And Cost-effectiveness Analysis
Rachel Silverman,1,1,10.1257/pandp.20201017,Advance Market Commitments,Advance Market Commitments: Insights from Theory and Experience
Rachid Saadane,1,1,10.3386/w23928,Artificial Intelligence and Economic Growth,Artificial Intelligence and Economic Growth
Radosław Stupak,1,1,10.3386/w28106,The Comparative Impact of Cash Transfers and a Psychotherapy Program…,The Comparative Impact of Cash Transfers and a Psychotherapy Program on Psychological and Economic Well-being
Radu Vranceanu,1,1,10.3386/w26752,Stagnation and Scientific Incentives,Stagnation and Scientific Incentives
Rafael Valdece Sousa Bastos,1,1,10.1016/j.cognition.2021.104941,Population ethical intuitions,Population ethical intuitions
Raian Ali,1,1,10.3386/w23928,Artificial Intelligence and Economic Growth,Artificial Intelligence and Economic Growth
Rakesh Singh,1,1,10.1257/aeri.20210612,Cognitive Behavioral Therapy among Ghana's Rural Poor Is Effective Regardless…,Cognitive Behavioral Therapy among Ghana's Rural Poor Is Effective Regardless of Baseline Mental Distress
Ralph Essem Nordjo,1,1,10.3386/w31208,Building Resilient Education Systems,Building Resilient Education Systems: Evidence from Large-Scale Randomized Trials in Five Countries
Ram Eirik Glomseth,1,1,10.1016/j.ijdrr.2022.102798,Long term cost-effectiveness of resilient foods for global catastrophes compared…,Long term cost-effectiveness of resilient foods for global catastrophes compared to artificial general intelligence safety
Ramin Mojtabai,1,1,10.2139/ssrn.4154000,How Effective Is (More) Money? Randomizing Unconditional Cash Transfer Amounts…,How Effective Is (More) Money? Randomizing Unconditional Cash Transfer Amounts in the US
Randall Akee,1,1,10.3386/w28106,The Comparative Impact of Cash Transfers and a Psychotherapy Program…,The Comparative Impact of Cash Transfers and a Psychotherapy Program on Psychological and Economic Well-being
Rangan Gupta,1,1,10.3386/w31137,Biodiversity Risk,Biodiversity Risk
Ranjan Aneja,1,1,10.3386/w23928,Artificial Intelligence and Economic Growth,Artificial Intelligence and Economic Growth
Ranjan Chaudhuri,1,1,10.3386/w23928,Artificial Intelligence and Economic Growth,Artificial Intelligence and Economic Growth
Ranjiv Khush,1,1,10.3386/w30835,Water Treatment And Child Mortality,Water Treatment And Child Mortality: A Meta-Analysis And Cost-effectiveness Analysis
Raoul van Maarseveen,1,1,10.3386/w23929,Effects of Emigration on Rural Labor Markets,Effects of Emigration on Rural Labor Markets
Raphael Anammasiya Ayambire,1,1,10.3386/w32450,The Macroeconomic Impact of Climate Change,The Macroeconomic Impact of Climate Change: Global vs. Local Temperature
Raphaela Roeder,1,1,10.3386/w31137,Biodiversity Risk,Biodiversity Risk
Ravi Gurumurthy,1,1,10.1257/pandp.20201017,Advance Market Commitments,Advance Market Commitments: Insights from Theory and Experience
Ravindra Agrawal,1,1,10.3386/w30011,"The Long-Run Effects of Psychotherapy on Depression, Beliefs, and Economic…","The Long-Run Effects of Psychotherapy on Depression, Beliefs, and Economic Outcomes"
Raymond Kluender,1,1,10.2139/ssrn.4154000,How Effective Is (More) Money? Randomizing Unconditional Cash Transfer Amounts…,How Effective Is (More) Money? Randomizing Unconditional Cash Transfer Amounts in the US
Raúl Duarte,1,1,10.3386/w28726,Selecting the Most Effective Nudge,Selecting the Most Effective Nudge: Evidence from a Large-Scale Experiment on Immunization
Rebecca Brough,1,1,10.2139/ssrn.4154000,How Effective Is (More) Money? Randomizing Unconditional Cash Transfer Amounts…,How Effective Is (More) Money? Randomizing Unconditional Cash Transfer Amounts in the US
Rebecca Miller,1,1,10.3386/w28106,The Comparative Impact of Cash Transfers and a Psychotherapy Program…,The Comparative Impact of Cash Transfers and a Psychotherapy Program on Psychological and Economic Well-being
Rebekah J. Walker,1,1,10.2139/ssrn.4154000,How Effective Is (More) Money? Randomizing Unconditional Cash Transfer Amounts…,How Effective Is (More) Money? Randomizing Unconditional Cash Transfer Amounts in the US
Rei Goto,1,1,10.3386/w31162,Intergenerational Child Mortality Impacts of Deworming,Intergenerational Child Mortality Impacts of Deworming: Experimental Evidence from Two Decades of the Kenya Life Panel Survey
Renato Crouzeilles,1,1,10.21203/rs.3.rs-3235955/v1,The global potential for natural regeneration in deforested tropical regions,The global potential for natural regeneration in deforested tropical regions
Rene Marlon Panti,1,1,10.3386/w31208,Building Resilient Education Systems,Building Resilient Education Systems: Evidence from Large-Scale Randomized Trials in Five Countries
Reshma Kodumuru,1,1,10.3386/w23928,Artificial Intelligence and Economic Growth,Artificial Intelligence and Economic Growth
Ricardo Rodríguez,1,1,10.3386/w26752,Stagnation and Scientific Incentives,Stagnation and Scientific Incentives
Richard B. Freeman,1,1,10.3386/w26752,Stagnation and Scientific Incentives,Stagnation and Scientific Incentives
Richard Berner,1,1,10.3386/w31137,Biodiversity Risk,Biodiversity Risk
Richard Grieve,1,1,10.3386/w28726,Selecting the Most Effective Nudge,Selecting the Most Effective Nudge: Evidence from a Large-Scale Experiment on Immunization
Richard J. Sexton,1,1,10.3386/w30740,"When do ""Nudges"" Increase Welfare?","When do ""Nudges"" Increase Welfare?"
Richard Mihigo,1,1,10.1257/pandp.20201017,Advance Market Commitments,Advance Market Commitments: Insights from Theory and Experience
Richard Moulange,1,1,10.48550/arxiv.2305.07153,Towards best practices in AGI safety and governance,Towards best practices in AGI safety and governance: A survey of expert opinion
Richard Noske,1,1,10.1111/conl.13077,Banning Wildlife Trade Can Boost the Unregulated Trade of Threatened…,Banning Wildlife Trade Can Boost the Unregulated Trade of Threatened Species
Richard Rogerson,1,1,10.3386/w23929,Effects of Emigration on Rural Labor Markets,Effects of Emigration on Rural Labor Markets
Richard S.J. Tol,1,1,10.3386/w32450,The Macroeconomic Impact of Climate Change,The Macroeconomic Impact of Climate Change: Global vs. Local Temperature
Richard von Maydell,1,1,10.3386/w23928,Artificial Intelligence and Economic Growth,Artificial Intelligence and Economic Growth
Rick van der Ploeg,1,1,10.3386/w32450,The Macroeconomic Impact of Climate Change,The Macroeconomic Impact of Climate Change: Global vs. Local Temperature
Rients Galema,1,1,10.3386/w31137,Biodiversity Risk,Biodiversity Risk
Rima-Maria Rahal,1,1,10.2139/ssrn.3938994,Information Avoidance and Moral Behavior,Information Avoidance and Moral Behavior: Experimental Evidence from Food Choices
Rino Rappuoli,1,1,10.1257/pandp.20201017,Advance Market Commitments,Advance Market Commitments: Insights from Theory and Experience
Riya Wadhwa,1,1,10.3386/w23928,Artificial Intelligence and Economic Growth,Artificial Intelligence and Economic Growth
Rob Bailis,1,1,10.3386/w32450,The Macroeconomic Impact of Climate Change,The Macroeconomic Impact of Climate Change: Global vs. Local Temperature
Robayo Adriana,1,1,10.1257/pandp.20201017,Advance Market Commitments,Advance Market Commitments: Insights from Theory and Experience
Robb Willer,1,1,10.3386/w23928,Artificial Intelligence and Economic Growth,Artificial Intelligence and Economic Growth
Robert Elliott,1,1,10.1257/aer.20221215,Does the Squeaky Wheel Get More Grease? The Direct and…,Does the Squeaky Wheel Get More Grease? The Direct and Indirect Effects of Citizen Participation on Environmental Governance in China
Robert F. Engle,1,1,10.3386/w31137,Biodiversity Risk,Biodiversity Risk
Robert Koopman,1,1,10.1257/pandp.20201017,Advance Market Commitments,Advance Market Commitments: Insights from Theory and Experience
Robert M. Townsend,1,1,10.3386/w23929,Effects of Emigration on Rural Labor Markets,Effects of Emigration on Rural Labor Markets
Robert Metcalfe,1,1,10.3386/w32728,A Welfare Analysis of Policies Impacting Climate Change,A Welfare Analysis of Policies Impacting Climate Change
Robert Townsend,1,1,10.3386/w23929,Effects of Emigration on Rural Labor Markets,Effects of Emigration on Rural Labor Markets
Robert Wilson,1,1,10.1257/pandp.20201017,Advance Market Commitments,Advance Market Commitments: Insights from Theory and Experience
Roberto Cantoni,1,1,10.3386/w32450,The Macroeconomic Impact of Climate Change,The Macroeconomic Impact of Climate Change: Global vs. Local Temperature
Roberto Tinoco,1,1,10.48550/arxiv.2305.07153,Towards best practices in AGI safety and governance,Towards best practices in AGI safety and governance: A survey of expert opinion
Robin Nusslock,1,1,10.3386/w30011,"The Long-Run Effects of Psychotherapy on Depression, Beliefs, and Economic…","The Long-Run Effects of Psychotherapy on Depression, Beliefs, and Economic Outcomes"
Robin P. G. Tech,1,1,10.3386/w23928,Artificial Intelligence and Economic Growth,Artificial Intelligence and Economic Growth
Robin Schimmelpfennig,1,1,10.3386/w28726,Selecting the Most Effective Nudge,Selecting the Most Effective Nudge: Evidence from a Large-Scale Experiment on Immunization
Robizon Tsiklauri,1,1,10.1093/wbro/lkae010,The Effect of Lead Exposure on Children’s Learning in the…,The Effect of Lead Exposure on Children’s Learning in the Developing World: A Meta-Analysis
Rodolphe Durand,1,1,10.1287/mnsc.2023.4846,The Governance of Nonprofits and Their Social Impact,The Governance of Nonprofits and Their Social Impact: Evidence from a Randomized Program in Healthcare in the Democratic Republic of Congo
Rodrigo Riera,1,1,10.3386/w26752,Stagnation and Scientific Incentives,Stagnation and Scientific Incentives
Rodrigo Sanchez Sienra,1,1,10.1257/aeri.20210612,Cognitive Behavioral Therapy among Ghana's Rural Poor Is Effective Regardless…,Cognitive Behavioral Therapy among Ghana's Rural Poor Is Effective Regardless of Baseline Mental Distress
Roee Levy,1,1,10.1257/aeri.20210612,Cognitive Behavioral Therapy among Ghana's Rural Poor Is Effective Regardless…,Cognitive Behavioral Therapy among Ghana's Rural Poor Is Effective Regardless of Baseline Mental Distress
Roham Rezaei,1,1,10.3386/w31899,The Effect of Public Science on Corporate R&amp;D,The Effect of Public Science on Corporate R&amp;D
Rohit Bansal,1,1,10.3386/w23928,Artificial Intelligence and Economic Growth,Artificial Intelligence and Economic Growth
Roland Seifert,1,1,10.3386/w26752,Stagnation and Scientific Incentives,Stagnation and Scientific Incentives
Romain Boulongne,1,1,10.1287/mnsc.2023.4846,The Governance of Nonprofits and Their Social Impact,The Governance of Nonprofits and Their Social Impact: Evidence from a Randomized Program in Healthcare in the Democratic Republic of Congo
Ronald B. Davies,1,1,10.3386/w23928,Artificial Intelligence and Economic Growth,Artificial Intelligence and Economic Growth
Rong Yu,1,1,10.1257/aer.20221215,Does the Squeaky Wheel Get More Grease? The Direct and…,Does the Squeaky Wheel Get More Grease? The Direct and Indirect Effects of Citizen Participation on Environmental Governance in China
Rongrong Li,1,1,10.3386/w23928,Artificial Intelligence and Economic Growth,Artificial Intelligence and Economic Growth
Roni Michaely,1,1,10.1257/aer.20221215,Does the Squeaky Wheel Get More Grease? The Direct and…,Does the Squeaky Wheel Get More Grease? The Direct and Indirect Effects of Citizen Participation on Environmental Governance in China
Roseline Oluwaseun Ogundokun,1,1,10.3386/w23928,Artificial Intelligence and Economic Growth,Artificial Intelligence and Economic Growth
Rosella Levaggi,1,1,10.3386/w31272,Pharmaceutical Pricing and R&amp;D as a Global Public Good,Pharmaceutical Pricing and R&amp;D as a Global Public Good
Roshan Sutar,1,1,10.3386/w28106,The Comparative Impact of Cash Transfers and a Psychotherapy Program…,The Comparative Impact of Cash Transfers and a Psychotherapy Program on Psychological and Economic Well-being
Ross Gruetzemacher,1,1,10.3386/w23928,Artificial Intelligence and Economic Growth,Artificial Intelligence and Economic Growth
Ru-Yu Xu,1,1,10.3386/w23928,Artificial Intelligence and Economic Growth,Artificial Intelligence and Economic Growth
Ruchir Shiromani,1,1,10.3386/w23928,Artificial Intelligence and Economic Growth,Artificial Intelligence and Economic Growth
Rui Chen,1,1,10.3386/w23928,Artificial Intelligence and Economic Growth,Artificial Intelligence and Economic Growth
Ruibing Ji,1,1,10.3386/w23928,Artificial Intelligence and Economic Growth,Artificial Intelligence and Economic Growth
Ruijia Yang,1,1,10.1257/aer.20221215,Does the Squeaky Wheel Get More Grease? The Direct and…,Does the Squeaky Wheel Get More Grease? The Direct and Indirect Effects of Citizen Participation on Environmental Governance in China
Run Zhu,1,1,10.1257/aer.20221215,Does the Squeaky Wheel Get More Grease? The Direct and…,Does the Squeaky Wheel Get More Grease? The Direct and Indirect Effects of Citizen Participation on Environmental Governance in China
Rusli Mahadi,1,1,10.3386/w28106,The Comparative Impact of Cash Transfers and a Psychotherapy Program…,The Comparative Impact of Cash Transfers and a Psychotherapy Program on Psychological and Economic Well-being
Russ Burnett,1,1,10.3386/w28726,Selecting the Most Effective Nudge,Selecting the Most Effective Nudge: Evidence from a Large-Scale Experiment on Immunization
Russell Smyth,1,1,10.1257/aer.20221215,Does the Squeaky Wheel Get More Grease? The Direct and…,Does the Squeaky Wheel Get More Grease? The Direct and Indirect Effects of Citizen Participation on Environmental Governance in China
Ryan Cory-Wright,1,1,10.3386/w26752,Stagnation and Scientific Incentives,Stagnation and Scientific Incentives
Ryan G. Johnson,1,1,10.3386/w23928,Artificial Intelligence and Economic Growth,Artificial Intelligence and Economic Growth
Ryan M. Hynes,1,1,10.3386/w23928,Artificial Intelligence and Economic Growth,Artificial Intelligence and Economic Growth
Ryunosuke Goto,1,1,10.3386/w28726,Selecting the Most Effective Nudge,Selecting the Most Effective Nudge: Evidence from a Large-Scale Experiment on Immunization
Rıza Demirer,1,1,10.3386/w31137,Biodiversity Risk,Biodiversity Risk
S. Baran,1,1,10.3386/w23928,Artificial Intelligence and Economic Growth,Artificial Intelligence and Economic Growth
S. Farooq,1,1,10.48550/arxiv.2305.07153,Towards best practices in AGI safety and governance,Towards best practices in AGI safety and governance: A survey of expert opinion
S. Nageeb Ali,1,1,10.3386/w31663,"Zero-Sum Environments, the Evolution of Effort-Suppressing Beliefs, and Economic…","Zero-Sum Environments, the Evolution of Effort-Suppressing Beliefs, and Economic Development"
S. Sarkar,1,1,10.3386/w23928,Artificial Intelligence and Economic Growth,Artificial Intelligence and Economic Growth
S. V. Subramanian,1,1,10.3386/w28726,Selecting the Most Effective Nudge,Selecting the Most Effective Nudge: Evidence from a Large-Scale Experiment on Immunization
S.S. Khanna,1,1,10.1257/aeri.20230431,Money (Not) to Burn,Money (Not) to Burn: Payments for Ecosystem Services to Reduce Crop Residue Burning
Saad Alghamdi,1,1,10.3386/w28726,Selecting the Most Effective Nudge,Selecting the Most Effective Nudge: Evidence from a Large-Scale Experiment on Immunization
Sabine Wiesmüller,1,1,10.3386/w23928,Artificial Intelligence and Economic Growth,Artificial Intelligence and Economic Growth
Sabriya L. Linton,1,1,10.2139/ssrn.4154000,How Effective Is (More) Money? Randomizing Unconditional Cash Transfer Amounts…,How Effective Is (More) Money? Randomizing Unconditional Cash Transfer Amounts in the US
Sadaf Sadat Rafati,1,1,10.1093/wbro/lkae010,The Effect of Lead Exposure on Children’s Learning in the…,The Effect of Lead Exposure on Children’s Learning in the Developing World: A Meta-Analysis
Saeid Ashraf Vaghefi,1,1,10.3386/w31137,Biodiversity Risk,Biodiversity Risk
Sai Pramod Bathena,1,1,10.3386/w31208,Building Resilient Education Systems,Building Resilient Education Systems: Evidence from Large-Scale Randomized Trials in Five Countries
Salauddin Tauseef,1,1,10.3386/w28106,The Comparative Impact of Cash Transfers and a Psychotherapy Program…,The Comparative Impact of Cash Transfers and a Psychotherapy Program on Psychological and Economic Well-being
Salman Arif,1,1,10.3386/w31137,Biodiversity Risk,Biodiversity Risk
Samantha Lily Kumar,1,1,10.2139/ssrn.4154000,How Effective Is (More) Money? Randomizing Unconditional Cash Transfer Amounts…,How Effective Is (More) Money? Randomizing Unconditional Cash Transfer Amounts in the US
Samia Chehbi Gamoura,1,1,10.3386/w23928,Artificial Intelligence and Economic Growth,Artificial Intelligence and Economic Growth
Samuel Adomako,1,1,10.3386/w26752,Stagnation and Scientific Incentives,Stagnation and Scientific Incentives
Samuel B. Schlesinger,1,1,10.3386/w32450,The Macroeconomic Impact of Climate Change,The Macroeconomic Impact of Climate Change: Global vs. Local Temperature
Samuel Fankhauser,1,1,10.3386/w31137,Biodiversity Risk,Biodiversity Risk
Samuel Fosso Wamba,1,1,10.3386/w23928,Artificial Intelligence and Economic Growth,Artificial Intelligence and Economic Growth
Samuel Jung,1,1,10.3386/w23928,Artificial Intelligence and Economic Growth,Artificial Intelligence and Economic Growth
Samuel Kembou Nzalé,1,1,10.2139/ssrn.4154000,How Effective Is (More) Money? Randomizing Unconditional Cash Transfer Amounts…,How Effective Is (More) Money? Randomizing Unconditional Cash Transfer Amounts in the US
Samuel Lormel,1,1,10.3386/w31554,Urban Forests,Urban Forests: Environmental Health Values and Risks
Samuel Marshall,1,1,10.3386/w23929,Effects of Emigration on Rural Labor Markets,Effects of Emigration on Rural Labor Markets
Samuel Norris,1,1,10.3386/w32093,Cash Transfers for Child Development,Cash Transfers for Child Development: Experimental Evidence from India
Samuel Salia,1,1,10.3386/w23928,Artificial Intelligence and Economic Growth,Artificial Intelligence and Economic Growth
Samuel Schoeb,1,1,10.3386/w28726,Selecting the Most Effective Nudge,Selecting the Most Effective Nudge: Evidence from a Large-Scale Experiment on Immunization
Samuel Schöb,1,1,10.3386/w28726,Selecting the Most Effective Nudge,Selecting the Most Effective Nudge: Evidence from a Large-Scale Experiment on Immunization
Sanchayan Banerjee,1,1,10.3386/w30740,"When do ""Nudges"" Increase Welfare?","When do ""Nudges"" Increase Welfare?"
Sandip Agarwal,1,1,10.3386/w28106,The Comparative Impact of Cash Transfers and a Psychotherapy Program…,The Comparative Impact of Cash Transfers and a Psychotherapy Program on Psychological and Economic Well-being
Sandip Sukhtankar,1,1,10.3386/w32093,Cash Transfers for Child Development,Cash Transfers for Child Development: Experimental Evidence from India
Sandra Dow,1,1,10.3386/w32450,The Macroeconomic Impact of Climate Change,The Macroeconomic Impact of Climate Change: Global vs. Local Temperature
Sandra Lavorel,1,1,10.3386/w31554,Urban Forests,Urban Forests: Environmental Health Values and Risks
Sandrine Péneau,1,1,10.3386/w30740,"When do ""Nudges"" Increase Welfare?","When do ""Nudges"" Increase Welfare?"
Sanem Ozen,1,1,10.3386/w28106,The Comparative Impact of Cash Transfers and a Psychotherapy Program…,The Comparative Impact of Cash Transfers and a Psychotherapy Program on Psychological and Economic Well-being
Sanja Blažević Burić,1,1,10.3386/w23928,Artificial Intelligence and Economic Growth,Artificial Intelligence and Economic Growth
Sanjay Misra,1,1,10.3386/w23928,Artificial Intelligence and Economic Growth,Artificial Intelligence and Economic Growth
Sanjeeb Dash,1,1,10.3386/w26752,Stagnation and Scientific Incentives,Stagnation and Scientific Incentives
Sanjida Khan,1,1,10.3386/w28106,The Comparative Impact of Cash Transfers and a Psychotherapy Program…,The Comparative Impact of Cash Transfers and a Psychotherapy Program on Psychological and Economic Well-being
Santanu Kundu,1,1,10.3386/w31137,Biodiversity Risk,Biodiversity Risk
Sanya Carley,1,1,10.3386/w26775,Advance Market Commitments,Advance Market Commitments: Insights from Theory and Experience
Sara Carter,1,1,10.3386/w23928,Artificial Intelligence and Economic Growth,Artificial Intelligence and Economic Growth
Sara Constantino,1,1,10.3386/w32450,The Macroeconomic Impact of Climate Change,The Macroeconomic Impact of Climate Change: Global vs. Local Temperature
Sarah E. Anderson,1,1,10.1257/aer.20221215,Does the Squeaky Wheel Get More Grease? The Direct and…,Does the Squeaky Wheel Get More Grease? The Direct and Indirect Effects of Citizen Participation on Environmental Governance in China
Sarah E. Bolton,1,1,10.1080/21606544.2022.2138980,The animal welfare cost of meat,The animal welfare cost of meat: evidence from a survey of hypothetical scenarios among Belgian consumers
Sarah Eichmeyer,1,1,10.1093/ej/uead102,Do Celebrity Endorsements Matter? A Twitter Experiment Promoting Vaccination in…,Do Celebrity Endorsements Matter? A Twitter Experiment Promoting Vaccination in Indonesia
Sarah Gillespie,1,1,10.3386/w28106,The Comparative Impact of Cash Transfers and a Psychotherapy Program…,The Comparative Impact of Cash Transfers and a Psychotherapy Program on Psychological and Economic Well-being
Sarah Gultom,1,1,10.1093/ej/uead102,Do Celebrity Endorsements Matter? A Twitter Experiment Promoting Vaccination in…,Do Celebrity Endorsements Matter? A Twitter Experiment Promoting Vaccination in Indonesia
Saravana Ravindran,1,1,10.3386/w23929,Effects of Emigration on Rural Labor Markets,Effects of Emigration on Rural Labor Markets
Sarim Zafar,1,1,10.3386/w28106,The Comparative Impact of Cash Transfers and a Psychotherapy Program…,The Comparative Impact of Cash Transfers and a Psychotherapy Program on Psychological and Economic Well-being
Sarosh Nagar,1,1,10.1257/pandp.20201017,Advance Market Commitments,Advance Market Commitments: Insights from Theory and Experience
Sasa Yang,1,1,10.3386/w23928,Artificial Intelligence and Economic Growth,Artificial Intelligence and Economic Growth
Satish Kumar,1,1,10.3386/w31137,Biodiversity Risk,Biodiversity Risk
Satoshi Hoshino,1,1,10.3386/w23929,Effects of Emigration on Rural Labor Markets,Effects of Emigration on Rural Labor Markets
Saurabh Singhal,1,1,10.3386/w28106,The Comparative Impact of Cash Transfers and a Psychotherapy Program…,The Comparative Impact of Cash Transfers and a Psychotherapy Program on Psychological and Economic Well-being
Saverio Olivito,1,1,10.3386/w31137,Biodiversity Risk,Biodiversity Risk
Scott Duke Kominers,1,1,10.3386/w26775,Advance Market Commitments,Advance Market Commitments: Insights from Theory and Experience
Scott Webster,1,1,10.1257/pandp.20201017,Advance Market Commitments,Advance Market Commitments: Insights from Theory and Experience
Sean Low,1,1,10.1257/pandp.20201017,Advance Market Commitments,Advance Market Commitments: Insights from Theory and Experience
Sebastian Bauhoff,1,1,10.3386/w28726,Selecting the Most Effective Nudge,Selecting the Most Effective Nudge: Evidence from a Large-Scale Experiment on Immunization
Sebastian Gerth,1,1,10.3386/w23928,Artificial Intelligence and Economic Growth,Artificial Intelligence and Economic Growth
Sebastian Linde,1,1,10.2139/ssrn.4154000,How Effective Is (More) Money? Randomizing Unconditional Cash Transfer Amounts…,How Effective Is (More) Money? Randomizing Unconditional Cash Transfer Amounts in the US
Sebastian Utz,1,1,10.3386/w31137,Biodiversity Risk,Biodiversity Risk
Sebastián Espinoza,1,1,10.3386/w32450,The Macroeconomic Impact of Climate Change,The Macroeconomic Impact of Climate Change: Global vs. Local Temperature
Sebastián Vollmer,1,1,10.3386/w28726,Selecting the Most Effective Nudge,Selecting the Most Effective Nudge: Evidence from a Large-Scale Experiment on Immunization
Sefi Roth,1,1,10.3386/w32728,A Welfare Analysis of Policies Impacting Climate Change,A Welfare Analysis of Policies Impacting Climate Change
Sen Chai,1,1,10.3386/w26752,Stagnation and Scientific Incentives,Stagnation and Scientific Incentives
Sendhil Mullainathan,1,1,10.3386/w23928,Artificial Intelligence and Economic Growth,Artificial Intelligence and Economic Growth
Seongmin Jeon,1,1,10.3386/w23928,Artificial Intelligence and Economic Growth,Artificial Intelligence and Economic Growth
Serena Cocciolo,1,1,10.3386/w30835,Water Treatment And Child Mortality,Water Treatment And Child Mortality: A Meta-Analysis And Cost-effectiveness Analysis
Serge-Lopez Wamba-Taguimdje,1,1,10.3386/w23928,Artificial Intelligence and Economic Growth,Artificial Intelligence and Economic Growth
Sergey Gavrilets,1,1,10.3386/w31663,"Zero-Sum Environments, the Evolution of Effort-Suppressing Beliefs, and Economic…","Zero-Sum Environments, the Evolution of Effort-Suppressing Beliefs, and Economic Development"
Sergey Tishkov,1,1,10.3386/w32450,The Macroeconomic Impact of Climate Change,The Macroeconomic Impact of Climate Change: Global vs. Local Temperature
Seth Ariel Green,1,1,10.2139/ssrn.3938994,Information Avoidance and Moral Behavior,Information Avoidance and Moral Behavior: Experimental Evidence from Food Choices
Sevgi Soylemezgil,1,1,10.3386/w31137,Biodiversity Risk,Biodiversity Risk
Shabnam Anne,1,1,10.3386/w28106,The Comparative Impact of Cash Transfers and a Psychotherapy Program…,The Comparative Impact of Cash Transfers and a Psychotherapy Program on Psychological and Economic Well-being
Shafaq Irshad,1,1,10.3386/w32450,The Macroeconomic Impact of Climate Change,The Macroeconomic Impact of Climate Change: Global vs. Local Temperature
Shahabaldin Rezania,1,1,10.3386/w30835,Water Treatment And Child Mortality,Water Treatment And Child Mortality: A Meta-Analysis And Cost-effectiveness Analysis
Shai Shalev‐Shwartz,1,1,10.48550/arxiv.2305.07153,Towards best practices in AGI safety and governance,Towards best practices in AGI safety and governance: A survey of expert opinion
Shailesh Sakalle,1,1,10.3386/w30011,"The Long-Run Effects of Psychotherapy on Depression, Beliefs, and Economic…","The Long-Run Effects of Psychotherapy on Depression, Beliefs, and Economic Outcomes"
Shalini Singh,1,1,10.3386/w23928,Artificial Intelligence and Economic Growth,Artificial Intelligence and Economic Growth
Shan Jin,1,1,10.3386/w23928,Artificial Intelligence and Economic Growth,Artificial Intelligence and Economic Growth
Shan-Heng Fu,1,1,10.3386/w32450,The Macroeconomic Impact of Climate Change,The Macroeconomic Impact of Climate Change: Global vs. Local Temperature
Shannen Wafflart,1,1,10.1111/conl.13077,Banning Wildlife Trade Can Boost the Unregulated Trade of Threatened…,Banning Wildlife Trade Can Boost the Unregulated Trade of Threatened Species
Shaoqi Ma,1,1,10.3386/w23928,Artificial Intelligence and Economic Growth,Artificial Intelligence and Economic Growth
Sharad Tiwari,1,1,10.3386/w30011,"The Long-Run Effects of Psychotherapy on Depression, Beliefs, and Economic…","The Long-Run Effects of Psychotherapy on Depression, Beliefs, and Economic Outcomes"
Sharon Belenzon,1,1,10.3386/w31899,The Effect of Public Science on Corporate R&amp;D,The Effect of Public Science on Corporate R&amp;D
Sharon Goldfeld,1,1,10.3386/w28726,Selecting the Most Effective Nudge,Selecting the Most Effective Nudge: Evidence from a Large-Scale Experiment on Immunization
Sharon Locke,1,1,10.3386/w28106,The Comparative Impact of Cash Transfers and a Psychotherapy Program…,The Comparative Impact of Cash Transfers and a Psychotherapy Program on Psychological and Economic Well-being
Sharon Wolf,1,1,10.2139/ssrn.4154000,How Effective Is (More) Money? Randomizing Unconditional Cash Transfer Amounts…,How Effective Is (More) Money? Randomizing Unconditional Cash Transfer Amounts in the US
Shaul Shalvi,1,1,10.2139/ssrn.3938994,Information Avoidance and Moral Behavior,Information Avoidance and Moral Behavior: Experimental Evidence from Food Choices
Sheer Lia,1,1,10.3386/w31899,The Effect of Public Science on Corporate R&amp;D,The Effect of Public Science on Corporate R&amp;D
Sheila A. McIlraith,1,1,10.48550/arxiv.2305.07153,Towards best practices in AGI safety and governance,Towards best practices in AGI safety and governance: A survey of expert opinion
Sheila O’Donohoe,1,1,10.3386/w31137,Biodiversity Risk,Biodiversity Risk
Shengling Zhang,1,1,10.3386/w23928,Artificial Intelligence and Economic Growth,Artificial Intelligence and Economic Growth
Shengming Hu,1,1,10.3386/w23928,Artificial Intelligence and Economic Growth,Artificial Intelligence and Economic Growth
Shibin David,1,1,10.3386/w23928,Artificial Intelligence and Economic Growth,Artificial Intelligence and Economic Growth
Shifneen Rasheed,1,1,10.3386/w32450,The Macroeconomic Impact of Climate Change,The Macroeconomic Impact of Climate Change: Global vs. Local Temperature
Shihan Feng,1,1,10.1257/aer.20221215,Does the Squeaky Wheel Get More Grease? The Direct and…,Does the Squeaky Wheel Get More Grease? The Direct and Indirect Effects of Citizen Participation on Environmental Governance in China
Shilan Feng,1,1,10.1257/aer.20221215,Does the Squeaky Wheel Get More Grease? The Direct and…,Does the Squeaky Wheel Get More Grease? The Direct and Indirect Effects of Citizen Participation on Environmental Governance in China
Shinya Uryu,1,1,10.1111/conl.13077,Banning Wildlife Trade Can Boost the Unregulated Trade of Threatened…,Banning Wildlife Trade Can Boost the Unregulated Trade of Threatened Species
Shiwei Fan,1,1,10.1257/aer.20221215,Does the Squeaky Wheel Get More Grease? The Direct and…,Does the Squeaky Wheel Get More Grease? The Direct and Indirect Effects of Citizen Participation on Environmental Governance in China
Shruti Rajagopalan,1,1,10.1257/pandp.20201017,Advance Market Commitments,Advance Market Commitments: Insights from Theory and Experience
Shu Tian,1,1,10.1257/aer.20221215,Does the Squeaky Wheel Get More Grease? The Direct and…,Does the Squeaky Wheel Get More Grease? The Direct and Indirect Effects of Citizen Participation on Environmental Governance in China
Shuai Ling,1,1,10.3386/w28726,Selecting the Most Effective Nudge,Selecting the Most Effective Nudge: Evidence from a Large-Scale Experiment on Immunization
Shuaijun Guo,1,1,10.3386/w28726,Selecting the Most Effective Nudge,Selecting the Most Effective Nudge: Evidence from a Large-Scale Experiment on Immunization
Shuang Zhang,1,1,10.3386/w26752,Stagnation and Scientific Incentives,Stagnation and Scientific Incentives
Shuanglei Wu,1,1,10.3386/w26752,Stagnation and Scientific Incentives,Stagnation and Scientific Incentives
Shubhanker Yadav,1,1,10.3386/w23928,Artificial Intelligence and Economic Growth,Artificial Intelligence and Economic Growth
Shubo Zhang,1,1,10.1257/aer.20221215,Does the Squeaky Wheel Get More Grease? The Direct and…,Does the Squeaky Wheel Get More Grease? The Direct and Indirect Effects of Citizen Participation on Environmental Governance in China
Shulei Cheng,1,1,10.1257/aer.20221215,Does the Squeaky Wheel Get More Grease? The Direct and…,Does the Squeaky Wheel Get More Grease? The Direct and Indirect Effects of Citizen Participation on Environmental Governance in China
Shuzhong Ma,1,1,10.3386/w23928,Artificial Intelligence and Economic Growth,Artificial Intelligence and Economic Growth
Shwetlena Sabarwal,1,1,10.3386/w31208,Building Resilient Education Systems,Building Resilient Education Systems: Evidence from Large-Scale Randomized Trials in Five Countries
Sicily Fiennes,1,1,10.1111/conl.13077,Banning Wildlife Trade Can Boost the Unregulated Trade of Threatened…,Banning Wildlife Trade Can Boost the Unregulated Trade of Threatened Species
Sifan Zhou,1,1,10.3386/w26752,Stagnation and Scientific Incentives,Stagnation and Scientific Incentives
Sihong Li,1,1,10.3386/w23928,Artificial Intelligence and Economic Growth,Artificial Intelligence and Economic Growth
Sijia Tao,1,1,10.3386/w23928,Artificial Intelligence and Economic Growth,Artificial Intelligence and Economic Growth
Silvia Prina,1,1,10.3386/w28726,Selecting the Most Effective Nudge,Selecting the Most Effective Nudge: Evidence from a Large-Scale Experiment on Immunization
Silvio Vismara,1,1,10.3386/w23928,Artificial Intelligence and Economic Growth,Artificial Intelligence and Economic Growth
Simeon Campos,1,1,10.1016/j.ijdrr.2022.102798,Long term cost-effectiveness of resilient foods for global catastrophes compared…,Long term cost-effectiveness of resilient foods for global catastrophes compared to artificial general intelligence safety
Simiao Chen,1,1,10.3386/w26775,Advance Market Commitments,Advance Market Commitments: Insights from Theory and Experience
Simon Blouin,1,1,10.1016/j.ijdrr.2022.102798,Long term cost-effectiveness of resilient foods for global catastrophes compared…,Long term cost-effectiveness of resilient foods for global catastrophes compared to artificial general intelligence safety
Simon Bunel,1,1,10.3386/w23928,Artificial Intelligence and Economic Growth,Artificial Intelligence and Economic Growth
Simon Fritzsch,1,1,10.3386/w31137,Biodiversity Risk,Biodiversity Risk
Simon Quinn,1,1,10.3386/w28726,Selecting the Most Effective Nudge,Selecting the Most Effective Nudge: Evidence from a Large-Scale Experiment on Immunization
Simon Scheidegger,1,1,10.3386/w31137,Biodiversity Risk,Biodiversity Risk
Simona Abis,1,1,10.3386/w23928,Artificial Intelligence and Economic Growth,Artificial Intelligence and Economic Growth
Simona Cosma,1,1,10.3386/w31137,Biodiversity Risk,Biodiversity Risk
Simona Costagli,1,1,10.3386/w23928,Artificial Intelligence and Economic Growth,Artificial Intelligence and Economic Growth
Simona Gamba,1,1,10.3386/w31272,Pharmaceutical Pricing and R&amp;D as a Global Public Good,Pharmaceutical Pricing and R&amp;D as a Global Public Good
Simone Schaner,1,1,10.3386/w23929,Effects of Emigration on Rural Labor Markets,Effects of Emigration on Rural Labor Markets
Siyi Wang,1,1,10.3386/w23928,Artificial Intelligence and Economic Growth,Artificial Intelligence and Economic Growth
Snehil Gupta,1,1,10.3386/w28106,The Comparative Impact of Cash Transfers and a Psychotherapy Program…,The Comparative Impact of Cash Transfers and a Psychotherapy Program on Psychological and Economic Well-being
Sofía Amaral,1,1,10.3386/w28726,Selecting the Most Effective Nudge,Selecting the Most Effective Nudge: Evidence from a Large-Scale Experiment on Immunization
Sofía López‐Cubillos,1,1,10.21203/rs.3.rs-3235955/v1,The global potential for natural regeneration in deforested tropical regions,The global potential for natural regeneration in deforested tropical regions
Solomon Minyila,1,1,10.1093/wbro/lkae010,The Effect of Lead Exposure on Children’s Learning in the…,The Effect of Lead Exposure on Children’s Learning in the Developing World: A Meta-Analysis
Somaia Abdulrazzak,1,1,10.3386/w31208,Building Resilient Education Systems,Building Resilient Education Systems: Evidence from Large-Scale Randomized Trials in Five Countries
Song Xiaoming,1,1,10.3386/w23928,Artificial Intelligence and Economic Growth,Artificial Intelligence and Economic Growth
Songül Tolan,1,1,10.3386/w23928,Artificial Intelligence and Economic Growth,Artificial Intelligence and Economic Growth
Sonja Harken,1,1,10.1287/mnsc.2020.00596,Does Online Fundraising Increase Charitable Giving? A Nationwide Field Experimen…,Does Online Fundraising Increase Charitable Giving? A Nationwide Field Experiment on Facebook
Sonja Vogt,1,1,10.3386/w28726,Selecting the Most Effective Nudge,Selecting the Most Effective Nudge: Evidence from a Large-Scale Experiment on Immunization
Sophia Kazinnik,1,1,10.3386/w23928,Artificial Intelligence and Economic Growth,Artificial Intelligence and Economic Growth
Sophus zu Ermgassen,1,1,10.3386/w31137,Biodiversity Risk,Biodiversity Risk
Soufyane Ayanouz,1,1,10.3386/w23928,Artificial Intelligence and Economic Growth,Artificial Intelligence and Economic Growth
Spyridon Karageorgos,1,1,10.2139/ssrn.4154000,How Effective Is (More) Money? Randomizing Unconditional Cash Transfer Amounts…,How Effective Is (More) Money? Randomizing Unconditional Cash Transfer Amounts in the US
Sreeja Jaiswal,1,1,10.3386/w23929,Effects of Emigration on Rural Labor Markets,Effects of Emigration on Rural Labor Markets
Srinivasan Kasinathan,1,1,10.21203/rs.3.rs-3235955/v1,The global potential for natural regeneration in deforested tropical regions,The global potential for natural regeneration in deforested tropical regions
Staša Milojević,1,1,10.3386/w26752,Stagnation and Scientific Incentives,Stagnation and Scientific Incentives
Stefan Brunnhuber,1,1,10.3386/w23928,Artificial Intelligence and Economic Growth,Artificial Intelligence and Economic Growth
Stefan Gaillard,1,1,10.3386/w26752,Stagnation and Scientific Incentives,Stagnation and Scientific Incentives
Stefan Lewellen,1,1,10.1257/aer.20221215,Does the Squeaky Wheel Get More Grease? The Direct and…,Does the Squeaky Wheel Get More Grease? The Direct and Indirect Effects of Citizen Participation on Environmental Governance in China
Stefan Schaltegger,1,1,10.21203/rs.3.rs-3235955/v1,The global potential for natural regeneration in deforested tropical regions,The global potential for natural regeneration in deforested tropical regions
Stefan Schubert,1,1,10.1016/j.cognition.2021.104941,Population ethical intuitions,Population ethical intuitions
Stefanie Hoehl,1,1,10.3386/w30011,"The Long-Run Effects of Psychotherapy on Depression, Beliefs, and Economic…","The Long-Run Effects of Psychotherapy on Depression, Beliefs, and Economic Outcomes"
Stefano Cosma,1,1,10.3386/w31137,Biodiversity Risk,Biodiversity Risk
Stefano Giglio,1,1,10.3386/w31137,Biodiversity Risk,Biodiversity Risk
Steffen Farny,1,1,10.21203/rs.3.rs-3235955/v1,The global potential for natural regeneration in deforested tropical regions,The global potential for natural regeneration in deforested tropical regions
Stephan Küster,1,1,10.3386/w31137,Biodiversity Risk,Biodiversity Risk
Stephanie Wang,1,1,10.3386/w23928,Artificial Intelligence and Economic Growth,Artificial Intelligence and Economic Growth
Stephen Norman,1,1,10.1257/aer.20221215,Does the Squeaky Wheel Get More Grease? The Direct and…,Does the Squeaky Wheel Get More Grease? The Direct and Indirect Effects of Citizen Participation on Environmental Governance in China
Stephen O’Neill,1,1,10.3386/w28726,Selecting the Most Effective Nudge,Selecting the Most Effective Nudge: Evidence from a Large-Scale Experiment on Immunization
Stephen P. Luby,1,1,10.1093/wbro/lkae010,The Effect of Lead Exposure on Children’s Learning in the…,The Effect of Lead Exposure on Children’s Learning in the Developing World: A Meta-Analysis
Stephen Roper,1,1,10.3386/w31899,The Effect of Public Science on Corporate R&amp;D,The Effect of Public Science on Corporate R&amp;D
Steven Bond‐Smith,1,1,10.3386/w23928,Artificial Intelligence and Economic Growth,Artificial Intelligence and Economic Growth
Steven Ongena,1,1,10.3386/w31137,Biodiversity Risk,Biodiversity Risk
Steven Tadelis,1,1,10.3386/w23928,Artificial Intelligence and Economic Growth,Artificial Intelligence and Economic Growth
Steven Wooding,1,1,10.3386/w31409,Choose Your Moments,Choose Your Moments: Peer Review and Scientific Risk Taking
Stuart Feldman,1,1,10.3386/w31409,Choose Your Moments,Choose Your Moments: Peer Review and Scientific Risk Taking
Stuart L. Pimm,1,1,10.1257/pandp.20201017,Advance Market Commitments,Advance Market Commitments: Insights from Theory and Experience
Stéphanie Khoury,1,1,10.3386/w28106,The Comparative Impact of Cash Transfers and a Psychotherapy Program…,The Comparative Impact of Cash Transfers and a Psychotherapy Program on Psychological and Economic Well-being
Su-Mei Gan,1,1,10.3386/w23928,Artificial Intelligence and Economic Growth,Artificial Intelligence and Economic Growth
Suad Altaei,1,1,10.3386/w23928,Artificial Intelligence and Economic Growth,Artificial Intelligence and Economic Growth
Sudarshan RSA,1,1,10.1257/aeri.20230431,Money (Not) to Burn,Money (Not) to Burn: Payments for Ecosystem Services to Reduce Crop Residue Burning
Sue A. Kaplan,1,1,10.2139/ssrn.4154000,How Effective Is (More) Money? Randomizing Unconditional Cash Transfer Amounts…,How Effective Is (More) Money? Randomizing Unconditional Cash Transfer Amounts in the US
Sugandha Srivastav,1,1,10.3386/w32450,The Macroeconomic Impact of Climate Change,The Macroeconomic Impact of Climate Change: Global vs. Local Temperature
Sukrit Pal,1,1,10.1287/mnsc.2023.4846,The Governance of Nonprofits and Their Social Impact,The Governance of Nonprofits and Their Social Impact: Evidence from a Randomized Program in Healthcare in the Democratic Republic of Congo
Sumana Chaudhuri,1,1,10.3386/w23928,Artificial Intelligence and Economic Growth,Artificial Intelligence and Economic Growth
Sumi Mehta,1,1,10.3386/w32450,The Macroeconomic Impact of Climate Change,The Macroeconomic Impact of Climate Change: Global vs. Local Temperature
Sumit Agarwal,1,1,10.2139/ssrn.4154000,How Effective Is (More) Money? Randomizing Unconditional Cash Transfer Amounts…,How Effective Is (More) Money? Randomizing Unconditional Cash Transfer Amounts in the US
Sung Jun Jo,1,1,10.3386/w23928,Artificial Intelligence and Economic Growth,Artificial Intelligence and Economic Growth
Sung‐Eun Cho,1,1,10.3386/w23929,Effects of Emigration on Rural Labor Markets,Effects of Emigration on Rural Labor Markets
Supreet Kaur,1,1,10.3386/w23929,Effects of Emigration on Rural Labor Markets,Effects of Emigration on Rural Labor Markets
Suresh Dalpath,1,1,10.3386/w28726,Selecting the Most Effective Nudge,Selecting the Most Effective Nudge: Evidence from a Large-Scale Experiment on Immunization
Suresh Naidu,1,1,10.3386/w32728,A Welfare Analysis of Policies Impacting Climate Change,A Welfare Analysis of Policies Impacting Climate Change
Suryanto Suryanto,1,1,10.3386/w23928,Artificial Intelligence and Economic Growth,Artificial Intelligence and Economic Growth
Susan G. W. Laurance,1,1,10.21203/rs.3.rs-3235955/v1,The global potential for natural regeneration in deforested tropical regions,The global potential for natural regeneration in deforested tropical regions
Susan Martin,1,1,10.3386/w26775,Advance Market Commitments,Advance Market Commitments: Insights from Theory and Experience
Susana Cipriano Dias Raffaelli,1,1,10.3386/w26752,Stagnation and Scientific Incentives,Stagnation and Scientific Incentives
Susann Fiedler,1,1,10.2139/ssrn.3938994,Information Avoidance and Moral Behavior,Information Avoidance and Moral Behavior: Experimental Evidence from Food Choices
Sutinee Sinutok,1,1,10.3386/w32450,The Macroeconomic Impact of Climate Change,The Macroeconomic Impact of Climate Change: Global vs. Local Temperature
Suzanne Oosterwijk,1,1,10.2139/ssrn.3938994,Information Avoidance and Moral Behavior,Information Avoidance and Moral Behavior: Experimental Evidence from Food Choices
Suárez Carolina,1,1,10.1257/pandp.20201017,Advance Market Commitments,Advance Market Commitments: Insights from Theory and Experience
Sven Hartlieb,1,1,10.3386/w31137,Biodiversity Risk,Biodiversity Risk
Sven Wunder,1,1,10.3386/w31137,Biodiversity Risk,Biodiversity Risk
Svetlana V. Lobova,1,1,10.3386/w23928,Artificial Intelligence and Economic Growth,Artificial Intelligence and Economic Growth
Svitlana Bilan,1,1,10.3386/w23928,Artificial Intelligence and Economic Growth,Artificial Intelligence and Economic Growth
Sydney Costantini,1,1,10.3386/w30011,"The Long-Run Effects of Psychotherapy on Depression, Beliefs, and Economic…","The Long-Run Effects of Psychotherapy on Depression, Beliefs, and Economic Outcomes"
Syed Habib Ullah Shah,1,1,10.3386/w23928,Artificial Intelligence and Economic Growth,Artificial Intelligence and Economic Growth
Syedah Aroob Iqbal,1,1,10.3386/w31208,Building Resilient Education Systems,Building Resilient Education Systems: Evidence from Large-Scale Randomized Trials in Five Countries
Sónia Sofia Lopes Pereira,1,1,10.3386/w23928,Artificial Intelligence and Economic Growth,Artificial Intelligence and Economic Growth
Sönke Ehret,1,1,10.3386/w28726,Selecting the Most Effective Nudge,Selecting the Most Effective Nudge: Evidence from a Large-Scale Experiment on Immunization
Sören Mindermann,1,1,10.48550/arxiv.2305.07153,Towards best practices in AGI safety and governance,Towards best practices in AGI safety and governance: A survey of expert opinion
T. R. Shankar Raman,1,1,10.21203/rs.3.rs-3235955/v1,The global potential for natural regeneration in deforested tropical regions,The global potential for natural regeneration in deforested tropical regions
T.J. Wong,1,1,10.1257/aer.20221215,Does the Squeaky Wheel Get More Grease? The Direct and…,Does the Squeaky Wheel Get More Grease? The Direct and Indirect Effects of Citizen Participation on Environmental Governance in China
Tabaré Capitán,1,1,10.3386/w30624,Legalizing Entrepreneurship,Legalizing Entrepreneurship
Tae‐Kyun Kim,1,1,10.3386/w23928,Artificial Intelligence and Economic Growth,Artificial Intelligence and Economic Growth
Taiga Kunishima,1,1,10.1111/conl.13077,Banning Wildlife Trade Can Boost the Unregulated Trade of Threatened…,Banning Wildlife Trade Can Boost the Unregulated Trade of Threatened Species
Taisuke Imai,1,1,10.2139/ssrn.3938994,Information Avoidance and Moral Behavior,Information Avoidance and Moral Behavior: Experimental Evidence from Food Choices
Talal Fawzi Alruwaili,1,1,10.3386/w23928,Artificial Intelligence and Economic Growth,Artificial Intelligence and Economic Growth
Talib E. Butt,1,1,10.1016/j.ijdrr.2022.102798,Long term cost-effectiveness of resilient foods for global catastrophes compared…,Long term cost-effectiveness of resilient foods for global catastrophes compared to artificial general intelligence safety
Tamar Jankhoteli,1,1,10.1093/wbro/lkae010,The Effect of Lead Exposure on Children’s Learning in the…,The Effect of Lead Exposure on Children’s Learning in the Developing World: A Meta-Analysis
Tamkinat Rauf,1,1,10.2139/ssrn.4154000,How Effective Is (More) Money? Randomizing Unconditional Cash Transfer Amounts…,How Effective Is (More) Money? Randomizing Unconditional Cash Transfer Amounts in the US
Tamma Carleton,1,1,10.3386/w32728,A Welfare Analysis of Policies Impacting Climate Change,A Welfare Analysis of Policies Impacting Climate Change
Tania Barham,1,1,10.3386/w31162,Intergenerational Child Mortality Impacts of Deworming,Intergenerational Child Mortality Impacts of Deworming: Experimental Evidence from Two Decades of the Kenya Life Panel Survey
Tania M. Lincoln,1,1,10.3386/w30011,"The Long-Run Effects of Psychotherapy on Depression, Beliefs, and Economic…","The Long-Run Effects of Psychotherapy on Depression, Beliefs, and Economic Outcomes"
Tanisha Mittal,1,1,10.3386/w23928,Artificial Intelligence and Economic Growth,Artificial Intelligence and Economic Growth
Tanveer Ahmed,1,1,10.3386/w23928,Artificial Intelligence and Economic Growth,Artificial Intelligence and Economic Growth
Tao Hong,1,1,10.3386/w23928,Artificial Intelligence and Economic Growth,Artificial Intelligence and Economic Growth
Tao Tao,1,1,10.1257/aer.20221215,Does the Squeaky Wheel Get More Grease? The Direct and…,Does the Squeaky Wheel Get More Grease? The Direct and Indirect Effects of Citizen Participation on Environmental Governance in China
Tao Ye,1,1,10.1257/aer.20221215,Does the Squeaky Wheel Get More Grease? The Direct and…,Does the Squeaky Wheel Get More Grease? The Direct and Indirect Effects of Citizen Participation on Environmental Governance in China
Taoyuan Wei,1,1,10.1257/aer.20221215,Does the Squeaky Wheel Get More Grease? The Direct and…,Does the Squeaky Wheel Get More Grease? The Direct and Indirect Effects of Citizen Participation on Environmental Governance in China
Tara N. Mather,1,1,10.1016/j.ijdrr.2022.102798,Long term cost-effectiveness of resilient foods for global catastrophes compared…,Long term cost-effectiveness of resilient foods for global catastrophes compared to artificial general intelligence safety
Tara van Viegen,1,1,10.3386/w26752,Stagnation and Scientific Incentives,Stagnation and Scientific Incentives
Tarek R. Besold,1,1,10.48550/arxiv.2305.07153,Towards best practices in AGI safety and governance,Towards best practices in AGI safety and governance: A survey of expert opinion
Tarun Sharma,1,1,10.3386/w30011,"The Long-Run Effects of Psychotherapy on Depression, Beliefs, and Economic…","The Long-Run Effects of Psychotherapy on Depression, Beliefs, and Economic Outcomes"
Tasneem H. Alshareef,1,1,10.3386/w30835,Water Treatment And Child Mortality,Water Treatment And Child Mortality: A Meta-Analysis And Cost-effectiveness Analysis
Taylor Corcoran,1,1,10.1257/pandp.20201017,Advance Market Commitments,Advance Market Commitments: Insights from Theory and Experience
Tegan Maharaj,1,1,10.48550/arxiv.2305.07153,Towards best practices in AGI safety and governance,Towards best practices in AGI safety and governance: A survey of expert opinion
Teng Ye,1,1,10.3386/w23928,Artificial Intelligence and Economic Growth,Artificial Intelligence and Economic Growth
Teng Zhong,1,1,10.1257/aer.20221215,Does the Squeaky Wheel Get More Grease? The Direct and…,Does the Squeaky Wheel Get More Grease? The Direct and Indirect Effects of Citizen Participation on Environmental Governance in China
Teo Sušnjak,1,1,10.48550/arxiv.2305.07153,Towards best practices in AGI safety and governance,Towards best practices in AGI safety and governance: A survey of expert opinion
Teresa Molina,1,1,10.3386/w31162,Intergenerational Child Mortality Impacts of Deworming,Intergenerational Child Mortality Impacts of Deworming: Experimental Evidence from Two Decades of the Kenya Life Panel Survey
Thanh Thuy Le,1,1,10.3386/w31137,Biodiversity Risk,Biodiversity Risk
Themistoklis Tzimas,1,1,10.3386/w23928,Artificial Intelligence and Economic Growth,Artificial Intelligence and Economic Growth
Theodoros Zachariadis,1,1,10.2139/ssrn.4154000,How Effective Is (More) Money? Randomizing Unconditional Cash Transfer Amounts…,How Effective Is (More) Money? Randomizing Unconditional Cash Transfer Amounts in the US
Theodoros Ν. Sergentanis,1,1,10.3386/w31899,The Effect of Public Science on Corporate R&amp;D,The Effect of Public Science on Corporate R&amp;D
Theresa Kuchler,1,1,10.3386/w31137,Biodiversity Risk,Biodiversity Risk
Thomas Bossuroy,1,1,10.3386/w28106,The Comparative Impact of Cash Transfers and a Psychotherapy Program…,The Comparative Impact of Cash Transfers and a Psychotherapy Program on Psychological and Economic Well-being
Thomas Dirkmaat,1,1,10.2139/ssrn.3938994,Information Avoidance and Moral Behavior,Information Avoidance and Moral Behavior: Experimental Evidence from Food Choices
Thomas Franke,1,1,10.3386/w30011,"The Long-Run Effects of Psychotherapy on Depression, Beliefs, and Economic…","The Long-Run Effects of Psychotherapy on Depression, Beliefs, and Economic Outcomes"
Thomas J. Bollyky,1,1,10.3386/w26775,Advance Market Commitments,Advance Market Commitments: Insights from Theory and Experience
Thomas Johnston,1,1,10.1257/pandp.20201017,Advance Market Commitments,Advance Market Commitments: Insights from Theory and Experience
Thomas Kubiak,1,1,10.3386/w30011,"The Long-Run Effects of Psychotherapy on Depression, Beliefs, and Economic…","The Long-Run Effects of Psychotherapy on Depression, Beliefs, and Economic Outcomes"
Thomas Lundhede,1,1,10.3386/w31137,Biodiversity Risk,Biodiversity Risk
Thomas Pfeiffer,1,1,10.3386/w23928,Artificial Intelligence and Economic Growth,Artificial Intelligence and Economic Growth
Thomas R. Berry‐Stölzle,1,1,10.3386/w31137,Biodiversity Risk,Biodiversity Risk
Thomas Sterner,1,1,10.3386/w32450,The Macroeconomic Impact of Climate Change,The Macroeconomic Impact of Climate Change: Global vs. Local Temperature
Thorben Sandmeier,1,1,10.3386/w32450,The Macroeconomic Impact of Climate Change,The Macroeconomic Impact of Climate Change: Global vs. Local Temperature
Thorsten Quandt,1,1,10.1093/ej/uead102,Do Celebrity Endorsements Matter? A Twitter Experiment Promoting Vaccination in…,Do Celebrity Endorsements Matter? A Twitter Experiment Promoting Vaccination in Indonesia
Tian Wu,1,1,10.1257/aer.20221215,Does the Squeaky Wheel Get More Grease? The Direct and…,Does the Squeaky Wheel Get More Grease? The Direct and Indirect Effects of Citizen Participation on Environmental Governance in China
Tianding Zhang,1,1,10.3386/w23928,Artificial Intelligence and Economic Growth,Artificial Intelligence and Economic Growth
Tianlei Pi,1,1,10.3386/w31137,Biodiversity Risk,Biodiversity Risk
Tianshu Li,1,1,10.1257/aer.20221215,Does the Squeaky Wheel Get More Grease? The Direct and…,Does the Squeaky Wheel Get More Grease? The Direct and Indirect Effects of Citizen Participation on Environmental Governance in China
Tianyu Wei,1,1,10.1257/aer.20221215,Does the Squeaky Wheel Get More Grease? The Direct and…,Does the Squeaky Wheel Get More Grease? The Direct and Indirect Effects of Citizen Participation on Environmental Governance in China
Tianyu Zhang,1,1,10.1257/aer.20221215,Does the Squeaky Wheel Get More Grease? The Direct and…,Does the Squeaky Wheel Get More Grease? The Direct and Indirect Effects of Citizen Participation on Environmental Governance in China
Tim Marczylo,1,1,10.1093/wbro/lkae010,The Effect of Lead Exposure on Children’s Learning in the…,The Effect of Lead Exposure on Children’s Learning in the Developing World: A Meta-Analysis
Tim Sullivan,1,1,10.3386/w31208,Building Resilient Education Systems,Building Resilient Education Systems: Evidence from Large-Scale Randomized Trials in Five Countries
Timothy Powell‐Jackson,1,1,10.3386/w28726,Selecting the Most Effective Nudge,Selecting the Most Effective Nudge: Evidence from a Large-Scale Experiment on Immunization
Timothy R. McIntosh,1,1,10.48550/arxiv.2305.07153,Towards best practices in AGI safety and governance,Towards best practices in AGI safety and governance: A survey of expert opinion
Tina Prodromou,1,1,10.3386/w31137,Biodiversity Risk,Biodiversity Risk
Ting-Ting Sun,1,1,10.3386/w23928,Artificial Intelligence and Economic Growth,Artificial Intelligence and Economic Growth
Tingting Sun,1,1,10.3386/w23928,Artificial Intelligence and Economic Growth,Artificial Intelligence and Economic Growth
Tingting Xie,1,1,10.1257/aer.20221215,Does the Squeaky Wheel Get More Grease? The Direct and…,Does the Squeaky Wheel Get More Grease? The Direct and Indirect Effects of Citizen Participation on Environmental Governance in China
Tobias Bergmann,1,1,10.3386/w23928,Artificial Intelligence and Economic Growth,Artificial Intelligence and Economic Growth
Tobias Huber,1,1,10.3386/w31137,Biodiversity Risk,Biodiversity Risk
Tobias Steindl,1,1,10.3386/w31137,Biodiversity Risk,Biodiversity Risk
Todd Pugatch,1,1,10.3386/w30835,Water Treatment And Child Mortality,Water Treatment And Child Mortality: A Meta-Analysis And Cost-effectiveness Analysis
Tom L. Osborn,1,1,10.3386/w28106,The Comparative Impact of Cash Transfers and a Psychotherapy Program…,The Comparative Impact of Cash Transfers and a Psychotherapy Program on Psychological and Economic Well-being
Tom Mahin,1,1,10.3386/w30835,Water Treatment And Child Mortality,Water Treatment And Child Mortality: A Meta-Analysis And Cost-effectiveness Analysis
Tom Nicholas,1,1,10.3386/w23928,Artificial Intelligence and Economic Growth,Artificial Intelligence and Economic Growth
Tom Wein,1,1,10.3386/w28106,The Comparative Impact of Cash Transfers and a Psychotherapy Program…,The Comparative Impact of Cash Transfers and a Psychotherapy Program on Psychological and Economic Well-being
Tomas Baležentis,1,1,10.1257/aer.20221215,Does the Squeaky Wheel Get More Grease? The Direct and…,Does the Squeaky Wheel Get More Grease? The Direct and Indirect Effects of Citizen Participation on Environmental Governance in China
Tomasz Gajderowicz,1,1,10.3386/w31208,Building Resilient Education Systems,Building Resilient Education Systems: Evidence from Large-Scale Randomized Trials in Five Countries
Tomiwa V. Oluwajuwon,1,1,10.21203/rs.3.rs-3235955/v1,The global potential for natural regeneration in deforested tropical regions,The global potential for natural regeneration in deforested tropical regions
Tommaso Ciarli,1,1,10.3386/w26752,Stagnation and Scientific Incentives,Stagnation and Scientific Incentives
Tong Fu,1,1,10.1257/aer.20221215,Does the Squeaky Wheel Get More Grease? The Direct and…,Does the Squeaky Wheel Get More Grease? The Direct and Indirect Effects of Citizen Participation on Environmental Governance in China
Tong Liu,1,1,10.48550/arxiv.2305.07153,Towards best practices in AGI safety and governance,Towards best practices in AGI safety and governance: A survey of expert opinion
Tony Hey,1,1,10.3386/w26752,Stagnation and Scientific Incentives,Stagnation and Scientific Incentives
Torben S. D. Johansen,1,1,10.3386/w31162,Intergenerational Child Mortality Impacts of Deworming,Intergenerational Child Mortality Impacts of Deworming: Experimental Evidence from Two Decades of the Kenya Life Panel Survey
Toru Kitagawa,1,1,10.3386/w28726,Selecting the Most Effective Nudge,Selecting the Most Effective Nudge: Evidence from a Large-Scale Experiment on Immunization
Tushar Manekar,1,1,10.3386/w31137,Biodiversity Risk,Biodiversity Risk
Tyler H. McCormick,1,1,10.3386/w23929,Effects of Emigration on Rural Labor Markets,Effects of Emigration on Rural Labor Markets
Tâm Phan Huy,1,1,10.3386/w23928,Artificial Intelligence and Economic Growth,Artificial Intelligence and Economic Growth
U. Neumann,1,1,10.3386/w26775,Advance Market Commitments,Advance Market Commitments: Insights from Theory and Experience
Ufuk Akcigit,1,1,10.3386/w23928,Artificial Intelligence and Economic Growth,Artificial Intelligence and Economic Growth
Uma Thapa,1,1,10.3386/w31208,Building Resilient Education Systems,Building Resilient Education Systems: Evidence from Large-Scale Randomized Trials in Five Countries
Umair Khalil,1,1,10.1093/ej/uead102,Do Celebrity Endorsements Matter? A Twitter Experiment Promoting Vaccination in…,Do Celebrity Endorsements Matter? A Twitter Experiment Promoting Vaccination in Indonesia
Umakrishnan Kollamparambil,1,1,10.3386/w23928,Artificial Intelligence and Economic Growth,Artificial Intelligence and Economic Growth
Umer Sahil Maqsood,1,1,10.3386/w23928,Artificial Intelligence and Economic Growth,Artificial Intelligence and Economic Growth
Unni Pillai,1,1,10.3386/w23928,Artificial Intelligence and Economic Growth,Artificial Intelligence and Economic Growth
Urvi Desai,1,1,10.3386/w26775,Advance Market Commitments,Advance Market Commitments: Insights from Theory and Experience
Uttam Golder,1,1,10.3386/w23928,Artificial Intelligence and Economic Growth,Artificial Intelligence and Economic Growth
Uwe Handmann,1,1,10.3386/w23928,Artificial Intelligence and Economic Growth,Artificial Intelligence and Economic Growth
Uyen Trang Nguyen,1,1,10.3386/w31137,Biodiversity Risk,Biodiversity Risk
Uzaib Saya,1,1,10.3386/w28726,Selecting the Most Effective Nudge,Selecting the Most Effective Nudge: Evidence from a Large-Scale Experiment on Immunization
Uzma Afzal,1,1,10.3386/w28726,Selecting the Most Effective Nudge,Selecting the Most Effective Nudge: Evidence from a Large-Scale Experiment on Immunization
V. V. Mironov,1,1,10.3386/w23928,Artificial Intelligence and Economic Growth,Artificial Intelligence and Economic Growth
Valentina Cafarelli,1,1,10.2139/ssrn.4154000,How Effective Is (More) Money? Randomizing Unconditional Cash Transfer Amounts…,How Effective Is (More) Money? Randomizing Unconditional Cash Transfer Amounts in the US
Valentina Karginova-Gubinova,1,1,10.3386/w32450,The Macroeconomic Impact of Climate Change,The Macroeconomic Impact of Climate Change: Global vs. Local Temperature
Valeria D. Dmitrieva,1,1,10.3386/w23928,Artificial Intelligence and Economic Growth,Artificial Intelligence and Economic Growth
Valeria S. Kaptsova,1,1,10.3386/w23928,Artificial Intelligence and Economic Growth,Artificial Intelligence and Economic Growth
Valerii Osetskyi,1,1,10.3386/w23928,Artificial Intelligence and Economic Growth,Artificial Intelligence and Economic Growth
Valery I. Bezrukov,1,1,10.3386/w23928,Artificial Intelligence and Economic Growth,Artificial Intelligence and Economic Growth
Vandana Shukla,1,1,10.3386/w30011,"The Long-Run Effects of Psychotherapy on Depression, Beliefs, and Economic…","The Long-Run Effects of Psychotherapy on Depression, Beliefs, and Economic Outcomes"
Vandana Vinayak,1,1,10.3386/w30835,Water Treatment And Child Mortality,Water Treatment And Child Mortality: A Meta-Analysis And Cost-effectiveness Analysis
Vanessa Mertins,1,1,10.1287/mnsc.2020.00596,Does Online Fundraising Increase Charitable Giving? A Nationwide Field Experimen…,Does Online Fundraising Increase Charitable Giving? A Nationwide Field Experiment on Facebook
Varun Dutt,1,1,10.3386/w28726,Selecting the Most Effective Nudge,Selecting the Most Effective Nudge: Evidence from a Large-Scale Experiment on Immunization
Varun Parepally,1,1,10.3386/w23928,Artificial Intelligence and Economic Growth,Artificial Intelligence and Economic Growth
Venkat Narayana Rao T.,1,1,10.3386/w23928,Artificial Intelligence and Economic Growth,Artificial Intelligence and Economic Growth
Veronica Martinez,1,1,10.1287/mnsc.2023.4846,The Governance of Nonprofits and Their Social Impact,The Governance of Nonprofits and Their Social Impact: Evidence from a Randomized Program in Healthcare in the Democratic Republic of Congo
Veronika Belikova-Gerth,1,1,10.3386/w23928,Artificial Intelligence and Economic Growth,Artificial Intelligence and Economic Growth
Veronika Karnowski,1,1,10.1093/ej/uead102,Do Celebrity Endorsements Matter? A Twitter Experiment Promoting Vaccination in…,Do Celebrity Endorsements Matter? A Twitter Experiment Promoting Vaccination in Indonesia
Vicky M. Temperton,1,1,10.21203/rs.3.rs-3235955/v1,The global potential for natural regeneration in deforested tropical regions,The global potential for natural regeneration in deforested tropical regions
Vicky Pryce,1,1,10.3386/w32450,The Macroeconomic Impact of Climate Change,The Macroeconomic Impact of Climate Change: Global vs. Local Temperature
Victor Chernozhukov,1,1,10.3386/w28726,Selecting the Most Effective Nudge,Selecting the Most Effective Nudge: Evidence from a Large-Scale Experiment on Immunization
Victor Jaeck,1,1,10.1016/j.ijdrr.2022.102798,Long term cost-effectiveness of resilient foods for global catastrophes compared…,Long term cost-effectiveness of resilient foods for global catastrophes compared to artificial general intelligence safety
Victor Mwapasa,1,1,10.3386/w28726,Selecting the Most Effective Nudge,Selecting the Most Effective Nudge: Evidence from a Large-Scale Experiment on Immunization
Victoria Oubiña,1,1,10.3386/w31208,Building Resilient Education Systems,Building Resilient Education Systems: Evidence from Large-Scale Randomized Trials in Five Countries
Victoria Strokova,1,1,10.3386/w23929,Effects of Emigration on Rural Labor Markets,Effects of Emigration on Rural Labor Markets
Vidya Diwakar,1,1,10.3386/w28106,The Comparative Impact of Cash Transfers and a Psychotherapy Program…,The Comparative Impact of Cash Transfers and a Psychotherapy Program on Psychological and Economic Well-being
Vijay Mohan,1,1,10.3386/w23928,Artificial Intelligence and Economic Growth,Artificial Intelligence and Economic Growth
Vijender Singh,1,1,10.3386/w28106,The Comparative Impact of Cash Transfers and a Psychotherapy Program…,The Comparative Impact of Cash Transfers and a Psychotherapy Program on Psychological and Economic Well-being
Vilas Dhar,1,1,10.3386/w31409,Choose Your Moments,Choose Your Moments: Peer Review and Scientific Risk Taking
Vincent Somville,1,1,10.3386/w28106,The Comparative Impact of Cash Transfers and a Psychotherapy Program…,The Comparative Impact of Cash Transfers and a Psychotherapy Program on Psychological and Economic Well-being
Vinícius Amorim Sobreiro,1,1,10.3386/w23928,Artificial Intelligence and Economic Growth,Artificial Intelligence and Economic Growth
Viral V. Acharya,1,1,10.3386/w31137,Biodiversity Risk,Biodiversity Risk
Virgilio Hermoso,1,1,10.1111/conl.13077,Banning Wildlife Trade Can Boost the Unregulated Trade of Threatened…,Banning Wildlife Trade Can Boost the Unregulated Trade of Threatened Species
Vitaly Tambovtsev,1,1,10.3386/w31663,"Zero-Sum Environments, the Evolution of Effort-Suppressing Beliefs, and Economic…","Zero-Sum Environments, the Evolution of Effort-Suppressing Beliefs, and Economic Development"
Vitor Hadad,1,1,10.3386/w28726,Selecting the Most Effective Nudge,Selecting the Most Effective Nudge: Evidence from a Large-Scale Experiment on Immunization
Vladimir Kozlov,1,1,10.2139/ssrn.4154000,How Effective Is (More) Money? Randomizing Unconditional Cash Transfer Amounts…,How Effective Is (More) Money? Randomizing Unconditional Cash Transfer Amounts in the US
Vojtěch Bartoš,1,1,10.3386/w28726,Selecting the Most Effective Nudge,Selecting the Most Effective Nudge: Evidence from a Large-Scale Experiment on Immunization
Vânia Zuin Zeidler,1,1,10.21203/rs.3.rs-3235955/v1,The global potential for natural regeneration in deforested tropical regions,The global potential for natural regeneration in deforested tropical regions
Víctor Giménez,1,1,10.3386/w26752,Stagnation and Scientific Incentives,Stagnation and Scientific Incentives
Víctor Orozco-Olvera,1,1,10.1093/ej/uead102,Do Celebrity Endorsements Matter? A Twitter Experiment Promoting Vaccination in…,Do Celebrity Endorsements Matter? A Twitter Experiment Promoting Vaccination in Indonesia
W. J. Wouter Botzen,1,1,10.3386/w32450,The Macroeconomic Impact of Climate Change,The Macroeconomic Impact of Climate Change: Global vs. Local Temperature
W. Kent Brown,1,1,10.21203/rs.3.rs-3235955/v1,The global potential for natural regeneration in deforested tropical regions,The global potential for natural regeneration in deforested tropical regions
Walter Yuan,1,1,10.3386/w23928,Artificial Intelligence and Economic Growth,Artificial Intelligence and Economic Growth
Wan-Jiun Paul Chiou,1,1,10.3386/w32450,The Macroeconomic Impact of Climate Change,The Macroeconomic Impact of Climate Change: Global vs. Local Temperature
Wang Hao,1,1,10.1257/aer.20221215,Does the Squeaky Wheel Get More Grease? The Direct and…,Does the Squeaky Wheel Get More Grease? The Direct and Indirect Effects of Citizen Participation on Environmental Governance in China
Wang Jin,1,1,10.1257/aer.20221215,Does the Squeaky Wheel Get More Grease? The Direct and…,Does the Squeaky Wheel Get More Grease? The Direct and Indirect Effects of Citizen Participation on Environmental Governance in China
Wang Jinnan,1,1,10.1257/aer.20221215,Does the Squeaky Wheel Get More Grease? The Direct and…,Does the Squeaky Wheel Get More Grease? The Direct and Indirect Effects of Citizen Participation on Environmental Governance in China
Wang Juan,1,1,10.3386/w23928,Artificial Intelligence and Economic Growth,Artificial Intelligence and Economic Growth
Wang Wen,1,1,10.1257/aer.20221215,Does the Squeaky Wheel Get More Grease? The Direct and…,Does the Squeaky Wheel Get More Grease? The Direct and Indirect Effects of Citizen Participation on Environmental Governance in China
Wang Yong-xing,1,1,10.3386/w23928,Artificial Intelligence and Economic Growth,Artificial Intelligence and Economic Growth
Wang-Sheng Lee,1,1,10.1093/ej/uead102,Do Celebrity Endorsements Matter? A Twitter Experiment Promoting Vaccination in…,Do Celebrity Endorsements Matter? A Twitter Experiment Promoting Vaccination in Indonesia
Wei Der Tsai,1,1,10.3386/w32450,The Macroeconomic Impact of Climate Change,The Macroeconomic Impact of Climate Change: Global vs. Local Temperature
Wei Dou,1,1,10.3386/w23928,Artificial Intelligence and Economic Growth,Artificial Intelligence and Economic Growth
Wei Huang,1,1,10.1257/aer.20221215,Does the Squeaky Wheel Get More Grease? The Direct and…,Does the Squeaky Wheel Get More Grease? The Direct and Indirect Effects of Citizen Participation on Environmental Governance in China
Wei Lin,1,1,10.3386/w23929,Effects of Emigration on Rural Labor Markets,Effects of Emigration on Rural Labor Markets
Wei Shen,1,1,10.3386/w23928,Artificial Intelligence and Economic Growth,Artificial Intelligence and Economic Growth
Wei Tang,1,1,10.3386/w31899,The Effect of Public Science on Corporate R&amp;D,The Effect of Public Science on Corporate R&amp;D
Wei Xiao,1,1,10.3386/w23929,Effects of Emigration on Rural Labor Markets,Effects of Emigration on Rural Labor Markets
Wei Xiong,1,1,10.3386/w31137,Biodiversity Risk,Biodiversity Risk
Weifen Lin,1,1,10.3386/w23928,Artificial Intelligence and Economic Growth,Artificial Intelligence and Economic Growth
Weihua Qu,1,1,10.1257/aer.20221215,Does the Squeaky Wheel Get More Grease? The Direct and…,Does the Squeaky Wheel Get More Grease? The Direct and Indirect Effects of Citizen Participation on Environmental Governance in China
Weiwei Fu,1,1,10.3386/w31137,Biodiversity Risk,Biodiversity Risk
Weiwei Hu,1,1,10.3386/w31137,Biodiversity Risk,Biodiversity Risk
Weixiang Xu,1,1,10.1257/aer.20221215,Does the Squeaky Wheel Get More Grease? The Direct and…,Does the Squeaky Wheel Get More Grease? The Direct and Indirect Effects of Citizen Participation on Environmental Governance in China
Weizhu Hou,1,1,10.1257/aer.20221215,Does the Squeaky Wheel Get More Grease? The Direct and…,Does the Squeaky Wheel Get More Grease? The Direct and Indirect Effects of Citizen Participation on Environmental Governance in China
Wen Jiang,1,1,10.1257/aer.20221215,Does the Squeaky Wheel Get More Grease? The Direct and…,Does the Squeaky Wheel Get More Grease? The Direct and Indirect Effects of Citizen Participation on Environmental Governance in China
Wen Lin,1,1,10.1257/aer.20221215,Does the Squeaky Wheel Get More Grease? The Direct and…,Does the Squeaky Wheel Get More Grease? The Direct and Indirect Effects of Citizen Participation on Environmental Governance in China
Wen Liu,1,1,10.3386/w31137,Biodiversity Risk,Biodiversity Risk
Wencong Lu,1,1,10.1257/aer.20221215,Does the Squeaky Wheel Get More Grease? The Direct and…,Does the Squeaky Wheel Get More Grease? The Direct and Indirect Effects of Citizen Participation on Environmental Governance in China
Wendi Xiao,1,1,10.3386/w23928,Artificial Intelligence and Economic Growth,Artificial Intelligence and Economic Growth
Wendy Wong,1,1,10.3386/w28726,Selecting the Most Effective Nudge,Selecting the Most Effective Nudge: Evidence from a Large-Scale Experiment on Immunization
Wenguang Zhang,1,1,10.1257/aer.20221215,Does the Squeaky Wheel Get More Grease? The Direct and…,Does the Squeaky Wheel Get More Grease? The Direct and Indirect Effects of Citizen Participation on Environmental Governance in China
Wenhao Wu,1,1,10.3386/w32450,The Macroeconomic Impact of Climate Change,The Macroeconomic Impact of Climate Change: Global vs. Local Temperature
Wenhao Yang,1,1,10.3386/w23928,Artificial Intelligence and Economic Growth,Artificial Intelligence and Economic Growth
Wenhua Liu,1,1,10.3386/w23929,Effects of Emigration on Rural Labor Markets,Effects of Emigration on Rural Labor Markets
Wenjie Luo,1,1,10.1257/aer.20221215,Does the Squeaky Wheel Get More Grease? The Direct and…,Does the Squeaky Wheel Get More Grease? The Direct and Indirect Effects of Citizen Participation on Environmental Governance in China
Wenqi Duan,1,1,10.1257/aer.20221215,Does the Squeaky Wheel Get More Grease? The Direct and…,Does the Squeaky Wheel Get More Grease? The Direct and Indirect Effects of Citizen Participation on Environmental Governance in China
Wenshi Wei,1,1,10.3386/w23928,Artificial Intelligence and Economic Growth,Artificial Intelligence and Economic Growth
Wentao Zhang,1,1,10.3386/w23928,Artificial Intelligence and Economic Growth,Artificial Intelligence and Economic Growth
Wenyuan Hua,1,1,10.1257/aer.20221215,Does the Squeaky Wheel Get More Grease? The Direct and…,Does the Squeaky Wheel Get More Grease? The Direct and Indirect Effects of Citizen Participation on Environmental Governance in China
Wesley Greenblatt,1,1,10.3386/w31409,Choose Your Moments,Choose Your Moments: Peer Review and Scientific Risk Taking
Wesley Yin,1,1,10.2139/ssrn.4154000,How Effective Is (More) Money? Randomizing Unconditional Cash Transfer Amounts…,How Effective Is (More) Money? Randomizing Unconditional Cash Transfer Amounts in the US
Wil de Jong,1,1,10.21203/rs.3.rs-3235955/v1,The global potential for natural regeneration in deforested tropical regions,The global potential for natural regeneration in deforested tropical regions
William Copeland,1,1,10.3386/w28106,The Comparative Impact of Cash Transfers and a Psychotherapy Program…,The Comparative Impact of Cash Transfers and a Psychotherapy Program on Psychological and Economic Well-being
William F. Maloney,1,1,10.3386/w23928,Artificial Intelligence and Economic Growth,Artificial Intelligence and Economic Growth
William Mbanyele,1,1,10.1257/aer.20221215,Does the Squeaky Wheel Get More Grease? The Direct and…,Does the Squeaky Wheel Get More Grease? The Direct and Indirect Effects of Citizen Participation on Environmental Governance in China
William Parienté,1,1,10.3386/w28106,The Comparative Impact of Cash Transfers and a Psychotherapy Program…,The Comparative Impact of Cash Transfers and a Psychotherapy Program on Psychological and Economic Well-being
Wills Daniel,1,1,10.1257/pandp.20201017,Advance Market Commitments,Advance Market Commitments: Insights from Theory and Experience
Wilmer Marín,1,1,10.21203/rs.3.rs-3235955/v1,The global potential for natural regeneration in deforested tropical regions,The global potential for natural regeneration in deforested tropical regions
Winfried Rief,1,1,10.3386/w30011,"The Long-Run Effects of Psychotherapy on Depression, Beliefs, and Economic…","The Long-Run Effects of Psychotherapy on Depression, Beliefs, and Economic Outcomes"
Winnie Mughogho,1,1,10.3386/w28106,The Comparative Impact of Cash Transfers and a Psychotherapy Program…,The Comparative Impact of Cash Transfers and a Psychotherapy Program on Psychological and Economic Well-being
Witold Więcek,1,1,10.3386/w26775,Advance Market Commitments,Advance Market Commitments: Insights from Theory and Experience
Wolf Fïchtner,1,1,10.3386/w32450,The Macroeconomic Impact of Climate Change,The Macroeconomic Impact of Climate Change: Global vs. Local Temperature
Wolfram Schlenker,1,1,10.3386/w32450,The Macroeconomic Impact of Climate Change,The Macroeconomic Impact of Climate Change: Global vs. Local Temperature
Wonjoon Kim,1,1,10.3386/w23928,Artificial Intelligence and Economic Growth,Artificial Intelligence and Economic Growth
Woraphon Yamaka,1,1,10.3386/w23928,Artificial Intelligence and Economic Growth,Artificial Intelligence and Economic Growth
Wu Zhong,1,1,10.3386/w23928,Artificial Intelligence and Economic Growth,Artificial Intelligence and Economic Growth
Wyatt Brooks,1,1,10.3386/w23929,Effects of Emigration on Rural Labor Markets,Effects of Emigration on Rural Labor Markets
X. Liu,1,1,10.1257/aer.20221215,Does the Squeaky Wheel Get More Grease? The Direct and…,Does the Squeaky Wheel Get More Grease? The Direct and Indirect Effects of Citizen Participation on Environmental Governance in China
Xi Chen,1,1,10.1257/aer.20221215,Does the Squeaky Wheel Get More Grease? The Direct and…,Does the Squeaky Wheel Get More Grease? The Direct and Indirect Effects of Citizen Participation on Environmental Governance in China
Xi Lin,1,1,10.3386/w23928,Artificial Intelligence and Economic Growth,Artificial Intelligence and Economic Growth
Xi Yang,1,1,10.3386/w23928,Artificial Intelligence and Economic Growth,Artificial Intelligence and Economic Growth
Xia Lei,1,1,10.3386/w23928,Artificial Intelligence and Economic Growth,Artificial Intelligence and Economic Growth
Xianghua Wu,1,1,10.1257/aer.20221215,Does the Squeaky Wheel Get More Grease? The Direct and…,Does the Squeaky Wheel Get More Grease? The Direct and Indirect Effects of Citizen Participation on Environmental Governance in China
Xiangjing Chen,1,1,10.1257/pandp.20201017,Advance Market Commitments,Advance Market Commitments: Insights from Theory and Experience
Xiangjun Zhou,1,1,10.3386/w23928,Artificial Intelligence and Economic Growth,Artificial Intelligence and Economic Growth
Xiangyang Yang,1,1,10.1257/aer.20221215,Does the Squeaky Wheel Get More Grease? The Direct and…,Does the Squeaky Wheel Get More Grease? The Direct and Indirect Effects of Citizen Participation on Environmental Governance in China
Xiao Li Zhao,1,1,10.1257/aer.20221215,Does the Squeaky Wheel Get More Grease? The Direct and…,Does the Squeaky Wheel Get More Grease? The Direct and Indirect Effects of Citizen Participation on Environmental Governance in China
Xiaofeng Zhao,1,1,10.1257/aer.20221215,Does the Squeaky Wheel Get More Grease? The Direct and…,Does the Squeaky Wheel Get More Grease? The Direct and Indirect Effects of Citizen Participation on Environmental Governance in China
Xiaohu Luo,1,1,10.1257/aer.20221215,Does the Squeaky Wheel Get More Grease? The Direct and…,Does the Squeaky Wheel Get More Grease? The Direct and Indirect Effects of Citizen Participation on Environmental Governance in China
Xiaohua Wang,1,1,10.3386/w30011,"The Long-Run Effects of Psychotherapy on Depression, Beliefs, and Economic…","The Long-Run Effects of Psychotherapy on Depression, Beliefs, and Economic Outcomes"
Xiaohua Yang,1,1,10.3386/w23928,Artificial Intelligence and Economic Growth,Artificial Intelligence and Economic Growth
Xiaojun Wu,1,1,10.3386/w23928,Artificial Intelligence and Economic Growth,Artificial Intelligence and Economic Growth
Xiaolong Xue,1,1,10.3386/w23928,Artificial Intelligence and Economic Growth,Artificial Intelligence and Economic Growth
Xiaolu Zhao,1,1,10.1257/aer.20221215,Does the Squeaky Wheel Get More Grease? The Direct and…,Does the Squeaky Wheel Get More Grease? The Direct and Indirect Effects of Citizen Participation on Environmental Governance in China
Xiaomeng Zhao,1,1,10.1257/aer.20221215,Does the Squeaky Wheel Get More Grease? The Direct and…,Does the Squeaky Wheel Get More Grease? The Direct and Indirect Effects of Citizen Participation on Environmental Governance in China
Xiaomeng Zhou,1,1,10.1257/aer.20221215,Does the Squeaky Wheel Get More Grease? The Direct and…,Does the Squeaky Wheel Get More Grease? The Direct and Indirect Effects of Citizen Participation on Environmental Governance in China
Xiaoming Bai,1,1,10.3386/w23928,Artificial Intelligence and Economic Growth,Artificial Intelligence and Economic Growth
Xiaoping Wu HKU,1,1,10.1257/aer.20221215,Does the Squeaky Wheel Get More Grease? The Direct and…,Does the Squeaky Wheel Get More Grease? The Direct and Indirect Effects of Citizen Participation on Environmental Governance in China
Xiaosheng Qin,1,1,10.1257/aer.20221215,Does the Squeaky Wheel Get More Grease? The Direct and…,Does the Squeaky Wheel Get More Grease? The Direct and Indirect Effects of Citizen Participation on Environmental Governance in China
Xiaoxi Wang,1,1,10.3386/w32728,A Welfare Analysis of Policies Impacting Climate Change,A Welfare Analysis of Policies Impacting Climate Change
Xiaoxue Zhao,1,1,10.1257/aer.20221215,Does the Squeaky Wheel Get More Grease? The Direct and…,Does the Squeaky Wheel Get More Grease? The Direct and Indirect Effects of Citizen Participation on Environmental Governance in China
Xichen Lyu,1,1,10.3386/w23928,Artificial Intelligence and Economic Growth,Artificial Intelligence and Economic Growth
Xilang Shen,1,1,10.1257/aer.20221215,Does the Squeaky Wheel Get More Grease? The Direct and…,Does the Squeaky Wheel Get More Grease? The Direct and Indirect Effects of Citizen Participation on Environmental Governance in China
Xin Hu,1,1,10.1257/aer.20221215,Does the Squeaky Wheel Get More Grease? The Direct and…,Does the Squeaky Wheel Get More Grease? The Direct and Indirect Effects of Citizen Participation on Environmental Governance in China
Xin Li,1,1,10.1257/aer.20221215,Does the Squeaky Wheel Get More Grease? The Direct and…,Does the Squeaky Wheel Get More Grease? The Direct and Indirect Effects of Citizen Participation on Environmental Governance in China
Xin Liu,1,1,10.1257/aer.20221215,Does the Squeaky Wheel Get More Grease? The Direct and…,Does the Squeaky Wheel Get More Grease? The Direct and Indirect Effects of Citizen Participation on Environmental Governance in China
Xing Zhao,1,1,10.3386/w23928,Artificial Intelligence and Economic Growth,Artificial Intelligence and Economic Growth
Xinghua Wang,1,1,10.3386/w28726,Selecting the Most Effective Nudge,Selecting the Most Effective Nudge: Evidence from a Large-Scale Experiment on Immunization
Xinglin Li,1,1,10.3386/w31137,Biodiversity Risk,Biodiversity Risk
Xinxin Wang,1,1,10.3386/w23928,Artificial Intelligence and Economic Growth,Artificial Intelligence and Economic Growth
Xinyue Fan,1,1,10.1257/aer.20221215,Does the Squeaky Wheel Get More Grease? The Direct and…,Does the Squeaky Wheel Get More Grease? The Direct and Indirect Effects of Citizen Participation on Environmental Governance in China
Xinzheng Shi,1,1,10.1257/aer.20221215,Does the Squeaky Wheel Get More Grease? The Direct and…,Does the Squeaky Wheel Get More Grease? The Direct and Indirect Effects of Citizen Participation on Environmental Governance in China
Xiulian Chen,1,1,10.3386/w23928,Artificial Intelligence and Economic Growth,Artificial Intelligence and Economic Growth
Xiuwu Zhang,1,1,10.3386/w23928,Artificial Intelligence and Economic Growth,Artificial Intelligence and Economic Growth
Xiuying Xin,1,1,10.3386/w28726,Selecting the Most Effective Nudge,Selecting the Most Effective Nudge: Evidence from a Large-Scale Experiment on Immunization
Xiuzhen Li,1,1,10.3386/w23928,Artificial Intelligence and Economic Growth,Artificial Intelligence and Economic Growth
Xu Chen,1,1,10.1257/aer.20221215,Does the Squeaky Wheel Get More Grease? The Direct and…,Does the Squeaky Wheel Get More Grease? The Direct and Indirect Effects of Citizen Participation on Environmental Governance in China
Xu Zhang,1,1,10.3386/w28726,Selecting the Most Effective Nudge,Selecting the Most Effective Nudge: Evidence from a Large-Scale Experiment on Immunization
Xuan Ye,1,1,10.3386/w23928,Artificial Intelligence and Economic Growth,Artificial Intelligence and Economic Growth
Xudong Ren,1,1,10.1257/aer.20221215,Does the Squeaky Wheel Get More Grease? The Direct and…,Does the Squeaky Wheel Get More Grease? The Direct and Indirect Effects of Citizen Participation on Environmental Governance in China
Xue Lan,1,1,10.48550/arxiv.2305.07153,Towards best practices in AGI safety and governance,Towards best practices in AGI safety and governance: A survey of expert opinion
Xue Ru,1,1,10.1257/aer.20221215,Does the Squeaky Wheel Get More Grease? The Direct and…,Does the Squeaky Wheel Get More Grease? The Direct and Indirect Effects of Citizen Participation on Environmental Governance in China
Xuesen Cheng,1,1,10.48550/arxiv.2107.06476,Adaptability and the Pivot Penalty in Science,Adaptability and the Pivot Penalty in Science
Xueyin Song,1,1,10.3386/w23928,Artificial Intelligence and Economic Growth,Artificial Intelligence and Economic Growth
Xueyuan Gao,1,1,10.3386/w23928,Artificial Intelligence and Economic Growth,Artificial Intelligence and Economic Growth
Xunyi Jiang,1,1,10.48550/arxiv.2107.06476,Adaptability and the Pivot Penalty in Science,Adaptability and the Pivot Penalty in Science
Xunyong Xiang,1,1,10.1257/aer.20221215,Does the Squeaky Wheel Get More Grease? The Direct and…,Does the Squeaky Wheel Get More Grease? The Direct and Indirect Effects of Citizen Participation on Environmental Governance in China
Xuran Zeng,1,1,10.3386/w31137,Biodiversity Risk,Biodiversity Risk
Y Ishida,1,1,10.3386/w31208,Building Resilient Education Systems,Building Resilient Education Systems: Evidence from Large-Scale Randomized Trials in Five Countries
Y. Jaya Krishna,1,1,10.3386/w23928,Artificial Intelligence and Economic Growth,Artificial Intelligence and Economic Growth
Y. V. Pavan Kumar,1,1,10.3386/w32450,The Macroeconomic Impact of Climate Change,The Macroeconomic Impact of Climate Change: Global vs. Local Temperature
Y. Wan,1,1,10.3386/w28726,Selecting the Most Effective Nudge,Selecting the Most Effective Nudge: Evidence from a Large-Scale Experiment on Immunization
Ya Tan,1,1,10.1257/aer.20221215,Does the Squeaky Wheel Get More Grease? The Direct and…,Does the Squeaky Wheel Get More Grease? The Direct and Indirect Effects of Citizen Participation on Environmental Governance in China
Ya-Qin Zhang,1,1,10.48550/arxiv.2305.07153,Towards best practices in AGI safety and governance,Towards best practices in AGI safety and governance: A survey of expert opinion
Yahaya Alhassan,1,1,10.3386/w23928,Artificial Intelligence and Economic Growth,Artificial Intelligence and Economic Growth
Yamuna Mundru,1,1,10.3386/w31208,Building Resilient Education Systems,Building Resilient Education Systems: Evidence from Large-Scale Randomized Trials in Five Countries
Yan Lou,1,1,10.1257/aer.20221215,Does the Squeaky Wheel Get More Grease? The Direct and…,Does the Squeaky Wheel Get More Grease? The Direct and Indirect Effects of Citizen Participation on Environmental Governance in China
Yan Song,1,1,10.1257/aer.20221215,Does the Squeaky Wheel Get More Grease? The Direct and…,Does the Squeaky Wheel Get More Grease? The Direct and Indirect Effects of Citizen Participation on Environmental Governance in China
Yan Xia,1,1,10.3386/w23928,Artificial Intelligence and Economic Growth,Artificial Intelligence and Economic Growth
Yanan Wu,1,1,10.3386/w23928,Artificial Intelligence and Economic Growth,Artificial Intelligence and Economic Growth
Yanfang Jin,1,1,10.1257/aer.20221215,Does the Squeaky Wheel Get More Grease? The Direct and…,Does the Squeaky Wheel Get More Grease? The Direct and Indirect Effects of Citizen Participation on Environmental Governance in China
Yang Lian,1,1,10.3386/w23928,Artificial Intelligence and Economic Growth,Artificial Intelligence and Economic Growth
Yang Shen,1,1,10.3386/w23928,Artificial Intelligence and Economic Growth,Artificial Intelligence and Economic Growth
Yang Yue,1,1,10.3386/w23929,Effects of Emigration on Rural Labor Markets,Effects of Emigration on Rural Labor Markets
Yangyang Xu,1,1,10.3386/w32450,The Macroeconomic Impact of Climate Change,The Macroeconomic Impact of Climate Change: Global vs. Local Temperature
Yanliu Lin,1,1,10.1257/aer.20221215,Does the Squeaky Wheel Get More Grease? The Direct and…,Does the Squeaky Wheel Get More Grease? The Direct and Indirect Effects of Citizen Participation on Environmental Governance in China
Yanqiu Lu,1,1,10.1257/aer.20221215,Does the Squeaky Wheel Get More Grease? The Direct and…,Does the Squeaky Wheel Get More Grease? The Direct and Indirect Effects of Citizen Participation on Environmental Governance in China
Yanqiu Wang,1,1,10.3386/w23928,Artificial Intelligence and Economic Growth,Artificial Intelligence and Economic Growth
Yanyan Shen,1,1,10.1257/aer.20221215,Does the Squeaky Wheel Get More Grease? The Direct and…,Does the Squeaky Wheel Get More Grease? The Direct and Indirect Effects of Citizen Participation on Environmental Governance in China
Yanying Wang,1,1,10.3386/w23928,Artificial Intelligence and Economic Growth,Artificial Intelligence and Economic Growth
Yao Yao,1,1,10.1257/aer.20221215,Does the Squeaky Wheel Get More Grease? The Direct and…,Does the Squeaky Wheel Get More Grease? The Direct and Indirect Effects of Citizen Participation on Environmental Governance in China
Yao Zhang,1,1,10.1257/aer.20221215,Does the Squeaky Wheel Get More Grease? The Direct and…,Does the Squeaky Wheel Get More Grease? The Direct and Indirect Effects of Citizen Participation on Environmental Governance in China
Yaobin Liu,1,1,10.1257/aer.20221215,Does the Squeaky Wheel Get More Grease? The Direct and…,Does the Squeaky Wheel Get More Grease? The Direct and Indirect Effects of Citizen Participation on Environmental Governance in China
Yasir Ahmad,1,1,10.48550/arxiv.2305.07153,Towards best practices in AGI safety and governance,Towards best practices in AGI safety and governance: A survey of expert opinion
Yaya Li,1,1,10.1257/aer.20221215,Does the Squeaky Wheel Get More Grease? The Direct and…,Does the Squeaky Wheel Get More Grease? The Direct and Indirect Effects of Citizen Participation on Environmental Governance in China
Yazhou Liu,1,1,10.1257/aer.20221215,Does the Squeaky Wheel Get More Grease? The Direct and…,Does the Squeaky Wheel Get More Grease? The Direct and Indirect Effects of Citizen Participation on Environmental Governance in China
Ye Shu,1,1,10.1257/aer.20221215,Does the Squeaky Wheel Get More Grease? The Direct and…,Does the Squeaky Wheel Get More Grease? The Direct and Indirect Effects of Citizen Participation on Environmental Governance in China
Ye.V. Hirnyk,1,1,10.3386/w23928,Artificial Intelligence and Economic Growth,Artificial Intelligence and Economic Growth
Yejie Zheng,1,1,10.3386/w23928,Artificial Intelligence and Economic Growth,Artificial Intelligence and Economic Growth
Yejin Park,1,1,10.3386/w23928,Artificial Intelligence and Economic Growth,Artificial Intelligence and Economic Growth
Yelin Fu,1,1,10.1257/aer.20221215,Does the Squeaky Wheel Get More Grease? The Direct and…,Does the Squeaky Wheel Get More Grease? The Direct and Indirect Effects of Citizen Participation on Environmental Governance in China
Yi Deng,1,1,10.1257/aer.20221215,Does the Squeaky Wheel Get More Grease? The Direct and…,Does the Squeaky Wheel Get More Grease? The Direct and Indirect Effects of Citizen Participation on Environmental Governance in China
Yi He,1,1,10.3386/w32450,The Macroeconomic Impact of Climate Change,The Macroeconomic Impact of Climate Change: Global vs. Local Temperature
Yi Lu,1,1,10.1257/aer.20221215,Does the Squeaky Wheel Get More Grease? The Direct and…,Does the Squeaky Wheel Get More Grease? The Direct and Indirect Effects of Citizen Participation on Environmental Governance in China
Yi Qu,1,1,10.3386/w23928,Artificial Intelligence and Economic Growth,Artificial Intelligence and Economic Growth
Yi Shi,1,1,10.1257/aer.20221215,Does the Squeaky Wheel Get More Grease? The Direct and…,Does the Squeaky Wheel Get More Grease? The Direct and Indirect Effects of Citizen Participation on Environmental Governance in China
Yi Song,1,1,10.1257/aer.20221215,Does the Squeaky Wheel Get More Grease? The Direct and…,Does the Squeaky Wheel Get More Grease? The Direct and Indirect Effects of Citizen Participation on Environmental Governance in China
Yibing Ding,1,1,10.3386/w23928,Artificial Intelligence and Economic Growth,Artificial Intelligence and Economic Growth
Yifan Wu,1,1,10.3386/w23928,Artificial Intelligence and Economic Growth,Artificial Intelligence and Economic Growth
Yifang Ma,1,1,10.48550/arxiv.2107.06476,Adaptability and the Pivot Penalty in Science,Adaptability and the Pivot Penalty in Science
Yifei Quan,1,1,10.3386/w32728,A Welfare Analysis of Policies Impacting Climate Change,A Welfare Analysis of Policies Impacting Climate Change
Yihao Zhao,1,1,10.3386/w31137,Biodiversity Risk,Biodiversity Risk
Yihua Yu,1,1,10.3386/w23928,Artificial Intelligence and Economic Growth,Artificial Intelligence and Economic Growth
Yile Jiang,1,1,10.1257/aer.20221215,Does the Squeaky Wheel Get More Grease? The Direct and…,Does the Squeaky Wheel Get More Grease? The Direct and Indirect Effects of Citizen Participation on Environmental Governance in China
Yimin Wang,1,1,10.1257/pandp.20201017,Advance Market Commitments,Advance Market Commitments: Insights from Theory and Experience
Yiming Tang,1,1,10.3386/w30011,"The Long-Run Effects of Psychotherapy on Depression, Beliefs, and Economic…","The Long-Run Effects of Psychotherapy on Depression, Beliefs, and Economic Outcomes"
Yiming Yuan,1,1,10.3386/w23928,Artificial Intelligence and Economic Growth,Artificial Intelligence and Economic Growth
Yin Da,1,1,10.3386/w23928,Artificial Intelligence and Economic Growth,Artificial Intelligence and Economic Growth
Ying Jiang,1,1,10.3386/w32450,The Macroeconomic Impact of Climate Change,The Macroeconomic Impact of Climate Change: Global vs. Local Temperature
Ying Liu,1,1,10.1257/aer.20221215,Does the Squeaky Wheel Get More Grease? The Direct and…,Does the Squeaky Wheel Get More Grease? The Direct and Indirect Effects of Citizen Participation on Environmental Governance in China
Ying Tuan Lo,1,1,10.3386/w23928,Artificial Intelligence and Economic Growth,Artificial Intelligence and Economic Growth
Yingchun Xing,1,1,10.3386/w23928,Artificial Intelligence and Economic Growth,Artificial Intelligence and Economic Growth
Yingjia Zhai,1,1,10.1257/aer.20221215,Does the Squeaky Wheel Get More Grease? The Direct and…,Does the Squeaky Wheel Get More Grease? The Direct and Indirect Effects of Citizen Participation on Environmental Governance in China
Yingjie Xu,1,1,10.3386/w23928,Artificial Intelligence and Economic Growth,Artificial Intelligence and Economic Growth
Yingming Zhu,1,1,10.1257/aer.20221215,Does the Squeaky Wheel Get More Grease? The Direct and…,Does the Squeaky Wheel Get More Grease? The Direct and Indirect Effects of Citizen Participation on Environmental Governance in China
Yingnan Zhai,1,1,10.3386/w23928,Artificial Intelligence and Economic Growth,Artificial Intelligence and Economic Growth
Yingshui Yao,1,1,10.3386/w31899,The Effect of Public Science on Corporate R&amp;D,The Effect of Public Science on Corporate R&amp;D
Yingtong Chen,1,1,10.3386/w31137,Biodiversity Risk,Biodiversity Risk
Yingxue Sun,1,1,10.1257/aer.20221215,Does the Squeaky Wheel Get More Grease? The Direct and…,Does the Squeaky Wheel Get More Grease? The Direct and Indirect Effects of Citizen Participation on Environmental Governance in China
Yingying Hu,1,1,10.1257/aer.20221215,Does the Squeaky Wheel Get More Grease? The Direct and…,Does the Squeaky Wheel Get More Grease? The Direct and Indirect Effects of Citizen Participation on Environmental Governance in China
Yingying Xu,1,1,10.3386/w23928,Artificial Intelligence and Economic Growth,Artificial Intelligence and Economic Growth
Yinhe Liang,1,1,10.1257/aer.20221215,Does the Squeaky Wheel Get More Grease? The Direct and…,Does the Squeaky Wheel Get More Grease? The Direct and Indirect Effects of Citizen Participation on Environmental Governance in China
Yining Zhang,1,1,10.3386/w23928,Artificial Intelligence and Economic Growth,Artificial Intelligence and Economic Growth
Yinna Chen,1,1,10.1257/aer.20221215,Does the Squeaky Wheel Get More Grease? The Direct and…,Does the Squeaky Wheel Get More Grease? The Direct and Indirect Effects of Citizen Participation on Environmental Governance in China
Yiwen Sun,1,1,10.3386/w23928,Artificial Intelligence and Economic Growth,Artificial Intelligence and Economic Growth
Yixin Dai,1,1,10.1257/aer.20221215,Does the Squeaky Wheel Get More Grease? The Direct and…,Does the Squeaky Wheel Get More Grease? The Direct and Indirect Effects of Citizen Participation on Environmental Governance in China
Yixin Liu,1,1,10.3386/w23928,Artificial Intelligence and Economic Growth,Artificial Intelligence and Economic Growth
Yogesh K. Dwivedi,1,1,10.3386/w23928,Artificial Intelligence and Economic Growth,Artificial Intelligence and Economic Growth
Yogita Shamdasani,1,1,10.3386/w23929,Effects of Emigration on Rural Labor Markets,Effects of Emigration on Rural Labor Markets
Yoko Ibuka,1,1,10.3386/w31162,Intergenerational Child Mortality Impacts of Deworming,Intergenerational Child Mortality Impacts of Deworming: Experimental Evidence from Two Decades of the Kenya Life Panel Survey
Yong Qin,1,1,10.3386/w23928,Artificial Intelligence and Economic Growth,Artificial Intelligence and Economic Growth
Yong Sun,1,1,10.1257/aer.20221215,Does the Squeaky Wheel Get More Grease? The Direct and…,Does the Squeaky Wheel Get More Grease? The Direct and Indirect Effects of Citizen Participation on Environmental Governance in China
Yong Zhao,1,1,10.3386/w23928,Artificial Intelligence and Economic Growth,Artificial Intelligence and Economic Growth
Yongping Wei,1,1,10.3386/w26752,Stagnation and Scientific Incentives,Stagnation and Scientific Incentives
Yongsheng Xu,1,1,10.3386/w31137,Biodiversity Risk,Biodiversity Risk
Yongwei Chen,1,1,10.3386/w23928,Artificial Intelligence and Economic Growth,Artificial Intelligence and Economic Growth
Yongzeng Lai,1,1,10.1257/aer.20221215,Does the Squeaky Wheel Get More Grease? The Direct and…,Does the Squeaky Wheel Get More Grease? The Direct and Indirect Effects of Citizen Participation on Environmental Governance in China
Yoon Ah Shin,1,1,10.3386/w32450,The Macroeconomic Impact of Climate Change,The Macroeconomic Impact of Climate Change: Global vs. Local Temperature
Yoshua Bengio,1,1,10.48550/arxiv.2305.07153,Towards best practices in AGI safety and governance,Towards best practices in AGI safety and governance: A survey of expert opinion
Youjia Liang,1,1,10.3386/w31137,Biodiversity Risk,Biodiversity Risk
Young‐Eun Kim,1,1,10.3386/w23928,Artificial Intelligence and Economic Growth,Artificial Intelligence and Economic Growth
Young‐Min Lee,1,1,10.3386/w23929,Effects of Emigration on Rural Labor Markets,Effects of Emigration on Rural Labor Markets
Youwei Li,1,1,10.3386/w23928,Artificial Intelligence and Economic Growth,Artificial Intelligence and Economic Growth
Yu Diao,1,1,10.1257/aer.20221215,Does the Squeaky Wheel Get More Grease? The Direct and…,Does the Squeaky Wheel Get More Grease? The Direct and Indirect Effects of Citizen Participation on Environmental Governance in China
Yu Hao,1,1,10.3386/w23928,Artificial Intelligence and Economic Growth,Artificial Intelligence and Economic Growth
Yu Long,1,1,10.3386/w23928,Artificial Intelligence and Economic Growth,Artificial Intelligence and Economic Growth
Yu Luo,1,1,10.3386/w31554,Urban Forests,Urban Forests: Environmental Health Values and Risks
Yu Peng,1,1,10.3386/w23928,Artificial Intelligence and Economic Growth,Artificial Intelligence and Economic Growth
Yu Sang Chang,1,1,10.3386/w23928,Artificial Intelligence and Economic Growth,Artificial Intelligence and Economic Growth
Yu Shui,1,1,10.3386/w23928,Artificial Intelligence and Economic Growth,Artificial Intelligence and Economic Growth
Yu Xie,1,1,10.1257/aer.20221215,Does the Squeaky Wheel Get More Grease? The Direct and…,Does the Squeaky Wheel Get More Grease? The Direct and Indirect Effects of Citizen Participation on Environmental Governance in China
Yuanyuan Yi,1,1,10.21203/rs.3.rs-3235955/v1,The global potential for natural regeneration in deforested tropical regions,The global potential for natural regeneration in deforested tropical regions
Yue Li,1,1,10.1257/aer.20221215,Does the Squeaky Wheel Get More Grease? The Direct and…,Does the Squeaky Wheel Get More Grease? The Direct and Indirect Effects of Citizen Participation on Environmental Governance in China
Yue Lv,1,1,10.3386/w23928,Artificial Intelligence and Economic Growth,Artificial Intelligence and Economic Growth
Yuechuan Zhao,1,1,10.1257/aer.20221215,Does the Squeaky Wheel Get More Grease? The Direct and…,Does the Squeaky Wheel Get More Grease? The Direct and Indirect Effects of Citizen Participation on Environmental Governance in China
Yugang He,1,1,10.3386/w23928,Artificial Intelligence and Economic Growth,Artificial Intelligence and Economic Growth
Yuhan Zhou,1,1,10.3386/w31137,Biodiversity Risk,Biodiversity Risk
Yujie Liu,1,1,10.1257/aer.20221215,Does the Squeaky Wheel Get More Grease? The Direct and…,Does the Squeaky Wheel Get More Grease? The Direct and Indirect Effects of Citizen Participation on Environmental Governance in China
Yujing Ma,1,1,10.1257/aer.20221215,Does the Squeaky Wheel Get More Grease? The Direct and…,Does the Squeaky Wheel Get More Grease? The Direct and Indirect Effects of Citizen Participation on Environmental Governance in China
Yujun Huang,1,1,10.3386/w31137,Biodiversity Risk,Biodiversity Risk
Yukun Shi,1,1,10.3386/w32450,The Macroeconomic Impact of Climate Change,The Macroeconomic Impact of Climate Change: Global vs. Local Temperature
Yuling Hu,1,1,10.3386/w23928,Artificial Intelligence and Economic Growth,Artificial Intelligence and Economic Growth
Yuming Zhai,1,1,10.3386/w23928,Artificial Intelligence and Economic Growth,Artificial Intelligence and Economic Growth
Yun Zhang,1,1,10.3386/w23928,Artificial Intelligence and Economic Growth,Artificial Intelligence and Economic Growth
Yunhong Lyu,1,1,10.3386/w31554,Urban Forests,Urban Forests: Environmental Health Values and Risks
Yunqian Cheng,1,1,10.1257/aer.20221215,Does the Squeaky Wheel Get More Grease? The Direct and…,Does the Squeaky Wheel Get More Grease? The Direct and Indirect Effects of Citizen Participation on Environmental Governance in China
Yurui Huang,1,1,10.48550/arxiv.2107.06476,Adaptability and the Pivot Penalty in Science,Adaptability and the Pivot Penalty in Science
Yusuf Neggers,1,1,10.3386/w23929,Effects of Emigration on Rural Labor Markets,Effects of Emigration on Rural Labor Markets
Yuta J. Masuda,1,1,10.1257/aer.20221215,Does the Squeaky Wheel Get More Grease? The Direct and…,Does the Squeaky Wheel Get More Grease? The Direct and Indirect Effects of Citizen Participation on Environmental Governance in China
Yuting Shen,1,1,10.3386/w23928,Artificial Intelligence and Economic Growth,Artificial Intelligence and Economic Growth
Yutong Xie,1,1,10.3386/w23928,Artificial Intelligence and Economic Growth,Artificial Intelligence and Economic Growth
Yuval Noah Harari,1,1,10.48550/arxiv.2305.07153,Towards best practices in AGI safety and governance,Towards best practices in AGI safety and governance: A survey of expert opinion
Yuxuan Wang,1,1,10.3386/w23928,Artificial Intelligence and Economic Growth,Artificial Intelligence and Economic Growth
Yuyu Chen,1,1,10.3386/w23929,Effects of Emigration on Rural Labor Markets,Effects of Emigration on Rural Labor Markets
Yves Schaeffer,1,1,10.3386/w31554,Urban Forests,Urban Forests: Environmental Health Values and Risks
Zacharias Sautner,1,1,10.3386/w31137,Biodiversity Risk,Biodiversity Risk
Zafar Fatmi,1,1,10.1093/wbro/lkae010,The Effect of Lead Exposure on Children’s Learning in the…,The Effect of Lead Exposure on Children’s Learning in the Developing World: A Meta-Analysis
Zafeer Ravat,1,1,10.1257/pandp.20201017,Advance Market Commitments,Advance Market Commitments: Insights from Theory and Experience
Zakaria Seidu,1,1,10.1093/wbro/lkae010,The Effect of Lead Exposure on Children’s Learning in the…,The Effect of Lead Exposure on Children’s Learning in the Developing World: A Meta-Analysis
Zarif Bin Akhtar,1,1,10.48550/arxiv.2305.07153,Towards best practices in AGI safety and governance,Towards best practices in AGI safety and governance: A survey of expert opinion
Zeeshan Khan,1,1,10.3386/w23928,Artificial Intelligence and Economic Growth,Artificial Intelligence and Economic Growth
Zehua Chen,1,1,10.1257/aer.20221215,Does the Squeaky Wheel Get More Grease? The Direct and…,Does the Squeaky Wheel Get More Grease? The Direct and Indirect Effects of Citizen Participation on Environmental Governance in China
Zehui Bu,1,1,10.1257/aer.20221215,Does the Squeaky Wheel Get More Grease? The Direct and…,Does the Squeaky Wheel Get More Grease? The Direct and Indirect Effects of Citizen Participation on Environmental Governance in China
Zelalem Terfa,1,1,10.3386/w28726,Selecting the Most Effective Nudge,Selecting the Most Effective Nudge: Evidence from a Large-Scale Experiment on Immunization
Zenghui Li,1,1,10.1257/aer.20221215,Does the Squeaky Wheel Get More Grease? The Direct and…,Does the Squeaky Wheel Get More Grease? The Direct and Indirect Effects of Citizen Participation on Environmental Governance in China
Zeshui Xu,1,1,10.3386/w23928,Artificial Intelligence and Economic Growth,Artificial Intelligence and Economic Growth
Zeynep Karaş,1,1,10.3386/w23928,Artificial Intelligence and Economic Growth,Artificial Intelligence and Economic Growth
Zhanzhong Shi,1,1,10.3386/w23928,Artificial Intelligence and Economic Growth,Artificial Intelligence and Economic Growth
Zhao Jin,1,1,10.3386/w23928,Artificial Intelligence and Economic Growth,Artificial Intelligence and Economic Growth
Zhao Liu,1,1,10.1257/aer.20221215,Does the Squeaky Wheel Get More Grease? The Direct and…,Does the Squeaky Wheel Get More Grease? The Direct and Indirect Effects of Citizen Participation on Environmental Governance in China
Zhehong Xu,1,1,10.1257/aer.20221215,Does the Squeaky Wheel Get More Grease? The Direct and…,Does the Squeaky Wheel Get More Grease? The Direct and Indirect Effects of Citizen Participation on Environmental Governance in China
Zhen Li,1,1,10.1257/aer.20221215,Does the Squeaky Wheel Get More Grease? The Direct and…,Does the Squeaky Wheel Get More Grease? The Direct and Indirect Effects of Citizen Participation on Environmental Governance in China
Zhen Pang,1,1,10.3386/w23928,Artificial Intelligence and Economic Growth,Artificial Intelligence and Economic Growth
Zheng Ji,1,1,10.3386/w23928,Artificial Intelligence and Economic Growth,Artificial Intelligence and Economic Growth
Zhenhua Wu,1,1,10.1257/aer.20221215,Does the Squeaky Wheel Get More Grease? The Direct and…,Does the Squeaky Wheel Get More Grease? The Direct and Indirect Effects of Citizen Participation on Environmental Governance in China
Zhenzhong Zeng,1,1,10.1257/aer.20221215,Does the Squeaky Wheel Get More Grease? The Direct and…,Does the Squeaky Wheel Get More Grease? The Direct and Indirect Effects of Citizen Participation on Environmental Governance in China
Zhichen Huang,1,1,10.1257/aer.20221215,Does the Squeaky Wheel Get More Grease? The Direct and…,Does the Squeaky Wheel Get More Grease? The Direct and Indirect Effects of Citizen Participation on Environmental Governance in China
Zhidan Yang,1,1,10.3386/w23928,Artificial Intelligence and Economic Growth,Artificial Intelligence and Economic Growth
Zhifang Su,1,1,10.3386/w23928,Artificial Intelligence and Economic Growth,Artificial Intelligence and Economic Growth
Zhijiu Yang,1,1,10.1257/aer.20221215,Does the Squeaky Wheel Get More Grease? The Direct and…,Does the Squeaky Wheel Get More Grease? The Direct and Indirect Effects of Citizen Participation on Environmental Governance in China
Zhiqiang Zhang,1,1,10.1257/aer.20221215,Does the Squeaky Wheel Get More Grease? The Direct and…,Does the Squeaky Wheel Get More Grease? The Direct and Indirect Effects of Citizen Participation on Environmental Governance in China
Zhiqiao Xiong,1,1,10.1257/aer.20221215,Does the Squeaky Wheel Get More Grease? The Direct and…,Does the Squeaky Wheel Get More Grease? The Direct and Indirect Effects of Citizen Participation on Environmental Governance in China
Zhirong Zheng,1,1,10.1257/aer.20221215,Does the Squeaky Wheel Get More Grease? The Direct and…,Does the Squeaky Wheel Get More Grease? The Direct and Indirect Effects of Citizen Participation on Environmental Governance in China
Zhiwei Tang,1,1,10.3386/w23928,Artificial Intelligence and Economic Growth,Artificial Intelligence and Economic Growth
Zhiyi Liu,1,1,10.3386/w23928,Artificial Intelligence and Economic Growth,Artificial Intelligence and Economic Growth
Zhiyuan Chen,1,1,10.1257/aer.20221215,Does the Squeaky Wheel Get More Grease? The Direct and…,Does the Squeaky Wheel Get More Grease? The Direct and Indirect Effects of Citizen Participation on Environmental Governance in China
Zhizhuo Li,1,1,10.3386/w23928,Artificial Intelligence and Economic Growth,Artificial Intelligence and Economic Growth
Zhonghua Cheng,1,1,10.3386/w23928,Artificial Intelligence and Economic Growth,Artificial Intelligence and Economic Growth
Zhongjian Lin,1,1,10.3386/w28726,Selecting the Most Effective Nudge,Selecting the Most Effective Nudge: Evidence from a Large-Scale Experiment on Immunization
Zhou Jian-ping,1,1,10.1257/aer.20221215,Does the Squeaky Wheel Get More Grease? The Direct and…,Does the Squeaky Wheel Get More Grease? The Direct and Indirect Effects of Citizen Participation on Environmental Governance in China
Zhu Yi,1,1,10.3386/w23928,Artificial Intelligence and Economic Growth,Artificial Intelligence and Economic Growth
Zhuo Wu,1,1,10.1257/aer.20221215,Does the Squeaky Wheel Get More Grease? The Direct and…,Does the Squeaky Wheel Get More Grease? The Direct and Indirect Effects of Citizen Participation on Environmental Governance in China
Zijun Li,1,1,10.1257/aer.20221215,Does the Squeaky Wheel Get More Grease? The Direct and…,Does the Squeaky Wheel Get More Grease? The Direct and Indirect Effects of Citizen Participation on Environmental Governance in China
Zishen Tang,1,1,10.1257/aer.20221215,Does the Squeaky Wheel Get More Grease? The Direct and…,Does the Squeaky Wheel Get More Grease? The Direct and Indirect Effects of Citizen Participation on Environmental Governance in China
Ziyan Zhang,1,1,10.3386/w26752,Stagnation and Scientific Incentives,Stagnation and Scientific Incentives
Zoe Cremer,1,1,10.1016/j.cognition.2021.104941,Population ethical intuitions,Population ethical intuitions
Zuoxiang Zhao,1,1,10.1257/aer.20221215,Does the Squeaky Wheel Get More Grease? The Direct and…,Does the Squeaky Wheel Get More Grease? The Direct and Indirect Effects of Citizen Participation on Environmental Governance in China
Zuraidah Sulaiman,1,1,10.3386/w23928,Artificial Intelligence and Economic Growth,Artificial Intelligence and Economic Growth
Zwetelina Iliewa,1,1,10.3386/w32073,Ends versus Means,"Ends versus Means: Kantians, Utilitarians, and Moral Decisions"
nasir khan khattak,1,1,10.3386/w31137,Biodiversity Risk,Biodiversity Risk
Álvaro Choi,1,1,10.3386/w23928,Artificial Intelligence and Economic Growth,Artificial Intelligence and Economic Growth
Élisabeth Sadoulet,1,1,10.3386/w28726,Selecting the Most Effective Nudge,Selecting the Most Effective Nudge: Evidence from a Large-Scale Experiment on Immunization
Éric Maurin,1,1,10.3386/w23928,Artificial Intelligence and Economic Growth,Artificial Intelligence and Economic Growth
Óscar Vicente-Chirivella,1,1,10.3386/w31899,The Effect of Public Science on Corporate R&amp;D,The Effect of Public Science on Corporate R&amp;D
Önder Nomaler,1,1,10.3386/w23928,Artificial Intelligence and Economic Growth,Artificial Intelligence and Economic Growth
Đông Đỗ Thị,1,1,10.3386/w23928,Artificial Intelligence and Economic Growth,Artificial Intelligence and Economic Growth
İrem Erten,1,1,10.3386/w31137,Biodiversity Risk,Biodiversity Risk
Łukasz Gajewski,1,1,10.1016/j.ijdrr.2022.102798,Long term cost-effectiveness of resilient foods for global catastrophes compared…,Long term cost-effectiveness of resilient foods for global catastrophes compared to artificial general intelligence safety
Željko Tekić,1,1,10.3386/w23928,Artificial Intelligence and Economic Growth,Artificial Intelligence and Economic Growth
Εvanthia Sakellari,1,1,10.3386/w31899,The Effect of Public Science on Corporate R&amp;D,The Effect of Public Science on Corporate R&amp;D
Κωνσταντίνα Κανελλοπούλου,1,1,10.3386/w23928,Artificial Intelligence and Economic Growth,Artificial Intelligence and Economic Growth
Ірина Дьогтєва,1,1,10.3386/w31409,Choose Your Moments,Choose Your Moments: Peer Review and Scientific Risk Taking
Анатолій Антонович Шиян,1,1,10.3386/w31409,Choose Your Moments,Choose Your Moments: Peer Review and Scientific Risk Taking
В. М. Семенова,1,1,10.3386/w28726,Selecting the Most Effective Nudge,Selecting the Most Effective Nudge: Evidence from a Large-Scale Experiment on Immunization
Венелин Терзиев,1,1,10.3386/w23928,Artificial Intelligence and Economic Growth,Artificial Intelligence and Economic Growth
Е. Г. Ильин,1,1,10.1016/j.ijdrr.2022.102798,Long term cost-effectiveness of resilient foods for global catastrophes compared…,Long term cost-effectiveness of resilient foods for global catastrophes compared to artificial general intelligence safety
Е.В. Шамалова,1,1,10.3386/w23928,Artificial Intelligence and Economic Growth,Artificial Intelligence and Economic Growth
Рубен Ениколопов,1,1,10.3386/w33018,Misperceptions and Demand for Democracy under Authoritarianism,Misperceptions and Demand for Democracy under Authoritarianism
Сергій Жарінов,1,1,10.3386/w31409,Choose Your Moments,Choose Your Moments: Peer Review and Scientific Risk Taking
海立 刘,1,1,10.3386/w23928,Artificial Intelligence and Economic Growth,Artificial Intelligence and Economic Growth
辰史 山形,1,1,10.1257/pandp.20201017,Advance Market Commitments,Advance Market Commitments: Insights from Theory and Experience
