timestamp,title,slug,pub_url,md_path,md_status,notes
2025-10-08T20:36:21.839Z,"Overview · Author’s response to Unjournal evaluations of ""Meaningfully reducing consumption of meat and animal products is an unsolved problem: A meta-analysis""",aflv6m1e,https://unjournal.pubpub.org/dash/pub/aflv6m1e,,fail: Download menu not found,
2025-10-08T20:36:30.056Z,"Overview · Authors’ response to Unjournal evaluations of “The Returns to Science In the Presence of Technological Risks""",arreturnstoscience,https://unjournal.pubpub.org/dash/pub/arreturnstoscience,,fail: Download menu not found,
2025-10-08T20:36:38.610Z,"Overview · Authors’ response to Unjournal evaluations of “The Effect of Public Science on Corporate R&D""",authorsresponsepublicscience,https://unjournal.pubpub.org/dash/pub/authorsresponsepublicscience,,fail: Download menu not found,
2025-10-08T20:36:47.100Z,"Overview · Authors’ response to Unjournal evaluations of “The wellbeing cost effectiveness of StrongMinds and Friendship Bench: review and meta-analysis with charity-related data""",authorsresponsestrongminds,https://unjournal.pubpub.org/dash/pub/authorsresponsestrongminds,,fail: Download menu not found,
2025-10-08T20:36:54.984Z,"Overview · Evaluation 1 of ""Towards best practices in AGI safety and governance: A survey of expert opinion""",e1agisafety,https://unjournal.pubpub.org/dash/pub/e1agisafety,,fail: Download menu not found,
2025-10-08T20:37:03.230Z,"Overview · Evaluation 1 of ""The animal welfare cost of meat: evidence from a survey of hypothetical scenarios among Belgian consumers""",e1animalwelfarecost,https://unjournal.pubpub.org/dash/pub/e1animalwelfarecost,,fail: Download menu not found,
2025-10-08T20:37:11.509Z,"Overview · Evaluation 1 of ""Choose Your Moments: NIH Peer Review and Scientific Risk Taking""",e1chooseyourmoments,https://unjournal.pubpub.org/dash/pub/e1chooseyourmoments,,fail: Download menu not found,
2025-10-08T20:37:19.402Z,"Overview · Evaluation 1 of ""Asymmetry in Civic Information: An Experiment on Tax Participation among Informal Firms in Togo""",e1civicasymmetry,https://unjournal.pubpub.org/dash/pub/e1civicasymmetry,,fail: Download menu not found,
2025-10-08T20:37:27.115Z,"Overview · Evaluation 1 of ""Misperceptions and Demand for Democracy under Authoritarianism""",e1demandfordemocracy,https://unjournal.pubpub.org/dash/pub/e1demandfordemocracy,,fail: Download menu not found,
2025-10-08T20:37:35.046Z,"Overview · Evaluation 1 of ""Ends versus Means: Kantians, Utilitarians, and Moral Decisions""",e1endsversusmeans,https://unjournal.pubpub.org/dash/pub/e1endsversusmeans,,fail: Download menu not found,
2025-10-08T20:37:43.288Z,"Overview · Evaluation 1 of ""Forecasts estimate limited cultured meat production through 2050""",e1limitedmeatprod,https://unjournal.pubpub.org/dash/pub/e1limitedmeatprod,,fail: Download menu not found,
2025-10-08T20:37:51.434Z,"Overview · Evaluation 1 of ""The Macroeconomic Impact of Climate Change: Global vs. Local Temperature""",e1macroclimatechange,https://unjournal.pubpub.org/dash/pub/e1macroclimatechange,,fail: Download menu not found,
2025-10-08T20:37:59.377Z,"Overview · Evaluation 1 of ""Maternal cash transfers for gender equity and child development: Experimental evidence from India""",e1maternalcashtransfers,https://unjournal.pubpub.org/dash/pub/e1maternalcashtransfers,,fail: Download menu not found,
2025-10-08T20:38:07.609Z,"Overview · Evaluation 1 of ""Global potential for natural regeneration in deforested tropical regions""",e1naturalregeneration,https://unjournal.pubpub.org/dash/pub/e1naturalregeneration,,fail: Download menu not found,
2025-10-08T20:38:15.776Z,Overview · Evaluation 1 of “Pharmaceutical Pricing and R&D as a Global Public Good”,e1pharmpricing,https://unjournal.pubpub.org/dash/pub/e1pharmpricing,,fail: Download menu not found,
2025-10-08T20:38:25.550Z,"Overview · Evaluation 1 of ""Adaptability and the Pivot Penalty in Science and Technology""",e1pivotpenalty,https://unjournal.pubpub.org/dash/pub/e1pivotpenalty,,fail: Download menu not found,
2025-10-08T20:38:33.549Z,"Overview · Evaluation 1 of ""Population ethical intuitions""",e1popintuitions,https://unjournal.pubpub.org/dash/pub/e1popintuitions,,fail: Download menu not found,
2025-10-08T20:38:41.802Z,"Overview · Evaluation 1 of ""The Effect of Public Science on Corporate R&D""",e1publicscience,https://unjournal.pubpub.org/dash/pub/e1publicscience,,fail: Download menu not found,
2025-10-08T20:38:50.248Z,"Overview · Evaluation 1 of ""How Effective Is (More) Money? Randomizing Unconditional Cash Transfer Amounts in the US""",e1randomizingcashtransfer,https://unjournal.pubpub.org/dash/pub/e1randomizingcashtransfer,,fail: Download menu not found,
2025-10-08T20:38:58.160Z,"Overview · Evaluation 1 of ""Meaningfully reducing consumption of meat and animal products is an unsolved problem: A meta-analysis""",e1reducingconsumption,https://unjournal.pubpub.org/dash/pub/e1reducingconsumption,,fail: Download menu not found,
2025-10-08T20:39:07.122Z,"Overview · Evaluation 1 of ""Building Resilient Education Systems: Evidence from Large-Scale Randomized Trials in Five Countries""",e1resilienteducation,https://unjournal.pubpub.org/dash/pub/e1resilienteducation,,fail: Download menu not found,
2025-10-08T20:39:15.019Z,"Overview · Evaluation 1 of ""A systematic review and meta analysis of social safety nets, women’s economic achievements and agency""",e1safetynets,https://unjournal.pubpub.org/dash/pub/e1safetynets,,fail: Download menu not found,
2025-10-08T20:39:23.773Z,"Overview · Evaluation 1 of ""Stagnation and Scientific Incentives""",e1scientificincentives,https://unjournal.pubpub.org/dash/pub/e1scientificincentives,,fail: Download menu not found,
2025-10-08T20:39:31.964Z,"Overview · Evaluation 1 of ""The wellbeing cost effectiveness of StrongMinds and Friendship Bench: review and meta-analysis with charity-related data""",e1strongminds,https://unjournal.pubpub.org/dash/pub/e1strongminds,,fail: Download menu not found,
2025-10-08T20:39:40.801Z,"Overview · Evaluation 1 of “The Returns to Science In the Presence of Technological Risks”, Applied Stream",e1technologicalrisks,https://unjournal.pubpub.org/dash/pub/e1technologicalrisks,,fail: Download menu not found,
2025-10-08T20:39:49.997Z,"Overview · Evaluation 1 of ""Urban Forests: Environmental Health Values and Risks""",e1urbanforests,https://unjournal.pubpub.org/dash/pub/e1urbanforests,,fail: Download menu not found,
2025-10-08T20:39:59.779Z,"Overview · Evaluation 1 of ""A Welfare Analysis of Policies Impacting Climate Change""",e1welfareclimatechange,https://unjournal.pubpub.org/dash/pub/e1welfareclimatechange,,fail: Download menu not found,
2025-10-08T20:40:07.637Z,"Overview · Evaluation 2 of ""Towards best practices in AGI safety and governance: A survey of expert opinion"" for The Unjournal, Applied Stream",e2agisafety,https://unjournal.pubpub.org/dash/pub/e2agisafety,,fail: Download menu not found,
2025-10-08T20:40:15.840Z,"Overview · Evaluation 2 of ""The animal welfare cost of meat: evidence from a survey of hypothetical scenarios among Belgian consumers""",e2animalwelfarecost,https://unjournal.pubpub.org/dash/pub/e2animalwelfarecost,,fail: Download menu not found,
2025-10-08T20:40:23.975Z,"Overview · Evaluation 2 of ""Choose Your Moments: NIH Peer Review and Scientific Risk Taking""",e2chooseyourmoments,https://unjournal.pubpub.org/dash/pub/e2chooseyourmoments,,fail: Download menu not found,
2025-10-08T20:40:33.279Z,"Overview · Evaluation 2 of ""Asymmetry in Civic Information: An Experiment on Tax Participation among Informal Firms in Togo""",e2civicasymmetry,https://unjournal.pubpub.org/dash/pub/e2civicasymmetry,,fail: Download menu not found,
2025-10-08T20:40:42.052Z,"Overview · Evaluation 2 of ""Misperceptions and Demand for Democracy under Authoritarianism""",e2demandfordemocracy,https://unjournal.pubpub.org/dash/pub/e2demandfordemocracy,,fail: Download menu not found,
2025-10-08T20:40:51.782Z,"Overview · Evaluation 2 of ""Ends versus Means: Kantians, Utilitarians, and Moral Decisions""",e2endsversusmeans,https://unjournal.pubpub.org/dash/pub/e2endsversusmeans,,fail: Download menu not found,
2025-10-08T20:40:59.994Z,"Overview · Evaluation 2 of ""Forecasts estimate limited cultured meat production through 2050""",e2limitedmeatprod,https://unjournal.pubpub.org/dash/pub/e2limitedmeatprod,,fail: Download menu not found,
2025-10-08T20:41:07.899Z,"Overview · Evaluation 2 of ""The Macroeconomic Impact of Climate Change: Global vs. Local Temperature""",e2macroclimatechange,https://unjournal.pubpub.org/dash/pub/e2macroclimatechange,,fail: Download menu not found,
2025-10-08T20:41:16.802Z,"Overview · Evaluation 2 of ""Maternal cash transfers for gender equity and child development: Experimental evidence from India""",e2maternalcashtransfers,https://unjournal.pubpub.org/dash/pub/e2maternalcashtransfers,,fail: Download menu not found,
2025-10-08T20:41:24.923Z,"Overview · Evaluation 2 of ""Global potential for natural regeneration in deforested tropical regions""",e2naturalregeneration,https://unjournal.pubpub.org/dash/pub/e2naturalregeneration,,fail: Download menu not found,
2025-10-08T20:41:37.714Z,Overview · Evaluation 2 of “Pharmaceutical Pricing and R&D as a Global Public Good”,e2pharmpricing,https://unjournal.pubpub.org/dash/pub/e2pharmpricing,,fail: Download menu not found,
2025-10-08T20:41:47.195Z,"Overview · Evaluation 2 of ""Population ethical intuitions""",e2popintuitions,https://unjournal.pubpub.org/dash/pub/e2popintuitions,,fail: Download menu not found,
2025-10-08T20:41:55.073Z,"Overview · Evaluation 2 of ""The Effect of Public Science on Corporate R&D""",e2publicscience,https://unjournal.pubpub.org/dash/pub/e2publicscience,,fail: Download menu not found,
2025-10-08T20:42:03.636Z,"Overview · Evaluation 2 of ""How Effective Is (More) Money? Randomizing Unconditional Cash Transfer Amounts in the US""",e2randomizingcashtransfer,https://unjournal.pubpub.org/dash/pub/e2randomizingcashtransfer,,fail: Download menu not found,
2025-10-08T20:42:12.087Z,"Overview · Evaluation 2 of ""Meaningfully reducing consumption of meat and animal products is an unsolved problem: A meta-analysis""",e2reducingconsumption,https://unjournal.pubpub.org/dash/pub/e2reducingconsumption,,fail: Download menu not found,
2025-10-08T20:42:20.466Z,"Overview · Evaluation 2 of ""Building Resilient Education Systems: Evidence from Large-Scale Randomized Trials in Five Countries""",e2resilienteducation,https://unjournal.pubpub.org/dash/pub/e2resilienteducation,,fail: Download menu not found,
2025-10-08T20:42:28.462Z,"Overview · Evaluation 2 of ""A systematic review and meta analysis of social safety nets, women’s economic achievements and agency""",e2safetynets,https://unjournal.pubpub.org/dash/pub/e2safetynets,,fail: Download menu not found,
2025-10-08T20:42:37.320Z,"Overview · Evaluation 2 of ""The wellbeing cost effectiveness of StrongMinds and Friendship Bench: review and meta-analysis with charity-related data""",e2strongminds,https://unjournal.pubpub.org/dash/pub/e2strongminds,,fail: Download menu not found,
2025-10-08T20:42:45.621Z,"Overview · Evaluation 2 of ""The Returns To Science In The Presence Of Technological Risks"", Applied Stream",e2technologicalrisks,https://unjournal.pubpub.org/dash/pub/e2technologicalrisks,,fail: Download menu not found,
2025-10-08T20:42:53.787Z,"Overview · Evaluation 2 of ""Urban Forests: Environmental Health Values and Risks""",e2urbanforests,https://unjournal.pubpub.org/dash/pub/e2urbanforests,,fail: Download menu not found,
2025-10-08T20:43:02.176Z,"Overview · Evaluation 2 of ""A Welfare Analysis of Policies Impacting Climate Change""",e2welfareclimatechange,https://unjournal.pubpub.org/dash/pub/e2welfareclimatechange,,fail: Download menu not found,
2025-10-08T20:43:10.289Z,"Overview · Evaluation 3 of “The Returns to Science In the Presence of Technological Risks”, Applied Stream",e3technologicalrisks,https://unjournal.pubpub.org/dash/pub/e3technologicalrisks,,fail: Download menu not found,
2025-10-08T20:43:18.789Z,"Overview · Evaluation Summary and Metrics: ""Towards best practices in AGI safety and governance: A survey of expert opinion"" (~applied stream)",evalsumagisafety,https://unjournal.pubpub.org/dash/pub/evalsumagisafety,,fail: Download menu not found,
2025-10-08T20:43:27.100Z,"Overview · Evaluation Summary and Metrics: ""The animal welfare cost of meat: evidence from a survey of hypothetical scenarios among Belgian consumers""",evalsumanimalwelfarecost,https://unjournal.pubpub.org/dash/pub/evalsumanimalwelfarecost,,fail: Download menu not found,
2025-10-08T20:43:35.312Z,"Overview · Evaluation Summary and Metrics: ""Choose Your Moments: NIH Peer Review and Scientific Risk Taking""",evalsumchooseyourmoments,https://unjournal.pubpub.org/dash/pub/evalsumchooseyourmoments,,fail: Download menu not found,
2025-10-08T20:43:43.393Z,"Overview · Evaluation Summary and Metrics: ""Asymmetry in Civic Information: An Experiment on Tax Participation among Informal Firms in Togo""",evalsumcivicasymmetry,https://unjournal.pubpub.org/dash/pub/evalsumcivicasymmetry,,fail: Download menu not found,
2025-10-08T20:43:51.274Z,"Overview · Evaluation Summary and Metrics: ""Misperceptions and Demand for Democracy under Authoritarianism""",evalsumdemandfordemocracy,https://unjournal.pubpub.org/dash/pub/evalsumdemandfordemocracy,,fail: Download menu not found,
2025-10-08T20:43:59.777Z,"Overview · Evaluation Summary and Metrics: ""Ends versus Means: Kantians, Utilitarians, and Moral Decisions""",evalsumendsversusmeans,https://unjournal.pubpub.org/dash/pub/evalsumendsversusmeans,,fail: Download menu not found,
2025-10-08T20:44:07.970Z,"Overview · Evaluation Summary and Metrics: ""Intergenerational Child Mortality Impacts of Deworming: Experimental Evidence from Two Decades of the Kenya Life Panel Survey""",evalsumintergendeworming,https://unjournal.pubpub.org/dash/pub/evalsumintergendeworming,,fail: Download menu not found,
2025-10-08T20:44:16.224Z,"Overview · Evaluation Summary and Metrics: ""Forecasts estimate limited cultured meat production through 2050"", Applied Stream",evalsumlimitedmeadprod,https://unjournal.pubpub.org/dash/pub/evalsumlimitedmeadprod,,fail: Download menu not found,
2025-10-08T20:44:24.194Z,"Overview · Evaluation Summary and Metrics: ""The Macroeconomic Impact of Climate Change: Global vs. Local Temperature""",evalsummacroclimatechange,https://unjournal.pubpub.org/dash/pub/evalsummacroclimatechange,,fail: Download menu not found,
2025-10-08T20:44:32.084Z,"Overview · Evaluation Summary and Metrics: ""Maternal cash transfers for gender equity and child development: Experimental evidence from India""",evalsummaternalcashtransfers,https://unjournal.pubpub.org/dash/pub/evalsummaternalcashtransfers,,fail: Download menu not found,
2025-10-08T20:44:40.558Z,"Overview · Evaluation Summary and Metrics: ""Global potential for natural regeneration in deforested tropical regions""",evalsumnaturalregeneration,https://unjournal.pubpub.org/dash/pub/evalsumnaturalregeneration,,fail: Download menu not found,
2025-10-08T20:44:48.586Z,Overview · Evaluation Summary and Metrics: “Pharmaceutical Pricing and R&D as a Global Public Good”,evalsumpharmpricing,https://unjournal.pubpub.org/dash/pub/evalsumpharmpricing,,fail: Download menu not found,
2025-10-08T20:44:56.571Z,"Overview · Evaluation Summary and Metrics: ""Adaptability and the Pivot Penalty in Science and Technology""",evalsumpivotpenalty,https://unjournal.pubpub.org/dash/pub/evalsumpivotpenalty,,fail: Download menu not found,
2025-10-08T20:45:05.137Z,"Overview · Evaluation Summary and Metrics: ""Population ethical intuitions""",evalsumpopintuitions,https://unjournal.pubpub.org/dash/pub/evalsumpopintuitions,,fail: Download menu not found,
2025-10-08T20:45:13.061Z,"Overview · Evaluation Summary and Metrics: ""The Effect of Public Science on Corporate R&D""",evalsumpublicscience,https://unjournal.pubpub.org/dash/pub/evalsumpublicscience,,fail: Download menu not found,
2025-10-08T20:45:21.027Z,"Overview · Evaluation Summary and Metrics: ""How Effective Is (More) Money? Randomizing Unconditional Cash Transfer Amounts in the US""",evalsumrandomizingcashtransfer,https://unjournal.pubpub.org/dash/pub/evalsumrandomizingcashtransfer,,fail: Download menu not found,
2025-10-08T20:45:29.161Z,"Overview · Evaluation Summary and Metrics: ""Meaningfully reducing consumption of meat and animal products is an unsolved problem: A meta-analysis""",evalsumreducingconsumption,https://unjournal.pubpub.org/dash/pub/evalsumreducingconsumption,,fail: Download menu not found,
2025-10-08T20:45:37.179Z,"Overview · Evaluation Summary and Metrics: ""Building Resilient Education Systems: Evidence from Large-Scale Randomized Trials in Five Countries""",evalsumresilienteducation,https://unjournal.pubpub.org/dash/pub/evalsumresilienteducation,,fail: Download menu not found,
2025-10-08T20:45:45.784Z,"Overview · Evaluation Summary and Metrics: ""A systematic review and meta analysis of social safety nets, women’s economic achievements and agency""",evalsumsafetynets,https://unjournal.pubpub.org/dash/pub/evalsumsafetynets,,fail: Download menu not found,
2025-10-08T20:45:54.192Z,"Overview · Evaluation Summary and Metrics: ""Stagnation and Scientific Incentives""",evalsumscientificincentives,https://unjournal.pubpub.org/dash/pub/evalsumscientificincentives,,fail: Download menu not found,
2025-10-08T20:46:02.993Z,"Overview · Evaluation Summary and Metrics: ""The wellbeing cost effectiveness of StrongMinds and Friendship Bench: review and meta-analysis with charity-related data""",evalsumstrongminds,https://unjournal.pubpub.org/dash/pub/evalsumstrongminds,,fail: Download menu not found,
2025-10-08T20:46:11.439Z,"Overview · Evaluation Summary and Metrics: “The Returns to Science In the Presence of Technological Risks”, Unjournal applied Stream",evalsumtechnologicalrisks,https://unjournal.pubpub.org/dash/pub/evalsumtechnologicalrisks,,fail: Download menu not found,
2025-10-08T20:46:19.495Z,"Overview · Evaluation Summary and Metrics: ""Urban Forests: Environmental Health Values and Risks""",evalsumurbanforests,https://unjournal.pubpub.org/dash/pub/evalsumurbanforests,,fail: Download menu not found,
2025-10-08T20:46:27.555Z,"Overview · Evaluation Summary and Metrics: ""A Welfare Analysis of Policies Impacting Climate Change""",evalsumwelfareclimatechange,https://unjournal.pubpub.org/dash/pub/evalsumwelfareclimatechange,,fail: Download menu not found,
2025-10-08T20:46:35.615Z,Overview · Authors’ response to Unjournal evaluations of “Intergenerational Child Mortality Effects of Deworming: Experimental Evidence from Two Decades of the Kenya Life Panel Survey.”,oz1qj6ro,https://unjournal.pubpub.org/dash/pub/oz1qj6ro,,fail: Download menu not found,
2025-10-08T20:46:44.312Z,"Overview · Author's response to Unjournal evaluations of ""The animal welfare cost of meat: evidence from a survey of hypothetical scenarios among Belgian consumers""",responseanimalwelfarecost,https://unjournal.pubpub.org/dash/pub/responseanimalwelfarecost,,fail: Download menu not found,
2025-10-08T20:46:51.365Z,Login · The Unjournal,aflv6m1e,https://unjournal.pubpub.org/login?redirect=/pub/aflv6m1e/release/1,,fail: Download menu not found,
2025-10-08T20:46:58.767Z,Login · The Unjournal,arreturnstoscience,https://unjournal.pubpub.org/login?redirect=/pub/arreturnstoscience/release/2,,fail: Download menu not found,
2025-10-08T20:47:05.791Z,Login · The Unjournal,authorsresponsepublicscience,https://unjournal.pubpub.org/login?redirect=/pub/authorsresponsepublicscience/release/1,,fail: Download menu not found,
2025-10-08T20:47:12.796Z,Login · The Unjournal,authorsresponsestrongminds,https://unjournal.pubpub.org/login?redirect=/pub/authorsresponsestrongminds/release/3,,fail: Download menu not found,
2025-10-08T20:47:19.859Z,Login · The Unjournal,e1agisafety,https://unjournal.pubpub.org/login?redirect=/pub/e1agisafety/release/1,,fail: Download menu not found,
2025-10-08T20:47:26.828Z,Login · The Unjournal,e1animalwelfarecost,https://unjournal.pubpub.org/login?redirect=/pub/e1animalwelfarecost/release/1,,fail: Download menu not found,
2025-10-08T20:47:33.837Z,Login · The Unjournal,e1chooseyourmoments,https://unjournal.pubpub.org/login?redirect=/pub/e1chooseyourmoments/release/2,,fail: Download menu not found,
2025-10-08T20:47:40.804Z,Login · The Unjournal,e1civicasymmetry,https://unjournal.pubpub.org/login?redirect=/pub/e1civicasymmetry/release/2,,fail: Download menu not found,
2025-10-08T20:47:47.852Z,Login · The Unjournal,e1demandfordemocracy,https://unjournal.pubpub.org/login?redirect=/pub/e1demandfordemocracy/release/1,,fail: Download menu not found,
2025-10-08T20:47:54.927Z,Login · The Unjournal,e1endsversusmeans,https://unjournal.pubpub.org/login?redirect=/pub/e1endsversusmeans/release/2,,fail: Download menu not found,
2025-10-08T20:48:02.272Z,Login · The Unjournal,e1limitedmeatprod,https://unjournal.pubpub.org/login?redirect=/pub/e1limitedmeatprod/release/1,,fail: Download menu not found,
2025-10-08T20:48:09.870Z,Login · The Unjournal,e1macroclimatechange,https://unjournal.pubpub.org/login?redirect=/pub/e1macroclimatechange/release/2,,fail: Download menu not found,
2025-10-08T20:48:16.945Z,Login · The Unjournal,e1maternalcashtransfers,https://unjournal.pubpub.org/login?redirect=/pub/e1maternalcashtransfers/release/1,,fail: Download menu not found,
2025-10-08T20:48:23.961Z,Login · The Unjournal,e1naturalregeneration,https://unjournal.pubpub.org/login?redirect=/pub/e1naturalregeneration/release/1,,fail: Download menu not found,
2025-10-08T20:48:30.979Z,Login · The Unjournal,e1pharmpricing,https://unjournal.pubpub.org/login?redirect=/pub/e1pharmpricing/release/3,,fail: Download menu not found,
2025-10-08T20:48:38.030Z,Login · The Unjournal,e1pivotpenalty,https://unjournal.pubpub.org/login?redirect=/pub/e1pivotpenalty/release/1,,fail: Download menu not found,
2025-10-08T20:48:45.128Z,Login · The Unjournal,e1popintuitions,https://unjournal.pubpub.org/login?redirect=/pub/e1popintuitions/release/2,,fail: Download menu not found,
2025-10-08T20:48:52.104Z,Login · The Unjournal,e1publicscience,https://unjournal.pubpub.org/login?redirect=/pub/e1publicscience/release/3,,fail: Download menu not found,
2025-10-08T20:48:59.176Z,Login · The Unjournal,e1randomizingcashtransfer,https://unjournal.pubpub.org/login?redirect=/pub/e1randomizingcashtransfer/release/1,,fail: Download menu not found,
2025-10-08T20:49:06.163Z,Login · The Unjournal,e1reducingconsumption,https://unjournal.pubpub.org/login?redirect=/pub/e1reducingconsumption/release/1,,fail: Download menu not found,
2025-10-08T20:49:13.201Z,Login · The Unjournal,e1resilienteducation,https://unjournal.pubpub.org/login?redirect=/pub/e1resilienteducation/release/1,,fail: Download menu not found,
2025-10-08T20:49:20.284Z,Login · The Unjournal,e1safetynets,https://unjournal.pubpub.org/login?redirect=/pub/e1safetynets/release/1,,fail: Download menu not found,
2025-10-08T20:49:27.392Z,Login · The Unjournal,e1scientificincentives,https://unjournal.pubpub.org/login?redirect=/pub/e1scientificincentives/release/2,,fail: Download menu not found,
2025-10-08T20:49:34.574Z,Login · The Unjournal,e1strongminds,https://unjournal.pubpub.org/login?redirect=/pub/e1strongminds/release/1,,fail: Download menu not found,
2025-10-08T20:49:41.707Z,Login · The Unjournal,e1technologicalrisks,https://unjournal.pubpub.org/login?redirect=/pub/e1technologicalrisks/release/1,,fail: Download menu not found,
2025-10-08T20:49:48.747Z,Login · The Unjournal,e1urbanforests,https://unjournal.pubpub.org/login?redirect=/pub/e1urbanforests/release/1,,fail: Download menu not found,
2025-10-08T20:49:55.726Z,Login · The Unjournal,e1welfareclimatechange,https://unjournal.pubpub.org/login?redirect=/pub/e1welfareclimatechange/release/1,,fail: Download menu not found,
2025-10-08T20:50:02.774Z,Login · The Unjournal,e2agisafety,https://unjournal.pubpub.org/login?redirect=/pub/e2agisafety/release/1,,fail: Download menu not found,
2025-10-08T20:50:09.818Z,Login · The Unjournal,e2animalwelfarecost,https://unjournal.pubpub.org/login?redirect=/pub/e2animalwelfarecost/release/1,,fail: Download menu not found,
2025-10-08T20:50:16.804Z,Login · The Unjournal,e2chooseyourmoments,https://unjournal.pubpub.org/login?redirect=/pub/e2chooseyourmoments/release/2,,fail: Download menu not found,
2025-10-08T20:50:23.847Z,Login · The Unjournal,e2civicasymmetry,https://unjournal.pubpub.org/login?redirect=/pub/e2civicasymmetry/release/1,,fail: Download menu not found,
2025-10-08T20:50:30.860Z,Login · The Unjournal,e2demandfordemocracy,https://unjournal.pubpub.org/login?redirect=/pub/e2demandfordemocracy/release/2,,fail: Download menu not found,
2025-10-08T20:50:37.910Z,Login · The Unjournal,e2endsversusmeans,https://unjournal.pubpub.org/login?redirect=/pub/e2endsversusmeans/release/1,,fail: Download menu not found,
2025-10-08T20:50:45.006Z,Login · The Unjournal,e2limitedmeatprod,https://unjournal.pubpub.org/login?redirect=/pub/e2limitedmeatprod/release/1,,fail: Download menu not found,
2025-10-08T20:50:52.121Z,Login · The Unjournal,e2macroclimatechange,https://unjournal.pubpub.org/login?redirect=/pub/e2macroclimatechange/release/1,,fail: Download menu not found,
2025-10-08T20:50:59.097Z,Login · The Unjournal,e2maternalcashtransfers,https://unjournal.pubpub.org/login?redirect=/pub/e2maternalcashtransfers/release/1,,fail: Download menu not found,
2025-10-08T20:51:06.116Z,Login · The Unjournal,e2naturalregeneration,https://unjournal.pubpub.org/login?redirect=/pub/e2naturalregeneration/release/1,,fail: Download menu not found,
2025-10-08T20:51:13.207Z,Login · The Unjournal,e2pharmpricing,https://unjournal.pubpub.org/login?redirect=/pub/e2pharmpricing/release/2,,fail: Download menu not found,
2025-10-08T20:51:20.268Z,Login · The Unjournal,e2popintuitions,https://unjournal.pubpub.org/login?redirect=/pub/e2popintuitions/release/1,,fail: Download menu not found,
2025-10-08T20:51:27.334Z,Login · The Unjournal,e2publicscience,https://unjournal.pubpub.org/login?redirect=/pub/e2publicscience/release/2,,fail: Download menu not found,
2025-10-08T20:51:34.493Z,Login · The Unjournal,e2randomizingcashtransfer,https://unjournal.pubpub.org/login?redirect=/pub/e2randomizingcashtransfer/release/1,,fail: Download menu not found,
2025-10-08T20:51:41.765Z,Login · The Unjournal,e2reducingconsumption,https://unjournal.pubpub.org/login?redirect=/pub/e2reducingconsumption/release/4,,fail: Download menu not found,
2025-10-08T20:51:48.786Z,Login · The Unjournal,e2resilienteducation,https://unjournal.pubpub.org/login?redirect=/pub/e2resilienteducation/release/1,,fail: Download menu not found,
2025-10-08T20:51:55.847Z,Login · The Unjournal,e2safetynets,https://unjournal.pubpub.org/login?redirect=/pub/e2safetynets/release/1,,fail: Download menu not found,
2025-10-08T20:52:02.830Z,Login · The Unjournal,e2strongminds,https://unjournal.pubpub.org/login?redirect=/pub/e2strongminds/release/2,,fail: Download menu not found,
2025-10-08T20:52:09.857Z,Login · The Unjournal,e2technologicalrisks,https://unjournal.pubpub.org/login?redirect=/pub/e2technologicalrisks/release/1,,fail: Download menu not found,
2025-10-08T20:52:17.083Z,Login · The Unjournal,e2urbanforests,https://unjournal.pubpub.org/login?redirect=/pub/e2urbanforests/release/1,,fail: Download menu not found,
2025-10-08T20:52:25.764Z,Login · The Unjournal,e2welfareclimatechange,https://unjournal.pubpub.org/login?redirect=/pub/e2welfareclimatechange/release/1,,fail: Download menu not found,
2025-10-08T20:52:33.921Z,Login · The Unjournal,e3technologicalrisks,https://unjournal.pubpub.org/login?redirect=/pub/e3technologicalrisks/release/1,,fail: Download menu not found,
2025-10-08T20:52:40.979Z,Login · The Unjournal,evalsumagisafety,https://unjournal.pubpub.org/login?redirect=/pub/evalsumagisafety/release/3,,fail: Download menu not found,
2025-10-08T20:52:47.997Z,Login · The Unjournal,evalsumanimalwelfarecost,https://unjournal.pubpub.org/login?redirect=/pub/evalsumanimalwelfarecost/release/5,,fail: Download menu not found,
2025-10-08T20:52:55.049Z,Login · The Unjournal,evalsumchooseyourmoments,https://unjournal.pubpub.org/login?redirect=/pub/evalsumchooseyourmoments/release/3,,fail: Download menu not found,
2025-10-08T20:53:02.069Z,Login · The Unjournal,evalsumcivicasymmetry,https://unjournal.pubpub.org/login?redirect=/pub/evalsumcivicasymmetry/release/2,,fail: Download menu not found,
2025-10-08T20:53:09.179Z,Login · The Unjournal,evalsumdemandfordemocracy,https://unjournal.pubpub.org/login?redirect=/pub/evalsumdemandfordemocracy/release/2,,fail: Download menu not found,
2025-10-08T20:53:16.243Z,Login · The Unjournal,evalsumendsversusmeans,https://unjournal.pubpub.org/login?redirect=/pub/evalsumendsversusmeans/release/1,,fail: Download menu not found,
2025-10-08T20:53:23.320Z,Login · The Unjournal,evalsumintergendeworming,https://unjournal.pubpub.org/login?redirect=/pub/evalsumintergendeworming/release/10,,fail: Download menu not found,
2025-10-08T20:53:30.380Z,Login · The Unjournal,evalsumlimitedmeadprod,https://unjournal.pubpub.org/login?redirect=/pub/evalsumlimitedmeadprod/release/1,,fail: Download menu not found,
2025-10-08T20:53:37.430Z,Login · The Unjournal,evalsummacroclimatechange,https://unjournal.pubpub.org/login?redirect=/pub/evalsummacroclimatechange/release/5,,fail: Download menu not found,
2025-10-08T20:53:44.583Z,Login · The Unjournal,evalsummaternalcashtransfers,https://unjournal.pubpub.org/login?redirect=/pub/evalsummaternalcashtransfers/release/2,,fail: Download menu not found,
2025-10-08T20:53:51.633Z,Login · The Unjournal,evalsumnaturalregeneration,https://unjournal.pubpub.org/login?redirect=/pub/evalsumnaturalregeneration/release/3,,fail: Download menu not found,
2025-10-08T20:53:58.634Z,Login · The Unjournal,evalsumpharmpricing,https://unjournal.pubpub.org/login?redirect=/pub/evalsumpharmpricing/release/4,,fail: Download menu not found,
2025-10-08T20:54:05.638Z,Login · The Unjournal,evalsumpivotpenalty,https://unjournal.pubpub.org/login?redirect=/pub/evalsumpivotpenalty/release/2,,fail: Download menu not found,
2025-10-08T20:54:12.652Z,Login · The Unjournal,evalsumpopintuitions,https://unjournal.pubpub.org/login?redirect=/pub/evalsumpopintuitions/release/5,,fail: Download menu not found,
2025-10-08T20:54:19.680Z,Login · The Unjournal,evalsumpublicscience,https://unjournal.pubpub.org/login?redirect=/pub/evalsumpublicscience/release/2,,fail: Download menu not found,
2025-10-08T20:54:26.677Z,Login · The Unjournal,evalsumrandomizingcashtransfer,https://unjournal.pubpub.org/login?redirect=/pub/evalsumrandomizingcashtransfer/release/3,,fail: Download menu not found,
2025-10-08T20:54:33.711Z,Login · The Unjournal,evalsumreducingconsumption,https://unjournal.pubpub.org/login?redirect=/pub/evalsumreducingconsumption/release/12,,fail: Download menu not found,
2025-10-08T20:54:40.691Z,Login · The Unjournal,evalsumresilienteducation,https://unjournal.pubpub.org/login?redirect=/pub/evalsumresilienteducation/release/2,,fail: Download menu not found,
2025-10-08T20:54:47.673Z,Login · The Unjournal,evalsumsafetynets,https://unjournal.pubpub.org/login?redirect=/pub/evalsumsafetynets/release/1,,fail: Download menu not found,
2025-10-08T20:54:54.717Z,Login · The Unjournal,evalsumscientificincentives,https://unjournal.pubpub.org/login?redirect=/pub/evalsumscientificincentives/release/4,,fail: Download menu not found,
2025-10-08T20:55:01.766Z,Login · The Unjournal,evalsumstrongminds,https://unjournal.pubpub.org/login?redirect=/pub/evalsumstrongminds/release/4,,fail: Download menu not found,
2025-10-08T20:55:08.802Z,Login · The Unjournal,evalsumtechnologicalrisks,https://unjournal.pubpub.org/login?redirect=/pub/evalsumtechnologicalrisks/release/5,,fail: Download menu not found,
2025-10-08T20:55:15.892Z,Login · The Unjournal,evalsumurbanforests,https://unjournal.pubpub.org/login?redirect=/pub/evalsumurbanforests/release/2,,fail: Download menu not found,
2025-10-08T20:55:22.798Z,Login · The Unjournal,evalsumwelfareclimatechange,https://unjournal.pubpub.org/login?redirect=/pub/evalsumwelfareclimatechange/release/2,,fail: Download menu not found,
2025-10-08T20:55:29.857Z,Login · The Unjournal,oz1qj6ro,https://unjournal.pubpub.org/login?redirect=/pub/oz1qj6ro/release/3,,fail: Download menu not found,
2025-10-08T20:55:36.846Z,Login · The Unjournal,responseanimalwelfarecost,https://unjournal.pubpub.org/login?redirect=/pub/responseanimalwelfarecost/release/3,,fail: Download menu not found,
2025-10-08T20:55:47.565Z,"Evaluation 2 of ""Banning wildlife trade can boost demand for unregulated threatened species"" (anonymous reviewer) · The Unjournal",01776740,https://unjournal.pubpub.org/pub/01776740,,"fail: page.$: Unexpected token ""="" while parsing css selector ""a:has-text(""MD""), button:has-text(""MD""), [role=""menuitem""]:has-text(""MD""), text=MD"". Did you mean to CSS.escape it?",
2025-10-08T20:55:57.568Z,Authors’ response to Unjournal evaluations of “Willful Ignorance and Moral Behavior” · The Unjournal,2k4ycf19,https://unjournal.pubpub.org/pub/2k4ycf19,,"fail: page.$: Unexpected token ""="" while parsing css selector ""a:has-text(""MD""), button:has-text(""MD""), [role=""menuitem""]:has-text(""MD""), text=MD"". Did you mean to CSS.escape it?",
2025-10-08T20:56:08.366Z,Authors’ response to evaluations of “Banning wildlife trade can boost demand for unregulated threatened species” · The Unjournal,2ojwctbj,https://unjournal.pubpub.org/pub/2ojwctbj,,"fail: page.$: Unexpected token ""="" while parsing css selector ""a:has-text(""MD""), button:has-text(""MD""), [role=""menuitem""]:has-text(""MD""), text=MD"". Did you mean to CSS.escape it?",
2025-10-08T20:56:19.014Z,"Evaluation 2 of ""Do Celebrity Endorsements Matter? A Twitter Experiment Promoting Vaccination In Indonesia"" · The Unjournal",2sfao90j,https://unjournal.pubpub.org/pub/2sfao90j,,"fail: page.$: Unexpected token ""="" while parsing css selector ""a:has-text(""MD""), button:has-text(""MD""), [role=""menuitem""]:has-text(""MD""), text=MD"". Did you mean to CSS.escape it?",
2025-10-08T20:56:28.731Z,Evaluation 1 of “Money (Not) to Burn: Payments for Ecosystem Services to Reduce Crop Residue Burning” · The Unjournal,7ap0zmbj,https://unjournal.pubpub.org/pub/7ap0zmbj,,"fail: page.$: Unexpected token ""="" while parsing css selector ""a:has-text(""MD""), button:has-text(""MD""), [role=""menuitem""]:has-text(""MD""), text=MD"". Did you mean to CSS.escape it?",
2025-10-08T20:56:42.047Z,"Evaluation Summary and Metrics: ""[Paper title]"" [Template] · The Unjournal",7s6czeed,https://unjournal.pubpub.org/pub/7s6czeed/draft?access=sl91tfox,,"fail: page.$: Unexpected token ""="" while parsing css selector ""a:has-text(""MD""), button:has-text(""MD""), [role=""menuitem""]:has-text(""MD""), text=MD"". Did you mean to CSS.escape it?",
2025-10-08T20:56:51.377Z,"Evaluation 1 of ""Do Celebrity Endorsements Matter? A Twitter Experiment Promoting Vaccination In Indonesia"" · The Unjournal",9bwxk8yh,https://unjournal.pubpub.org/pub/9bwxk8yh,,"fail: page.$: Unexpected token ""="" while parsing css selector ""a:has-text(""MD""), button:has-text(""MD""), [role=""menuitem""]:has-text(""MD""), text=MD"". Did you mean to CSS.escape it?",
2025-10-08T20:57:01.393Z,Authors’ response to Unjournal evaluations of “Advance Market Commitments: Insights from Theory and Practice” · The Unjournal,9pdnpn3o,https://unjournal.pubpub.org/pub/9pdnpn3o,,"fail: page.$: Unexpected token ""="" while parsing css selector ""a:has-text(""MD""), button:has-text(""MD""), [role=""menuitem""]:has-text(""MD""), text=MD"". Did you mean to CSS.escape it?",
2025-10-08T20:57:10.994Z,"Evaluation Summary and Metrics: ""Accelerating Vaccine Innovation for Emerging Infectious Diseases via Parallel Discovery"" · The Unjournal",accelvax,https://unjournal.pubpub.org/pub/accelvax,,"fail: page.$: Unexpected token ""="" while parsing css selector ""a:has-text(""MD""), button:has-text(""MD""), [role=""menuitem""]:has-text(""MD""), text=MD"". Did you mean to CSS.escape it?",
2025-10-08T20:57:20.465Z,"Evaluation 1 of ""Accelerating Vaccine Innovation for Emerging Infectious Diseases via Parallel Discovery"" · The Unjournal",accelvaxeval1,https://unjournal.pubpub.org/pub/accelvaxeval1,,"fail: page.$: Unexpected token ""="" while parsing css selector ""a:has-text(""MD""), button:has-text(""MD""), [role=""menuitem""]:has-text(""MD""), text=MD"". Did you mean to CSS.escape it?",
2025-10-08T20:57:30.028Z,"Evaluation 2 of ""Accelerating Vaccine Innovation for Emerging Infectious Diseases via Parallel Discovery"" · The Unjournal",accelvaxeval2,https://unjournal.pubpub.org/pub/accelvaxeval2,,"fail: page.$: Unexpected token ""="" while parsing css selector ""a:has-text(""MD""), button:has-text(""MD""), [role=""menuitem""]:has-text(""MD""), text=MD"". Did you mean to CSS.escape it?",
2025-10-08T20:57:39.775Z,"Author’s response to Unjournal evaluations of ""Meaningfully reducing consumption of meat and animal products is an unsolved problem: A meta-analysis"" · The Unjournal",aflv6m1e,https://unjournal.pubpub.org/pub/aflv6m1e,,"fail: page.$: Unexpected token ""="" while parsing css selector ""a:has-text(""MD""), button:has-text(""MD""), [role=""menuitem""]:has-text(""MD""), text=MD"". Did you mean to CSS.escape it?",
2025-10-08T20:57:48.140Z,"Author’s response to Unjournal evaluations of ""Meaningfully reducing consumption of meat and animal products is an unsolved problem: A meta-analysis"" · The Unjournal",aflv6m1e,https://unjournal.pubpub.org/pub/aflv6m1e/,,"fail: page.$: Unexpected token ""="" while parsing css selector ""a:has-text(""MD""), button:has-text(""MD""), [role=""menuitem""]:has-text(""MD""), text=MD"". Did you mean to CSS.escape it?",
2025-10-08T20:57:56.023Z,"Author’s response to Unjournal evaluations of ""Meaningfully reducing consumption of meat and animal products is an unsolved problem: A meta-analysis"" · The Unjournal",aflv6m1e,https://unjournal.pubpub.org/pub/aflv6m1e/release/1,,"fail: page.$: Unexpected token ""="" while parsing css selector ""a:has-text(""MD""), button:has-text(""MD""), [role=""menuitem""]:has-text(""MD""), text=MD"". Did you mean to CSS.escape it?",
2025-10-08T20:58:05.873Z,Authors’ response to Unjournal evaluations of “Artificial Intelligence and Economic Growth” · The Unjournal,aiauthors,https://unjournal.pubpub.org/pub/aiauthors,,"fail: page.$: Unexpected token ""="" while parsing css selector ""a:has-text(""MD""), button:has-text(""MD""), [role=""menuitem""]:has-text(""MD""), text=MD"". Did you mean to CSS.escape it?",
2025-10-08T20:58:16.928Z,Evaluation 1 of “Artificial Intelligence and Economic Growth”: Seth Benzell · The Unjournal,aibenzell,https://unjournal.pubpub.org/pub/aibenzell,,"fail: page.$: Unexpected token ""="" while parsing css selector ""a:has-text(""MD""), button:has-text(""MD""), [role=""menuitem""]:has-text(""MD""), text=MD"". Did you mean to CSS.escape it?",
2025-10-08T20:58:26.721Z,“Artificial Intelligence and Economic Growth”: Evaluation summary & metrics · The Unjournal,aimetrics,https://unjournal.pubpub.org/pub/aimetrics,,"fail: page.$: Unexpected token ""="" while parsing css selector ""a:has-text(""MD""), button:has-text(""MD""), [role=""menuitem""]:has-text(""MD""), text=MD"". Did you mean to CSS.escape it?",
2025-10-08T20:58:36.873Z,Evaluation 2 of “Artificial Intelligence and Economic Growth” (prize-winning evaluation) · The Unjournal,aitrammel,https://unjournal.pubpub.org/pub/aitrammel,,"fail: page.$: Unexpected token ""="" while parsing css selector ""a:has-text(""MD""), button:has-text(""MD""), [role=""menuitem""]:has-text(""MD""), text=MD"". Did you mean to CSS.escape it?",
2025-10-08T20:58:47.705Z,"Evaluation Summary and Metrics: ""Do Celebrity Endorsements Matter? A Twitter Experiment Promoting Vaccination In Indonesia"" · The Unjournal",alatasevalsum,https://unjournal.pubpub.org/pub/alatasevalsum,,"fail: page.$: Unexpected token ""="" while parsing css selector ""a:has-text(""MD""), button:has-text(""MD""), [role=""menuitem""]:has-text(""MD""), text=MD"". Did you mean to CSS.escape it?",
2025-10-08T20:58:57.560Z,"Evaluation Summary and Metrics: ""Do Celebrity Endorsements Matter? A Twitter Experiment Promoting Vaccination In Indonesia"" · The Unjournal",alatasevalsum,https://unjournal.pubpub.org/pub/alatasevalsum/release/9,,"fail: page.$: Unexpected token ""="" while parsing css selector ""a:has-text(""MD""), button:has-text(""MD""), [role=""menuitem""]:has-text(""MD""), text=MD"". Did you mean to CSS.escape it?",
2025-10-08T20:59:08.113Z,"Evaluation Summary and Metrics: ""Advance Market Commitments: Insights from Theory and Experience"" · The Unjournal",amcmetrics,https://unjournal.pubpub.org/pub/amcmetrics,,"fail: page.$: Unexpected token ""="" while parsing css selector ""a:has-text(""MD""), button:has-text(""MD""), [role=""menuitem""]:has-text(""MD""), text=MD"". Did you mean to CSS.escape it?",
2025-10-08T20:59:19.669Z,"Authors’ response to Unjournal evaluations of “The Returns to Science In the Presence of Technological Risks"" · The Unjournal",arreturnstoscience,https://unjournal.pubpub.org/pub/arreturnstoscience,,"fail: page.$: Unexpected token ""="" while parsing css selector ""a:has-text(""MD""), button:has-text(""MD""), [role=""menuitem""]:has-text(""MD""), text=MD"". Did you mean to CSS.escape it?",
2025-10-08T20:59:28.832Z,"Authors’ response to Unjournal evaluations of “The Returns to Science In the Presence of Technological Risks"" · The Unjournal",arreturnstoscience,https://unjournal.pubpub.org/pub/arreturnstoscience/,,"fail: page.$: Unexpected token ""="" while parsing css selector ""a:has-text(""MD""), button:has-text(""MD""), [role=""menuitem""]:has-text(""MD""), text=MD"". Did you mean to CSS.escape it?",
2025-10-08T20:59:38.765Z,"Authors’ response to Unjournal evaluations of “The Returns to Science In the Presence of Technological Risks"" · The Unjournal",arreturnstoscience,https://unjournal.pubpub.org/pub/arreturnstoscience/release/1,,"fail: page.$: Unexpected token ""="" while parsing css selector ""a:has-text(""MD""), button:has-text(""MD""), [role=""menuitem""]:has-text(""MD""), text=MD"". Did you mean to CSS.escape it?",
2025-10-08T20:59:47.262Z,"Authors’ response to Unjournal evaluations of “The Returns to Science In the Presence of Technological Risks"" · The Unjournal",arreturnstoscience,https://unjournal.pubpub.org/pub/arreturnstoscience/release/2,,"fail: page.$: Unexpected token ""="" while parsing css selector ""a:has-text(""MD""), button:has-text(""MD""), [role=""menuitem""]:has-text(""MD""), text=MD"". Did you mean to CSS.escape it?",
2025-10-08T20:59:56.768Z,Authors’ response to Unjournal evaluations of “Existential Risk and Growth” · The Unjournal,authorresponseexistentialrisk,https://unjournal.pubpub.org/pub/authorresponseexistentialrisk,,"fail: page.$: Unexpected token ""="" while parsing css selector ""a:has-text(""MD""), button:has-text(""MD""), [role=""menuitem""]:has-text(""MD""), text=MD"". Did you mean to CSS.escape it?",
2025-10-08T21:00:07.076Z,"Authors’ response to Unjournal evaluations of “The Effect of Public Science on Corporate R&D"" · The Unjournal",authorsresponsepublicscience,https://unjournal.pubpub.org/pub/authorsresponsepublicscience,,"fail: page.$: Unexpected token ""="" while parsing css selector ""a:has-text(""MD""), button:has-text(""MD""), [role=""menuitem""]:has-text(""MD""), text=MD"". Did you mean to CSS.escape it?",
2025-10-08T21:00:15.307Z,"Authors’ response to Unjournal evaluations of “The Effect of Public Science on Corporate R&D"" · The Unjournal",authorsresponsepublicscience,https://unjournal.pubpub.org/pub/authorsresponsepublicscience/release/1,,"fail: page.$: Unexpected token ""="" while parsing css selector ""a:has-text(""MD""), button:has-text(""MD""), [role=""menuitem""]:has-text(""MD""), text=MD"". Did you mean to CSS.escape it?",
2025-10-08T21:00:25.389Z,"Authors’ response to Unjournal evaluations of “The wellbeing cost effectiveness of StrongMinds and Friendship Bench: review and meta-analysis with charity-related data"" · The Unjournal",authorsresponsestrongminds,https://unjournal.pubpub.org/pub/authorsresponsestrongminds,,"fail: page.$: Unexpected token ""="" while parsing css selector ""a:has-text(""MD""), button:has-text(""MD""), [role=""menuitem""]:has-text(""MD""), text=MD"". Did you mean to CSS.escape it?",
2025-10-08T21:00:35.469Z,"Authors’ response to Unjournal evaluations of “The wellbeing cost effectiveness of StrongMinds and Friendship Bench: review and meta-analysis with charity-related data"" · The Unjournal",authorsresponsestrongminds,https://unjournal.pubpub.org/pub/authorsresponsestrongminds/release/1,,"fail: page.$: Unexpected token ""="" while parsing css selector ""a:has-text(""MD""), button:has-text(""MD""), [role=""menuitem""]:has-text(""MD""), text=MD"". Did you mean to CSS.escape it?",
2025-10-08T21:00:45.504Z,"Authors’ response to Unjournal evaluations of “The wellbeing cost effectiveness of StrongMinds and Friendship Bench: review and meta-analysis with charity-related data"" · The Unjournal",authorsresponsestrongminds,https://unjournal.pubpub.org/pub/authorsresponsestrongminds/release/2,,"fail: page.$: Unexpected token ""="" while parsing css selector ""a:has-text(""MD""), button:has-text(""MD""), [role=""menuitem""]:has-text(""MD""), text=MD"". Did you mean to CSS.escape it?",
2025-10-08T21:00:53.567Z,"Authors’ response to Unjournal evaluations of “The wellbeing cost effectiveness of StrongMinds and Friendship Bench: review and meta-analysis with charity-related data"" · The Unjournal",authorsresponsestrongminds,https://unjournal.pubpub.org/pub/authorsresponsestrongminds/release/3,,"fail: page.$: Unexpected token ""="" while parsing css selector ""a:has-text(""MD""), button:has-text(""MD""), [role=""menuitem""]:has-text(""MD""), text=MD"". Did you mean to CSS.escape it?",
2025-10-08T21:01:03.347Z,Evaluation summary and metrics: “Banning wildlife trade can boost demand for unregulated threatened species” · The Unjournal,banning-wildlife-eval-summ,https://unjournal.pubpub.org/pub/banning-wildlife-eval-summ,,"fail: page.$: Unexpected token ""="" while parsing css selector ""a:has-text(""MD""), button:has-text(""MD""), [role=""menuitem""]:has-text(""MD""), text=MD"". Did you mean to CSS.escape it?",
2025-10-08T21:01:14.510Z,"Evaluation 1 of ""Banning wildlife trade can boost demand for unregulated threatened species"" (by Jia Huan Liew) · The Unjournal",banningwildlifeeval1liew,https://unjournal.pubpub.org/pub/banningwildlifeeval1liew,,"fail: page.$: Unexpected token ""="" while parsing css selector ""a:has-text(""MD""), button:has-text(""MD""), [role=""menuitem""]:has-text(""MD""), text=MD"". Did you mean to CSS.escape it?",
2025-10-08T21:01:24.370Z,Evaluation summary and metrics: “Mental Health Therapy as a Core Strategy for Increasing Human Capital: Evidence from Ghana” · The Unjournal,barkeretalsummary,https://unjournal.pubpub.org/pub/barkeretalsummary,,"fail: page.$: Unexpected token ""="" while parsing css selector ""a:has-text(""MD""), button:has-text(""MD""), [role=""menuitem""]:has-text(""MD""), text=MD"". Did you mean to CSS.escape it?",
2025-10-08T21:01:36.729Z,Authors’ response to Unjournal evaluations of “Water treatment and child mortality: a meta-analysis and cost-effectiveness analysis” · The Unjournal,bgh98s2i,https://unjournal.pubpub.org/pub/bgh98s2i,,"fail: page.$: Unexpected token ""="" while parsing css selector ""a:has-text(""MD""), button:has-text(""MD""), [role=""menuitem""]:has-text(""MD""), text=MD"". Did you mean to CSS.escape it?",
2025-10-08T21:01:47.211Z,"Evaluation 1 of ""Does the Squeaky Wheel Get More Grease? The Direct and Indirect Effects of Citizen Participation on Environmental Governance in China"" (prize-winning evaluation) · The Unjournal",buntaineeval1revised,https://unjournal.pubpub.org/pub/buntaineeval1revised,,"fail: page.$: Unexpected token ""="" while parsing css selector ""a:has-text(""MD""), button:has-text(""MD""), [role=""menuitem""]:has-text(""MD""), text=MD"". Did you mean to CSS.escape it?",
2025-10-08T21:01:58.191Z,"Evaluation 2 of ""Does the Squeaky Wheel Get More Grease? The Direct and Indirect Effects of Citizen Participation on Environmental Governance in China"" (Buntaine et al) · The Unjournal",buntaineeval2,https://unjournal.pubpub.org/pub/buntaineeval2,,"fail: page.$: Unexpected token ""="" while parsing css selector ""a:has-text(""MD""), button:has-text(""MD""), [role=""menuitem""]:has-text(""MD""), text=MD"". Did you mean to CSS.escape it?",
2025-10-08T21:02:08.692Z,"Evaluation 1 of ""The Comparative Impact of Cash Transfers and a Psychotherapy Program on Psychological and Economic Wellbeing"" (prize-winning evaluation) · The Unjournal",cashtransferseval1,https://unjournal.pubpub.org/pub/cashtransferseval1,,"fail: page.$: Unexpected token ""="" while parsing css selector ""a:has-text(""MD""), button:has-text(""MD""), [role=""menuitem""]:has-text(""MD""), text=MD"". Did you mean to CSS.escape it?",
2025-10-08T21:02:18.746Z,"Evaluation 2 of ""The Comparative Impact of Cash Transfers a Psychotherapy Program on Psychological and Economic Wellbeing"" · The Unjournal",cashtransferseval2,https://unjournal.pubpub.org/pub/cashtransferseval2,,"fail: page.$: Unexpected token ""="" while parsing css selector ""a:has-text(""MD""), button:has-text(""MD""), [role=""menuitem""]:has-text(""MD""), text=MD"". Did you mean to CSS.escape it?",
2025-10-08T21:02:28.494Z,Evaluation Summary and Metrics: “The Comparative Impact of Cash Transfers and a Psychotherapy Program on Psychological and Economic Well-being” · The Unjournal,cashtransfersmetrics,https://unjournal.pubpub.org/pub/cashtransfersmetrics,,"fail: page.$: Unexpected token ""="" while parsing css selector ""a:has-text(""MD""), button:has-text(""MD""), [role=""menuitem""]:has-text(""MD""), text=MD"". Did you mean to CSS.escape it?",
2025-10-08T21:02:38.058Z,Evaluation 2 of “Money (Not) to Burn: Payments for Ecosystem Services to Reduce Crop Residue Burning” · The Unjournal,dhwxb3fx,https://unjournal.pubpub.org/pub/dhwxb3fx,,"fail: page.$: Unexpected token ""="" while parsing css selector ""a:has-text(""MD""), button:has-text(""MD""), [role=""menuitem""]:has-text(""MD""), text=MD"". Did you mean to CSS.escape it?",
2025-10-08T21:02:47.240Z,"Evaluation 1 of ""Towards best practices in AGI safety and governance: A survey of expert opinion"" · The Unjournal",e1agisafety,https://unjournal.pubpub.org/pub/e1agisafety,,"fail: page.$: Unexpected token ""="" while parsing css selector ""a:has-text(""MD""), button:has-text(""MD""), [role=""menuitem""]:has-text(""MD""), text=MD"". Did you mean to CSS.escape it?",
2025-10-08T21:02:59.092Z,"Evaluation 1 of ""Towards best practices in AGI safety and governance: A survey of expert opinion"" · The Unjournal",e1agisafety,https://unjournal.pubpub.org/pub/e1agisafety/draft?access=l4dq53cd,,"fail: page.$: Unexpected token ""="" while parsing css selector ""a:has-text(""MD""), button:has-text(""MD""), [role=""menuitem""]:has-text(""MD""), text=MD"". Did you mean to CSS.escape it?",
2025-10-08T21:03:08.553Z,"Evaluation 1 of ""Towards best practices in AGI safety and governance: A survey of expert opinion"" · The Unjournal",e1agisafety,https://unjournal.pubpub.org/pub/e1agisafety/release/1,,"fail: page.$: Unexpected token ""="" while parsing css selector ""a:has-text(""MD""), button:has-text(""MD""), [role=""menuitem""]:has-text(""MD""), text=MD"". Did you mean to CSS.escape it?",
2025-10-08T21:03:18.722Z,"Evaluation 1 of ""The animal welfare cost of meat: evidence from a survey of hypothetical scenarios among Belgian consumers"" · The Unjournal",e1animalwelfarecost,https://unjournal.pubpub.org/pub/e1animalwelfarecost,,"fail: page.$: Unexpected token ""="" while parsing css selector ""a:has-text(""MD""), button:has-text(""MD""), [role=""menuitem""]:has-text(""MD""), text=MD"". Did you mean to CSS.escape it?",
2025-10-08T21:03:33.141Z,"Evaluation 1 of ""The animal welfare cost of meat: evidence from a survey of hypothetical scenarios among Belgian consumers"" · The Unjournal",e1animalwelfarecost,https://unjournal.pubpub.org/pub/e1animalwelfarecost/draft?access=7e6ayxei,,"fail: page.$: Unexpected token ""="" while parsing css selector ""a:has-text(""MD""), button:has-text(""MD""), [role=""menuitem""]:has-text(""MD""), text=MD"". Did you mean to CSS.escape it?",
2025-10-08T21:03:41.217Z,"Evaluation 1 of ""The animal welfare cost of meat: evidence from a survey of hypothetical scenarios among Belgian consumers"" · The Unjournal",e1animalwelfarecost,https://unjournal.pubpub.org/pub/e1animalwelfarecost/release/1,,"fail: page.$: Unexpected token ""="" while parsing css selector ""a:has-text(""MD""), button:has-text(""MD""), [role=""menuitem""]:has-text(""MD""), text=MD"". Did you mean to CSS.escape it?",
2025-10-08T21:03:50.721Z,"Evaluation 1 of ""Biodiversity Risk"" · The Unjournal",e1biodiversityrisk,https://unjournal.pubpub.org/pub/e1biodiversityrisk,,"fail: page.$: Unexpected token ""="" while parsing css selector ""a:has-text(""MD""), button:has-text(""MD""), [role=""menuitem""]:has-text(""MD""), text=MD"". Did you mean to CSS.escape it?",
2025-10-08T21:04:00.956Z,"Evaluation 1 of ""Choose Your Moments: NIH Peer Review and Scientific Risk Taking"" · The Unjournal",e1chooseyourmoments,https://unjournal.pubpub.org/pub/e1chooseyourmoments,,"fail: page.$: Unexpected token ""="" while parsing css selector ""a:has-text(""MD""), button:has-text(""MD""), [role=""menuitem""]:has-text(""MD""), text=MD"". Did you mean to CSS.escape it?",
2025-10-08T21:08:38.868Z,"Evaluation 1 of ""Choose Your Moments: NIH Peer Review and Scientific Risk Taking"" · The Unjournal",e1chooseyourmoments,https://unjournal.pubpub.org/pub/e1chooseyourmoments/draft?access=2hw54etx,,"fail: page.$: Unexpected token ""="" while parsing css selector ""a:has-text(""MD""), button:has-text(""MD""), [role=""menuitem""]:has-text(""MD""), text=MD"". Did you mean to CSS.escape it?",
2025-10-08T21:08:51.858Z,"Evaluation 1 of ""Choose Your Moments: NIH Peer Review and Scientific Risk Taking"" · The Unjournal",e1chooseyourmoments,https://unjournal.pubpub.org/pub/e1chooseyourmoments/release/1,,"fail: page.$: Unexpected token ""="" while parsing css selector ""a:has-text(""MD""), button:has-text(""MD""), [role=""menuitem""]:has-text(""MD""), text=MD"". Did you mean to CSS.escape it?",
2025-10-08T21:09:01.359Z,"Evaluation 1 of ""Choose Your Moments: NIH Peer Review and Scientific Risk Taking"" · The Unjournal",e1chooseyourmoments,https://unjournal.pubpub.org/pub/e1chooseyourmoments/release/2,,"fail: page.$: Unexpected token ""="" while parsing css selector ""a:has-text(""MD""), button:has-text(""MD""), [role=""menuitem""]:has-text(""MD""), text=MD"". Did you mean to CSS.escape it?",
2025-10-08T21:09:11.086Z,"Evaluation 1 of ""Asymmetry in Civic Information: An Experiment on Tax Participation among Informal Firms in Togo"" · The Unjournal",e1civicasymmetry,https://unjournal.pubpub.org/pub/e1civicasymmetry,,"fail: page.$: Unexpected token ""="" while parsing css selector ""a:has-text(""MD""), button:has-text(""MD""), [role=""menuitem""]:has-text(""MD""), text=MD"". Did you mean to CSS.escape it?",
2025-10-08T21:09:23.404Z,"Evaluation 1 of ""Asymmetry in Civic Information: An Experiment on Tax Participation among Informal Firms in Togo"" · The Unjournal",e1civicasymmetry,https://unjournal.pubpub.org/pub/e1civicasymmetry/draft?access=2ip41dbb,,"fail: page.$: Unexpected token ""="" while parsing css selector ""a:has-text(""MD""), button:has-text(""MD""), [role=""menuitem""]:has-text(""MD""), text=MD"". Did you mean to CSS.escape it?",
2025-10-08T21:09:32.621Z,"Evaluation 1 of ""Asymmetry in Civic Information: An Experiment on Tax Participation among Informal Firms in Togo"" · The Unjournal",e1civicasymmetry,https://unjournal.pubpub.org/pub/e1civicasymmetry/release/1,,"fail: page.$: Unexpected token ""="" while parsing css selector ""a:has-text(""MD""), button:has-text(""MD""), [role=""menuitem""]:has-text(""MD""), text=MD"". Did you mean to CSS.escape it?",
2025-10-08T21:09:40.737Z,"Evaluation 1 of ""Asymmetry in Civic Information: An Experiment on Tax Participation among Informal Firms in Togo"" · The Unjournal",e1civicasymmetry,https://unjournal.pubpub.org/pub/e1civicasymmetry/release/2,,"fail: page.$: Unexpected token ""="" while parsing css selector ""a:has-text(""MD""), button:has-text(""MD""), [role=""menuitem""]:has-text(""MD""), text=MD"". Did you mean to CSS.escape it?",
2025-10-08T21:09:50.953Z,"Evaluation 1 of ""Misperceptions and Demand for Democracy under Authoritarianism"" · The Unjournal",e1demandfordemocracy,https://unjournal.pubpub.org/pub/e1demandfordemocracy,,"fail: page.$: Unexpected token ""="" while parsing css selector ""a:has-text(""MD""), button:has-text(""MD""), [role=""menuitem""]:has-text(""MD""), text=MD"". Did you mean to CSS.escape it?",
2025-10-08T21:09:59.212Z,Not Found · The Unjournal,e1demandfordemocracy,https://unjournal.pubpub.org/pub/e1demandfordemocracy/draft,,fail: Download menu not found,
2025-10-08T21:10:07.302Z,"Evaluation 1 of ""Misperceptions and Demand for Democracy under Authoritarianism"" · The Unjournal",e1demandfordemocracy,https://unjournal.pubpub.org/pub/e1demandfordemocracy/release/1,,"fail: page.$: Unexpected token ""="" while parsing css selector ""a:has-text(""MD""), button:has-text(""MD""), [role=""menuitem""]:has-text(""MD""), text=MD"". Did you mean to CSS.escape it?",
2025-10-08T21:10:24.157Z,"Evaluation 1 of ""Ends versus Means: Kantians, Utilitarians, and Moral Decisions"" · The Unjournal",e1endsversusmeans,https://unjournal.pubpub.org/pub/e1endsversusmeans,,"fail: page.$: Unexpected token ""="" while parsing css selector ""a:has-text(""MD""), button:has-text(""MD""), [role=""menuitem""]:has-text(""MD""), text=MD"". Did you mean to CSS.escape it?",
2025-10-08T21:10:36.631Z,"Evaluation 1 of ""Ends versus Means: Kantians, Utilitarians, and Moral Decisions"" · The Unjournal",e1endsversusmeans,https://unjournal.pubpub.org/pub/e1endsversusmeans/draft?access=el620mzl,,"fail: page.$: Unexpected token ""="" while parsing css selector ""a:has-text(""MD""), button:has-text(""MD""), [role=""menuitem""]:has-text(""MD""), text=MD"". Did you mean to CSS.escape it?",
2025-10-08T21:10:47.821Z,"Evaluation 1 of ""Ends versus Means: Kantians, Utilitarians, and Moral Decisions"" · The Unjournal",e1endsversusmeans,https://unjournal.pubpub.org/pub/e1endsversusmeans/release/1,,"fail: page.$: Unexpected token ""="" while parsing css selector ""a:has-text(""MD""), button:has-text(""MD""), [role=""menuitem""]:has-text(""MD""), text=MD"". Did you mean to CSS.escape it?",
2025-10-08T21:10:57.044Z,"Evaluation 1 of ""Ends versus Means: Kantians, Utilitarians, and Moral Decisions"" · The Unjournal",e1endsversusmeans,https://unjournal.pubpub.org/pub/e1endsversusmeans/release/2,,"fail: page.$: Unexpected token ""="" while parsing css selector ""a:has-text(""MD""), button:has-text(""MD""), [role=""menuitem""]:has-text(""MD""), text=MD"". Did you mean to CSS.escape it?",
2025-10-08T21:11:06.597Z,"Evaluation 1 of ""Existential Risk and Growth"" · The Unjournal",e1existentialrisk,https://unjournal.pubpub.org/pub/e1existentialrisk,,"fail: page.$: Unexpected token ""="" while parsing css selector ""a:has-text(""MD""), button:has-text(""MD""), [role=""menuitem""]:has-text(""MD""), text=MD"". Did you mean to CSS.escape it?",
2025-10-08T21:11:16.248Z,"Evaluation 1 of ""Forecasting Existential Risks: Evidence from a Long-Run Forecasting Tournament"", Applied Stream · The Unjournal",e1forecastingexistentialrisk,https://unjournal.pubpub.org/pub/e1forecastingexistentialrisk,,"fail: page.$: Unexpected token ""="" while parsing css selector ""a:has-text(""MD""), button:has-text(""MD""), [role=""menuitem""]:has-text(""MD""), text=MD"". Did you mean to CSS.escape it?",
2025-10-08T21:11:25.736Z,"Evaluation 1 of ""Does Conservation Work in General Equilibrium"" · The Unjournal",e1generalequilibrium,https://unjournal.pubpub.org/pub/e1generalequilibrium,,"fail: page.$: Unexpected token ""="" while parsing css selector ""a:has-text(""MD""), button:has-text(""MD""), [role=""menuitem""]:has-text(""MD""), text=MD"". Did you mean to CSS.escape it?",
2025-10-08T21:11:36.146Z,"Evaluation 1 of ""Intergenerational Child Mortality Impacts of Deworming: Experimental Evidence from Two Decades of the Kenya Life Panel Survey"" · The Unjournal",e1intergendeworming,https://unjournal.pubpub.org/pub/e1intergendeworming,,"fail: page.$: Unexpected token ""="" while parsing css selector ""a:has-text(""MD""), button:has-text(""MD""), [role=""menuitem""]:has-text(""MD""), text=MD"". Did you mean to CSS.escape it?",
2025-10-08T21:11:46.531Z,"Evaluation 1 of ""Forecasts estimate limited cultured meat production through 2050"" · The Unjournal",e1limitedmeatprod,https://unjournal.pubpub.org/pub/e1limitedmeatprod,,"fail: page.$: Unexpected token ""="" while parsing css selector ""a:has-text(""MD""), button:has-text(""MD""), [role=""menuitem""]:has-text(""MD""), text=MD"". Did you mean to CSS.escape it?",
2025-10-08T21:11:59.503Z,"Evaluation 1 of ""Forecasts estimate limited cultured meat production through 2050"" · The Unjournal",e1limitedmeatprod,https://unjournal.pubpub.org/pub/e1limitedmeatprod/draft?access=viehc2cj,,"fail: page.$: Unexpected token ""="" while parsing css selector ""a:has-text(""MD""), button:has-text(""MD""), [role=""menuitem""]:has-text(""MD""), text=MD"". Did you mean to CSS.escape it?",
2025-10-08T21:12:07.796Z,"Evaluation 1 of ""Forecasts estimate limited cultured meat production through 2050"" · The Unjournal",e1limitedmeatprod,https://unjournal.pubpub.org/pub/e1limitedmeatprod/release/1,,"fail: page.$: Unexpected token ""="" while parsing css selector ""a:has-text(""MD""), button:has-text(""MD""), [role=""menuitem""]:has-text(""MD""), text=MD"". Did you mean to CSS.escape it?",
2025-10-08T21:12:17.632Z,"Evaluation 1 of ""The Macroeconomic Impact of Climate Change: Global vs. Local Temperature"" · The Unjournal",e1macroclimatechange,https://unjournal.pubpub.org/pub/e1macroclimatechange,,"fail: page.$: Unexpected token ""="" while parsing css selector ""a:has-text(""MD""), button:has-text(""MD""), [role=""menuitem""]:has-text(""MD""), text=MD"". Did you mean to CSS.escape it?",
2025-10-08T21:12:29.225Z,"Evaluation 1 of ""The Macroeconomic Impact of Climate Change: Global vs. Local Temperature"" · The Unjournal",e1macroclimatechange,https://unjournal.pubpub.org/pub/e1macroclimatechange/release/1,,"fail: page.$: Unexpected token ""="" while parsing css selector ""a:has-text(""MD""), button:has-text(""MD""), [role=""menuitem""]:has-text(""MD""), text=MD"". Did you mean to CSS.escape it?",
2025-10-08T21:12:38.629Z,"Evaluation 1 of ""The Macroeconomic Impact of Climate Change: Global vs. Local Temperature"" · The Unjournal",e1macroclimatechange,https://unjournal.pubpub.org/pub/e1macroclimatechange/release/2,,"fail: page.$: Unexpected token ""="" while parsing css selector ""a:has-text(""MD""), button:has-text(""MD""), [role=""menuitem""]:has-text(""MD""), text=MD"". Did you mean to CSS.escape it?",
2025-10-08T21:12:49.511Z,"Evaluation 1 of ""Maternal cash transfers for gender equity and child development: Experimental evidence from India"" · The Unjournal",e1maternalcashtransfers,https://unjournal.pubpub.org/pub/e1maternalcashtransfers,,"fail: page.$: Unexpected token ""="" while parsing css selector ""a:has-text(""MD""), button:has-text(""MD""), [role=""menuitem""]:has-text(""MD""), text=MD"". Did you mean to CSS.escape it?",
2025-10-08T21:13:01.792Z,"Evaluation 1 of ""Maternal cash transfers for gender equity and child development: Experimental evidence from India"" · The Unjournal",e1maternalcashtransfers,https://unjournal.pubpub.org/pub/e1maternalcashtransfers/draft?access=dmir170k,,"fail: page.$: Unexpected token ""="" while parsing css selector ""a:has-text(""MD""), button:has-text(""MD""), [role=""menuitem""]:has-text(""MD""), text=MD"". Did you mean to CSS.escape it?",
2025-10-08T21:13:09.789Z,"Evaluation 1 of ""Maternal cash transfers for gender equity and child development: Experimental evidence from India"" · The Unjournal",e1maternalcashtransfers,https://unjournal.pubpub.org/pub/e1maternalcashtransfers/release/1,,"fail: page.$: Unexpected token ""="" while parsing css selector ""a:has-text(""MD""), button:has-text(""MD""), [role=""menuitem""]:has-text(""MD""), text=MD"". Did you mean to CSS.escape it?",
2025-10-08T21:13:19.765Z,"Evaluation 1 of ""Global potential for natural regeneration in deforested tropical regions"" · The Unjournal",e1naturalregeneration,https://unjournal.pubpub.org/pub/e1naturalregeneration,,"fail: page.$: Unexpected token ""="" while parsing css selector ""a:has-text(""MD""), button:has-text(""MD""), [role=""menuitem""]:has-text(""MD""), text=MD"". Did you mean to CSS.escape it?",
2025-10-08T21:13:32.944Z,"Evaluation 1 of ""Global potential for natural regeneration in deforested tropical regions"" · The Unjournal",e1naturalregeneration,https://unjournal.pubpub.org/pub/e1naturalregeneration/draft?access=vr668n81,,"fail: page.$: Unexpected token ""="" while parsing css selector ""a:has-text(""MD""), button:has-text(""MD""), [role=""menuitem""]:has-text(""MD""), text=MD"". Did you mean to CSS.escape it?",
2025-10-08T21:13:41.095Z,"Evaluation 1 of ""Global potential for natural regeneration in deforested tropical regions"" · The Unjournal",e1naturalregeneration,https://unjournal.pubpub.org/pub/e1naturalregeneration/release/1,,"fail: page.$: Unexpected token ""="" while parsing css selector ""a:has-text(""MD""), button:has-text(""MD""), [role=""menuitem""]:has-text(""MD""), text=MD"". Did you mean to CSS.escape it?",
2025-10-08T21:13:50.758Z,Evaluation 1 of “Pharmaceutical Pricing and R&D as a Global Public Good” · The Unjournal,e1pharmpricing,https://unjournal.pubpub.org/pub/e1pharmpricing,,"fail: page.$: Unexpected token ""="" while parsing css selector ""a:has-text(""MD""), button:has-text(""MD""), [role=""menuitem""]:has-text(""MD""), text=MD"". Did you mean to CSS.escape it?",
2025-10-08T21:14:02.087Z,Evaluation 1 of “Pharmaceutical Pricing and R&D as a Global Public Good” · The Unjournal,e1pharmpricing,https://unjournal.pubpub.org/pub/e1pharmpricing/draft?access=ktxb8u1y,,"fail: page.$: Unexpected token ""="" while parsing css selector ""a:has-text(""MD""), button:has-text(""MD""), [role=""menuitem""]:has-text(""MD""), text=MD"". Did you mean to CSS.escape it?",
2025-10-08T21:14:11.091Z,Evaluation 1 of “Pharmaceutical Pricing and R&D as a Global Public Good” · The Unjournal,e1pharmpricing,https://unjournal.pubpub.org/pub/e1pharmpricing/release/1,,"fail: page.$: Unexpected token ""="" while parsing css selector ""a:has-text(""MD""), button:has-text(""MD""), [role=""menuitem""]:has-text(""MD""), text=MD"". Did you mean to CSS.escape it?",
2025-10-08T21:14:20.938Z,Evaluation 1 of “Pharmaceutical Pricing and R&D as a Global Public Good” · The Unjournal,e1pharmpricing,https://unjournal.pubpub.org/pub/e1pharmpricing/release/2,,"fail: page.$: Unexpected token ""="" while parsing css selector ""a:has-text(""MD""), button:has-text(""MD""), [role=""menuitem""]:has-text(""MD""), text=MD"". Did you mean to CSS.escape it?",
2025-10-08T21:14:28.990Z,Evaluation 1 of “Pharmaceutical Pricing and R&D as a Global Public Good” · The Unjournal,e1pharmpricing,https://unjournal.pubpub.org/pub/e1pharmpricing/release/3,,"fail: page.$: Unexpected token ""="" while parsing css selector ""a:has-text(""MD""), button:has-text(""MD""), [role=""menuitem""]:has-text(""MD""), text=MD"". Did you mean to CSS.escape it?",
2025-10-08T21:14:38.663Z,"Evaluation 1 of ""Adaptability and the Pivot Penalty in Science and Technology"" · The Unjournal",e1pivotpenalty,https://unjournal.pubpub.org/pub/e1pivotpenalty,,"fail: page.$: Unexpected token ""="" while parsing css selector ""a:has-text(""MD""), button:has-text(""MD""), [role=""menuitem""]:has-text(""MD""), text=MD"". Did you mean to CSS.escape it?",
2025-10-08T21:14:49.955Z,"Evaluation 1 of ""Adaptability and the Pivot Penalty in Science and Technology"" · The Unjournal",e1pivotpenalty,https://unjournal.pubpub.org/pub/e1pivotpenalty/draft?access=lshm8knj,,"fail: page.$: Unexpected token ""="" while parsing css selector ""a:has-text(""MD""), button:has-text(""MD""), [role=""menuitem""]:has-text(""MD""), text=MD"". Did you mean to CSS.escape it?",
2025-10-08T21:14:58.088Z,"Evaluation 1 of ""Adaptability and the Pivot Penalty in Science and Technology"" · The Unjournal",e1pivotpenalty,https://unjournal.pubpub.org/pub/e1pivotpenalty/release/1,,"fail: page.$: Unexpected token ""="" while parsing css selector ""a:has-text(""MD""), button:has-text(""MD""), [role=""menuitem""]:has-text(""MD""), text=MD"". Did you mean to CSS.escape it?",
2025-10-08T21:15:07.769Z,"Evaluation 1 of ""Population ethical intuitions"" · The Unjournal",e1popintuitions,https://unjournal.pubpub.org/pub/e1popintuitions,,"fail: page.$: Unexpected token ""="" while parsing css selector ""a:has-text(""MD""), button:has-text(""MD""), [role=""menuitem""]:has-text(""MD""), text=MD"". Did you mean to CSS.escape it?",
2025-10-08T21:15:19.334Z,"Evaluation 1 of ""Population ethical intuitions"" · The Unjournal",e1popintuitions,https://unjournal.pubpub.org/pub/e1popintuitions/draft?access=6ht99teb,,"fail: page.$: Unexpected token ""="" while parsing css selector ""a:has-text(""MD""), button:has-text(""MD""), [role=""menuitem""]:has-text(""MD""), text=MD"". Did you mean to CSS.escape it?",
2025-10-08T21:15:28.687Z,"Evaluation 1 of ""Population ethical intuitions"" · The Unjournal",e1popintuitions,https://unjournal.pubpub.org/pub/e1popintuitions/release/1,,"fail: page.$: Unexpected token ""="" while parsing css selector ""a:has-text(""MD""), button:has-text(""MD""), [role=""menuitem""]:has-text(""MD""), text=MD"". Did you mean to CSS.escape it?",
2025-10-08T21:15:39.619Z,"Evaluation 1 of ""Population ethical intuitions"" · The Unjournal",e1popintuitions,https://unjournal.pubpub.org/pub/e1popintuitions/release/2,,"fail: page.$: Unexpected token ""="" while parsing css selector ""a:has-text(""MD""), button:has-text(""MD""), [role=""menuitem""]:has-text(""MD""), text=MD"". Did you mean to CSS.escape it?",
2025-10-08T21:15:55.516Z,"Evaluation 1 of ""The Effect of Public Science on Corporate R&D"" · The Unjournal",e1publicscience,https://unjournal.pubpub.org/pub/e1publicscience,,"fail: page.$: Unexpected token ""="" while parsing css selector ""a:has-text(""MD""), button:has-text(""MD""), [role=""menuitem""]:has-text(""MD""), text=MD"". Did you mean to CSS.escape it?",
2025-10-08T21:16:08.098Z,"Evaluation 1 of ""The Effect of Public Science on Corporate R&D"" · The Unjournal",e1publicscience,https://unjournal.pubpub.org/pub/e1publicscience/draft?access=9z7j5ii6,,"fail: page.$: Unexpected token ""="" while parsing css selector ""a:has-text(""MD""), button:has-text(""MD""), [role=""menuitem""]:has-text(""MD""), text=MD"". Did you mean to CSS.escape it?",
2025-10-08T21:16:17.383Z,"Evaluation 1 of ""The Effect of Public Science on Corporate R&D"" · The Unjournal",e1publicscience,https://unjournal.pubpub.org/pub/e1publicscience/release/1,,"fail: page.$: Unexpected token ""="" while parsing css selector ""a:has-text(""MD""), button:has-text(""MD""), [role=""menuitem""]:has-text(""MD""), text=MD"". Did you mean to CSS.escape it?",
2025-10-08T21:16:26.667Z,"Evaluation 1 of ""The Effect of Public Science on Corporate R&D"" · The Unjournal",e1publicscience,https://unjournal.pubpub.org/pub/e1publicscience/release/2,,"fail: page.$: Unexpected token ""="" while parsing css selector ""a:has-text(""MD""), button:has-text(""MD""), [role=""menuitem""]:has-text(""MD""), text=MD"". Did you mean to CSS.escape it?",
2025-10-08T21:16:34.780Z,"Evaluation 1 of ""The Effect of Public Science on Corporate R&D"" · The Unjournal",e1publicscience,https://unjournal.pubpub.org/pub/e1publicscience/release/3,,"fail: page.$: Unexpected token ""="" while parsing css selector ""a:has-text(""MD""), button:has-text(""MD""), [role=""menuitem""]:has-text(""MD""), text=MD"". Did you mean to CSS.escape it?",
2025-10-08T21:16:44.294Z,"Evaluation 1 of ""How Effective Is (More) Money? Randomizing Unconditional Cash Transfer Amounts in the US"" · The Unjournal",e1randomizingcashtransfer,https://unjournal.pubpub.org/pub/e1randomizingcashtransfer,,"fail: page.$: Unexpected token ""="" while parsing css selector ""a:has-text(""MD""), button:has-text(""MD""), [role=""menuitem""]:has-text(""MD""), text=MD"". Did you mean to CSS.escape it?",
2025-10-08T21:16:52.976Z,"Evaluation 1 of ""How Effective Is (More) Money? Randomizing Unconditional Cash Transfer Amounts in the US"" · The Unjournal",e1randomizingcashtransfer,https://unjournal.pubpub.org/pub/e1randomizingcashtransfer/,,"fail: page.$: Unexpected token ""="" while parsing css selector ""a:has-text(""MD""), button:has-text(""MD""), [role=""menuitem""]:has-text(""MD""), text=MD"". Did you mean to CSS.escape it?",
2025-10-08T21:17:00.997Z,"Evaluation 1 of ""How Effective Is (More) Money? Randomizing Unconditional Cash Transfer Amounts in the US"" · The Unjournal",e1randomizingcashtransfer,https://unjournal.pubpub.org/pub/e1randomizingcashtransfer/release/1,,"fail: page.$: Unexpected token ""="" while parsing css selector ""a:has-text(""MD""), button:has-text(""MD""), [role=""menuitem""]:has-text(""MD""), text=MD"". Did you mean to CSS.escape it?",
2025-10-08T21:17:11.079Z,"Evaluation 1 of ""Meaningfully reducing consumption of meat and animal products is an unsolved problem: A meta-analysis"" · The Unjournal",e1reducingconsumption,https://unjournal.pubpub.org/pub/e1reducingconsumption,,"fail: page.$: Unexpected token ""="" while parsing css selector ""a:has-text(""MD""), button:has-text(""MD""), [role=""menuitem""]:has-text(""MD""), text=MD"". Did you mean to CSS.escape it?",
2025-10-08T21:17:26.161Z,"Evaluation 1 of ""Meaningfully reducing consumption of meat and animal products is an unsolved problem: A meta-analysis"" · The Unjournal",e1reducingconsumption,https://unjournal.pubpub.org/pub/e1reducingconsumption/draft?access=ziq3yhc6,,"fail: page.$: Unexpected token ""="" while parsing css selector ""a:has-text(""MD""), button:has-text(""MD""), [role=""menuitem""]:has-text(""MD""), text=MD"". Did you mean to CSS.escape it?",
2025-10-08T21:17:36.095Z,"Evaluation 1 of ""Meaningfully reducing consumption of meat and animal products is an unsolved problem: A meta-analysis"" · The Unjournal",e1reducingconsumption,https://unjournal.pubpub.org/pub/e1reducingconsumption/release/1,,"fail: page.$: Unexpected token ""="" while parsing css selector ""a:has-text(""MD""), button:has-text(""MD""), [role=""menuitem""]:has-text(""MD""), text=MD"". Did you mean to CSS.escape it?",
2025-10-08T21:17:45.697Z,"Evaluation 1 of ""Building Resilient Education Systems: Evidence from Large-Scale Randomized Trials in Five Countries"" · The Unjournal",e1resilienteducation,https://unjournal.pubpub.org/pub/e1resilienteducation,,"fail: page.$: Unexpected token ""="" while parsing css selector ""a:has-text(""MD""), button:has-text(""MD""), [role=""menuitem""]:has-text(""MD""), text=MD"". Did you mean to CSS.escape it?",
2025-10-08T21:17:58.958Z,"Evaluation 1 of ""Building Resilient Education Systems: Evidence from Large-Scale Randomized Trials in Five Countries"" · The Unjournal",e1resilienteducation,https://unjournal.pubpub.org/pub/e1resilienteducation/draft?access=73w1ggr5,,"fail: page.$: Unexpected token ""="" while parsing css selector ""a:has-text(""MD""), button:has-text(""MD""), [role=""menuitem""]:has-text(""MD""), text=MD"". Did you mean to CSS.escape it?",
2025-10-08T21:18:07.005Z,"Evaluation 1 of ""Building Resilient Education Systems: Evidence from Large-Scale Randomized Trials in Five Countries"" · The Unjournal",e1resilienteducation,https://unjournal.pubpub.org/pub/e1resilienteducation/release/1,,"fail: page.$: Unexpected token ""="" while parsing css selector ""a:has-text(""MD""), button:has-text(""MD""), [role=""menuitem""]:has-text(""MD""), text=MD"". Did you mean to CSS.escape it?",
2025-10-08T21:18:16.592Z,"Evaluation 1 of ""A systematic review and meta analysis of social safety nets, women’s economic achievements and agency"" · The Unjournal",e1safetynets,https://unjournal.pubpub.org/pub/e1safetynets,,"fail: page.$: Unexpected token ""="" while parsing css selector ""a:has-text(""MD""), button:has-text(""MD""), [role=""menuitem""]:has-text(""MD""), text=MD"". Did you mean to CSS.escape it?",
2025-10-08T21:18:28.576Z,"Evaluation 1 of ""A systematic review and meta analysis of social safety nets, women’s economic achievements and agency"" · The Unjournal",e1safetynets,https://unjournal.pubpub.org/pub/e1safetynets/draft?access=s22pj9zo,,"fail: page.$: Unexpected token ""="" while parsing css selector ""a:has-text(""MD""), button:has-text(""MD""), [role=""menuitem""]:has-text(""MD""), text=MD"". Did you mean to CSS.escape it?",
2025-10-08T21:18:36.607Z,"Evaluation 1 of ""A systematic review and meta analysis of social safety nets, women’s economic achievements and agency"" · The Unjournal",e1safetynets,https://unjournal.pubpub.org/pub/e1safetynets/release/1,,"fail: page.$: Unexpected token ""="" while parsing css selector ""a:has-text(""MD""), button:has-text(""MD""), [role=""menuitem""]:has-text(""MD""), text=MD"". Did you mean to CSS.escape it?",
2025-10-08T21:18:46.528Z,"Evaluation 1 of ""Stagnation and Scientific Incentives"" · The Unjournal",e1scientificincentives,https://unjournal.pubpub.org/pub/e1scientificincentives,,"fail: page.$: Unexpected token ""="" while parsing css selector ""a:has-text(""MD""), button:has-text(""MD""), [role=""menuitem""]:has-text(""MD""), text=MD"". Did you mean to CSS.escape it?",
2025-10-08T21:18:58.906Z,"Evaluation 1 of ""Stagnation and Scientific Incentives"" · The Unjournal",e1scientificincentives,https://unjournal.pubpub.org/pub/e1scientificincentives/draft?access=igjun2uu,,"fail: page.$: Unexpected token ""="" while parsing css selector ""a:has-text(""MD""), button:has-text(""MD""), [role=""menuitem""]:has-text(""MD""), text=MD"". Did you mean to CSS.escape it?",
2025-10-08T21:19:08.224Z,"Evaluation 1 of ""Stagnation and Scientific Incentives"" · The Unjournal",e1scientificincentives,https://unjournal.pubpub.org/pub/e1scientificincentives/release/1,,"fail: page.$: Unexpected token ""="" while parsing css selector ""a:has-text(""MD""), button:has-text(""MD""), [role=""menuitem""]:has-text(""MD""), text=MD"". Did you mean to CSS.escape it?",
2025-10-08T21:19:17.655Z,"Evaluation 1 of ""Stagnation and Scientific Incentives"" · The Unjournal",e1scientificincentives,https://unjournal.pubpub.org/pub/e1scientificincentives/release/2,,"fail: page.$: Unexpected token ""="" while parsing css selector ""a:has-text(""MD""), button:has-text(""MD""), [role=""menuitem""]:has-text(""MD""), text=MD"". Did you mean to CSS.escape it?",
2025-10-08T21:19:28.503Z,"Evaluation 1 of ""The wellbeing cost effectiveness of StrongMinds and Friendship Bench: review and meta-analysis with charity-related data"" · The Unjournal",e1strongminds,https://unjournal.pubpub.org/pub/e1strongminds,,"fail: page.$: Unexpected token ""="" while parsing css selector ""a:has-text(""MD""), button:has-text(""MD""), [role=""menuitem""]:has-text(""MD""), text=MD"". Did you mean to CSS.escape it?",
2025-10-08T21:19:41.754Z,"Evaluation 1 of ""The wellbeing cost effectiveness of StrongMinds and Friendship Bench: review and meta-analysis with charity-related data"" · The Unjournal",e1strongminds,https://unjournal.pubpub.org/pub/e1strongminds/draft?access=hf7ej4oi,,"fail: page.$: Unexpected token ""="" while parsing css selector ""a:has-text(""MD""), button:has-text(""MD""), [role=""menuitem""]:has-text(""MD""), text=MD"". Did you mean to CSS.escape it?",
2025-10-08T21:19:50.369Z,"Evaluation 1 of ""The wellbeing cost effectiveness of StrongMinds and Friendship Bench: review and meta-analysis with charity-related data"" · The Unjournal",e1strongminds,https://unjournal.pubpub.org/pub/e1strongminds/release/1,,"fail: page.$: Unexpected token ""="" while parsing css selector ""a:has-text(""MD""), button:has-text(""MD""), [role=""menuitem""]:has-text(""MD""), text=MD"". Did you mean to CSS.escape it?",
2025-10-08T21:20:01.149Z,"Evaluation 1 of “The Returns to Science In the Presence of Technological Risks”, Applied Stream · The Unjournal",e1technologicalrisks,https://unjournal.pubpub.org/pub/e1technologicalrisks,,"fail: page.$: Unexpected token ""="" while parsing css selector ""a:has-text(""MD""), button:has-text(""MD""), [role=""menuitem""]:has-text(""MD""), text=MD"". Did you mean to CSS.escape it?",
2025-10-08T21:20:14.819Z,"Evaluation 1 of “The Returns to Science In the Presence of Technological Risks”, Applied Stream · The Unjournal",e1technologicalrisks,https://unjournal.pubpub.org/pub/e1technologicalrisks/draft?access=jgjy0wrh,,"fail: page.$: Unexpected token ""="" while parsing css selector ""a:has-text(""MD""), button:has-text(""MD""), [role=""menuitem""]:has-text(""MD""), text=MD"". Did you mean to CSS.escape it?",
2025-10-08T21:20:28.182Z,"Evaluation 1 of “The Returns to Science In the Presence of Technological Risks”, Applied Stream · The Unjournal",e1technologicalrisks,https://unjournal.pubpub.org/pub/e1technologicalrisks/release/1,,"fail: page.$: Unexpected token ""="" while parsing css selector ""a:has-text(""MD""), button:has-text(""MD""), [role=""menuitem""]:has-text(""MD""), text=MD"". Did you mean to CSS.escape it?",
2025-10-08T21:20:39.799Z,"Evaluation 1 of ""Urban Forests: Environmental Health Values and Risks"" · The Unjournal",e1urbanforests,https://unjournal.pubpub.org/pub/e1urbanforests,,"fail: page.$: Unexpected token ""="" while parsing css selector ""a:has-text(""MD""), button:has-text(""MD""), [role=""menuitem""]:has-text(""MD""), text=MD"". Did you mean to CSS.escape it?",
2025-10-08T21:20:54.696Z,"Evaluation 1 of ""Urban Forests: Environmental Health Values and Risks"" · The Unjournal",e1urbanforests,https://unjournal.pubpub.org/pub/e1urbanforests/draft?access=h7q7cmaw,,"fail: page.$: Unexpected token ""="" while parsing css selector ""a:has-text(""MD""), button:has-text(""MD""), [role=""menuitem""]:has-text(""MD""), text=MD"". Did you mean to CSS.escape it?",
2025-10-08T21:21:02.767Z,"Evaluation 1 of ""Urban Forests: Environmental Health Values and Risks"" · The Unjournal",e1urbanforests,https://unjournal.pubpub.org/pub/e1urbanforests/release/1,,"fail: page.$: Unexpected token ""="" while parsing css selector ""a:has-text(""MD""), button:has-text(""MD""), [role=""menuitem""]:has-text(""MD""), text=MD"". Did you mean to CSS.escape it?",
2025-10-08T21:21:15.254Z,"Evaluation 1 of ""Water Treatment and Child Mortality: A Meta-analysis and Cost-effectiveness Analysis"" · The Unjournal",e1watertreatment,https://unjournal.pubpub.org/pub/e1watertreatment,,"fail: page.$: Unexpected token ""="" while parsing css selector ""a:has-text(""MD""), button:has-text(""MD""), [role=""menuitem""]:has-text(""MD""), text=MD"". Did you mean to CSS.escape it?",
2025-10-08T21:21:25.316Z,"Evaluation 1 of ""A Welfare Analysis of Policies Impacting Climate Change"" · The Unjournal",e1welfareclimatechange,https://unjournal.pubpub.org/pub/e1welfareclimatechange,,"fail: page.$: Unexpected token ""="" while parsing css selector ""a:has-text(""MD""), button:has-text(""MD""), [role=""menuitem""]:has-text(""MD""), text=MD"". Did you mean to CSS.escape it?",
2025-10-08T21:21:39.047Z,"Evaluation 1 of ""A Welfare Analysis of Policies Impacting Climate Change"" · The Unjournal",e1welfareclimatechange,https://unjournal.pubpub.org/pub/e1welfareclimatechange/draft?access=bbb9tut8,,"fail: page.$: Unexpected token ""="" while parsing css selector ""a:has-text(""MD""), button:has-text(""MD""), [role=""menuitem""]:has-text(""MD""), text=MD"". Did you mean to CSS.escape it?",
2025-10-08T21:21:47.503Z,"Evaluation 1 of ""A Welfare Analysis of Policies Impacting Climate Change"" · The Unjournal",e1welfareclimatechange,https://unjournal.pubpub.org/pub/e1welfareclimatechange/release/1,,"fail: page.$: Unexpected token ""="" while parsing css selector ""a:has-text(""MD""), button:has-text(""MD""), [role=""menuitem""]:has-text(""MD""), text=MD"". Did you mean to CSS.escape it?",
2025-10-08T21:21:57.868Z,"Evaluation 1 of ""Zero-Sum Thinking, the Evolution of Effort-Suppressing Beliefs, and Economic Development"" · The Unjournal",e1zerosumthinking,https://unjournal.pubpub.org/pub/e1zerosumthinking,,"fail: page.$: Unexpected token ""="" while parsing css selector ""a:has-text(""MD""), button:has-text(""MD""), [role=""menuitem""]:has-text(""MD""), text=MD"". Did you mean to CSS.escape it?",
2025-10-08T21:22:07.928Z,"Evaluation 2 of ""Towards best practices in AGI safety and governance: A survey of expert opinion"" for The Unjournal, Applied Stream · The Unjournal",e2agisafety,https://unjournal.pubpub.org/pub/e2agisafety,,"fail: page.$: Unexpected token ""="" while parsing css selector ""a:has-text(""MD""), button:has-text(""MD""), [role=""menuitem""]:has-text(""MD""), text=MD"". Did you mean to CSS.escape it?",
2025-10-08T21:22:20.779Z,"Evaluation 2 of ""Towards best practices in AGI safety and governance: A survey of expert opinion"" for The Unjournal, Applied Stream · The Unjournal",e2agisafety,https://unjournal.pubpub.org/pub/e2agisafety/draft?access=iubxmm9e,,"fail: page.$: Unexpected token ""="" while parsing css selector ""a:has-text(""MD""), button:has-text(""MD""), [role=""menuitem""]:has-text(""MD""), text=MD"". Did you mean to CSS.escape it?",
2025-10-08T21:22:28.880Z,"Evaluation 2 of ""Towards best practices in AGI safety and governance: A survey of expert opinion"" for The Unjournal, Applied Stream · The Unjournal",e2agisafety,https://unjournal.pubpub.org/pub/e2agisafety/release/1,,"fail: page.$: Unexpected token ""="" while parsing css selector ""a:has-text(""MD""), button:has-text(""MD""), [role=""menuitem""]:has-text(""MD""), text=MD"". Did you mean to CSS.escape it?",
2025-10-08T21:22:40.577Z,"Evaluation 2 of ""The animal welfare cost of meat: evidence from a survey of hypothetical scenarios among Belgian consumers"" · The Unjournal",e2animalwelfarecost,https://unjournal.pubpub.org/pub/e2animalwelfarecost,,"fail: page.$: Unexpected token ""="" while parsing css selector ""a:has-text(""MD""), button:has-text(""MD""), [role=""menuitem""]:has-text(""MD""), text=MD"". Did you mean to CSS.escape it?",
2025-10-08T21:22:55.147Z,"Evaluation 2 of ""The animal welfare cost of meat: evidence from a survey of hypothetical scenarios among Belgian consumers"" · The Unjournal",e2animalwelfarecost,https://unjournal.pubpub.org/pub/e2animalwelfarecost/draft?access=wb0a3uvk,,"fail: page.$: Unexpected token ""="" while parsing css selector ""a:has-text(""MD""), button:has-text(""MD""), [role=""menuitem""]:has-text(""MD""), text=MD"". Did you mean to CSS.escape it?",
2025-10-08T21:23:03.609Z,"Evaluation 2 of ""The animal welfare cost of meat: evidence from a survey of hypothetical scenarios among Belgian consumers"" · The Unjournal",e2animalwelfarecost,https://unjournal.pubpub.org/pub/e2animalwelfarecost/release/1,,"fail: page.$: Unexpected token ""="" while parsing css selector ""a:has-text(""MD""), button:has-text(""MD""), [role=""menuitem""]:has-text(""MD""), text=MD"". Did you mean to CSS.escape it?",
2025-10-08T21:23:13.942Z,"Evaluation 2 of ""Biodiversity Risk"" · The Unjournal",e2biodiversityrisk,https://unjournal.pubpub.org/pub/e2biodiversityrisk,,"fail: page.$: Unexpected token ""="" while parsing css selector ""a:has-text(""MD""), button:has-text(""MD""), [role=""menuitem""]:has-text(""MD""), text=MD"". Did you mean to CSS.escape it?",
2025-10-08T21:23:24.194Z,"Evaluation 2 of ""Choose Your Moments: NIH Peer Review and Scientific Risk Taking"" · The Unjournal",e2chooseyourmoments,https://unjournal.pubpub.org/pub/e2chooseyourmoments,,"fail: page.$: Unexpected token ""="" while parsing css selector ""a:has-text(""MD""), button:has-text(""MD""), [role=""menuitem""]:has-text(""MD""), text=MD"". Did you mean to CSS.escape it?",
2025-10-08T21:23:35.876Z,"Evaluation 2 of ""Choose Your Moments: NIH Peer Review and Scientific Risk Taking"" · The Unjournal",e2chooseyourmoments,https://unjournal.pubpub.org/pub/e2chooseyourmoments/draft?access=dhpb1o9e,,"fail: page.$: Unexpected token ""="" while parsing css selector ""a:has-text(""MD""), button:has-text(""MD""), [role=""menuitem""]:has-text(""MD""), text=MD"". Did you mean to CSS.escape it?",
2025-10-08T21:23:45.425Z,"Evaluation 2 of ""Choose Your Moments: NIH Peer Review and Scientific Risk Taking"" · The Unjournal",e2chooseyourmoments,https://unjournal.pubpub.org/pub/e2chooseyourmoments/release/1,,"fail: page.$: Unexpected token ""="" while parsing css selector ""a:has-text(""MD""), button:has-text(""MD""), [role=""menuitem""]:has-text(""MD""), text=MD"". Did you mean to CSS.escape it?",
2025-10-08T21:23:53.728Z,"Evaluation 2 of ""Choose Your Moments: NIH Peer Review and Scientific Risk Taking"" · The Unjournal",e2chooseyourmoments,https://unjournal.pubpub.org/pub/e2chooseyourmoments/release/2,,"fail: page.$: Unexpected token ""="" while parsing css selector ""a:has-text(""MD""), button:has-text(""MD""), [role=""menuitem""]:has-text(""MD""), text=MD"". Did you mean to CSS.escape it?",
2025-10-08T21:24:03.538Z,"Evaluation 2 of ""Asymmetry in Civic Information: An Experiment on Tax Participation among Informal Firms in Togo"" · The Unjournal",e2civicasymmetry,https://unjournal.pubpub.org/pub/e2civicasymmetry,,"fail: page.$: Unexpected token ""="" while parsing css selector ""a:has-text(""MD""), button:has-text(""MD""), [role=""menuitem""]:has-text(""MD""), text=MD"". Did you mean to CSS.escape it?",
2025-10-08T21:24:16.506Z,"Evaluation 2 of ""Asymmetry in Civic Information: An Experiment on Tax Participation among Informal Firms in Togo"" · The Unjournal",e2civicasymmetry,https://unjournal.pubpub.org/pub/e2civicasymmetry/draft?access=8c5mj0v5,,"fail: page.$: Unexpected token ""="" while parsing css selector ""a:has-text(""MD""), button:has-text(""MD""), [role=""menuitem""]:has-text(""MD""), text=MD"". Did you mean to CSS.escape it?",
2025-10-08T21:24:24.541Z,"Evaluation 2 of ""Asymmetry in Civic Information: An Experiment on Tax Participation among Informal Firms in Togo"" · The Unjournal",e2civicasymmetry,https://unjournal.pubpub.org/pub/e2civicasymmetry/release/1,,"fail: page.$: Unexpected token ""="" while parsing css selector ""a:has-text(""MD""), button:has-text(""MD""), [role=""menuitem""]:has-text(""MD""), text=MD"". Did you mean to CSS.escape it?",
2025-10-08T21:24:34.841Z,"Evaluation 2 of ""Misperceptions and Demand for Democracy under Authoritarianism"" · The Unjournal",e2demandfordemocracy,https://unjournal.pubpub.org/pub/e2demandfordemocracy,,"fail: page.$: Unexpected token ""="" while parsing css selector ""a:has-text(""MD""), button:has-text(""MD""), [role=""menuitem""]:has-text(""MD""), text=MD"". Did you mean to CSS.escape it?",
2025-10-08T21:24:48.037Z,"Evaluation 2 of ""Misperceptions and Demand for Democracy under Authoritarianism"" · The Unjournal",e2demandfordemocracy,https://unjournal.pubpub.org/pub/e2demandfordemocracy/draft?access=mt0v2x9q,,"fail: page.$: Unexpected token ""="" while parsing css selector ""a:has-text(""MD""), button:has-text(""MD""), [role=""menuitem""]:has-text(""MD""), text=MD"". Did you mean to CSS.escape it?",
2025-10-08T21:24:57.871Z,"Evaluation 2 of ""Misperceptions and Demand for Democracy under Authoritarianism"" · The Unjournal",e2demandfordemocracy,https://unjournal.pubpub.org/pub/e2demandfordemocracy/release/1,,"fail: page.$: Unexpected token ""="" while parsing css selector ""a:has-text(""MD""), button:has-text(""MD""), [role=""menuitem""]:has-text(""MD""), text=MD"". Did you mean to CSS.escape it?",
2025-10-08T21:25:06.072Z,"Evaluation 2 of ""Misperceptions and Demand for Democracy under Authoritarianism"" · The Unjournal",e2demandfordemocracy,https://unjournal.pubpub.org/pub/e2demandfordemocracy/release/2,,"fail: page.$: Unexpected token ""="" while parsing css selector ""a:has-text(""MD""), button:has-text(""MD""), [role=""menuitem""]:has-text(""MD""), text=MD"". Did you mean to CSS.escape it?",
2025-10-08T21:25:15.822Z,"Evaluation 2 of ""Ends versus Means: Kantians, Utilitarians, and Moral Decisions"" · The Unjournal",e2endsversusmeans,https://unjournal.pubpub.org/pub/e2endsversusmeans,,"fail: page.$: Unexpected token ""="" while parsing css selector ""a:has-text(""MD""), button:has-text(""MD""), [role=""menuitem""]:has-text(""MD""), text=MD"". Did you mean to CSS.escape it?",
2025-10-08T21:25:27.984Z,"Evaluation 2 of ""Ends versus Means: Kantians, Utilitarians, and Moral Decisions"" · The Unjournal",e2endsversusmeans,https://unjournal.pubpub.org/pub/e2endsversusmeans/draft?access=52o71w5v,,"fail: page.$: Unexpected token ""="" while parsing css selector ""a:has-text(""MD""), button:has-text(""MD""), [role=""menuitem""]:has-text(""MD""), text=MD"". Did you mean to CSS.escape it?",
2025-10-08T21:25:36.521Z,"Evaluation 2 of ""Ends versus Means: Kantians, Utilitarians, and Moral Decisions"" · The Unjournal",e2endsversusmeans,https://unjournal.pubpub.org/pub/e2endsversusmeans/release/1,,"fail: page.$: Unexpected token ""="" while parsing css selector ""a:has-text(""MD""), button:has-text(""MD""), [role=""menuitem""]:has-text(""MD""), text=MD"". Did you mean to CSS.escape it?",
2025-10-08T21:25:57.467Z,"Evaluation 2 of ""Existential Risk and Growth"" · The Unjournal",e2existentialrisk,https://unjournal.pubpub.org/pub/e2existentialrisk,,"fail: page.$: Unexpected token ""="" while parsing css selector ""a:has-text(""MD""), button:has-text(""MD""), [role=""menuitem""]:has-text(""MD""), text=MD"". Did you mean to CSS.escape it?",
2025-10-08T21:26:12.481Z,"Evaluation 2 of ""Forecasting Existential Risks: Evidence from a Long Run Forecasting Tournament"", Applied Stream · The Unjournal",e2forecastingexistentialrisk,https://unjournal.pubpub.org/pub/e2forecastingexistentialrisk,,"fail: page.$: Unexpected token ""="" while parsing css selector ""a:has-text(""MD""), button:has-text(""MD""), [role=""menuitem""]:has-text(""MD""), text=MD"". Did you mean to CSS.escape it?",
2025-10-08T21:26:30.231Z,"Evaluation 2 of ""Intergenerational Child Mortality Impacts of Deworming: Experimental Evidence from Two Decades of the Kenya Life Panel Survey"" · The Unjournal",e2intergendeworming,https://unjournal.pubpub.org/pub/e2intergendeworming,,"fail: page.$: Unexpected token ""="" while parsing css selector ""a:has-text(""MD""), button:has-text(""MD""), [role=""menuitem""]:has-text(""MD""), text=MD"". Did you mean to CSS.escape it?",
2025-10-08T21:27:00.680Z,"Evaluation 2 of ""Forecasts estimate limited cultured meat production through 2050"" · The Unjournal",e2limitedmeatprod,https://unjournal.pubpub.org/pub/e2limitedmeatprod,,"fail: page.$: Unexpected token ""="" while parsing css selector ""a:has-text(""MD""), button:has-text(""MD""), [role=""menuitem""]:has-text(""MD""), text=MD"". Did you mean to CSS.escape it?",
2025-10-08T21:27:15.463Z,"Evaluation 2 of ""Forecasts estimate limited cultured meat production through 2050"" · The Unjournal",e2limitedmeatprod,https://unjournal.pubpub.org/pub/e2limitedmeatprod/draft?access=kyfrtz2w,,"fail: page.$: Unexpected token ""="" while parsing css selector ""a:has-text(""MD""), button:has-text(""MD""), [role=""menuitem""]:has-text(""MD""), text=MD"". Did you mean to CSS.escape it?",
2025-10-08T21:27:24.546Z,"Evaluation 2 of ""Forecasts estimate limited cultured meat production through 2050"" · The Unjournal",e2limitedmeatprod,https://unjournal.pubpub.org/pub/e2limitedmeatprod/release/1,,"fail: page.$: Unexpected token ""="" while parsing css selector ""a:has-text(""MD""), button:has-text(""MD""), [role=""menuitem""]:has-text(""MD""), text=MD"". Did you mean to CSS.escape it?",
2025-10-08T21:27:35.199Z,"Evaluation 2 of ""The Macroeconomic Impact of Climate Change: Global vs. Local Temperature"" · The Unjournal",e2macroclimatechange,https://unjournal.pubpub.org/pub/e2macroclimatechange,,"fail: page.$: Unexpected token ""="" while parsing css selector ""a:has-text(""MD""), button:has-text(""MD""), [role=""menuitem""]:has-text(""MD""), text=MD"". Did you mean to CSS.escape it?",
2025-10-08T21:27:43.575Z,"Evaluation 2 of ""The Macroeconomic Impact of Climate Change: Global vs. Local Temperature"" · The Unjournal",e2macroclimatechange,https://unjournal.pubpub.org/pub/e2macroclimatechange/release/1,,"fail: page.$: Unexpected token ""="" while parsing css selector ""a:has-text(""MD""), button:has-text(""MD""), [role=""menuitem""]:has-text(""MD""), text=MD"". Did you mean to CSS.escape it?",
2025-10-08T21:27:53.576Z,"Evaluation 2 of ""Maternal cash transfers for gender equity and child development: Experimental evidence from India"" · The Unjournal",e2maternalcashtransfers,https://unjournal.pubpub.org/pub/e2maternalcashtransfers,,"fail: page.$: Unexpected token ""="" while parsing css selector ""a:has-text(""MD""), button:has-text(""MD""), [role=""menuitem""]:has-text(""MD""), text=MD"". Did you mean to CSS.escape it?",
2025-10-08T21:28:05.595Z,"Evaluation 2 of ""Maternal cash transfers for gender equity and child development: Experimental evidence from India"" · The Unjournal",e2maternalcashtransfers,https://unjournal.pubpub.org/pub/e2maternalcashtransfers/draft?access=h605kxny,,"fail: page.$: Unexpected token ""="" while parsing css selector ""a:has-text(""MD""), button:has-text(""MD""), [role=""menuitem""]:has-text(""MD""), text=MD"". Did you mean to CSS.escape it?",
2025-10-08T21:28:13.610Z,"Evaluation 2 of ""Maternal cash transfers for gender equity and child development: Experimental evidence from India"" · The Unjournal",e2maternalcashtransfers,https://unjournal.pubpub.org/pub/e2maternalcashtransfers/release/1,,"fail: page.$: Unexpected token ""="" while parsing css selector ""a:has-text(""MD""), button:has-text(""MD""), [role=""menuitem""]:has-text(""MD""), text=MD"". Did you mean to CSS.escape it?",
2025-10-08T21:28:23.611Z,"Evaluation 2 of ""Global potential for natural regeneration in deforested tropical regions"" · The Unjournal",e2naturalregeneration,https://unjournal.pubpub.org/pub/e2naturalregeneration,,"fail: page.$: Unexpected token ""="" while parsing css selector ""a:has-text(""MD""), button:has-text(""MD""), [role=""menuitem""]:has-text(""MD""), text=MD"". Did you mean to CSS.escape it?",
2025-10-08T21:28:36.041Z,"Evaluation 2 of ""Global potential for natural regeneration in deforested tropical regions"" · The Unjournal",e2naturalregeneration,https://unjournal.pubpub.org/pub/e2naturalregeneration/draft?access=m8v0jybq,,"fail: page.$: Unexpected token ""="" while parsing css selector ""a:has-text(""MD""), button:has-text(""MD""), [role=""menuitem""]:has-text(""MD""), text=MD"". Did you mean to CSS.escape it?",
2025-10-08T21:28:44.259Z,"Evaluation 2 of ""Global potential for natural regeneration in deforested tropical regions"" · The Unjournal",e2naturalregeneration,https://unjournal.pubpub.org/pub/e2naturalregeneration/release/1,,"fail: page.$: Unexpected token ""="" while parsing css selector ""a:has-text(""MD""), button:has-text(""MD""), [role=""menuitem""]:has-text(""MD""), text=MD"". Did you mean to CSS.escape it?",
2025-10-08T21:28:53.845Z,Evaluation 2 of “Pharmaceutical Pricing and R&D as a Global Public Good” · The Unjournal,e2pharmpricing,https://unjournal.pubpub.org/pub/e2pharmpricing,,"fail: page.$: Unexpected token ""="" while parsing css selector ""a:has-text(""MD""), button:has-text(""MD""), [role=""menuitem""]:has-text(""MD""), text=MD"". Did you mean to CSS.escape it?",
2025-10-08T21:29:05.391Z,Evaluation 2 of “Pharmaceutical Pricing and R&D as a Global Public Good” · The Unjournal,e2pharmpricing,https://unjournal.pubpub.org/pub/e2pharmpricing/draft?access=do9vod4e,,"fail: page.$: Unexpected token ""="" while parsing css selector ""a:has-text(""MD""), button:has-text(""MD""), [role=""menuitem""]:has-text(""MD""), text=MD"". Did you mean to CSS.escape it?",
2025-10-08T21:29:14.507Z,Evaluation 2 of “Pharmaceutical Pricing and R&D as a Global Public Good” · The Unjournal,e2pharmpricing,https://unjournal.pubpub.org/pub/e2pharmpricing/release/1,,"fail: page.$: Unexpected token ""="" while parsing css selector ""a:has-text(""MD""), button:has-text(""MD""), [role=""menuitem""]:has-text(""MD""), text=MD"". Did you mean to CSS.escape it?",
2025-10-08T21:29:22.657Z,Evaluation 2 of “Pharmaceutical Pricing and R&D as a Global Public Good” · The Unjournal,e2pharmpricing,https://unjournal.pubpub.org/pub/e2pharmpricing/release/2,,"fail: page.$: Unexpected token ""="" while parsing css selector ""a:has-text(""MD""), button:has-text(""MD""), [role=""menuitem""]:has-text(""MD""), text=MD"". Did you mean to CSS.escape it?",
2025-10-08T21:29:35.019Z,"Evaluation 2 of ""Population ethical intuitions"" · The Unjournal",e2popintuitions,https://unjournal.pubpub.org/pub/e2popintuitions,,"fail: page.$: Unexpected token ""="" while parsing css selector ""a:has-text(""MD""), button:has-text(""MD""), [role=""menuitem""]:has-text(""MD""), text=MD"". Did you mean to CSS.escape it?",
2025-10-08T21:29:49.973Z,"Evaluation 2 of ""Population ethical intuitions"" · The Unjournal",e2popintuitions,https://unjournal.pubpub.org/pub/e2popintuitions/draft?access=3yobw63m,,"fail: page.$: Unexpected token ""="" while parsing css selector ""a:has-text(""MD""), button:has-text(""MD""), [role=""menuitem""]:has-text(""MD""), text=MD"". Did you mean to CSS.escape it?",
2025-10-08T21:29:59.306Z,"Evaluation 2 of ""Population ethical intuitions"" · The Unjournal",e2popintuitions,https://unjournal.pubpub.org/pub/e2popintuitions/release/1,,"fail: page.$: Unexpected token ""="" while parsing css selector ""a:has-text(""MD""), button:has-text(""MD""), [role=""menuitem""]:has-text(""MD""), text=MD"". Did you mean to CSS.escape it?",
2025-10-08T21:30:08.974Z,"Evaluation 2 of ""The Effect of Public Science on Corporate R&D"" · The Unjournal",e2publicscience,https://unjournal.pubpub.org/pub/e2publicscience,,"fail: page.$: Unexpected token ""="" while parsing css selector ""a:has-text(""MD""), button:has-text(""MD""), [role=""menuitem""]:has-text(""MD""), text=MD"". Did you mean to CSS.escape it?",
2025-10-08T21:30:21.224Z,"Evaluation 2 of ""The Effect of Public Science on Corporate R&D"" · The Unjournal",e2publicscience,https://unjournal.pubpub.org/pub/e2publicscience/draft?access=ke84som6,,"fail: page.$: Unexpected token ""="" while parsing css selector ""a:has-text(""MD""), button:has-text(""MD""), [role=""menuitem""]:has-text(""MD""), text=MD"". Did you mean to CSS.escape it?",
2025-10-08T21:30:30.350Z,"Evaluation 2 of ""The Effect of Public Science on Corporate R&D"" · The Unjournal",e2publicscience,https://unjournal.pubpub.org/pub/e2publicscience/release/1,,"fail: page.$: Unexpected token ""="" while parsing css selector ""a:has-text(""MD""), button:has-text(""MD""), [role=""menuitem""]:has-text(""MD""), text=MD"". Did you mean to CSS.escape it?",
2025-10-08T21:30:38.554Z,"Evaluation 2 of ""The Effect of Public Science on Corporate R&D"" · The Unjournal",e2publicscience,https://unjournal.pubpub.org/pub/e2publicscience/release/2,,"fail: page.$: Unexpected token ""="" while parsing css selector ""a:has-text(""MD""), button:has-text(""MD""), [role=""menuitem""]:has-text(""MD""), text=MD"". Did you mean to CSS.escape it?",
2025-10-08T21:30:51.021Z,"Evaluation 2 of ""How Effective Is (More) Money? Randomizing Unconditional Cash Transfer Amounts in the US"" · The Unjournal",e2randomizingcashtransfer,https://unjournal.pubpub.org/pub/e2randomizingcashtransfer,,"fail: page.$: Unexpected token ""="" while parsing css selector ""a:has-text(""MD""), button:has-text(""MD""), [role=""menuitem""]:has-text(""MD""), text=MD"". Did you mean to CSS.escape it?",
2025-10-08T21:31:16.867Z,"Evaluation 2 of ""How Effective Is (More) Money? Randomizing Unconditional Cash Transfer Amounts in the US"" · The Unjournal",e2randomizingcashtransfer,https://unjournal.pubpub.org/pub/e2randomizingcashtransfer/draft?access=fe1ohqn0,,"fail: page.$: Unexpected token ""="" while parsing css selector ""a:has-text(""MD""), button:has-text(""MD""), [role=""menuitem""]:has-text(""MD""), text=MD"". Did you mean to CSS.escape it?",
2025-10-08T21:31:24.914Z,"Evaluation 2 of ""How Effective Is (More) Money? Randomizing Unconditional Cash Transfer Amounts in the US"" · The Unjournal",e2randomizingcashtransfer,https://unjournal.pubpub.org/pub/e2randomizingcashtransfer/release/1,,"fail: page.$: Unexpected token ""="" while parsing css selector ""a:has-text(""MD""), button:has-text(""MD""), [role=""menuitem""]:has-text(""MD""), text=MD"". Did you mean to CSS.escape it?",
2025-10-08T21:31:37.970Z,"Evaluation 2 of ""Meaningfully reducing consumption of meat and animal products is an unsolved problem: A meta-analysis"" · The Unjournal",e2reducingconsumption,https://unjournal.pubpub.org/pub/e2reducingconsumption,,"fail: page.$: Unexpected token ""="" while parsing css selector ""a:has-text(""MD""), button:has-text(""MD""), [role=""menuitem""]:has-text(""MD""), text=MD"". Did you mean to CSS.escape it?",
2025-10-08T21:31:52.970Z,"Evaluation 2 of ""Meaningfully reducing consumption of meat and animal products is an unsolved problem: A meta-analysis"" · The Unjournal",e2reducingconsumption,https://unjournal.pubpub.org/pub/e2reducingconsumption/draft?access=4v3s93k1,,"fail: page.$: Unexpected token ""="" while parsing css selector ""a:has-text(""MD""), button:has-text(""MD""), [role=""menuitem""]:has-text(""MD""), text=MD"". Did you mean to CSS.escape it?",
2025-10-08T21:32:02.533Z,"Evaluation 2 of ""Meaningfully reducing consumption of meat and animal products is an unsolved problem: A meta-analysis"" · The Unjournal",e2reducingconsumption,https://unjournal.pubpub.org/pub/e2reducingconsumption/release/1,,"fail: page.$: Unexpected token ""="" while parsing css selector ""a:has-text(""MD""), button:has-text(""MD""), [role=""menuitem""]:has-text(""MD""), text=MD"". Did you mean to CSS.escape it?",
2025-10-08T21:32:12.351Z,"Evaluation 2 of ""Meaningfully reducing consumption of meat and animal products is an unsolved problem: A meta-analysis"" · The Unjournal",e2reducingconsumption,https://unjournal.pubpub.org/pub/e2reducingconsumption/release/2,,"fail: page.$: Unexpected token ""="" while parsing css selector ""a:has-text(""MD""), button:has-text(""MD""), [role=""menuitem""]:has-text(""MD""), text=MD"". Did you mean to CSS.escape it?",
2025-10-08T21:32:22.430Z,"Evaluation 2 of ""Meaningfully reducing consumption of meat and animal products is an unsolved problem: A meta-analysis"" · The Unjournal",e2reducingconsumption,https://unjournal.pubpub.org/pub/e2reducingconsumption/release/3,,"fail: page.$: Unexpected token ""="" while parsing css selector ""a:has-text(""MD""), button:has-text(""MD""), [role=""menuitem""]:has-text(""MD""), text=MD"". Did you mean to CSS.escape it?",
2025-10-08T21:32:30.731Z,"Evaluation 2 of ""Meaningfully reducing consumption of meat and animal products is an unsolved problem: A meta-analysis"" · The Unjournal",e2reducingconsumption,https://unjournal.pubpub.org/pub/e2reducingconsumption/release/4,,"fail: page.$: Unexpected token ""="" while parsing css selector ""a:has-text(""MD""), button:has-text(""MD""), [role=""menuitem""]:has-text(""MD""), text=MD"". Did you mean to CSS.escape it?",
2025-10-08T21:32:43.047Z,"Evaluation 2 of ""Building Resilient Education Systems: Evidence from Large-Scale Randomized Trials in Five Countries"" · The Unjournal",e2resilienteducation,https://unjournal.pubpub.org/pub/e2resilienteducation,,"fail: page.$: Unexpected token ""="" while parsing css selector ""a:has-text(""MD""), button:has-text(""MD""), [role=""menuitem""]:has-text(""MD""), text=MD"". Did you mean to CSS.escape it?",
2025-10-08T21:32:58.194Z,"Evaluation 2 of ""Building Resilient Education Systems: Evidence from Large-Scale Randomized Trials in Five Countries"" · The Unjournal",e2resilienteducation,https://unjournal.pubpub.org/pub/e2resilienteducation/draft?access=nelzehal,,"fail: page.$: Unexpected token ""="" while parsing css selector ""a:has-text(""MD""), button:has-text(""MD""), [role=""menuitem""]:has-text(""MD""), text=MD"". Did you mean to CSS.escape it?",
2025-10-08T21:33:06.547Z,"Evaluation 2 of ""Building Resilient Education Systems: Evidence from Large-Scale Randomized Trials in Five Countries"" · The Unjournal",e2resilienteducation,https://unjournal.pubpub.org/pub/e2resilienteducation/release/1,,"fail: page.$: Unexpected token ""="" while parsing css selector ""a:has-text(""MD""), button:has-text(""MD""), [role=""menuitem""]:has-text(""MD""), text=MD"". Did you mean to CSS.escape it?",
2025-10-08T21:33:17.007Z,"Evaluation 2 of ""A systematic review and meta analysis of social safety nets, women’s economic achievements and agency"" · The Unjournal",e2safetynets,https://unjournal.pubpub.org/pub/e2safetynets,,"fail: page.$: Unexpected token ""="" while parsing css selector ""a:has-text(""MD""), button:has-text(""MD""), [role=""menuitem""]:has-text(""MD""), text=MD"". Did you mean to CSS.escape it?",
2025-10-08T21:33:28.734Z,"Evaluation 2 of ""A systematic review and meta analysis of social safety nets, women’s economic achievements and agency"" · The Unjournal",e2safetynets,https://unjournal.pubpub.org/pub/e2safetynets/draft?access=ze4gzccm,,"fail: page.$: Unexpected token ""="" while parsing css selector ""a:has-text(""MD""), button:has-text(""MD""), [role=""menuitem""]:has-text(""MD""), text=MD"". Did you mean to CSS.escape it?",
2025-10-08T21:33:36.781Z,"Evaluation 2 of ""A systematic review and meta analysis of social safety nets, women’s economic achievements and agency"" · The Unjournal",e2safetynets,https://unjournal.pubpub.org/pub/e2safetynets/release/1,,"fail: page.$: Unexpected token ""="" while parsing css selector ""a:has-text(""MD""), button:has-text(""MD""), [role=""menuitem""]:has-text(""MD""), text=MD"". Did you mean to CSS.escape it?",
2025-10-08T21:33:47.697Z,"Evaluation 2 of ""The wellbeing cost effectiveness of StrongMinds and Friendship Bench: review and meta-analysis with charity-related data"" · The Unjournal",e2strongminds,https://unjournal.pubpub.org/pub/e2strongminds,,"fail: page.$: Unexpected token ""="" while parsing css selector ""a:has-text(""MD""), button:has-text(""MD""), [role=""menuitem""]:has-text(""MD""), text=MD"". Did you mean to CSS.escape it?",
2025-10-08T21:34:03.980Z,"Evaluation 2 of ""The wellbeing cost effectiveness of StrongMinds and Friendship Bench: review and meta-analysis with charity-related data"" · The Unjournal",e2strongminds,https://unjournal.pubpub.org/pub/e2strongminds/draft?access=2vxk271r,,"fail: page.$: Unexpected token ""="" while parsing css selector ""a:has-text(""MD""), button:has-text(""MD""), [role=""menuitem""]:has-text(""MD""), text=MD"". Did you mean to CSS.escape it?",
2025-10-08T21:34:14.758Z,"Evaluation 2 of ""The wellbeing cost effectiveness of StrongMinds and Friendship Bench: review and meta-analysis with charity-related data"" · The Unjournal",e2strongminds,https://unjournal.pubpub.org/pub/e2strongminds/release/1,,"fail: page.$: Unexpected token ""="" while parsing css selector ""a:has-text(""MD""), button:has-text(""MD""), [role=""menuitem""]:has-text(""MD""), text=MD"". Did you mean to CSS.escape it?",
2025-10-08T21:34:22.860Z,"Evaluation 2 of ""The wellbeing cost effectiveness of StrongMinds and Friendship Bench: review and meta-analysis with charity-related data"" · The Unjournal",e2strongminds,https://unjournal.pubpub.org/pub/e2strongminds/release/2,,"fail: page.$: Unexpected token ""="" while parsing css selector ""a:has-text(""MD""), button:has-text(""MD""), [role=""menuitem""]:has-text(""MD""), text=MD"". Did you mean to CSS.escape it?",
2025-10-08T21:34:33.394Z,"Evaluation 2 of ""The Returns To Science In The Presence Of Technological Risks"", Applied Stream · The Unjournal",e2technologicalrisks,https://unjournal.pubpub.org/pub/e2technologicalrisks,,"fail: page.$: Unexpected token ""="" while parsing css selector ""a:has-text(""MD""), button:has-text(""MD""), [role=""menuitem""]:has-text(""MD""), text=MD"". Did you mean to CSS.escape it?",
2025-10-08T21:34:48.198Z,"Evaluation 2 of ""The Returns To Science In The Presence Of Technological Risks"", Applied Stream · The Unjournal",e2technologicalrisks,https://unjournal.pubpub.org/pub/e2technologicalrisks/draft?access=5bmnzjgk,,"fail: page.$: Unexpected token ""="" while parsing css selector ""a:has-text(""MD""), button:has-text(""MD""), [role=""menuitem""]:has-text(""MD""), text=MD"". Did you mean to CSS.escape it?",
2025-10-08T21:34:56.349Z,"Evaluation 2 of ""The Returns To Science In The Presence Of Technological Risks"", Applied Stream · The Unjournal",e2technologicalrisks,https://unjournal.pubpub.org/pub/e2technologicalrisks/release/1,,"fail: page.$: Unexpected token ""="" while parsing css selector ""a:has-text(""MD""), button:has-text(""MD""), [role=""menuitem""]:has-text(""MD""), text=MD"". Did you mean to CSS.escape it?",
2025-10-08T21:35:06.474Z,"Evaluation 2 of ""Urban Forests: Environmental Health Values and Risks"" · The Unjournal",e2urbanforests,https://unjournal.pubpub.org/pub/e2urbanforests,,"fail: page.$: Unexpected token ""="" while parsing css selector ""a:has-text(""MD""), button:has-text(""MD""), [role=""menuitem""]:has-text(""MD""), text=MD"". Did you mean to CSS.escape it?",
2025-10-08T21:35:20.191Z,"Evaluation 2 of ""Urban Forests: Environmental Health Values and Risks"" · The Unjournal",e2urbanforests,https://unjournal.pubpub.org/pub/e2urbanforests/draft?access=hf5jg1tp,,"fail: page.$: Unexpected token ""="" while parsing css selector ""a:has-text(""MD""), button:has-text(""MD""), [role=""menuitem""]:has-text(""MD""), text=MD"". Did you mean to CSS.escape it?",
2025-10-08T21:35:28.122Z,"Evaluation 2 of ""Urban Forests: Environmental Health Values and Risks"" · The Unjournal",e2urbanforests,https://unjournal.pubpub.org/pub/e2urbanforests/release/1,,"fail: page.$: Unexpected token ""="" while parsing css selector ""a:has-text(""MD""), button:has-text(""MD""), [role=""menuitem""]:has-text(""MD""), text=MD"". Did you mean to CSS.escape it?",
2025-10-08T21:35:38.069Z,"Evaluation 2 of ""Water Treatment and Child Mortality: A Meta-analysis and Cost-effectiveness Analysis"" · The Unjournal",e2watertreatment,https://unjournal.pubpub.org/pub/e2watertreatment,,"fail: page.$: Unexpected token ""="" while parsing css selector ""a:has-text(""MD""), button:has-text(""MD""), [role=""menuitem""]:has-text(""MD""), text=MD"". Did you mean to CSS.escape it?",
2025-10-08T21:35:48.206Z,"Evaluation 2 of ""A Welfare Analysis of Policies Impacting Climate Change"" · The Unjournal",e2welfareclimatechange,https://unjournal.pubpub.org/pub/e2welfareclimatechange,,"fail: page.$: Unexpected token ""="" while parsing css selector ""a:has-text(""MD""), button:has-text(""MD""), [role=""menuitem""]:has-text(""MD""), text=MD"". Did you mean to CSS.escape it?",
2025-10-08T21:36:01.594Z,"Evaluation 2 of ""A Welfare Analysis of Policies Impacting Climate Change"" · The Unjournal",e2welfareclimatechange,https://unjournal.pubpub.org/pub/e2welfareclimatechange/draft?access=uqlgvpgu,,"fail: page.$: Unexpected token ""="" while parsing css selector ""a:has-text(""MD""), button:has-text(""MD""), [role=""menuitem""]:has-text(""MD""), text=MD"". Did you mean to CSS.escape it?",
2025-10-08T21:36:09.668Z,"Evaluation 2 of ""A Welfare Analysis of Policies Impacting Climate Change"" · The Unjournal",e2welfareclimatechange,https://unjournal.pubpub.org/pub/e2welfareclimatechange/release/1,,"fail: page.$: Unexpected token ""="" while parsing css selector ""a:has-text(""MD""), button:has-text(""MD""), [role=""menuitem""]:has-text(""MD""), text=MD"". Did you mean to CSS.escape it?",
2025-10-08T21:36:19.101Z,"Evaluation 2 of ""Zero-Sum Thinking, the Evolution of Effort-Suppressing Beliefs, and Economic Development"" · The Unjournal",e2zerosumthinking,https://unjournal.pubpub.org/pub/e2zerosumthinking,,"fail: page.$: Unexpected token ""="" while parsing css selector ""a:has-text(""MD""), button:has-text(""MD""), [role=""menuitem""]:has-text(""MD""), text=MD"". Did you mean to CSS.escape it?",
2025-10-08T21:36:30.184Z,"Evaluation 3 of “The Returns to Science In the Presence of Technological Risks”, Applied Stream · The Unjournal",e3technologicalrisks,https://unjournal.pubpub.org/pub/e3technologicalrisks,,"fail: page.$: Unexpected token ""="" while parsing css selector ""a:has-text(""MD""), button:has-text(""MD""), [role=""menuitem""]:has-text(""MD""), text=MD"". Did you mean to CSS.escape it?",
2025-10-08T21:36:43.853Z,"Evaluation 3 of “The Returns to Science In the Presence of Technological Risks”, Applied Stream · The Unjournal",e3technologicalrisks,https://unjournal.pubpub.org/pub/e3technologicalrisks/draft?access=93llgep0,,"fail: page.$: Unexpected token ""="" while parsing css selector ""a:has-text(""MD""), button:has-text(""MD""), [role=""menuitem""]:has-text(""MD""), text=MD"". Did you mean to CSS.escape it?",
2025-10-08T21:36:52.478Z,"Evaluation 3 of “The Returns to Science In the Presence of Technological Risks”, Applied Stream · The Unjournal",e3technologicalrisks,https://unjournal.pubpub.org/pub/e3technologicalrisks/release/1,,"fail: page.$: Unexpected token ""="" while parsing css selector ""a:has-text(""MD""), button:has-text(""MD""), [role=""menuitem""]:has-text(""MD""), text=MD"". Did you mean to CSS.escape it?",
2025-10-08T21:37:02.513Z,"Evaluation Summary and Metrics: ""The Governance Of Non-Profits And Their Social Impact: Evidence From A Randomized Program In Healthcare In DRC” · The Unjournal",eval-sum-governance-nonprofits,https://unjournal.pubpub.org/pub/eval-sum-governance-nonprofits,,"fail: page.$: Unexpected token ""="" while parsing css selector ""a:has-text(""MD""), button:has-text(""MD""), [role=""menuitem""]:has-text(""MD""), text=MD"". Did you mean to CSS.escape it?",
2025-10-08T21:37:12.493Z,"Evaluation 1 of ""The Governance Of Non-Profits And Their Social Impact: Evidence From A Randomized Program In Healthcare In DRC” (anonymous evaluator) · The Unjournal",eval1-governance-nonprofits,https://unjournal.pubpub.org/pub/eval1-governance-nonprofits,,"fail: page.$: Unexpected token ""="" while parsing css selector ""a:has-text(""MD""), button:has-text(""MD""), [role=""menuitem""]:has-text(""MD""), text=MD"". Did you mean to CSS.escape it?",
2025-10-08T21:37:23.758Z,"Evaluation 1 of ""Long term cost-effectiveness of resilient foods for global catastrophes compared to artificial general intelligence"" (prize-winning evaluation) · The Unjournal",eval1allfed,https://unjournal.pubpub.org/pub/eval1allfed,,"fail: page.$: Unexpected token ""="" while parsing css selector ""a:has-text(""MD""), button:has-text(""MD""), [role=""menuitem""]:has-text(""MD""), text=MD"". Did you mean to CSS.escape it?",
2025-10-08T21:37:33.960Z,Evaluation 1 of “Mental Health Therapy as a Core Strategy for Increasing Human Capital: Evidence from Ghana” (anonymous evaluator) · The Unjournal,eval1barkeranon,https://unjournal.pubpub.org/pub/eval1barkeranon,,"fail: page.$: Unexpected token ""="" while parsing css selector ""a:has-text(""MD""), button:has-text(""MD""), [role=""menuitem""]:has-text(""MD""), text=MD"". Did you mean to CSS.escape it?",
2025-10-08T21:37:44.281Z,"Evaluation 1 of ""Replicability & Generalisability: A Guide to CEA discounts"" · The Unjournal",eval1ceadiscounts,https://unjournal.pubpub.org/pub/eval1ceadiscounts,,"fail: page.$: Unexpected token ""="" while parsing css selector ""a:has-text(""MD""), button:has-text(""MD""), [role=""menuitem""]:has-text(""MD""), text=MD"". Did you mean to CSS.escape it?",
2025-10-08T21:37:54.501Z,"Evaluation 1 of ""Economic vs. Epidemiological Approaches to Measuring the Human Capital Impacts of Infectious Disease Elimination"" · The Unjournal",eval1diseaseelimination,https://unjournal.pubpub.org/pub/eval1diseaseelimination,,"fail: page.$: Unexpected token ""="" while parsing css selector ""a:has-text(""MD""), button:has-text(""MD""), [role=""menuitem""]:has-text(""MD""), text=MD"". Did you mean to CSS.escape it?",
2025-10-08T21:38:04.411Z,"Evaluation 1 of ""Selecting the Most Effective Nudge: Evidence from a Large-Scale Experiment on Immunization"" · The Unjournal",eval1effectivenudge,https://unjournal.pubpub.org/pub/eval1effectivenudge,,"fail: page.$: Unexpected token ""="" while parsing css selector ""a:has-text(""MD""), button:has-text(""MD""), [role=""menuitem""]:has-text(""MD""), text=MD"". Did you mean to CSS.escape it?",
2025-10-08T21:38:13.942Z,"Evaluation of ""Effects of Emigration on Rural Labor Markets"" · The Unjournal",eval1emigrationonlabor,https://unjournal.pubpub.org/pub/eval1emigrationonlabor,,"fail: page.$: Unexpected token ""="" while parsing css selector ""a:has-text(""MD""), button:has-text(""MD""), [role=""menuitem""]:has-text(""MD""), text=MD"". Did you mean to CSS.escape it?",
2025-10-08T21:38:23.277Z,"Evaluation 1 of ""How Much Would Reducing Lead Exposure Improve Children’s Learning in the Developing World?"" · The Unjournal",eval1leadexposure,https://unjournal.pubpub.org/pub/eval1leadexposure,,"fail: page.$: Unexpected token ""="" while parsing css selector ""a:has-text(""MD""), button:has-text(""MD""), [role=""menuitem""]:has-text(""MD""), text=MD"". Did you mean to CSS.escape it?",
2025-10-08T21:38:32.878Z,"Evaluation 1 of ""Willful Ignorance and Moral Behavior"" · The Unjournal",eval1moralbhvr,https://unjournal.pubpub.org/pub/eval1moralbhvr,,"fail: page.$: Unexpected token ""="" while parsing css selector ""a:has-text(""MD""), button:has-text(""MD""), [role=""menuitem""]:has-text(""MD""), text=MD"". Did you mean to CSS.escape it?",
2025-10-08T21:38:42.544Z,"Evaluation 1 of The Long-Run Effects of Psychotherapy on Depression, Beliefs, and Economic Outcomes · The Unjournal",eval1psychotherapy,https://unjournal.pubpub.org/pub/eval1psychotherapy,,"fail: page.$: Unexpected token ""="" while parsing css selector ""a:has-text(""MD""), button:has-text(""MD""), [role=""menuitem""]:has-text(""MD""), text=MD"". Did you mean to CSS.escape it?",
2025-10-08T21:38:52.150Z,"Evaluation 1 of ""Universal Basic Income: Short-Term Results from a Long-Term Experiment in Kenya"" · The Unjournal",eval1universalincome,https://unjournal.pubpub.org/pub/eval1universalincome,,"fail: page.$: Unexpected token ""="" while parsing css selector ""a:has-text(""MD""), button:has-text(""MD""), [role=""menuitem""]:has-text(""MD""), text=MD"". Did you mean to CSS.escape it?",
2025-10-08T21:39:02.076Z,"Evaluation 2: ""Long term cost-effectiveness of resilient foods for global catastrophes compared to artificial general intelligence"" · The Unjournal",eval2allfed,https://unjournal.pubpub.org/pub/eval2allfed,,"fail: page.$: Unexpected token ""="" while parsing css selector ""a:has-text(""MD""), button:has-text(""MD""), [role=""menuitem""]:has-text(""MD""), text=MD"". Did you mean to CSS.escape it?",
2025-10-08T21:39:11.756Z,"Evaluation 2 of ""Replicability & Generalisability: A Guide to CEA discounts"" · The Unjournal",eval2ceadiscounts,https://unjournal.pubpub.org/pub/eval2ceadiscounts,,"fail: page.$: Unexpected token ""="" while parsing css selector ""a:has-text(""MD""), button:has-text(""MD""), [role=""menuitem""]:has-text(""MD""), text=MD"". Did you mean to CSS.escape it?",
2025-10-08T21:39:21.690Z,"Evaluation 2 of ""Economic vs. Epidemiological Approaches to Measuring the Human Capital Impacts of Infectious Disease Elimination"" · The Unjournal",eval2diseaseelimination,https://unjournal.pubpub.org/pub/eval2diseaseelimination,,"fail: page.$: Unexpected token ""="" while parsing css selector ""a:has-text(""MD""), button:has-text(""MD""), [role=""menuitem""]:has-text(""MD""), text=MD"". Did you mean to CSS.escape it?",
2025-10-08T21:39:31.740Z,"Evaluation 2 of ""Selecting the Most Effective Nudge: Evidence from a Large-Scale Experiment on Immunization"" · The Unjournal",eval2effectivenudge,https://unjournal.pubpub.org/pub/eval2effectivenudge,,"fail: page.$: Unexpected token ""="" while parsing css selector ""a:has-text(""MD""), button:has-text(""MD""), [role=""menuitem""]:has-text(""MD""), text=MD"". Did you mean to CSS.escape it?",
2025-10-08T21:39:41.792Z,"Evaluation 2 of ""How Much Would Reducing Lead Exposure Improve Children’s Learning in the Developing World?"" · The Unjournal",eval2leadexposure,https://unjournal.pubpub.org/pub/eval2leadexposure,,"fail: page.$: Unexpected token ""="" while parsing css selector ""a:has-text(""MD""), button:has-text(""MD""), [role=""menuitem""]:has-text(""MD""), text=MD"". Did you mean to CSS.escape it?",
2025-10-08T21:39:51.724Z,"Evaluation 2 of ""Willful Ignorance and Moral Behavior"" · The Unjournal",eval2moralbhvr,https://unjournal.pubpub.org/pub/eval2moralbhvr,,"fail: page.$: Unexpected token ""="" while parsing css selector ""a:has-text(""MD""), button:has-text(""MD""), [role=""menuitem""]:has-text(""MD""), text=MD"". Did you mean to CSS.escape it?",
2025-10-08T21:40:01.552Z,"Evaluation 2 of The Long-Run Effects of Psychotherapy on Depression, Beliefs, and Economic Outcomes · The Unjournal",eval2psychotherapy,https://unjournal.pubpub.org/pub/eval2psychotherapy,,"fail: page.$: Unexpected token ""="" while parsing css selector ""a:has-text(""MD""), button:has-text(""MD""), [role=""menuitem""]:has-text(""MD""), text=MD"". Did you mean to CSS.escape it?",
2025-10-08T21:40:12.151Z,"Evaluation 2 of ""Universal Basic Income: Short-Term Results from a Long-Term Experiment in Kenya"" · The Unjournal",eval2universalincome,https://unjournal.pubpub.org/pub/eval2universalincome,,"fail: page.$: Unexpected token ""="" while parsing css selector ""a:has-text(""MD""), button:has-text(""MD""), [role=""menuitem""]:has-text(""MD""), text=MD"". Did you mean to CSS.escape it?",
2025-10-08T21:40:22.423Z,"Evaluation 3 of ""Long term cost-effectiveness of resilient foods for global catastrophes compared to artificial general intelligence"" · The Unjournal",eval3allfed,https://unjournal.pubpub.org/pub/eval3allfed,,"fail: page.$: Unexpected token ""="" while parsing css selector ""a:has-text(""MD""), button:has-text(""MD""), [role=""menuitem""]:has-text(""MD""), text=MD"". Did you mean to CSS.escape it?",
2025-10-08T21:40:32.490Z,"Evaluation 3 of ""Selecting the Most Effective Nudge: Evidence from a Large-Scale Experiment on Immunization"" · The Unjournal",eval3effectivenudge,https://unjournal.pubpub.org/pub/eval3effectivenudge,,"fail: page.$: Unexpected token ""="" while parsing css selector ""a:has-text(""MD""), button:has-text(""MD""), [role=""menuitem""]:has-text(""MD""), text=MD"". Did you mean to CSS.escape it?",
2025-10-08T21:40:42.934Z,Evaluation 2 of “Mental Health Therapy as a Core Strategy for Increasing Human Capital: Evidence from Ghana” · The Unjournal,evalbarker2,https://unjournal.pubpub.org/pub/evalbarker2,,"fail: page.$: Unexpected token ""="" while parsing css selector ""a:has-text(""MD""), button:has-text(""MD""), [role=""menuitem""]:has-text(""MD""), text=MD"". Did you mean to CSS.escape it?",
2025-10-08T21:40:54.653Z,Evaluation 1 of “Advance Market Commitments: Insights from Theory and Experience” by David Manheim · The Unjournal,evalmanheim,https://unjournal.pubpub.org/pub/evalmanheim,,"fail: page.$: Unexpected token ""="" while parsing css selector ""a:has-text(""MD""), button:has-text(""MD""), [role=""menuitem""]:has-text(""MD""), text=MD"". Did you mean to CSS.escape it?",
2025-10-08T21:41:04.936Z,"Evaluation Summary and Metrics: ""Towards best practices in AGI safety and governance: A survey of expert opinion"" (~applied stream) · The Unjournal",evalsumagisafety,https://unjournal.pubpub.org/pub/evalsumagisafety,,"fail: page.$: Unexpected token ""="" while parsing css selector ""a:has-text(""MD""), button:has-text(""MD""), [role=""menuitem""]:has-text(""MD""), text=MD"". Did you mean to CSS.escape it?",
2025-10-08T21:41:14.441Z,"Evaluation Summary and Metrics: ""Towards best practices in AGI safety and governance: A survey of expert opinion"" (~applied stream) · The Unjournal",evalsumagisafety,https://unjournal.pubpub.org/pub/evalsumagisafety/release/1,,"fail: page.$: Unexpected token ""="" while parsing css selector ""a:has-text(""MD""), button:has-text(""MD""), [role=""menuitem""]:has-text(""MD""), text=MD"". Did you mean to CSS.escape it?",
2025-10-08T21:41:23.722Z,"Evaluation Summary and Metrics: ""Towards best practices in AGI safety and governance: A survey of expert opinion"" (~applied stream) · The Unjournal",evalsumagisafety,https://unjournal.pubpub.org/pub/evalsumagisafety/release/2,,"fail: page.$: Unexpected token ""="" while parsing css selector ""a:has-text(""MD""), button:has-text(""MD""), [role=""menuitem""]:has-text(""MD""), text=MD"". Did you mean to CSS.escape it?",
2025-10-08T21:41:31.703Z,"Evaluation Summary and Metrics: ""Towards best practices in AGI safety and governance: A survey of expert opinion"" (~applied stream) · The Unjournal",evalsumagisafety,https://unjournal.pubpub.org/pub/evalsumagisafety/release/3,,"fail: page.$: Unexpected token ""="" while parsing css selector ""a:has-text(""MD""), button:has-text(""MD""), [role=""menuitem""]:has-text(""MD""), text=MD"". Did you mean to CSS.escape it?",
2025-10-08T21:41:41.636Z,"Evaluation Summary and Metrics: ""The animal welfare cost of meat: evidence from a survey of hypothetical scenarios among Belgian consumers"" · The Unjournal",evalsumanimalwelfarecost,https://unjournal.pubpub.org/pub/evalsumanimalwelfarecost,,"fail: page.$: Unexpected token ""="" while parsing css selector ""a:has-text(""MD""), button:has-text(""MD""), [role=""menuitem""]:has-text(""MD""), text=MD"". Did you mean to CSS.escape it?",
2025-10-08T21:41:51.119Z,"Evaluation Summary and Metrics: ""The animal welfare cost of meat: evidence from a survey of hypothetical scenarios among Belgian consumers"" · The Unjournal",evalsumanimalwelfarecost,https://unjournal.pubpub.org/pub/evalsumanimalwelfarecost/release/1,,"fail: page.$: Unexpected token ""="" while parsing css selector ""a:has-text(""MD""), button:has-text(""MD""), [role=""menuitem""]:has-text(""MD""), text=MD"". Did you mean to CSS.escape it?",
2025-10-08T21:42:00.485Z,"Evaluation Summary and Metrics: ""The animal welfare cost of meat: evidence from a survey of hypothetical scenarios among Belgian consumers"" · The Unjournal",evalsumanimalwelfarecost,https://unjournal.pubpub.org/pub/evalsumanimalwelfarecost/release/2,,"fail: page.$: Unexpected token ""="" while parsing css selector ""a:has-text(""MD""), button:has-text(""MD""), [role=""menuitem""]:has-text(""MD""), text=MD"". Did you mean to CSS.escape it?",
2025-10-08T21:42:09.698Z,"Evaluation Summary and Metrics: ""The animal welfare cost of meat: evidence from a survey of hypothetical scenarios among Belgian consumers"" · The Unjournal",evalsumanimalwelfarecost,https://unjournal.pubpub.org/pub/evalsumanimalwelfarecost/release/3,,"fail: page.$: Unexpected token ""="" while parsing css selector ""a:has-text(""MD""), button:has-text(""MD""), [role=""menuitem""]:has-text(""MD""), text=MD"". Did you mean to CSS.escape it?",
2025-10-08T21:42:18.803Z,"Evaluation Summary and Metrics: ""The animal welfare cost of meat: evidence from a survey of hypothetical scenarios among Belgian consumers"" · The Unjournal",evalsumanimalwelfarecost,https://unjournal.pubpub.org/pub/evalsumanimalwelfarecost/release/4,,"fail: page.$: Unexpected token ""="" while parsing css selector ""a:has-text(""MD""), button:has-text(""MD""), [role=""menuitem""]:has-text(""MD""), text=MD"". Did you mean to CSS.escape it?",
2025-10-08T21:42:26.827Z,"Evaluation Summary and Metrics: ""The animal welfare cost of meat: evidence from a survey of hypothetical scenarios among Belgian consumers"" · The Unjournal",evalsumanimalwelfarecost,https://unjournal.pubpub.org/pub/evalsumanimalwelfarecost/release/5,,"fail: page.$: Unexpected token ""="" while parsing css selector ""a:has-text(""MD""), button:has-text(""MD""), [role=""menuitem""]:has-text(""MD""), text=MD"". Did you mean to CSS.escape it?",
2025-10-08T21:42:37.814Z,"Evaluation Summary and Metrics: ""Biodiversity Risk"" · The Unjournal",evalsumbiodiversityrisk,https://unjournal.pubpub.org/pub/evalsumbiodiversityrisk,,"fail: page.$: Unexpected token ""="" while parsing css selector ""a:has-text(""MD""), button:has-text(""MD""), [role=""menuitem""]:has-text(""MD""), text=MD"". Did you mean to CSS.escape it?",
2025-10-08T21:42:45.271Z,Not Found · The Unjournal,evalsumceadiscounts,https://unjournal.pubpub.org/pub/evalsumceadiscounts,,fail: Download menu not found,
2025-10-08T21:42:55.877Z,"Evaluation Summary and Metrics: ""Choose Your Moments: NIH Peer Review and Scientific Risk Taking"" · The Unjournal",evalsumchooseyourmoments,https://unjournal.pubpub.org/pub/evalsumchooseyourmoments,,"fail: page.$: Unexpected token ""="" while parsing css selector ""a:has-text(""MD""), button:has-text(""MD""), [role=""menuitem""]:has-text(""MD""), text=MD"". Did you mean to CSS.escape it?",
2025-10-08T21:43:08.395Z,"Evaluation Summary and Metrics: ""Choose Your Moments: NIH Peer Review and Scientific Risk Taking"" · The Unjournal",evalsumchooseyourmoments,https://unjournal.pubpub.org/pub/evalsumchooseyourmoments/release/1,,"fail: page.$: Unexpected token ""="" while parsing css selector ""a:has-text(""MD""), button:has-text(""MD""), [role=""menuitem""]:has-text(""MD""), text=MD"". Did you mean to CSS.escape it?",
2025-10-08T21:43:18.249Z,"Evaluation Summary and Metrics: ""Choose Your Moments: NIH Peer Review and Scientific Risk Taking"" · The Unjournal",evalsumchooseyourmoments,https://unjournal.pubpub.org/pub/evalsumchooseyourmoments/release/2,,"fail: page.$: Unexpected token ""="" while parsing css selector ""a:has-text(""MD""), button:has-text(""MD""), [role=""menuitem""]:has-text(""MD""), text=MD"". Did you mean to CSS.escape it?",
2025-10-08T21:43:26.812Z,"Evaluation Summary and Metrics: ""Choose Your Moments: NIH Peer Review and Scientific Risk Taking"" · The Unjournal",evalsumchooseyourmoments,https://unjournal.pubpub.org/pub/evalsumchooseyourmoments/release/3,,"fail: page.$: Unexpected token ""="" while parsing css selector ""a:has-text(""MD""), button:has-text(""MD""), [role=""menuitem""]:has-text(""MD""), text=MD"". Did you mean to CSS.escape it?",
2025-10-08T21:43:36.862Z,"Evaluation Summary and Metrics: ""Asymmetry in Civic Information: An Experiment on Tax Participation among Informal Firms in Togo"" · The Unjournal",evalsumcivicasymmetry,https://unjournal.pubpub.org/pub/evalsumcivicasymmetry,,"fail: page.$: Unexpected token ""="" while parsing css selector ""a:has-text(""MD""), button:has-text(""MD""), [role=""menuitem""]:has-text(""MD""), text=MD"". Did you mean to CSS.escape it?",
2025-10-08T21:43:47.346Z,"Evaluation Summary and Metrics: ""Asymmetry in Civic Information: An Experiment on Tax Participation among Informal Firms in Togo"" · The Unjournal",evalsumcivicasymmetry,https://unjournal.pubpub.org/pub/evalsumcivicasymmetry/release/1,,"fail: page.$: Unexpected token ""="" while parsing css selector ""a:has-text(""MD""), button:has-text(""MD""), [role=""menuitem""]:has-text(""MD""), text=MD"". Did you mean to CSS.escape it?",
2025-10-08T21:43:56.228Z,"Evaluation Summary and Metrics: ""Asymmetry in Civic Information: An Experiment on Tax Participation among Informal Firms in Togo"" · The Unjournal",evalsumcivicasymmetry,https://unjournal.pubpub.org/pub/evalsumcivicasymmetry/release/2,,"fail: page.$: Unexpected token ""="" while parsing css selector ""a:has-text(""MD""), button:has-text(""MD""), [role=""menuitem""]:has-text(""MD""), text=MD"". Did you mean to CSS.escape it?",
2025-10-08T21:44:06.161Z,"Evaluation Summary and Metrics: ""Does Conservation Work in General Equilibrium"" · The Unjournal",evalsumconservationequilibrium,https://unjournal.pubpub.org/pub/evalsumconservationequilibrium,,"fail: page.$: Unexpected token ""="" while parsing css selector ""a:has-text(""MD""), button:has-text(""MD""), [role=""menuitem""]:has-text(""MD""), text=MD"". Did you mean to CSS.escape it?",
2025-10-08T21:44:16.758Z,"Evaluation Summary and Metrics: ""Misperceptions and Demand for Democracy under Authoritarianism"" · The Unjournal",evalsumdemandfordemocracy,https://unjournal.pubpub.org/pub/evalsumdemandfordemocracy,,"fail: page.$: Unexpected token ""="" while parsing css selector ""a:has-text(""MD""), button:has-text(""MD""), [role=""menuitem""]:has-text(""MD""), text=MD"". Did you mean to CSS.escape it?",
2025-10-08T21:44:26.796Z,"Evaluation Summary and Metrics: ""Misperceptions and Demand for Democracy under Authoritarianism"" · The Unjournal",evalsumdemandfordemocracy,https://unjournal.pubpub.org/pub/evalsumdemandfordemocracy/release/1,,"fail: page.$: Unexpected token ""="" while parsing css selector ""a:has-text(""MD""), button:has-text(""MD""), [role=""menuitem""]:has-text(""MD""), text=MD"". Did you mean to CSS.escape it?",
2025-10-08T21:44:35.242Z,"Evaluation Summary and Metrics: ""Misperceptions and Demand for Democracy under Authoritarianism"" · The Unjournal",evalsumdemandfordemocracy,https://unjournal.pubpub.org/pub/evalsumdemandfordemocracy/release/2,,"fail: page.$: Unexpected token ""="" while parsing css selector ""a:has-text(""MD""), button:has-text(""MD""), [role=""menuitem""]:has-text(""MD""), text=MD"". Did you mean to CSS.escape it?",
2025-10-08T21:44:47.125Z,"Evaluation Summary and Metrics: ""Economic vs. Epidemiological Approaches to Measuring the Human Capital Impacts of Infectious Disease Elimination"" · The Unjournal",evalsumdiseaseelimination,https://unjournal.pubpub.org/pub/evalsumdiseaseelimination,,"fail: page.$: Unexpected token ""="" while parsing css selector ""a:has-text(""MD""), button:has-text(""MD""), [role=""menuitem""]:has-text(""MD""), text=MD"". Did you mean to CSS.escape it?",
2025-10-08T21:44:58.007Z,"Evaluation Summary and Metrics: ""Selecting the Most Effective Nudge: Evidence from a Large-Scale Experiment on Immunization"" · The Unjournal",evalsumeffectivenudge,https://unjournal.pubpub.org/pub/evalsumeffectivenudge,,"fail: page.$: Unexpected token ""="" while parsing css selector ""a:has-text(""MD""), button:has-text(""MD""), [role=""menuitem""]:has-text(""MD""), text=MD"". Did you mean to CSS.escape it?",
2025-10-08T21:45:09.695Z,"Evaluation Summary and Metrics: ""Effects of Emigration on Rural Labor Markets"" · The Unjournal",evalsumemigrationonlabor,https://unjournal.pubpub.org/pub/evalsumemigrationonlabor,,"fail: page.$: Unexpected token ""="" while parsing css selector ""a:has-text(""MD""), button:has-text(""MD""), [role=""menuitem""]:has-text(""MD""), text=MD"". Did you mean to CSS.escape it?",
2025-10-08T21:45:22.833Z,"Evaluation Summary and Metrics: ""Ends versus Means: Kantians, Utilitarians, and Moral Decisions"" · The Unjournal",evalsumendsversusmeans,https://unjournal.pubpub.org/pub/evalsumendsversusmeans,,"fail: page.$: Unexpected token ""="" while parsing css selector ""a:has-text(""MD""), button:has-text(""MD""), [role=""menuitem""]:has-text(""MD""), text=MD"". Did you mean to CSS.escape it?",
2025-10-08T21:45:31.357Z,"Evaluation Summary and Metrics: ""Ends versus Means: Kantians, Utilitarians, and Moral Decisions"" · The Unjournal",evalsumendsversusmeans,https://unjournal.pubpub.org/pub/evalsumendsversusmeans/release/1,,"fail: page.$: Unexpected token ""="" while parsing css selector ""a:has-text(""MD""), button:has-text(""MD""), [role=""menuitem""]:has-text(""MD""), text=MD"". Did you mean to CSS.escape it?",
2025-10-08T21:45:42.037Z,"Evaluation Summary and Metrics: ""Existential Risk and Growth"" · The Unjournal",evalsumexistentialrisk,https://unjournal.pubpub.org/pub/evalsumexistentialrisk,,"fail: page.$: Unexpected token ""="" while parsing css selector ""a:has-text(""MD""), button:has-text(""MD""), [role=""menuitem""]:has-text(""MD""), text=MD"". Did you mean to CSS.escape it?",
2025-10-08T21:45:52.553Z,"Evaluation Summary and Metrics: ""Forecasting Existential Risks: Evidence from a Long Run Forecasting Tournament"", Applied Stream · The Unjournal",evalsumforecastingexistentialrisk,https://unjournal.pubpub.org/pub/evalsumforecastingexistentialrisk,,"fail: page.$: Unexpected token ""="" while parsing css selector ""a:has-text(""MD""), button:has-text(""MD""), [role=""menuitem""]:has-text(""MD""), text=MD"". Did you mean to CSS.escape it?",
2025-10-08T21:46:03.187Z,"Evaluation Summary and Metrics: ""Intergenerational Child Mortality Impacts of Deworming: Experimental Evidence from Two Decades of the Kenya Life Panel Survey"" · The Unjournal",evalsumintergendeworming,https://unjournal.pubpub.org/pub/evalsumintergendeworming,,"fail: page.$: Unexpected token ""="" while parsing css selector ""a:has-text(""MD""), button:has-text(""MD""), [role=""menuitem""]:has-text(""MD""), text=MD"". Did you mean to CSS.escape it?",
2025-10-08T21:46:16.361Z,"Evaluation Summary and Metrics: ""Intergenerational Child Mortality Impacts of Deworming: Experimental Evidence from Two Decades of the Kenya Life Panel Survey"" · The Unjournal",evalsumintergendeworming,https://unjournal.pubpub.org/pub/evalsumintergendeworming/release/10,,"fail: page.$: Unexpected token ""="" while parsing css selector ""a:has-text(""MD""), button:has-text(""MD""), [role=""menuitem""]:has-text(""MD""), text=MD"". Did you mean to CSS.escape it?",
2025-10-08T21:46:29.311Z,"Evaluation Summary and Metrics: ""Intergenerational Child Mortality Impacts of Deworming: Experimental Evidence from Two Decades of the Kenya Life Panel Survey"" · The Unjournal",evalsumintergendeworming,https://unjournal.pubpub.org/pub/evalsumintergendeworming/release/2,,"fail: page.$: Unexpected token ""="" while parsing css selector ""a:has-text(""MD""), button:has-text(""MD""), [role=""menuitem""]:has-text(""MD""), text=MD"". Did you mean to CSS.escape it?",
2025-10-08T21:46:44.670Z,"Evaluation Summary and Metrics: ""Intergenerational Child Mortality Impacts of Deworming: Experimental Evidence from Two Decades of the Kenya Life Panel Survey"" · The Unjournal",evalsumintergendeworming,https://unjournal.pubpub.org/pub/evalsumintergendeworming/release/3,,"fail: page.$: Unexpected token ""="" while parsing css selector ""a:has-text(""MD""), button:has-text(""MD""), [role=""menuitem""]:has-text(""MD""), text=MD"". Did you mean to CSS.escape it?",
2025-10-08T21:46:54.834Z,"Evaluation Summary and Metrics: ""Intergenerational Child Mortality Impacts of Deworming: Experimental Evidence from Two Decades of the Kenya Life Panel Survey"" · The Unjournal",evalsumintergendeworming,https://unjournal.pubpub.org/pub/evalsumintergendeworming/release/4,,"fail: page.$: Unexpected token ""="" while parsing css selector ""a:has-text(""MD""), button:has-text(""MD""), [role=""menuitem""]:has-text(""MD""), text=MD"". Did you mean to CSS.escape it?",
2025-10-08T21:51:17.143Z,"Evaluation Summary and Metrics: ""Forecasts estimate limited cultured meat production through 2050"", Applied Stream · The Unjournal",evalsumlimitedmeadprod,https://unjournal.pubpub.org/pub/evalsumlimitedmeadprod/release/1,,"fail: page.$: Unexpected token ""="" while parsing css selector ""a:has-text(""MD""), button:has-text(""MD""), [role=""menuitem""]:has-text(""MD""), text=MD"". Did you mean to CSS.escape it?",
2025-10-08T21:51:26.372Z,Not Found · The Unjournal,evalsumlimitedmeadprod,https://unjournal.pubpub.org/pub/evalsumlimitedmeadprod/release/b,,fail: Download menu not found,
2025-10-08T22:07:29.601Z,"Evaluation Summary and Metrics: ""The Macroeconomic Impact of Climate Change: Global vs. Local Temperature"" · The Unjournal",evalsummacroclimatechange,https://unjournal.pubpub.org/pub/evalsummacroclimatechange/release/1,,"fail: page.$: Unexpected token ""="" while parsing css selector ""a:has-text(""MD""), button:has-text(""MD""), [role=""menuitem""]:has-text(""MD""), text=MD"". Did you mean to CSS.escape it?",
2025-10-08T22:07:40.604Z,"Evaluation Summary and Metrics: ""The Macroeconomic Impact of Climate Change: Global vs. Local Temperature"" · The Unjournal",evalsummacroclimatechange,https://unjournal.pubpub.org/pub/evalsummacroclimatechange/release/2,,"fail: page.$: Unexpected token ""="" while parsing css selector ""a:has-text(""MD""), button:has-text(""MD""), [role=""menuitem""]:has-text(""MD""), text=MD"". Did you mean to CSS.escape it?",
2025-10-08T22:23:14.559Z,"Evaluation Summary and Metrics: ""The Macroeconomic Impact of Climate Change: Global vs. Local Temperature"" · The Unjournal",evalsummacroclimatechange,https://unjournal.pubpub.org/pub/evalsummacroclimatechange/release/3,,"fail: page.$: Unexpected token ""="" while parsing css selector ""a:has-text(""MD""), button:has-text(""MD""), [role=""menuitem""]:has-text(""MD""), text=MD"". Did you mean to CSS.escape it?",
2025-10-08T22:23:25.486Z,"Evaluation Summary and Metrics: ""The Macroeconomic Impact of Climate Change: Global vs. Local Temperature"" · The Unjournal",evalsummacroclimatechange,https://unjournal.pubpub.org/pub/evalsummacroclimatechange/release/4,,"fail: page.$: Unexpected token ""="" while parsing css selector ""a:has-text(""MD""), button:has-text(""MD""), [role=""menuitem""]:has-text(""MD""), text=MD"". Did you mean to CSS.escape it?",
2025-10-08T22:23:36.201Z,"Evaluation Summary and Metrics: ""The Macroeconomic Impact of Climate Change: Global vs. Local Temperature"" · The Unjournal",evalsummacroclimatechange,https://unjournal.pubpub.org/pub/evalsummacroclimatechange/release/5,,"fail: page.$: Unexpected token ""="" while parsing css selector ""a:has-text(""MD""), button:has-text(""MD""), [role=""menuitem""]:has-text(""MD""), text=MD"". Did you mean to CSS.escape it?",
2025-10-08T22:23:47.082Z,"Evaluation Summary and Metrics: ""Maternal cash transfers for gender equity and child development: Experimental evidence from India"" · The Unjournal",evalsummaternalcashtransfers,https://unjournal.pubpub.org/pub/evalsummaternalcashtransfers,,"fail: page.$: Unexpected token ""="" while parsing css selector ""a:has-text(""MD""), button:has-text(""MD""), [role=""menuitem""]:has-text(""MD""), text=MD"". Did you mean to CSS.escape it?",
2025-10-08T22:23:55.884Z,"Evaluation Summary and Metrics: ""Maternal cash transfers for gender equity and child development: Experimental evidence from India"" · The Unjournal",evalsummaternalcashtransfers,https://unjournal.pubpub.org/pub/evalsummaternalcashtransfers/release/1,,"fail: page.$: Unexpected token ""="" while parsing css selector ""a:has-text(""MD""), button:has-text(""MD""), [role=""menuitem""]:has-text(""MD""), text=MD"". Did you mean to CSS.escape it?",
2025-10-08T22:32:24.271Z,"Evaluation Summary and Metrics: ""Maternal cash transfers for gender equity and child development: Experimental evidence from India"" · The Unjournal",evalsummaternalcashtransfers,https://unjournal.pubpub.org/pub/evalsummaternalcashtransfers/release/2,,"fail: page.$: Unexpected token ""="" while parsing css selector ""a:has-text(""MD""), button:has-text(""MD""), [role=""menuitem""]:has-text(""MD""), text=MD"". Did you mean to CSS.escape it?",
2025-10-08T22:32:36.765Z,"Evaluation Summary and Metrics: ""Global potential for natural regeneration in deforested tropical regions"" · The Unjournal",evalsumnaturalregeneration,https://unjournal.pubpub.org/pub/evalsumnaturalregeneration,,"fail: page.$: Unexpected token ""="" while parsing css selector ""a:has-text(""MD""), button:has-text(""MD""), [role=""menuitem""]:has-text(""MD""), text=MD"". Did you mean to CSS.escape it?",
2025-10-08T22:32:45.647Z,"Evaluation Summary and Metrics: ""Global potential for natural regeneration in deforested tropical regions"" · The Unjournal",evalsumnaturalregeneration,https://unjournal.pubpub.org/pub/evalsumnaturalregeneration/release/1,,"fail: page.$: Unexpected token ""="" while parsing css selector ""a:has-text(""MD""), button:has-text(""MD""), [role=""menuitem""]:has-text(""MD""), text=MD"". Did you mean to CSS.escape it?",
2025-10-08T22:32:54.736Z,"Evaluation Summary and Metrics: ""Global potential for natural regeneration in deforested tropical regions"" · The Unjournal",evalsumnaturalregeneration,https://unjournal.pubpub.org/pub/evalsumnaturalregeneration/release/2,,"fail: page.$: Unexpected token ""="" while parsing css selector ""a:has-text(""MD""), button:has-text(""MD""), [role=""menuitem""]:has-text(""MD""), text=MD"". Did you mean to CSS.escape it?",
2025-10-08T22:33:02.598Z,"Evaluation Summary and Metrics: ""Global potential for natural regeneration in deforested tropical regions"" · The Unjournal",evalsumnaturalregeneration,https://unjournal.pubpub.org/pub/evalsumnaturalregeneration/release/3,,"fail: page.$: Unexpected token ""="" while parsing css selector ""a:has-text(""MD""), button:has-text(""MD""), [role=""menuitem""]:has-text(""MD""), text=MD"". Did you mean to CSS.escape it?",
2025-10-08T22:33:11.998Z,Evaluation Summary and Metrics: “Pharmaceutical Pricing and R&D as a Global Public Good” · The Unjournal,evalsumpharmpricing,https://unjournal.pubpub.org/pub/evalsumpharmpricing,,"fail: page.$: Unexpected token ""="" while parsing css selector ""a:has-text(""MD""), button:has-text(""MD""), [role=""menuitem""]:has-text(""MD""), text=MD"". Did you mean to CSS.escape it?",
2025-10-08T22:33:20.946Z,Evaluation Summary and Metrics: “Pharmaceutical Pricing and R&D as a Global Public Good” · The Unjournal,evalsumpharmpricing,https://unjournal.pubpub.org/pub/evalsumpharmpricing/release/1,,"fail: page.$: Unexpected token ""="" while parsing css selector ""a:has-text(""MD""), button:has-text(""MD""), [role=""menuitem""]:has-text(""MD""), text=MD"". Did you mean to CSS.escape it?",
2025-10-08T22:33:29.913Z,Evaluation Summary and Metrics: “Pharmaceutical Pricing and R&D as a Global Public Good” · The Unjournal,evalsumpharmpricing,https://unjournal.pubpub.org/pub/evalsumpharmpricing/release/2,,"fail: page.$: Unexpected token ""="" while parsing css selector ""a:has-text(""MD""), button:has-text(""MD""), [role=""menuitem""]:has-text(""MD""), text=MD"". Did you mean to CSS.escape it?",
2025-10-08T22:33:38.819Z,Evaluation Summary and Metrics: “Pharmaceutical Pricing and R&D as a Global Public Good” · The Unjournal,evalsumpharmpricing,https://unjournal.pubpub.org/pub/evalsumpharmpricing/release/3,,"fail: page.$: Unexpected token ""="" while parsing css selector ""a:has-text(""MD""), button:has-text(""MD""), [role=""menuitem""]:has-text(""MD""), text=MD"". Did you mean to CSS.escape it?",
2025-10-08T22:33:46.597Z,Evaluation Summary and Metrics: “Pharmaceutical Pricing and R&D as a Global Public Good” · The Unjournal,evalsumpharmpricing,https://unjournal.pubpub.org/pub/evalsumpharmpricing/release/4,,"fail: page.$: Unexpected token ""="" while parsing css selector ""a:has-text(""MD""), button:has-text(""MD""), [role=""menuitem""]:has-text(""MD""), text=MD"". Did you mean to CSS.escape it?",
2025-10-08T22:33:55.880Z,"Evaluation Summary and Metrics: ""Adaptability and the Pivot Penalty in Science and Technology"" · The Unjournal",evalsumpivotpenalty,https://unjournal.pubpub.org/pub/evalsumpivotpenalty,,"fail: page.$: Unexpected token ""="" while parsing css selector ""a:has-text(""MD""), button:has-text(""MD""), [role=""menuitem""]:has-text(""MD""), text=MD"". Did you mean to CSS.escape it?",
2025-10-08T22:34:04.583Z,"Evaluation Summary and Metrics: ""Adaptability and the Pivot Penalty in Science and Technology"" · The Unjournal",evalsumpivotpenalty,https://unjournal.pubpub.org/pub/evalsumpivotpenalty/release/1,,"fail: page.$: Unexpected token ""="" while parsing css selector ""a:has-text(""MD""), button:has-text(""MD""), [role=""menuitem""]:has-text(""MD""), text=MD"". Did you mean to CSS.escape it?",
2025-10-08T22:34:12.365Z,"Evaluation Summary and Metrics: ""Adaptability and the Pivot Penalty in Science and Technology"" · The Unjournal",evalsumpivotpenalty,https://unjournal.pubpub.org/pub/evalsumpivotpenalty/release/2,,"fail: page.$: Unexpected token ""="" while parsing css selector ""a:has-text(""MD""), button:has-text(""MD""), [role=""menuitem""]:has-text(""MD""), text=MD"". Did you mean to CSS.escape it?",
2025-10-08T22:34:22.150Z,"Evaluation Summary and Metrics: ""Population ethical intuitions"" · The Unjournal",evalsumpopintuitions,https://unjournal.pubpub.org/pub/evalsumpopintuitions,,"fail: page.$: Unexpected token ""="" while parsing css selector ""a:has-text(""MD""), button:has-text(""MD""), [role=""menuitem""]:has-text(""MD""), text=MD"". Did you mean to CSS.escape it?",
2025-10-08T22:34:31.432Z,"Evaluation Summary and Metrics: ""Population ethical intuitions"" · The Unjournal",evalsumpopintuitions,https://unjournal.pubpub.org/pub/evalsumpopintuitions/release/1,,"fail: page.$: Unexpected token ""="" while parsing css selector ""a:has-text(""MD""), button:has-text(""MD""), [role=""menuitem""]:has-text(""MD""), text=MD"". Did you mean to CSS.escape it?",
2025-10-08T22:34:40.628Z,"Evaluation Summary and Metrics: ""Population ethical intuitions"" · The Unjournal",evalsumpopintuitions,https://unjournal.pubpub.org/pub/evalsumpopintuitions/release/2,,"fail: page.$: Unexpected token ""="" while parsing css selector ""a:has-text(""MD""), button:has-text(""MD""), [role=""menuitem""]:has-text(""MD""), text=MD"". Did you mean to CSS.escape it?",
2025-10-08T22:34:49.883Z,"Evaluation Summary and Metrics: ""Population ethical intuitions"" · The Unjournal",evalsumpopintuitions,https://unjournal.pubpub.org/pub/evalsumpopintuitions/release/3,,"fail: page.$: Unexpected token ""="" while parsing css selector ""a:has-text(""MD""), button:has-text(""MD""), [role=""menuitem""]:has-text(""MD""), text=MD"". Did you mean to CSS.escape it?",
2025-10-08T22:34:59.144Z,"Evaluation Summary and Metrics: ""Population ethical intuitions"" · The Unjournal",evalsumpopintuitions,https://unjournal.pubpub.org/pub/evalsumpopintuitions/release/4,,"fail: page.$: Unexpected token ""="" while parsing css selector ""a:has-text(""MD""), button:has-text(""MD""), [role=""menuitem""]:has-text(""MD""), text=MD"". Did you mean to CSS.escape it?",
2025-10-08T22:35:06.965Z,"Evaluation Summary and Metrics: ""Population ethical intuitions"" · The Unjournal",evalsumpopintuitions,https://unjournal.pubpub.org/pub/evalsumpopintuitions/release/5,,"fail: page.$: Unexpected token ""="" while parsing css selector ""a:has-text(""MD""), button:has-text(""MD""), [role=""menuitem""]:has-text(""MD""), text=MD"". Did you mean to CSS.escape it?",
2025-10-08T22:35:16.433Z,"Evaluation Summary of The Long-Run Effects of Psychotherapy on Depression, Beliefs, and Economic Outcomes · The Unjournal",evalsumpsychotherapy,https://unjournal.pubpub.org/pub/evalsumpsychotherapy,,"fail: page.$: Unexpected token ""="" while parsing css selector ""a:has-text(""MD""), button:has-text(""MD""), [role=""menuitem""]:has-text(""MD""), text=MD"". Did you mean to CSS.escape it?",
2025-10-08T22:35:25.631Z,"Evaluation Summary and Metrics: ""The Effect of Public Science on Corporate R&D"" · The Unjournal",evalsumpublicscience,https://unjournal.pubpub.org/pub/evalsumpublicscience,,"fail: page.$: Unexpected token ""="" while parsing css selector ""a:has-text(""MD""), button:has-text(""MD""), [role=""menuitem""]:has-text(""MD""), text=MD"". Did you mean to CSS.escape it?",
2025-10-08T22:35:34.494Z,"Evaluation Summary and Metrics: ""The Effect of Public Science on Corporate R&D"" · The Unjournal",evalsumpublicscience,https://unjournal.pubpub.org/pub/evalsumpublicscience/release/1,,"fail: page.$: Unexpected token ""="" while parsing css selector ""a:has-text(""MD""), button:has-text(""MD""), [role=""menuitem""]:has-text(""MD""), text=MD"". Did you mean to CSS.escape it?",
2025-10-08T22:35:42.275Z,"Evaluation Summary and Metrics: ""The Effect of Public Science on Corporate R&D"" · The Unjournal",evalsumpublicscience,https://unjournal.pubpub.org/pub/evalsumpublicscience/release/2,,"fail: page.$: Unexpected token ""="" while parsing css selector ""a:has-text(""MD""), button:has-text(""MD""), [role=""menuitem""]:has-text(""MD""), text=MD"". Did you mean to CSS.escape it?",
2025-10-08T22:35:51.895Z,"Evaluation Summary and Metrics: ""How Effective Is (More) Money? Randomizing Unconditional Cash Transfer Amounts in the US"" · The Unjournal",evalsumrandomizingcashtransfer,https://unjournal.pubpub.org/pub/evalsumrandomizingcashtransfer,,"fail: page.$: Unexpected token ""="" while parsing css selector ""a:has-text(""MD""), button:has-text(""MD""), [role=""menuitem""]:has-text(""MD""), text=MD"". Did you mean to CSS.escape it?",
2025-10-08T22:36:00.962Z,"Evaluation Summary and Metrics: ""How Effective Is (More) Money? Randomizing Unconditional Cash Transfer Amounts in the US"" · The Unjournal",evalsumrandomizingcashtransfer,https://unjournal.pubpub.org/pub/evalsumrandomizingcashtransfer/release/1,,"fail: page.$: Unexpected token ""="" while parsing css selector ""a:has-text(""MD""), button:has-text(""MD""), [role=""menuitem""]:has-text(""MD""), text=MD"". Did you mean to CSS.escape it?",
2025-10-08T22:36:10.360Z,"Evaluation Summary and Metrics: ""How Effective Is (More) Money? Randomizing Unconditional Cash Transfer Amounts in the US"" · The Unjournal",evalsumrandomizingcashtransfer,https://unjournal.pubpub.org/pub/evalsumrandomizingcashtransfer/release/2,,"fail: page.$: Unexpected token ""="" while parsing css selector ""a:has-text(""MD""), button:has-text(""MD""), [role=""menuitem""]:has-text(""MD""), text=MD"". Did you mean to CSS.escape it?",
2025-10-08T22:36:18.126Z,"Evaluation Summary and Metrics: ""How Effective Is (More) Money? Randomizing Unconditional Cash Transfer Amounts in the US"" · The Unjournal",evalsumrandomizingcashtransfer,https://unjournal.pubpub.org/pub/evalsumrandomizingcashtransfer/release/3,,"fail: page.$: Unexpected token ""="" while parsing css selector ""a:has-text(""MD""), button:has-text(""MD""), [role=""menuitem""]:has-text(""MD""), text=MD"". Did you mean to CSS.escape it?",
2025-10-08T22:36:27.810Z,"Evaluation Summary and Metrics: ""Meaningfully reducing consumption of meat and animal products is an unsolved problem: A meta-analysis"" · The Unjournal",evalsumreducingconsumption,https://unjournal.pubpub.org/pub/evalsumreducingconsumption,,"fail: page.$: Unexpected token ""="" while parsing css selector ""a:has-text(""MD""), button:has-text(""MD""), [role=""menuitem""]:has-text(""MD""), text=MD"". Did you mean to CSS.escape it?",
2025-10-08T22:36:37.197Z,"Evaluation Summary and Metrics: ""Meaningfully reducing consumption of meat and animal products is an unsolved problem: A meta-analysis"" · The Unjournal",evalsumreducingconsumption,https://unjournal.pubpub.org/pub/evalsumreducingconsumption/release/1,,"fail: page.$: Unexpected token ""="" while parsing css selector ""a:has-text(""MD""), button:has-text(""MD""), [role=""menuitem""]:has-text(""MD""), text=MD"". Did you mean to CSS.escape it?",
2025-10-08T22:36:46.394Z,"Evaluation Summary and Metrics: ""Meaningfully reducing consumption of meat and animal products is an unsolved problem: A meta-analysis"" · The Unjournal",evalsumreducingconsumption,https://unjournal.pubpub.org/pub/evalsumreducingconsumption/release/10,,"fail: page.$: Unexpected token ""="" while parsing css selector ""a:has-text(""MD""), button:has-text(""MD""), [role=""menuitem""]:has-text(""MD""), text=MD"". Did you mean to CSS.escape it?",
2025-10-08T22:36:55.695Z,"Evaluation Summary and Metrics: ""Meaningfully reducing consumption of meat and animal products is an unsolved problem: A meta-analysis"" · The Unjournal",evalsumreducingconsumption,https://unjournal.pubpub.org/pub/evalsumreducingconsumption/release/11,,"fail: page.$: Unexpected token ""="" while parsing css selector ""a:has-text(""MD""), button:has-text(""MD""), [role=""menuitem""]:has-text(""MD""), text=MD"". Did you mean to CSS.escape it?",
2025-10-08T22:37:03.474Z,"Evaluation Summary and Metrics: ""Meaningfully reducing consumption of meat and animal products is an unsolved problem: A meta-analysis"" · The Unjournal",evalsumreducingconsumption,https://unjournal.pubpub.org/pub/evalsumreducingconsumption/release/12,,"fail: page.$: Unexpected token ""="" while parsing css selector ""a:has-text(""MD""), button:has-text(""MD""), [role=""menuitem""]:has-text(""MD""), text=MD"". Did you mean to CSS.escape it?",
2025-10-08T22:37:12.696Z,"Evaluation Summary and Metrics: ""Meaningfully reducing consumption of meat and animal products is an unsolved problem: A meta-analysis"" · The Unjournal",evalsumreducingconsumption,https://unjournal.pubpub.org/pub/evalsumreducingconsumption/release/2,,"fail: page.$: Unexpected token ""="" while parsing css selector ""a:has-text(""MD""), button:has-text(""MD""), [role=""menuitem""]:has-text(""MD""), text=MD"". Did you mean to CSS.escape it?",
2025-10-08T22:37:21.877Z,"Evaluation Summary and Metrics: ""Meaningfully reducing consumption of meat and animal products is an unsolved problem: A meta-analysis"" · The Unjournal",evalsumreducingconsumption,https://unjournal.pubpub.org/pub/evalsumreducingconsumption/release/3,,"fail: page.$: Unexpected token ""="" while parsing css selector ""a:has-text(""MD""), button:has-text(""MD""), [role=""menuitem""]:has-text(""MD""), text=MD"". Did you mean to CSS.escape it?",
2025-10-08T22:37:31.177Z,"Evaluation Summary and Metrics: ""Meaningfully reducing consumption of meat and animal products is an unsolved problem: A meta-analysis"" · The Unjournal",evalsumreducingconsumption,https://unjournal.pubpub.org/pub/evalsumreducingconsumption/release/4,,"fail: page.$: Unexpected token ""="" while parsing css selector ""a:has-text(""MD""), button:has-text(""MD""), [role=""menuitem""]:has-text(""MD""), text=MD"". Did you mean to CSS.escape it?",
2025-10-08T22:37:40.195Z,"Evaluation Summary and Metrics: ""Meaningfully reducing consumption of meat and animal products is an unsolved problem: A meta-analysis"" · The Unjournal",evalsumreducingconsumption,https://unjournal.pubpub.org/pub/evalsumreducingconsumption/release/5,,"fail: page.$: Unexpected token ""="" while parsing css selector ""a:has-text(""MD""), button:has-text(""MD""), [role=""menuitem""]:has-text(""MD""), text=MD"". Did you mean to CSS.escape it?",
2025-10-08T22:37:49.208Z,"Evaluation Summary and Metrics: ""Meaningfully reducing consumption of meat and animal products is an unsolved problem: A meta-analysis"" · The Unjournal",evalsumreducingconsumption,https://unjournal.pubpub.org/pub/evalsumreducingconsumption/release/6,,"fail: page.$: Unexpected token ""="" while parsing css selector ""a:has-text(""MD""), button:has-text(""MD""), [role=""menuitem""]:has-text(""MD""), text=MD"". Did you mean to CSS.escape it?",
2025-10-08T22:37:58.292Z,"Evaluation Summary and Metrics: ""Meaningfully reducing consumption of meat and animal products is an unsolved problem: A meta-analysis"" · The Unjournal",evalsumreducingconsumption,https://unjournal.pubpub.org/pub/evalsumreducingconsumption/release/7,,"fail: page.$: Unexpected token ""="" while parsing css selector ""a:has-text(""MD""), button:has-text(""MD""), [role=""menuitem""]:has-text(""MD""), text=MD"". Did you mean to CSS.escape it?",
2025-10-08T22:38:07.408Z,"Evaluation Summary and Metrics: ""Meaningfully reducing consumption of meat and animal products is an unsolved problem: A meta-analysis"" · The Unjournal",evalsumreducingconsumption,https://unjournal.pubpub.org/pub/evalsumreducingconsumption/release/8,,"fail: page.$: Unexpected token ""="" while parsing css selector ""a:has-text(""MD""), button:has-text(""MD""), [role=""menuitem""]:has-text(""MD""), text=MD"". Did you mean to CSS.escape it?",
2025-10-08T22:38:16.509Z,"Evaluation Summary and Metrics: ""Meaningfully reducing consumption of meat and animal products is an unsolved problem: A meta-analysis"" · The Unjournal",evalsumreducingconsumption,https://unjournal.pubpub.org/pub/evalsumreducingconsumption/release/9,,"fail: page.$: Unexpected token ""="" while parsing css selector ""a:has-text(""MD""), button:has-text(""MD""), [role=""menuitem""]:has-text(""MD""), text=MD"". Did you mean to CSS.escape it?",
2025-10-08T22:38:25.744Z,"Evaluation Summary and Metrics: ""Building Resilient Education Systems: Evidence from Large-Scale Randomized Trials in Five Countries"" · The Unjournal",evalsumresilienteducation,https://unjournal.pubpub.org/pub/evalsumresilienteducation,,"fail: page.$: Unexpected token ""="" while parsing css selector ""a:has-text(""MD""), button:has-text(""MD""), [role=""menuitem""]:has-text(""MD""), text=MD"". Did you mean to CSS.escape it?",
2025-10-08T22:38:34.606Z,"Evaluation Summary and Metrics: ""Building Resilient Education Systems: Evidence from Large-Scale Randomized Trials in Five Countries"" · The Unjournal",evalsumresilienteducation,https://unjournal.pubpub.org/pub/evalsumresilienteducation/release/1,,"fail: page.$: Unexpected token ""="" while parsing css selector ""a:has-text(""MD""), button:has-text(""MD""), [role=""menuitem""]:has-text(""MD""), text=MD"". Did you mean to CSS.escape it?",
2025-10-08T22:38:42.376Z,"Evaluation Summary and Metrics: ""Building Resilient Education Systems: Evidence from Large-Scale Randomized Trials in Five Countries"" · The Unjournal",evalsumresilienteducation,https://unjournal.pubpub.org/pub/evalsumresilienteducation/release/2,,"fail: page.$: Unexpected token ""="" while parsing css selector ""a:has-text(""MD""), button:has-text(""MD""), [role=""menuitem""]:has-text(""MD""), text=MD"". Did you mean to CSS.escape it?",
2025-10-08T22:38:51.677Z,"Evaluation Summary and Metrics: ""A systematic review and meta analysis of social safety nets, women’s economic achievements and agency"" · The Unjournal",evalsumsafetynets,https://unjournal.pubpub.org/pub/evalsumsafetynets,,"fail: page.$: Unexpected token ""="" while parsing css selector ""a:has-text(""MD""), button:has-text(""MD""), [role=""menuitem""]:has-text(""MD""), text=MD"". Did you mean to CSS.escape it?",
2025-10-08T22:38:59.534Z,"Evaluation Summary and Metrics: ""A systematic review and meta analysis of social safety nets, women’s economic achievements and agency"" · The Unjournal",evalsumsafetynets,https://unjournal.pubpub.org/pub/evalsumsafetynets/release/1,,"fail: page.$: Unexpected token ""="" while parsing css selector ""a:has-text(""MD""), button:has-text(""MD""), [role=""menuitem""]:has-text(""MD""), text=MD"". Did you mean to CSS.escape it?",
2025-10-08T22:39:08.805Z,"Evaluation Summary and Metrics: ""Stagnation and Scientific Incentives"" · The Unjournal",evalsumscientificincentives,https://unjournal.pubpub.org/pub/evalsumscientificincentives,,"fail: page.$: Unexpected token ""="" while parsing css selector ""a:has-text(""MD""), button:has-text(""MD""), [role=""menuitem""]:has-text(""MD""), text=MD"". Did you mean to CSS.escape it?",
2025-10-08T22:39:17.573Z,"Evaluation Summary and Metrics: ""Stagnation and Scientific Incentives"" · The Unjournal",evalsumscientificincentives,https://unjournal.pubpub.org/pub/evalsumscientificincentives/release/1,,"fail: page.$: Unexpected token ""="" while parsing css selector ""a:has-text(""MD""), button:has-text(""MD""), [role=""menuitem""]:has-text(""MD""), text=MD"". Did you mean to CSS.escape it?",
2025-10-08T22:39:26.259Z,"Evaluation Summary and Metrics: ""Stagnation and Scientific Incentives"" · The Unjournal",evalsumscientificincentives,https://unjournal.pubpub.org/pub/evalsumscientificincentives/release/2,,"fail: page.$: Unexpected token ""="" while parsing css selector ""a:has-text(""MD""), button:has-text(""MD""), [role=""menuitem""]:has-text(""MD""), text=MD"". Did you mean to CSS.escape it?",
2025-10-08T22:39:35.076Z,"Evaluation Summary and Metrics: ""Stagnation and Scientific Incentives"" · The Unjournal",evalsumscientificincentives,https://unjournal.pubpub.org/pub/evalsumscientificincentives/release/3,,"fail: page.$: Unexpected token ""="" while parsing css selector ""a:has-text(""MD""), button:has-text(""MD""), [role=""menuitem""]:has-text(""MD""), text=MD"". Did you mean to CSS.escape it?",
2025-10-08T22:39:42.858Z,"Evaluation Summary and Metrics: ""Stagnation and Scientific Incentives"" · The Unjournal",evalsumscientificincentives,https://unjournal.pubpub.org/pub/evalsumscientificincentives/release/4,,"fail: page.$: Unexpected token ""="" while parsing css selector ""a:has-text(""MD""), button:has-text(""MD""), [role=""menuitem""]:has-text(""MD""), text=MD"". Did you mean to CSS.escape it?",
2025-10-08T22:39:52.472Z,"Evaluation Summary and Metrics: ""The wellbeing cost effectiveness of StrongMinds and Friendship Bench: review and meta-analysis with charity-related data"" · The Unjournal",evalsumstrongminds,https://unjournal.pubpub.org/pub/evalsumstrongminds,,"fail: page.$: Unexpected token ""="" while parsing css selector ""a:has-text(""MD""), button:has-text(""MD""), [role=""menuitem""]:has-text(""MD""), text=MD"". Did you mean to CSS.escape it?",
2025-10-08T22:40:01.765Z,"Evaluation Summary and Metrics: ""The wellbeing cost effectiveness of StrongMinds and Friendship Bench: review and meta-analysis with charity-related data"" · The Unjournal",evalsumstrongminds,https://unjournal.pubpub.org/pub/evalsumstrongminds/release/1,,"fail: page.$: Unexpected token ""="" while parsing css selector ""a:has-text(""MD""), button:has-text(""MD""), [role=""menuitem""]:has-text(""MD""), text=MD"". Did you mean to CSS.escape it?",
2025-10-08T22:40:10.868Z,"Evaluation Summary and Metrics: ""The wellbeing cost effectiveness of StrongMinds and Friendship Bench: review and meta-analysis with charity-related data"" · The Unjournal",evalsumstrongminds,https://unjournal.pubpub.org/pub/evalsumstrongminds/release/2,,"fail: page.$: Unexpected token ""="" while parsing css selector ""a:has-text(""MD""), button:has-text(""MD""), [role=""menuitem""]:has-text(""MD""), text=MD"". Did you mean to CSS.escape it?",
2025-10-08T22:40:20.070Z,"Evaluation Summary and Metrics: ""The wellbeing cost effectiveness of StrongMinds and Friendship Bench: review and meta-analysis with charity-related data"" · The Unjournal",evalsumstrongminds,https://unjournal.pubpub.org/pub/evalsumstrongminds/release/3,,"fail: page.$: Unexpected token ""="" while parsing css selector ""a:has-text(""MD""), button:has-text(""MD""), [role=""menuitem""]:has-text(""MD""), text=MD"". Did you mean to CSS.escape it?",
2025-10-08T22:40:27.871Z,"Evaluation Summary and Metrics: ""The wellbeing cost effectiveness of StrongMinds and Friendship Bench: review and meta-analysis with charity-related data"" · The Unjournal",evalsumstrongminds,https://unjournal.pubpub.org/pub/evalsumstrongminds/release/4,,"fail: page.$: Unexpected token ""="" while parsing css selector ""a:has-text(""MD""), button:has-text(""MD""), [role=""menuitem""]:has-text(""MD""), text=MD"". Did you mean to CSS.escape it?",
2025-10-08T22:40:37.767Z,"Evaluation Summary and Metrics: “The Returns to Science In the Presence of Technological Risks”, Unjournal applied Stream · The Unjournal",evalsumtechnologicalrisks,https://unjournal.pubpub.org/pub/evalsumtechnologicalrisks,,"fail: page.$: Unexpected token ""="" while parsing css selector ""a:has-text(""MD""), button:has-text(""MD""), [role=""menuitem""]:has-text(""MD""), text=MD"". Did you mean to CSS.escape it?",
2025-10-08T22:40:47.170Z,"Evaluation Summary and Metrics: “The Returns to Science In the Presence of Technological Risks”, Unjournal applied Stream · The Unjournal",evalsumtechnologicalrisks,https://unjournal.pubpub.org/pub/evalsumtechnologicalrisks/release/1,,"fail: page.$: Unexpected token ""="" while parsing css selector ""a:has-text(""MD""), button:has-text(""MD""), [role=""menuitem""]:has-text(""MD""), text=MD"". Did you mean to CSS.escape it?",
2025-10-08T22:40:56.715Z,"Evaluation Summary and Metrics: “The Returns to Science In the Presence of Technological Risks”, Unjournal applied Stream · The Unjournal",evalsumtechnologicalrisks,https://unjournal.pubpub.org/pub/evalsumtechnologicalrisks/release/2,,"fail: page.$: Unexpected token ""="" while parsing css selector ""a:has-text(""MD""), button:has-text(""MD""), [role=""menuitem""]:has-text(""MD""), text=MD"". Did you mean to CSS.escape it?",
2025-10-08T22:41:06.238Z,"Evaluation Summary and Metrics: “The Returns to Science In the Presence of Technological Risks”, Unjournal applied Stream · The Unjournal",evalsumtechnologicalrisks,https://unjournal.pubpub.org/pub/evalsumtechnologicalrisks/release/3,,"fail: page.$: Unexpected token ""="" while parsing css selector ""a:has-text(""MD""), button:has-text(""MD""), [role=""menuitem""]:has-text(""MD""), text=MD"". Did you mean to CSS.escape it?",
2025-10-08T22:41:15.650Z,"Evaluation Summary and Metrics: “The Returns to Science In the Presence of Technological Risks”, Unjournal applied Stream · The Unjournal",evalsumtechnologicalrisks,https://unjournal.pubpub.org/pub/evalsumtechnologicalrisks/release/4,,"fail: page.$: Unexpected token ""="" while parsing css selector ""a:has-text(""MD""), button:has-text(""MD""), [role=""menuitem""]:has-text(""MD""), text=MD"". Did you mean to CSS.escape it?",
2025-10-08T22:41:23.502Z,"Evaluation Summary and Metrics: “The Returns to Science In the Presence of Technological Risks”, Unjournal applied Stream · The Unjournal",evalsumtechnologicalrisks,https://unjournal.pubpub.org/pub/evalsumtechnologicalrisks/release/5,,"fail: page.$: Unexpected token ""="" while parsing css selector ""a:has-text(""MD""), button:has-text(""MD""), [role=""menuitem""]:has-text(""MD""), text=MD"". Did you mean to CSS.escape it?",
2025-10-08T22:41:32.569Z,"Evaluation Summary and Metrics: ""Replicability & Generalisability: A Guide to CEA discounts"", Unjournal applied Stream · The Unjournal",evalsumtemplateapplied,https://unjournal.pubpub.org/pub/evalsumtemplateapplied,,"fail: page.$: Unexpected token ""="" while parsing css selector ""a:has-text(""MD""), button:has-text(""MD""), [role=""menuitem""]:has-text(""MD""), text=MD"". Did you mean to CSS.escape it?",
2025-10-08T22:41:42.202Z,"Evaluation Summary and Metrics: ""Universal Basic Income: Short-Term Results from a Long-Term Experiment in Kenya"" · The Unjournal",evalsumuniversalincome,https://unjournal.pubpub.org/pub/evalsumuniversalincome,,"fail: page.$: Unexpected token ""="" while parsing css selector ""a:has-text(""MD""), button:has-text(""MD""), [role=""menuitem""]:has-text(""MD""), text=MD"". Did you mean to CSS.escape it?",
2025-10-08T22:41:51.583Z,"Evaluation Summary and Metrics: ""Urban Forests: Environmental Health Values and Risks"" · The Unjournal",evalsumurbanforests,https://unjournal.pubpub.org/pub/evalsumurbanforests,,"fail: page.$: Unexpected token ""="" while parsing css selector ""a:has-text(""MD""), button:has-text(""MD""), [role=""menuitem""]:has-text(""MD""), text=MD"". Did you mean to CSS.escape it?",
2025-10-08T22:42:00.413Z,"Evaluation Summary and Metrics: ""Urban Forests: Environmental Health Values and Risks"" · The Unjournal",evalsumurbanforests,https://unjournal.pubpub.org/pub/evalsumurbanforests/release/1,,"fail: page.$: Unexpected token ""="" while parsing css selector ""a:has-text(""MD""), button:has-text(""MD""), [role=""menuitem""]:has-text(""MD""), text=MD"". Did you mean to CSS.escape it?",
2025-10-08T22:42:08.212Z,"Evaluation Summary and Metrics: ""Urban Forests: Environmental Health Values and Risks"" · The Unjournal",evalsumurbanforests,https://unjournal.pubpub.org/pub/evalsumurbanforests/release/2,,"fail: page.$: Unexpected token ""="" while parsing css selector ""a:has-text(""MD""), button:has-text(""MD""), [role=""menuitem""]:has-text(""MD""), text=MD"". Did you mean to CSS.escape it?",
2025-10-08T22:42:17.749Z,"Evaluation Summary and Metrics: ""Water Treatment and Child Mortality: A Meta-analysis and Cost-effectiveness Analysis"" · The Unjournal",evalsumwatertreatment,https://unjournal.pubpub.org/pub/evalsumwatertreatment,,"fail: page.$: Unexpected token ""="" while parsing css selector ""a:has-text(""MD""), button:has-text(""MD""), [role=""menuitem""]:has-text(""MD""), text=MD"". Did you mean to CSS.escape it?",
2025-10-08T22:42:26.963Z,"Evaluation Summary and Metrics: ""A Welfare Analysis of Policies Impacting Climate Change"" · The Unjournal",evalsumwelfareclimatechange,https://unjournal.pubpub.org/pub/evalsumwelfareclimatechange,,"fail: page.$: Unexpected token ""="" while parsing css selector ""a:has-text(""MD""), button:has-text(""MD""), [role=""menuitem""]:has-text(""MD""), text=MD"". Did you mean to CSS.escape it?",
2025-10-08T22:42:35.934Z,"Evaluation Summary and Metrics: ""A Welfare Analysis of Policies Impacting Climate Change"" · The Unjournal",evalsumwelfareclimatechange,https://unjournal.pubpub.org/pub/evalsumwelfareclimatechange/release/1,,"fail: page.$: Unexpected token ""="" while parsing css selector ""a:has-text(""MD""), button:has-text(""MD""), [role=""menuitem""]:has-text(""MD""), text=MD"". Did you mean to CSS.escape it?",
2025-10-08T22:42:43.705Z,"Evaluation Summary and Metrics: ""A Welfare Analysis of Policies Impacting Climate Change"" · The Unjournal",evalsumwelfareclimatechange,https://unjournal.pubpub.org/pub/evalsumwelfareclimatechange/release/2,,"fail: page.$: Unexpected token ""="" while parsing css selector ""a:has-text(""MD""), button:has-text(""MD""), [role=""menuitem""]:has-text(""MD""), text=MD"". Did you mean to CSS.escape it?",
2025-10-08T22:42:52.865Z,"Evaluation Summary and Metrics: ""Zero-Sum Thinking, the Evolution of Effort-Suppressing Beliefs, and Economic Development"" · The Unjournal",evalsumzerosumthinking,https://unjournal.pubpub.org/pub/evalsumzerosumthinking,,"fail: page.$: Unexpected token ""="" while parsing css selector ""a:has-text(""MD""), button:has-text(""MD""), [role=""menuitem""]:has-text(""MD""), text=MD"". Did you mean to CSS.escape it?",
2025-10-08T22:43:02.778Z,Evaluation 3 of “Advance Market Commitments: Insights from Theory and Experience” by Joel Tan · The Unjournal,evaltan,https://unjournal.pubpub.org/pub/evaltan,,"fail: page.$: Unexpected token ""="" while parsing css selector ""a:has-text(""MD""), button:has-text(""MD""), [role=""menuitem""]:has-text(""MD""), text=MD"". Did you mean to CSS.escape it?",
2025-10-08T22:43:12.429Z,Evaluation 2 of “Advance Market Commitments: Insights from Theory and Experience” by Dan Tortorice · The Unjournal,evaltortorice,https://unjournal.pubpub.org/pub/evaltortorice,,"fail: page.$: Unexpected token ""="" while parsing css selector ""a:has-text(""MD""), button:has-text(""MD""), [role=""menuitem""]:has-text(""MD""), text=MD"". Did you mean to CSS.escape it?",
2025-10-08T22:43:22.264Z,Evaluation Summary and Metrics: 'The Benefits and Costs of Guest Worker Programs: Experimental Evidence from the India-UAE Migration Corridor' · The Unjournal,guest,https://unjournal.pubpub.org/pub/guest,,"fail: page.$: Unexpected token ""="" while parsing css selector ""a:has-text(""MD""), button:has-text(""MD""), [role=""menuitem""]:has-text(""MD""), text=MD"". Did you mean to CSS.escape it?",
2025-10-08T22:43:31.267Z,Evaluation 1 of “The Benefits and Costs of Guest Worker Programs: Experimental Evidence from the India-UAE Migration Corridor” for The Unjournal. · The Unjournal,guesteval1,https://unjournal.pubpub.org/pub/guesteval1,,"fail: page.$: Unexpected token ""="" while parsing css selector ""a:has-text(""MD""), button:has-text(""MD""), [role=""menuitem""]:has-text(""MD""), text=MD"". Did you mean to CSS.escape it?",
2025-10-08T22:43:40.682Z,"Evaluation 2 of ""The Benefits and Costs of Guest Worker Programs: Experimental Evidence from the India-UAE Migration Corridor"" · The Unjournal",guesteval2,https://unjournal.pubpub.org/pub/guesteval2,,"fail: page.$: Unexpected token ""="" while parsing css selector ""a:has-text(""MD""), button:has-text(""MD""), [role=""menuitem""]:has-text(""MD""), text=MD"". Did you mean to CSS.escape it?",
2025-10-08T22:43:49.779Z,Evaluation summary and metrics: “Money (Not) to Burn: Payments for Ecosystem Services to Reduce Crop Residue Burning” · The Unjournal,jackevalsum,https://unjournal.pubpub.org/pub/jackevalsum,,"fail: page.$: Unexpected token ""="" while parsing css selector ""a:has-text(""MD""), button:has-text(""MD""), [role=""menuitem""]:has-text(""MD""), text=MD"". Did you mean to CSS.escape it?",
2025-10-08T22:43:59.093Z,"Evaluation Summary and Metrics: ""Does the Squeaky Wheel Get More Grease? The Direct and Indirect Effects of Citizen Participation on Environmental Governance in China"" · The Unjournal",jq95bapl,https://unjournal.pubpub.org/pub/jq95bapl,,"fail: page.$: Unexpected token ""="" while parsing css selector ""a:has-text(""MD""), button:has-text(""MD""), [role=""menuitem""]:has-text(""MD""), text=MD"". Did you mean to CSS.escape it?",
2025-10-08T22:44:08.211Z,"Authors’ response to Unjournal evaluations of ""Legalizing Entrepreneurship"" · The Unjournal",legalizingar,https://unjournal.pubpub.org/pub/legalizingar,,"fail: page.$: Unexpected token ""="" while parsing css selector ""a:has-text(""MD""), button:has-text(""MD""), [role=""menuitem""]:has-text(""MD""), text=MD"". Did you mean to CSS.escape it?",
2025-10-08T22:44:17.862Z,"Evaluation 1 of ""Legalizing Entrepreneurship"" · The Unjournal",legalizingentrepreneurshipe1,https://unjournal.pubpub.org/pub/legalizingentrepreneurshipe1,,"fail: page.$: Unexpected token ""="" while parsing css selector ""a:has-text(""MD""), button:has-text(""MD""), [role=""menuitem""]:has-text(""MD""), text=MD"". Did you mean to CSS.escape it?",
2025-10-08T22:44:27.305Z,"Evaluation 2 of ""Legalizing Entrepreneurship"" · The Unjournal",legalizingentrepreneurshipe2,https://unjournal.pubpub.org/pub/legalizingentrepreneurshipe2,,"fail: page.$: Unexpected token ""="" while parsing css selector ""a:has-text(""MD""), button:has-text(""MD""), [role=""menuitem""]:has-text(""MD""), text=MD"". Did you mean to CSS.escape it?",
2025-10-08T22:44:36.696Z,"Evaluation Summary and Metrics: ""Legalizing Entrepreneurship"" · The Unjournal",legalizingentrepreneurshipevalsum,https://unjournal.pubpub.org/pub/legalizingentrepreneurshipevalsum,,"fail: page.$: Unexpected token ""="" while parsing css selector ""a:has-text(""MD""), button:has-text(""MD""), [role=""menuitem""]:has-text(""MD""), text=MD"". Did you mean to CSS.escape it?",
2025-10-08T22:44:46.642Z,"Authors' response to The Unjournal's evaluations of ""The Environmental Effects of Economic Production: Evidence from Ecological Observations"" · The Unjournal",liangetalauthorresponse,https://unjournal.pubpub.org/pub/liangetalauthorresponse,,"fail: page.$: Unexpected token ""="" while parsing css selector ""a:has-text(""MD""), button:has-text(""MD""), [role=""menuitem""]:has-text(""MD""), text=MD"". Did you mean to CSS.escape it?",
2025-10-08T22:44:56.096Z,Evaluation 1 of “The Environmental Effects of Economic Production: Evidence from Ecological Observations” for The Unjournal · The Unjournal,liangetaleval1,https://unjournal.pubpub.org/pub/liangetaleval1,,"fail: page.$: Unexpected token ""="" while parsing css selector ""a:has-text(""MD""), button:has-text(""MD""), [role=""menuitem""]:has-text(""MD""), text=MD"". Did you mean to CSS.escape it?",
2025-10-08T22:45:06.389Z,Evaluation 2 (anon.) of “The Environmental Effects of Economic Production: Evidence from Ecological Observations” for The Unjournal · The Unjournal,liangetaleval2,https://unjournal.pubpub.org/pub/liangetaleval2,,"fail: page.$: Unexpected token ""="" while parsing css selector ""a:has-text(""MD""), button:has-text(""MD""), [role=""menuitem""]:has-text(""MD""), text=MD"". Did you mean to CSS.escape it?",
2025-10-08T22:45:15.707Z,Evaluation Summary and Metrics: “The Environmental Effects of Economic Production: Evidence from Ecological Observations” · The Unjournal,liangevalsum,https://unjournal.pubpub.org/pub/liangevalsum,,"fail: page.$: Unexpected token ""="" while parsing css selector ""a:has-text(""MD""), button:has-text(""MD""), [role=""menuitem""]:has-text(""MD""), text=MD"". Did you mean to CSS.escape it?",
2025-10-08T22:45:24.860Z,"Author's response to Unjournal evaluations of “Replicability & Generalisability: A Guide to CEA discounts"" · The Unjournal",nx3yjkdm,https://unjournal.pubpub.org/pub/nx3yjkdm,,"fail: page.$: Unexpected token ""="" while parsing css selector ""a:has-text(""MD""), button:has-text(""MD""), [role=""menuitem""]:has-text(""MD""), text=MD"". Did you mean to CSS.escape it?",
2025-10-08T22:45:31.742Z,Not Found · The Unjournal,om61yr2g,https://unjournal.pubpub.org/pub/om61yr2g,,fail: Download menu not found,
2025-10-08T22:45:40.792Z,Authors’ response to Unjournal evaluations of “Intergenerational Child Mortality Effects of Deworming: Experimental Evidence from Two Decades of the Kenya Life Panel Survey.” · The Unjournal,oz1qj6ro,https://unjournal.pubpub.org/pub/oz1qj6ro,,"fail: page.$: Unexpected token ""="" while parsing css selector ""a:has-text(""MD""), button:has-text(""MD""), [role=""menuitem""]:has-text(""MD""), text=MD"". Did you mean to CSS.escape it?",
2025-10-08T22:45:49.975Z,Authors’ response to Unjournal evaluations of “Intergenerational Child Mortality Effects of Deworming: Experimental Evidence from Two Decades of the Kenya Life Panel Survey.” · The Unjournal,oz1qj6ro,https://unjournal.pubpub.org/pub/oz1qj6ro/release/1,,"fail: page.$: Unexpected token ""="" while parsing css selector ""a:has-text(""MD""), button:has-text(""MD""), [role=""menuitem""]:has-text(""MD""), text=MD"". Did you mean to CSS.escape it?",
2025-10-08T22:45:58.809Z,Authors’ response to Unjournal evaluations of “Intergenerational Child Mortality Effects of Deworming: Experimental Evidence from Two Decades of the Kenya Life Panel Survey.” · The Unjournal,oz1qj6ro,https://unjournal.pubpub.org/pub/oz1qj6ro/release/2,,"fail: page.$: Unexpected token ""="" while parsing css selector ""a:has-text(""MD""), button:has-text(""MD""), [role=""menuitem""]:has-text(""MD""), text=MD"". Did you mean to CSS.escape it?",
2025-10-08T22:46:06.447Z,Authors’ response to Unjournal evaluations of “Intergenerational Child Mortality Effects of Deworming: Experimental Evidence from Two Decades of the Kenya Life Panel Survey.” · The Unjournal,oz1qj6ro,https://unjournal.pubpub.org/pub/oz1qj6ro/release/3,,"fail: page.$: Unexpected token ""="" while parsing css selector ""a:has-text(""MD""), button:has-text(""MD""), [role=""menuitem""]:has-text(""MD""), text=MD"". Did you mean to CSS.escape it?",
2025-10-08T22:46:16.123Z,"Authors' response to Unjournal evaluations of ""Long term cost-effectiveness of resilient foods for global catastrophes compared to artificial general intelligence"" · The Unjournal",responseallfed,https://unjournal.pubpub.org/pub/responseallfed,,"fail: page.$: Unexpected token ""="" while parsing css selector ""a:has-text(""MD""), button:has-text(""MD""), [role=""menuitem""]:has-text(""MD""), text=MD"". Did you mean to CSS.escape it?",
2025-10-08T22:46:25.392Z,"Author's response to Unjournal evaluations of ""The animal welfare cost of meat: evidence from a survey of hypothetical scenarios among Belgian consumers"" · The Unjournal",responseanimalwelfarecost,https://unjournal.pubpub.org/pub/responseanimalwelfarecost,,"fail: page.$: Unexpected token ""="" while parsing css selector ""a:has-text(""MD""), button:has-text(""MD""), [role=""menuitem""]:has-text(""MD""), text=MD"". Did you mean to CSS.escape it?",
2025-10-08T22:46:34.289Z,"Author's response to Unjournal evaluations of ""The animal welfare cost of meat: evidence from a survey of hypothetical scenarios among Belgian consumers"" · The Unjournal",responseanimalwelfarecost,https://unjournal.pubpub.org/pub/responseanimalwelfarecost/release/1,,"fail: page.$: Unexpected token ""="" while parsing css selector ""a:has-text(""MD""), button:has-text(""MD""), [role=""menuitem""]:has-text(""MD""), text=MD"". Did you mean to CSS.escape it?",
2025-10-08T22:46:43.143Z,"Author's response to Unjournal evaluations of ""The animal welfare cost of meat: evidence from a survey of hypothetical scenarios among Belgian consumers"" · The Unjournal",responseanimalwelfarecost,https://unjournal.pubpub.org/pub/responseanimalwelfarecost/release/2,,"fail: page.$: Unexpected token ""="" while parsing css selector ""a:has-text(""MD""), button:has-text(""MD""), [role=""menuitem""]:has-text(""MD""), text=MD"". Did you mean to CSS.escape it?",
2025-10-08T22:46:50.806Z,"Author's response to Unjournal evaluations of ""The animal welfare cost of meat: evidence from a survey of hypothetical scenarios among Belgian consumers"" · The Unjournal",responseanimalwelfarecost,https://unjournal.pubpub.org/pub/responseanimalwelfarecost/release/3,,"fail: page.$: Unexpected token ""="" while parsing css selector ""a:has-text(""MD""), button:has-text(""MD""), [role=""menuitem""]:has-text(""MD""), text=MD"". Did you mean to CSS.escape it?",
2025-10-08T22:47:00.509Z,"Evaluation 1 of When do 'Nudges' Increase Welfare?"" · The Unjournal",welfarenudgese1,https://unjournal.pubpub.org/pub/welfarenudgese1,,"fail: page.$: Unexpected token ""="" while parsing css selector ""a:has-text(""MD""), button:has-text(""MD""), [role=""menuitem""]:has-text(""MD""), text=MD"". Did you mean to CSS.escape it?",
2025-10-08T22:47:09.773Z,"Evaluation 2 of ""When do ""Nudges"" Increase Welfare?"" · The Unjournal",welfarenudgese2,https://unjournal.pubpub.org/pub/welfarenudgese2,,"fail: page.$: Unexpected token ""="" while parsing css selector ""a:has-text(""MD""), button:has-text(""MD""), [role=""menuitem""]:has-text(""MD""), text=MD"". Did you mean to CSS.escape it?",
2025-10-08T22:47:19.618Z,"Evaluation Summary and Metrics: ""When do ""Nudges"" Increase Welfare?"" · The Unjournal",welfarenudgesevalsum,https://unjournal.pubpub.org/pub/welfarenudgesevalsum,,"fail: page.$: Unexpected token ""="" while parsing css selector ""a:has-text(""MD""), button:has-text(""MD""), [role=""menuitem""]:has-text(""MD""), text=MD"". Did you mean to CSS.escape it?",
2025-10-08T22:47:28.872Z,"Evaluation Summary and Metrics: ""Long Term Cost-Effectiveness of Resilient Foods for Global Catastrophes Compared to Artificial General Intelligence Safety"" · The Unjournal",y2a1lbzv,https://unjournal.pubpub.org/pub/y2a1lbzv,,"fail: page.$: Unexpected token ""="" while parsing css selector ""a:has-text(""MD""), button:has-text(""MD""), [role=""menuitem""]:has-text(""MD""), text=MD"". Did you mean to CSS.escape it?",
