seed_doi,citing_openalex_id,citing_doi,citing_title,citing_year,citing_authors
10.1016/j.cognition.2021.104941,https://openalex.org/W4408384112,https://doi.org/10.1111/papa.12283,The Freedom of Future People,2025,Andreas T. Schmidt
10.1016/j.cognition.2021.104941,https://openalex.org/W4389135121,https://doi.org/10.5465/amp.2022.0045,A Call to Maximize the Social Impact of Our Research: An Effective Altruism Approach,2023,Samantha Kassirer; Emma Levine; Maryam Kouchaki
10.1016/j.cognition.2021.104941,https://openalex.org/W4414367495,https://doi.org/10.1093/9780191979972.003.0019,How Much Should Governments Pay to Prevent Catastrophes?,2025,Carl Shulman; Elliott Thornley
10.1016/j.cognition.2021.104941,https://openalex.org/W4410496931,https://doi.org/10.1111/phpr.70015,"Axiological pessimism, procreation and collective responsibility",2025,Andrea Sauchelli
10.1016/j.cognition.2021.104941,https://openalex.org/W4402190162,https://doi.org/10.11647/obp.0360.02,2. Democratising Risk,2024,Zoe Cremer; Luke Kemp
10.1016/j.cognition.2021.104941,https://openalex.org/W4388461248,https://doi.org/10.31234/osf.io/nhvz9,The Prospects and Challenges of Measuring Morality,2023,Jessie Sun; Eric Schwitzgebel
10.1016/j.cognition.2021.104941,https://openalex.org/W4390730653,https://doi.org/10.14746/eip.2023.2.9,The Problem with Longtermism,2023,B.V.E. Hyde
10.1016/j.cognition.2021.104941,https://openalex.org/W4324360628,https://doi.org/10.1027/2698-1866/a000036,Introduction and Validation of the Short Antinatalism Scale (S-ANS),2023,Philipp Schoenegger; Maximilian Maier; Rafael Valdece Sousa Bastos
10.1016/j.cognition.2021.104941,https://openalex.org/W4384828075,https://doi.org/10.4324/9781003301424-1,The Experimental Turn in Moral and Political Philosophy,2023,Antonio Gaitán Torres; Fernando Aguiar; Hugo Viciana
10.1016/j.cognition.2021.104941,https://openalex.org/W4398247370,https://doi.org/10.1093/oso/9780197757376.003.0004,Distant Causes and Nearsighted Feelings,2024,Stefan Schubert; Lucius Caviola
10.1016/j.cognition.2021.104941,https://openalex.org/W4402956220,https://doi.org/10.1007/978-3-031-72806-8_3,Public Health,2024,Gabriel Andrade
10.1016/j.ijdrr.2022.102798,https://openalex.org/W4287146880,https://doi.org/10.3389/fbioe.2022.906704,Methane Single Cell Protein: Potential to Secure a Global Protein Supply Against Catastrophic Food Shocks,2022,Juan B. García Martínez; Joshua M. Pearce; James Throup; Jacob Cates; Maximilian Lackner; David Denkenberger
10.1016/j.ijdrr.2022.102798,https://openalex.org/W4407369335,https://doi.org/10.1080/10408398.2024.2431207,Resilient foods for preventing global famine: a review of food supply interventions for global catastrophic food shocks including nuclear winter and infrastructure collapse,2025,Juan B. García Martínez; Jeffray Behr; Joshua M. Pearce; David Denkenberger
10.1016/j.ijdrr.2022.102798,https://openalex.org/W4402739981,https://doi.org/10.1016/j.gfs.2024.100807,Food system adaptation and maintaining trade could mitigate global famine in abrupt sunlight reduction scenarios,2024,M. L. Rivers; Michael Hinge; Kevin Rassool; Simon Blouin; Florian Ulrich Jehn; Juan B. García Martínez; Vasco Amaral Grilo; Victor Jaeck; Ross Tieman; James Mulhall; Talib E. Butt; David Denkenberger
10.1016/j.ijdrr.2022.102798,https://openalex.org/W4400145516,https://doi.org/10.31223/x5mq4r,Food trade disruption after global catastrophes,2024,Florian Ulrich Jehn; Łukasz Gajewski; Johanna Hedlund; Constantin Arnscheidt; Lili Xia; Nico Wunderling; David Denkenberger
10.1016/j.ijdrr.2022.102798,https://openalex.org/W4401252909,https://doi.org/10.1002/cpz1.1110,Nutritional Composition of Post‐Catastrophic Foods,2024,Tara N. Mather; Niroshan Siva; Marjorie Jauregui; Pradip Poudel; Maria Julia de Lima Brossi; Joshua D. Lambert; Francesco Di Gioia; Erin L. Connolly; Charles T. Anderson
10.1016/j.ijdrr.2022.102798,https://openalex.org/W4410451754,https://doi.org/10.1007/s10499-025-01978-x,Seaweed cultivation: a cost-effective strategy for food production in a global catastrophe,2025,Michael Hinge; Vasco Amaral Grilo; Florian Ulrich Jehn; Juan B. García Martínez; Farrah Jasmine Dingal; Michael Y. Roleda; David Denkenberger
10.1016/j.ijdrr.2022.102798,https://openalex.org/W4412995842,https://doi.org/10.1007/s13753-025-00657-y,Resilience Reconsidered: The Need for Modeling Resilience in Food Distribution and Trade Relations in Post Nuclear War Recovery,2025,Christopher Yan-Chak Chan; Giuseppe Dal Prá; Ivy Johnson; Matt Boyd; Ram Eirik Glomseth
10.1016/j.ijdrr.2022.102798,https://openalex.org/W4412549812,https://doi.org/10.5194/esd-16-1053-2025,The state of global catastrophic risk research: a bibliometric review,2025,Florian Ulrich Jehn; John‐Oliver Engler; Constantin W. Arnscheidt; Magdalena Wache; Е. Г. Ильин; Laura Cook; Lalitha Sundaram; Frederic Hanusch; Luke Kemp
10.1016/j.ijdrr.2022.102798,https://openalex.org/W4401276513,https://doi.org/10.31223/x5bx2k,Seaweed Cultivation: A Cost-Effective Strategy for Food Production in a Global Catastrophe,2024,Michael Hinge; Vasco Amaral Grilo; Florian Ulrich Jehn; Juan B. García Martínez; Farrah Jasmine Dingal; Michael Y. Roleda; David Denkenberger
10.1016/j.ijdrr.2022.102798,https://openalex.org/W4378513031,https://doi.org/10.3390/biomass3020011,Yield and Toxin Analysis of Leaf Protein Concentrate from Common North American Coniferous Trees,2023,Maryam Mottaghi; Theresa K. Meyer; Ross Tieman; David Denkenberger; Joshua M. Pearce
10.1016/j.ijdrr.2022.102798,https://openalex.org/W4317402238,https://doi.org/10.20944/preprints202301.0340.v1,Yield and Toxin Analysis of Leaf Protein Concentrate from Common North American Coniferous Trees,2023,Maryam Mottaghi; Theresa K. Meyer; Ross Tieman; David Denkenberger; Joshua M. Pearce
10.1016/j.ijdrr.2022.102798,https://openalex.org/W4396623253,https://doi.org/10.21203/rs.3.rs-4343122/v1,Assessing Global Pandemic Risks from Emerging Infectious Diseases and High Containment Laboratory Leaks: A Country Level Spatial Network SIR Model Analysis,2024,Ross Tieman; Pedro A. Oliboni; Simeon Campos
10.1080/21606544.2022.2138980,https://openalex.org/W4406309120,https://doi.org/10.1016/j.applanim.2025.106519,Smart farming and Artificial Intelligence (AI): how can we ensure that animal welfare is a priority?,2025,Marian Stamp Dawkins
10.1080/21606544.2022.2138980,https://openalex.org/W4395455721,https://doi.org/10.1017/bca.2024.19,Monetizing Animal Welfare Impacts for Benefit–Cost Analysis,2024,Mark Budolfson; Romain Espinosa; Bob Fischer; Nicolas Treich
10.1080/21606544.2022.2138980,https://openalex.org/W4392965496,https://doi.org/10.1111/1467-8489.12560,Beyond anthropocentrism in agricultural and resource economics,2024,Romain Espinosa; Nicolas Treich
10.1080/21606544.2022.2138980,https://openalex.org/W4388242034,https://doi.org/10.1016/j.ecolecon.2023.108025,Animal welfare as a public good,2023,Romain Espinosa; Nicolas Treich
10.1080/21606544.2022.2138980,https://openalex.org/W4405462518,https://doi.org/10.3168/jds.2024-25424,"“The advice? Think bigger”: Community perspectives on dairy farming, including surplus calves – an Australian focus group study",2024,Sarah E. Bolton; Bianca Vandresen; M.A.G. von Keyserlingk
10.1093/ej/uead102,https://openalex.org/W3186769057,https://doi.org/10.1257/pol.20210393,Experimental Evidence on the Effectiveness of Nonexperts for Improving Vaccine Demand,2024,Marcella Alsan; Sarah Eichmeyer
10.1093/ej/uead102,https://openalex.org/W4407185229,https://doi.org/10.1111/1756-2171.12493,The Effects of Advertising Disclosure Regulations on Social Media: Evidence From Instagram,2025,Daniel Ershov; Matthew Mitchell
10.1093/ej/uead102,https://openalex.org/W4409519484,https://doi.org/10.1108/yc-12-2024-2372,Bridging the virtual and real: emotional engagement in virtual influencer endorsements,2025,Haichao Liu; Jia Xu; Kaidong Yu; Jiankun Gong
10.1093/ej/uead102,https://openalex.org/W4404077093,https://doi.org/10.1093/ct/qtae020,Epistemic authority in the digital public sphere. An integrative conceptual framework and research agenda,2024,Anne Bartsch; Christoph Neuberger; Birgit Stark; Veronika Karnowski; Marcus Maurer; Christian Pentzold; Thorsten Quandt; Oliver Quiring; Christian Schemer
10.1093/ej/uead102,https://openalex.org/W4379932748,https://doi.org/10.1257/aeri.20220163,Influence Motives in Social Signaling: Evidence from COVID-19 Vaccinations in Germany,2023,Emilio Esguerra; Leonhard Vollmer; Johannes Wimmer
10.1093/ej/uead102,https://openalex.org/W4409179475,https://doi.org/10.1080/13600818.2025.2487708,Can a legal literacy campaign build citizen trust? A randomized controlled trial in the tribal areas of Pakistan,2025,M. Taha Kasim; Musharraf Cyan; Mark Rider; Bauyrzhan Yedgenov
10.1093/ej/uead102,https://openalex.org/W4409916431,https://doi.org/10.2139/ssrn.5216166,Can Religion and Science Play a Complementary Role in Raising Environmental Awareness?&amp;nbsp;,2025,A.C. Sim; Sarah Gultom; Umair Khalil; Wang-Sheng Lee; Alyas Widita
10.1093/ej/uead102,https://openalex.org/W4400270357,https://doi.org/10.1016/j.socec.2024.102264,Preference for working from home – subjective perceptions of COVID-19 matter more than objective information on occupational exposure to contagion,2024,Piotr Lewandowski; Katarzyna Lipowska; Mateusz Smoter
10.1093/ej/uead102,https://openalex.org/W4402135007,https://doi.org/10.1093/ooec/odae023,Can mass media campaigns increase demand for renewable energy? Experimental evidence from Senegal,2024,Aidan Coville; Víctor Orozco-Olvera; Arndt Reichert
10.1093/ej/uead102,https://openalex.org/W3101870382,https://doi.org/10.2139/ssrn.3678980,Moral Force: Leaders' Actions and Social Distancing,2020,Federico Niccoló Daverio Occhini; María Montoya-Aguirre; L. Guillermo Woo-Mora
10.1093/ej/uead102,https://openalex.org/W4405171213,https://doi.org/10.2139/ssrn.5038789,"""Blue Swift"": Popular Culture Meets Politics &lt;br&gt;",2024,Orestis Troumpounis; Dimitrios Xefteris; Maurizio Zanardi
10.1093/wbro/lkae010,https://openalex.org/W4404064473,https://doi.org/10.1016/s2542-5196(24)00244-4,Removing lead from the global economy,2024,Stephen P. Luby; Jenna E. Forsyth; Zafar Fatmi; Mahbubur Rahman; Jesmin Sultana; Erica L. Plambeck; Nicholas Miller; Eran Bendavid; Peter J. Winch; Howard Hu; Bruce P. Lanphear; Philip J. Landrigan
10.1093/wbro/lkae010,https://openalex.org/W4409734152,https://doi.org/10.1007/s00210-025-04170-3,Reducing lead toxicity with advanced nanotechnology methods,2025,Alireza Ghassemi Toussi; Sadaf Sadat Rafati; Elham Einafshar
10.1093/wbro/lkae010,https://openalex.org/W4413509601,https://doi.org/10.1016/j.gsd.2025.101509,"Preventing lead (Pb) contamination in rural community water systems in LMICs through integrated screening, standards enforcement, and supply chain interventions",2025,Siddhartha Roy; Michael B. Fisher; Solomon Minyila; Zakaria Seidu; Kaida Liang; Aaron Salzberg
10.1093/wbro/lkae010,https://openalex.org/W4409801146,https://doi.org/10.1016/j.envres.2025.121708,"Assessment of Blood Lead Levels in 2-7 Year-Old Children in Poti, Georgia, 2023: A Pilot Study of Environmental Lead Exposure Sources",2025,Milena Bainduri; Helen Crabbe; Tim Marczylo; Debapriya Mondal; Ayoub Saei; Khatuna Akhalaia; Aelita Sargsyan; Irma Khonelidze; Robizon Tsiklauri; Adam Laycock; Tamar Jankhoteli; Ekaterine Ruadze
10.1111/conl.13077,https://openalex.org/W4408244017,https://doi.org/10.1098/rsos.240952,"Exploring media representation of the exotic pet trade, with a focus on welfare: taxonomic, framing and language biases in peer-reviewed publications and newspaper articles",2025,Jon Bielby; Gail E. Austen; Kirsten M. McMillan; Shannen Wafflart
10.1111/conl.13077,https://openalex.org/W4407115975,https://doi.org/10.1016/j.onehlt.2025.100988,Disease outbreak in wildlife changes online sales of management items,2025,Tomohiko Endo; Shinya Uryu; Keita Fukasawa; Jiefeng Kang; Takahiro Kubo
10.1111/conl.13077,https://openalex.org/W4411606177,https://doi.org/10.21203/rs.3.rs-6952931/v1,Investigating the Land Hermit Crab Trade in Physical Pet Shops Across Three Asian Countries: Implications for Conservation Management,2025,Chia‐Hsuan Hsu; Shi‐Sheng Liu; Sin-Tung Choi; Tzu‐Pi Chen; Bao-Min Gan; Wei‐Ting Chen; Takahiro Kubo
10.1111/conl.13077,https://openalex.org/W4411852421,https://doi.org/10.1098/rspb.2025.0471,Weak compliance with Nigeria’s wildlife trade ban imposed to curb mpox spillovers,2025,Charles A. Emogor; Andrew Balmford; Daniel J. Ingram; Omini B. Iferi; Inaoyom Imong; Dominic S. Ogu; Lauren Coad
10.1111/conl.13077,https://openalex.org/W4412419513,https://doi.org/10.1016/j.biocon.2025.111318,Market patterns within Indonesia's songbird trade,2025,Karlina Indraswari; Sicily Fiennes; Phillip Cassey; Ganjar Cahyadi; Richard Noske; Fattreza Ihsan; Connie Susilawati; Chris R. Shepherd; Duan Biggs; Clevo Wilson
10.1111/conl.13077,https://openalex.org/W4412634333,https://doi.org/10.1007/s13280-025-02221-w,Online trade of wild game meat: Implications for public health and conservation,2025,Tomohiko Endo; Kota Mameno; Takahiro Kubo
10.1111/conl.13077,https://openalex.org/W4413618701,https://doi.org/10.1111/conl.13122,The Eel Market Extinction Vortex,2025,Miguel Clavero; Francisco Blanco‐Garrido; Estibaliz Díaz; Virgilio Hermoso
10.1111/conl.13077,https://openalex.org/W4414201837,https://doi.org/10.3897/natureconservation.59.142085,"Difference in sale strategies drive spatial heterogeneity in collection pressure through online auctions: the role of body colour variation in the Japanese freshwater crabs, Geothelphusa dehaani species complex",2025,Taiga Kunishima
10.1111/conl.13077,https://openalex.org/W4414299865,https://doi.org/10.1016/j.jnc.2025.127098,Investigating the land hermit crab trade in physical pet shops across three Asian Countries: Implications for conservation management,2025,Chia‐Hsuan Hsu; Shi‐Sheng Liu; Sin-Tung Choi; Tzu‐Pi Chen; Bao-Min Gan; Wei‐Ting Chen; Takahiro Kubo
10.1257/aer.20221215,https://openalex.org/W4403366022,https://doi.org/10.1016/j.techfore.2024.123821,The impact of artificial intelligence on green technology cycles in China,2024,Tong Fu; Zhaoxuan Qiu; Xiangyang Yang; Zijun Li
10.1257/aer.20221215,https://openalex.org/W4401380139,https://doi.org/10.1016/j.eneco.2024.107822,Unveiling the impact of public data access on collaborative reduction of pollutants and carbon emissions: Evidence from open government data policy,2024,Desheng Wu; Yu Xie
10.1257/aer.20221215,https://openalex.org/W4408140079,https://doi.org/10.1016/j.irfa.2025.104024,The impact of green finance on debt financing costs from the perspective of strategic corporate signaling behavior—Evidence from China,2025,Shuangyan Li; Zehua Chen; Yu Diao; Chen Zeming
10.1257/aer.20221215,https://openalex.org/W4399183058,https://doi.org/10.1016/j.jeem.2024.103016,Centralization of environmental administration and air pollution: Evidence from China,2024,Jidong Chen; Xinzheng Shi; Ming‐ang Zhang; Sihan Zhang
10.1257/aer.20221215,https://openalex.org/W4399497164,https://doi.org/10.1016/j.jclepro.2024.142825,Does public environmental concern cause pollution transfer? Evidence from Chinese firms' off-site investments,2024,Zhiwei Wang; Hui Sun; Chenxin Ding; Xianfeng Zhang
10.1257/aer.20221215,https://openalex.org/W4406291841,https://doi.org/10.1016/j.scs.2025.106144,"Construction of big data comprehensive pilot zones, new quality productive forces and transformation of watershed resource–based cities: Double machine learning approach",2025,Zhou Jian-ping; Guo Jianxin; Weixiang Xu
10.1257/aer.20221215,https://openalex.org/W4406978633,https://doi.org/10.1016/j.econmod.2025.107025,How does Energy Quota Trading Affect the Corporate Pollution Gap? Evidence from China,2025,Zhaoxuan Qiu; Jincheng Li; Bei Liu; Meilin Jin; Jinmin Wang
10.1257/aer.20221215,https://openalex.org/W4407386785,https://doi.org/10.1016/j.eap.2025.02.015,Does Institutional Investors’ Environmental Attention Influence Corporate Environmental Investment?,2025,Qiong Wu; Tingting Xie; Jing Lu
10.1257/aer.20221215,https://openalex.org/W4409182656,https://doi.org/10.1073/pnas.2406761122,Transparency by Chinese cities reduces pollution violations and improves air quality,2025,Mengdi Liu; Mark Buntaine; Sarah E. Anderson; Bing Zhang
10.1257/aer.20221215,https://openalex.org/W4409547856,https://doi.org/10.1108/cfri-09-2024-0582,Impact of online opinions: Do retail investor concerns inhibit corporate green investment intentions?,2025,Hongjie Zhang; Feng He; Taoyuan Wei; Yingming Zhu; Yao Zhang; Lili Yan
10.1257/aer.20221215,https://openalex.org/W4398194624,https://doi.org/10.1016/j.jenvman.2024.121216,The impact of public demands on local environmental governance performance: Evidence from civil environmental complaints placed on leaders at different government levels in China,2024,Tianyu Wei; Ming Chen; Feiran Wang; Shulei Cheng
10.1257/aer.20221215,https://openalex.org/W4402159227,https://doi.org/10.1016/j.chieco.2024.102254,Pollution haven or pollution halo? Testing direct and spillover effects of FDI,2024,Xunyong Xiang; R Liu; Wenjie Luo
10.1257/aer.20221215,https://openalex.org/W4394619986,https://doi.org/10.1016/j.chieco.2024.102168,Information disclosure and public participation in environmental management: Evidence from the river chief system in China,2024,Yazhou Liu; Yunqian Cheng; Tianshu Li; Jinlan Ni; Stephen Norman
10.1257/aer.20221215,https://openalex.org/W4399506177,https://doi.org/10.1016/j.jeem.2024.103029,Poverty or pollution: The environmental cost of E-commerce for poverty reduction in China,2024,Wenqi Duan; Mingming Jiang; Jianhong Qi
10.1257/aer.20221215,https://openalex.org/W4403140445,https://doi.org/10.1016/j.jeem.2024.103066,"Information, incentives, and environmental governance: Evidence from China’s ambient air quality standards",2024,Pei Li; Yi Lu; Peng Lü; Wang Jin
10.1257/aer.20221215,https://openalex.org/W4407830135,https://doi.org/10.1002/eet.2152,Institutional Design of Collaborative Water Governance: The River Chief System in China,2025,Xiaomeng Zhou; Yanliu Lin; Pieter Hooimeijer; Jochen Monstadt
10.1257/aer.20221215,https://openalex.org/W4408220719,https://doi.org/10.3390/su17052270,The Mediating Role of Gender Equality Awareness on the Environmental Willingness to Pay: An Analysis Based on CGSS2021 Data,2025,Jing Ren; Chuntian Lu; Long Niu
10.1257/aer.20221215,https://openalex.org/W4408286980,https://doi.org/10.1016/j.jeem.2025.103150,The political economy of ratchet effect: Evidence from China’s environmental regulation,2025,Guangyu Cao; Xi Weng; Mingwei Xu; Lian Zhou
10.1257/aer.20221215,https://openalex.org/W4400486391,https://doi.org/10.1016/j.jclepro.2024.143118,Resource-Based Transformation and Urban Resilience Promotion: Evidence from Firms’ Carbon Emissions Reductions in China,2024,Shilan Feng; Bingrui Gao; Ya Tan; Kaiyuan Xiao; Yingjia Zhai
10.1257/aer.20221215,https://openalex.org/W4404436599,https://doi.org/10.1016/j.iref.2024.103726,Greening through ESG: Do ESG ratings improve corporate environmental performance in China?,2024,Hua Zhang; Jie Lai
10.1257/aer.20221215,https://openalex.org/W4396780696,https://doi.org/10.1146/annurev-environ-112321-082450,Communication and Deliberation for Environmental Governance,2024,James T. Erbaugh; Charlotte H. Chang; Yuta J. Masuda; Jesse Ribot
10.1257/aer.20221215,https://openalex.org/W4401833525,https://doi.org/10.1016/j.iref.2024.103537,Research on the impact of environmental regulation on enterprise high-quality development,2024,Xue Ru; Fangjie Si; Pengfei Lei
10.1257/aer.20221215,https://openalex.org/W4405833236,https://doi.org/10.1016/j.eneco.2024.108161,Harnessing supply chain digital innovation for enhanced corporate environmental practices and sustainable growth,2024,Ying Liu; Hongyun Huang; William Mbanyele; Xin Li; Tomas Baležentis
10.1257/aer.20221215,https://openalex.org/W4410640684,https://doi.org/10.1016/j.scs.2025.106468,The Double-Edged Effect of Social Media in the Collaborative Governance of PPP Projects from a Value Perception Perspective,2025,Zehui Bu; Jicai Liu; Jiaqi Liu
10.1257/aer.20221215,https://openalex.org/W4403024371,https://doi.org/10.1016/j.ecolecon.2024.108411,The diverse impacts of democracy on greenhouse gas emissions,2024,Yacov Tsur
10.1257/aer.20221215,https://openalex.org/W4403351993,https://doi.org/10.1016/j.worlddev.2024.106802,Traditional clans and environmental governance: Evidence from China,2024,Congming Ding; Zhiyuan Chen; Qiucen Ma
10.1257/aer.20221215,https://openalex.org/W4406792585,https://doi.org/10.1016/j.eiar.2025.107836,Does the regional environmental supervision policy halt pollution? Evidence from the exit of high-pollution enterprises in China,2025,Chuanwang Sun; Zhehong Xu
10.1257/aer.20221215,https://openalex.org/W4411301610,https://doi.org/10.1016/j.eiar.2025.108037,Improving the data quality of CO2 continuous emissions monitoring systems: In the context of China's emissions trading scheme,2025,Yi Song; Xiaohu Luo; Yanqiu Lu; Jingya Qian; Wei Zhang; Liangke Liu; Junling Huang; Xiaolu Zhao; Da Zhang
10.1257/aer.20221215,https://openalex.org/W4401973800,https://doi.org/10.1111/acfi.13327,Environmental information disclosure and corporate financial performance: Evidence from China,2024,Xinyue Fan; Zishen Tang; Yelin Fu; Jiayi Yan
10.1257/aer.20221215,https://openalex.org/W4403312084,https://doi.org/10.1016/j.ribaf.2024.102617,Going green with digital media attention: Evidence from Chinese A-share listed companies’ environmental performance,2024,Xin Liu; Hui Xu
10.1257/aer.20221215,https://openalex.org/W4401820980,https://doi.org/10.1057/s41599-024-03539-8,How does civilization promote happiness? Insights from the Civilized Cities Program in China,2024,Penghu Zhu; Yingying Hu; Ning Zhang
10.1257/aer.20221215,https://openalex.org/W4404420236,https://doi.org/10.1111/1467-8551.12878,Common Institutional Ownership and Corporate Carbon Emissions,2024,Qiang Ji; Lei Lei; Geoffrey Wood; Dayong Zhang
10.1257/aer.20221215,https://openalex.org/W4400653168,https://doi.org/10.1111/ajae.12484,Regulatory decentralization and food safety: evidence from China,2024,Wen Lin; Jiangyuan Liang
10.1257/aer.20221215,https://openalex.org/W4405395443,https://doi.org/10.1016/j.cie.2024.110791,Research on incentive strategies and cost-sharing mechanisms for cross-regional pollution control,2024,Min Song; Yongzeng Lai; Lin Li
10.1257/aer.20221215,https://openalex.org/W4318712165,https://doi.org/10.2139/ssrn.4328692,"Internalizing Externalities: Disclosure Regulation for Hydraulic Fracturing, Drilling Activity and Water Quality",2023,Pietro Bonetti; Christian Leuz; Giovanna Michelon
10.1257/aer.20221215,https://openalex.org/W4409422979,https://doi.org/10.1016/j.eneco.2025.108486,How does environmental disclosure impede regional carbon emissions? Insights from extensive and intensive margins,2025,Zhijiu Yang; Fusuo Zhang; Zhenzhong Zeng; Haijun Xu; Mengxu Li
10.1257/aer.20221215,https://openalex.org/W4409429742,https://doi.org/10.1016/j.chieco.2025.102414,Greening through finance? Based on the dual perspective of external constraints and internal governance,2025,Xiaomeng Zhao; Yinna Chen; Jiaming Wang
10.1257/aer.20221215,https://openalex.org/W4410200627,https://doi.org/10.1016/j.eap.2025.05.015,The Impact of Green Finance Reform on Firms' Patent Quality:An Empirical Study from Chinese Listed Manufacturing Firms,2025,Ge Zhang; Bingnan Guo
10.1257/aer.20221215,https://openalex.org/W4411593122,https://doi.org/10.1016/j.econmod.2025.107200,Public engagement and green innovation: Evidence from China's heavy-polluting enterprises,2025,Haojie Wu; Weihua Qu
10.1257/aer.20221215,https://openalex.org/W4412068536,https://doi.org/10.2139/ssrn.5338471,Digital Monitoring Technology and Air Quality: Evidence from the People’s Republic of China,2025,Pinghan Liang; Yan Lou; Shu Tian
10.1257/aer.20221215,https://openalex.org/W4412951127,https://doi.org/10.1007/s10668-025-06585-7,Mitigating local resistance to environmental projects: a technological compensation approach using evolutionary game theory,2025,Ruijia Yang; Jiansong Tang; Yong Sun
10.1257/aer.20221215,https://openalex.org/W4412993328,https://doi.org/10.2139/ssrn.5379765,The Shapeshifting Hat: Asymmetric Response to Fiscal and Political Incentives of Chinese National Poor Counties,2025,Jianhao Lin; Tingwei Luo; Wenbiao Sha; Jiasong Xie
10.1257/aer.20221215,https://openalex.org/W4413449689,https://doi.org/10.1016/j.jeem.2025.103221,Public environmental complaints and regulatory intensity,2025,Jiaqi Zhang; Robert Elliott; Bing Zhang; Mengdi Liu
10.1257/aer.20221215,https://openalex.org/W4414339962,https://doi.org/10.1016/j.telpol.2025.103069,Synergy or conflict: Can E-government policy mixes drive environmental improvements? Evidence from China's multi-pilot quasi-experiment,2025,Jianxian Wu
10.1257/aer.20221215,https://openalex.org/W4406176389,https://doi.org/10.1080/00036846.2024.2449205,"Environmental regulation, air pollution and household well-being: evidence from China’s key region policy",2025,Jintao Fu
10.1257/aer.20221215,https://openalex.org/W4407255133,https://doi.org/10.2139/ssrn.5064030,Represent you and Awaken you: Regulatory Minority Shareholder and Corporate Environmental Information Disclosure,2025,Maobin Wang; Tao Ye; Teng Zhong
10.1257/aer.20221215,https://openalex.org/W4407344084,https://doi.org/10.21203/rs.3.rs-5962762/v1,Does Social Trust weaken the information rent-seeking of environmental responsibility?,2025,Xiaoyu Chen; Xinyi Lv
10.1257/aer.20221215,https://openalex.org/W4409055146,https://doi.org/10.1016/j.asieco.2025.101924,The Health Effect of the Clean Energy Transition on Middle-aged and Elderly Farmers: Evidence from Clean Heating Program in China,2025,Fanlue Li; Ke He; Run Zhu
10.1257/aer.20221215,https://openalex.org/W4409097193,https://doi.org/10.1016/j.chieco.2025.102402,"Trade-linked pandemic, enforcement gap, and pollution",2025,Huanhuan Wang; Zhiqiang Zhang; Xiaoxue Zhao
10.1257/aer.20221215,https://openalex.org/W4410092666,https://doi.org/10.1080/00036846.2025.2500704,Special economic zones upgrading and carbon emission reduction: firm-level evidence from China,2025,Xinze Li; Jiayin Zhu; Zhirong Zheng; Zuoxiang Zhao
10.1257/aer.20221215,https://openalex.org/W4410613875,https://doi.org/10.1515/ajle-2025-2004,Constraints in the Economic Analysis of Law in China,2025,Xiaoping Wu HKU; John Zhuang Liu HKU
10.1257/aer.20221215,https://openalex.org/W4411136163,https://doi.org/10.1016/j.igd.2025.100253,The impacts of community grants on green innovation,2025,Junming Chen; Jiashun Huang
10.1257/aer.20221215,https://openalex.org/W4411140085,https://doi.org/10.1016/j.sftr.2025.100839,Impact of Public Environmental Participation on Air Pollution Control: A Dual Examination of We-Media Attention and Government Environmental Regulation,2025,Pingping Ma; Ming Zhang; Yan Song
10.1257/aer.20221215,https://openalex.org/W4411183423,https://doi.org/10.3390/su17125352,Can Public Environmental Concern Drive Changes in Residents’ Green Consumption Behavior?,2025,Jing Zhao; Yaya Li; Tian Wu; Wen Jiang
10.1257/aer.20221215,https://openalex.org/W4411224961,https://doi.org/10.1016/j.forpol.2025.103541,Cities that breathe: Quantifying carbon emission reductions through forest city designation,2025,Jianxian Wu
10.1257/aer.20221215,https://openalex.org/W4411598375,https://doi.org/10.2139/ssrn.5314356,The Governance Role of Investor Communications: Evidence from a Field Experiment,2025,Xu Chen; Jing Xie; Bohui Zhang; Xiaofeng Zhao
10.1257/aer.20221215,https://openalex.org/W4411622187,https://doi.org/10.1093/ijlct/ctaf072,Knowledge-driven green cognition: the impact of enterprise innovation in sustainable development performance,2025,Chao Yin; Peibiao Liu
10.1257/aer.20221215,https://openalex.org/W4411660332,https://doi.org/10.1016/j.eap.2025.06.034,Boom from Green: The Potential Policy Effects of China’s National Forest City Construction on Tourism,2025,Bingqian Tu; Ru Yan; Jingqi Dang
10.1257/aer.20221215,https://openalex.org/W4411698123,https://doi.org/10.1080/00036846.2025.2519956,The impact of intelligent manufacturing on industrial pollution: firm-level evidence from China,2025,Wang Wen; Yingxue Sun; Zhichen Huang
10.1257/aer.20221215,https://openalex.org/W4411869301,https://doi.org/10.2139/ssrn.5330994,Selective Accountability: Information-Based Regulations and Environmental Disparities,2025,Yile Jiang; F. T. Wu
10.1257/aer.20221215,https://openalex.org/W4412476253,https://doi.org/10.1177/00208523251352723,e-Government development and environmental performance: Unravelling the dual mediation of regulatory enforcement and citizen participation in China,2025,Dongmei Mu; Xueping Liang; Daifu Yang
10.1257/aer.20221215,https://openalex.org/W4412586074,https://doi.org/10.1002/ise3.70011,Navigating ESG in the Artificial Intelligence Era: Evidence From AI Pilot Zones in China,2025,Yujie Liu; Xilang Shen
10.1257/aer.20221215,https://openalex.org/W4412707360,https://doi.org/10.1016/j.jenvman.2025.126700,From awareness to Action: How climate attention drives the low-carbon transition in Chinese agriculture,2025,Yi Shi; Zenghui Li; Li Lin; Huangxin Chen; Linjie Feng; Wencong Lu
10.1257/aer.20221215,https://openalex.org/W4412818417,https://doi.org/10.1017/als.2025.10010,A Genuine Empowerment or Continued Authority Enhancement? Dynamic Relationships of Community Organisations with the State in Chinese Environmental Justice,2025,Jize Jiang
10.1257/aer.20221215,https://openalex.org/W4412824362,https://doi.org/10.2139/ssrn.5375361,Automatic Air Quality Monitoring and “Unintended” Water Pollution: Evidence from China,2025,Jingbing Feng; Wei Huang; Russell Smyth; Yao Yao
10.1257/aer.20221215,https://openalex.org/W4412867566,https://doi.org/10.1016/j.eneco.2025.108796,Pollution information and intercity investment flows: Evidence from China's air quality monitoring program,2025,X. Liu; Yinhe Liang
10.1257/aer.20221215,https://openalex.org/W4412907353,https://doi.org/10.2139/ssrn.5377988,"Value, Values, and Opportunities in Corporate Environmental Practices",2025,Deqiu Chen; Haijiang Li; Yujing Ma; Roni Michaely
10.1257/aer.20221215,https://openalex.org/W4413128463,https://doi.org/10.1080/16081625.2025.2546315,Population aging and firm productivity: evidence from China,2025,Weizhu Hou; Tao Tao; Limei Yang; Bo Zhang
10.1257/aer.20221215,https://openalex.org/W4413812201,https://doi.org/10.1016/j.enpol.2025.114851,Can digital environmental monitoring alleviate environmental inequality? Evidence from ambient air quality standards in China,2025,Zhiwei Wang; Xianfeng Zhang; Chenxin Ding; Hui Sun
10.1257/aer.20221215,https://openalex.org/W4414201178,https://doi.org/10.3917/risa.913.0455,Développement de l’e-gouvernement et performance environnementale : dénouer la double médiation de l’application de la réglementation et de la participation des citoyens en Chine,2025,Dongmei Mu; Xueping Liang; Daifu Yang
10.1257/aer.20221215,https://openalex.org/W4414396292,https://doi.org/10.1111/rego.70078,The Expanding Digital Reach of the Chinese State: Digital Governance in China,2025,Genia Kostka; Anton Bogs
10.1257/aer.20221215,https://openalex.org/W4394691687,https://doi.org/10.3390/su16083154,How to Enhance Public Participation in Environmental Governance? Evidence from China,2024,Mingxiao Dai
10.1257/aer.20221215,https://openalex.org/W4396713248,https://doi.org/10.2139/ssrn.4816139,Do Firms Respond to Calls for Environmental Improvements made by Retail Investors?,2024,T.J. Wong; Gwen Yu; Shubo Zhang; Tianyu Zhang
10.1257/aer.20221215,https://openalex.org/W4402218299,https://doi.org/10.1016/j.eneco.2024.107888,Unintended effects of tax-sharing adjustments on firms' pollution emissions: Evidence from China,2024,Yanyan Shen; Feng Guo; Zhen Li
10.1257/aer.20221215,https://openalex.org/W4402306450,https://doi.org/10.1016/j.chieco.2024.102271,Does survey mode matter? An experimental evaluation of data quality in China,2024,Shihan Feng; Feng Huang
10.1257/aer.20221215,https://openalex.org/W4402658336,https://doi.org/10.1016/j.igd.2024.100178,Does environmental decentralization promote corporate ESG performance? Evidence from China,2024,Jinli Wang
10.1257/aer.20221215,https://openalex.org/W4403842278,https://doi.org/10.3390/land13111762,"Cultural, Economic, or Transport Link: Does Carbon Emissions Trading Promote “Good Neighbor” Carbon Emission Reduction?",2024,Chong Zhuo; Yaobin Liu; Ling Dai; Yi Deng
10.1257/aer.20221215,https://openalex.org/W4404085285,https://doi.org/10.3389/fenvs.2024.1486855,Effect of green trade barriers on export enterprise green technological innovation from the perspective of the low-carbon city pilot policy,2024,Pei Xu; Jin Ze-hu; Xianghua Wu
10.1257/aer.20221215,https://openalex.org/W4404292529,https://doi.org/10.3389/fsufs.2024.1496017,The influence of public environmental concern on the rural living environment in China,2024,Wenguang Zhang; Qinlei Jing; Ji Lu
10.1257/aer.20221215,https://openalex.org/W4390017260,https://doi.org/10.2139/ssrn.4656780,Pricing the Priceless: The Cost of Biodiversity Conservation,2023,Fukang Chen; Minhao Chen; Haoyu Gao
10.1257/aer.20221215,https://openalex.org/W4402026331,https://doi.org/10.1080/01900692.2024.2393338,Assessing the Effectiveness of Air Pollution Control Policy Mixes: A Case from China,2024,Jin Xiao; Yixin Dai
10.1257/aer.20221215,https://openalex.org/W4402535775,https://doi.org/10.1016/j.jclepro.2024.143658,The Effects of Up-down Political Inspection on Bottom-up Public Complaints in China,2024,Jinchi Dong; Miaomiao Liu; Wei Zhang; Hongqiang Jiang; Wang Jinnan; Bing Zhang; Ye Shu; Li Sun; Jun Bi
10.1257/aer.20221215,https://openalex.org/W4403596829,https://doi.org/10.1080/09644016.2024.2415824,"Internet usage, environmental knowledge, and the surge of air pollution concern in China",2024,Shiwei Fan
10.1257/aer.20221215,https://openalex.org/W4403635444,https://doi.org/10.1016/j.econmod.2024.106923,Impact of CEO foreign experience on corporate environmental violations: the role of enhanced environmental ethics and general competency,2024,Jinting Dong; Lianchao Yu
10.1257/aer.20221215,https://openalex.org/W4404075238,https://doi.org/10.1111/gove.12907,How institutionalized feedback works: Online citizen complaints and local government responsiveness in China,2024,Wang Hao; Edmund W. Cheng; Xi Chen; Hai Liang
10.1257/aer.20221215,https://openalex.org/W4404449197,https://doi.org/10.1016/j.eap.2024.11.013,Does the Air Pollution Joint Prevention and Control Policy Work: Evidence from China,2024,Xiaosheng Qin; Yanfang Jin; Rong Yu; Enze Zhang; Yuechuan Zhao
10.1257/aer.20221215,https://openalex.org/W4404735344,https://doi.org/10.1016/j.eneco.2024.108083,Get the real boss in position: Examining the environmental effect of ‘shared environmental accountability’ in China,2024,Yue Li; Haowei Yu; Peng Zhang
10.1257/aer.20221215,https://openalex.org/W4405899669,https://doi.org/10.1016/j.worlddev.2024.106915,On the distributional effects of principal-agent problems: Evidence from China’s shell farmer cooperatives,2024,Wenyuan Hua
10.1257/aer.20221215,https://openalex.org/W4398162459,https://doi.org/10.2139/ssrn.4836199,The Shapeshifting Hat: Strategic Response to Fiscal and Political Incentives of Chinese National Poor Counties,2024,Jianhao Lin; Tingwei Luo; Wenbiao Sha; Jiasong Xie
10.1257/aer.20221215,https://openalex.org/W4396567158,https://doi.org/10.2139/ssrn.4814298,Stakeholder Participation in Chinese Investment Projects: Implications for Environmental and Social Sustainability in Africa,2024,Keyi Tang; Christoph Nedopil; Cecilia Springer
10.1257/aer.20221215,https://openalex.org/W4396941833,https://doi.org/10.2139/ssrn.4829532,Democracy's Impacts on Greenhouse Gas Emissions Revisited,2024,Yacov Tsur
10.1257/aer.20221215,https://openalex.org/W4398770714,https://doi.org/10.2139/ssrn.4840664,Does China's Promotion of Clean Energy Improve Green Total Factor Energy Efficiency?,2024,Qiaoqiao Zhu; Zhenhua Wu; Zhuo Wu
10.1257/aer.20221215,https://openalex.org/W4399376129,https://doi.org/10.2139/ssrn.4854726,Does Social Trust Weaken the Information Rent-Seeking of Environmental Responsibility?,2024,Xiaoyu Chen; Xinyi Lv
10.1257/aer.20221215,https://openalex.org/W4399551762,https://doi.org/10.2139/ssrn.4860888,How Can Scholar-Officials Promote Local Environment Performance? Evidence From Firms in China,2024,Xin Hu; Daqian Shi; Zhiqiao Xiong; Hongwei Yu
10.1257/aer.20221215,https://openalex.org/W4400274344,https://doi.org/10.2139/ssrn.4884245,How Do Bureaucrats Respond to Hybrid Incentive Contract? Evidence from China's Air Pollution Controls,2024,Guangyu Cao; Mingwei Xu; Xi Weng; Lian Zhou
10.1257/aer.20221215,https://openalex.org/W4400773645,https://doi.org/10.1007/s10098-024-02938-4,Research on the impact of trade openness on public environmental preferences,2024,Zhao Liu; M. Xu; Lingqian Kong; Kai Xu
10.1257/aer.20221215,https://openalex.org/W4404284482,https://doi.org/10.3390/su16229760,A Matching Policy to Address ESG and Non-ESG Risks Impacted by a Relocation Policy in China’s Chemical Industry,2024,Xudong Ren; Kangyin Dong; J. Jackson Ewing; Jie Zheng; Lei Shi
10.1257/aer.20221215,https://openalex.org/W4405195107,https://doi.org/10.1111/rego.12646,Participation Disenchants: How Online Political Participation Decreases Online Political Efficacy in China,2024,Anton Bogs
10.1257/aer.20221215,https://openalex.org/W4405825251,https://doi.org/10.1016/j.bir.2024.12.013,Does environmental concern drive financial assets? Evidence from China,2024,Jianbo Huang; Huangsheng Su; Lingyun Chen
10.1257/aer.20221215,https://openalex.org/W4285104952,https://doi.org/10.2139/ssrn.3947936,Smokestacks and the Swamp,2022,Emilio Bisetti; Stefan Lewellen; Arkodipta Sarkar; Xiao Li Zhao
10.1257/aeri.20210612,https://openalex.org/W4286916408,https://doi.org/10.1257/app.20210655,Improving Women’s Mental Health during a Pandemic,2024,Michael Vlassopoulos; Abu Bakkar Siddique; Tabassum Rahman; Debayan Pakrashi; Asad Islam; Firoz Ahmed
10.1257/aeri.20210612,https://openalex.org/W4387133265,https://doi.org/10.1257/app.20220073,Temporal Instability of Risk Preference among the Poor: Evidence from Payday Cycles,2023,Mika Akesaka; Peter Eibich; Chie Hanaoka; Hitoshi Shigeoka
10.1257/aeri.20210612,https://openalex.org/W4389615087,https://doi.org/10.1257/aeri.20220427,Cognitive Behavioral Therapy Reduces Crime and Violence over Ten Years: Experimental Evidence,2023,Christopher Blattman; Sebastián Chaskel; Julian Jamison; Margaret A. Sheridan
10.1257/aeri.20210612,https://openalex.org/W4366816051,https://doi.org/10.7326/m22-2496,Effects of Cognitive Behavioral Therapy and Cash Transfers on Older Persons Living Alone in India,2023,Madeline McKelway; Abhijit Banerjee; Erin Grela; Frank Schilbach; Miriam Sequeira; Garima Sharma; Girija Vaidyanathan; Esther Duflo
10.1257/aeri.20210612,https://openalex.org/W4387271583,https://doi.org/10.2139/ssrn.4589697,Aspiring to a Better Future: Can a Simple Psychological Intervention Reduce Poverty?,2023,Kate Orkin; Rob Garlick; Mahreen Mahmud; Richard Sedlmayr; Johannes Haushofer; Stefan Dercon
10.1257/aeri.20210612,https://openalex.org/W4387246958,https://doi.org/10.3386/w31735,Aspiring to a Better Future: Can a Simple Psychological Intervention Reduce Poverty?,2023,Kate Orkin; Rob Garlick; Mahreen Mahmud; Richard Sedlmayr; Johannes Haushofer; Stefan Dercon
10.1257/aeri.20210612,https://openalex.org/W3204784581,https://doi.org/10.2139/ssrn.3919760,Social Media and Mental Health,2021,Luca Braghieri; Roee Levy; Alexey Makarin
10.1257/aeri.20210612,https://openalex.org/W4396849349,https://doi.org/10.3386/w32423,The Effects of Mental Health Interventions on Labor Market Outcomes in Low- and Middle-Income Countries,2024,Crick Lund; Kate Orkin; Marc Witte; John R. Walker; Thandi Davies; Johannes Haushofer; Sarah M. Murray; Judith Bass; Laura Murray; Wietse A. Tol; Vikram Patel
10.1257/aeri.20210612,https://openalex.org/W4297784232,https://doi.org/10.3386/w30330,Depression and Loneliness Among the Elderly Poor,2022,Abhijit Banerjee; Esther Duflo; Erin Grela; Madeline McKelway; Frank Schilbach; Garima Sharma; Girija Vaidyanathan
10.1257/aeri.20210612,https://openalex.org/W4390206221,https://doi.org/10.3386/w31977,The Psychology of Poverty: Where Do We Stand?,2023,Johannes Haushofer; Daniel Salicath
10.1257/aeri.20210612,https://openalex.org/W4410954255,https://doi.org/10.1016/j.jdeveco.2025.103528,Hairdressers and well-being: Local services provision and mental health first response,2025,Björn Nilsson; Clémence Pougué Biyong
10.1257/aeri.20210612,https://openalex.org/W4414592842,https://doi.org/10.1186/s13034-025-00964-8,Exploring the role of resilience in selective prevention intervention for adolescents at risk of depression and anxiety in Nepal: findings from a pilot cluster randomized controlled trial,2025,Rakesh Singh; Pratik Khanal; Wietse A. Tol; Philip Jefferies; Mark J. D. Jordans; Crick Lund
10.1257/aeri.20210612,https://openalex.org/W4396888140,https://doi.org/10.2139/ssrn.4826030,The Effects of Mental Health Interventions on Labor Market Outcomes in Low- and Middle-Income Countries,2024,Crick Lund; Kate Orkin; Marc Witte; John R. Walker; Thandi Davies; Johannes Haushofer; Sarah M. Murray; Judith Bass; Laura Murray; Wietse A. Tol; Vikram Patel
10.1257/aeri.20210612,https://openalex.org/W4406244062,https://doi.org/10.26906/eir.2024.1(92).3307,The influence of the management aspect of the industrial park functioning on the implementation of regional cohesion policy in Ukraine,2024,O.I. LAIKO; Kateryna Shatnenko
10.1257/aeri.20210612,https://openalex.org/W4386214086,https://doi.org/10.3386/w31611,"Psychosocial Constraints, Impact Heterogeneity and Spillovers in a Multifaceted Graduation Program in Kenya",2023,Geyi Zheng; Michael R. Carter; Nathaniel Jensen; Laurel Krovetz
10.1257/aeri.20210612,https://openalex.org/W4390241082,https://doi.org/10.2139/ssrn.4675165,The Psychology of Poverty: Where Do We Stand?,2023,Johannes Haushofer; Daniel Salicath
10.1257/aeri.20210612,https://openalex.org/W4390840366,https://doi.org/10.31235/osf.io/n3p62,Information on the move? An experiment on supporting forcibly displaced people in Greece,2024,Marine Casalis; Dominik Hangartner; Alexandra Hartman; Rodrigo Sanchez Sienra
10.1257/aeri.20210612,https://openalex.org/W4395445165,https://doi.org/10.2139/ssrn.4789562,Nutrition to Nurturance: The Impact of Children's WIC Eligibility Loss on Parental Well-being,2024,Nul Loren Oh
10.1257/aeri.20210612,https://openalex.org/W4396828025,https://doi.org/10.1920/wp/ifs.2024.1924,"Forced displacement, mental health, and child development: Evidence from Rohingya refugees",2024,Asad Islam; Tanvir Ahmed Mozumder; Tabassum Rahman; Tanvir Shatil; Abu Bakkar Siddique
10.1257/aeri.20210612,https://openalex.org/W4396851967,https://doi.org/10.1920/wp.ifs.2024.1924,"Forced displacement, mental health, and child development: Evidence from Rohingya refugees",2024,Asad Islam; Tanvir Ahmed Mozumder; Tabassum Rahman; Tanvir Shatil; Abu Bakkar Siddique
10.1257/aeri.20210612,https://openalex.org/W4399215299,https://doi.org/10.1257/aeri.20230156,The Fading Treatment Effects of a Multifaceted Asset-Transfer Program in Ethiopia,2024,Nathan Barker; Dean Karlan; Christopher Udry; Kelsey Wright
10.1257/aeri.20210612,https://openalex.org/W4399848868,https://doi.org/10.2139/ssrn.4868762,The Effects of Mental Health Interventions on Labor Market Outcomes in Low- and Middle-Income Countries,2024,Crick Lund; Kate Orkin; Marc Witte; John R. Walker; Thandi Davies; Johannes Haushofer; Sarah M. Murray; Judith Bass; Laura Murray; Wietse A. Tol; Vikram Patel
10.1257/aeri.20210612,https://openalex.org/W4399980005,https://doi.org/10.18174/657866,"Tackling poverty, depression, malnutrition and unequal gender norms: evidence from a Light-Touch Graduation Program in Ethiopia",2024,Michael Mulford
10.1257/aeri.20210612,https://openalex.org/W4280621489,https://doi.org/10.31235/osf.io/q85ux,Cognitive behavior therapy reduces crime and violence over 10 years: Experimental evidence,2022,Christopher Blattman; Margaret A. Sheridan; Julian Jamison; Sebastián Chaskel
10.1257/aeri.20210612,https://openalex.org/W4388656841,https://doi.org/10.1007/978-981-99-5772-9_3,The Societal Impact and Feasibility of Psychosocial Interventions on the Quality of Life of the Elderly,2023,Harshavardhan Sampath; Geeta Soohinda
10.1257/aeri.20230431,https://openalex.org/W4412365082,https://doi.org/10.2139/ssrn.5349117,Are Crop Residue Burning Bans Effective? Evidence from India,2025,S.S. Khanna; K. K. Mahajan; Sudarshan RSA
10.1257/aeri.20230431,https://openalex.org/W4412900958,https://doi.org/10.2139/ssrn.5368488,Equilibrium Particulate Exposure,2025,Lorenzo Rodrigo Aldeco Leo; Lint Barrage; Matthew A. Turner
10.1257/aeri.20230431,https://openalex.org/W4410773871,https://doi.org/10.2139/ssrn.5266413,Understanding the Persistence of Rice Residue Burning in Northwestern India: A Mixed Methods Approach,2025,Divya Solomon; Andrew J. McDonald; Christopher B. Barrett; Prakashan Chellattan Veettil; B. Dhillon
10.1257/aeri.20230431,https://openalex.org/W4412431150,https://doi.org/10.1016/j.jpubeco.2025.105443,Women leaders improve environmental outcomes: Evidence from crop fires in India,2025,Maulik Jagnani; Meera Mahadevan
10.1257/aeri.20230431,https://openalex.org/W4413805169,https://doi.org/10.1016/j.gcrs.2025.100018,"An Analysis of Agricultural Crop Residue Burning and Urban Air Pollution in New Delhi, India",2025,Amitrajeet A. Batabyal; Hamid Beladi
10.1257/pandp.20201017,https://openalex.org/W4220856790,https://doi.org/10.1257/jel.20201642,Modern Infectious Diseases: Macroeconomic Impacts and Policy Responses,2022,David E. Bloom; Michael Kühn; Klaus Prettner
10.1257/pandp.20201017,https://openalex.org/W2915836683,https://doi.org/10.23846/wp0015,Addressing attribution of cause and effect in small n impact evaluations: towards an integrated framework,2012,Howard White; Daniel W. Phillips
10.1257/pandp.20201017,https://openalex.org/W4317240981,https://doi.org/10.1016/j.joule.2022.11.008,Reviewing the sociotechnical dynamics of carbon removal,2023,Benjamin K. Sovacool; Chad M. Baum; Sean Low
10.1257/pandp.20201017,https://openalex.org/W4408248471,https://doi.org/10.1016/j.ijindorg.2025.103157,Public Procurement as an Innovation Policy: Where Do We Stand?,2025,Olga Chiappinelli; Leonardo M. Giuffrida; Giancarlo Spagnolo
10.1257/pandp.20201017,https://openalex.org/W3126920189,https://doi.org/10.1038/s41541-021-00290-y,Promoting versatile vaccine development for emerging pandemics,2021,Joshua Teperowski Monrad; Jonas B. Sandbrink; Neil George Cherian
10.1257/pandp.20201017,https://openalex.org/W4207030738,https://doi.org/10.1016/j.jhealeco.2022.102591,What drives innovation? Lessons from COVID-19 R&amp;D,2022,Ruchir Agarwal; Patrick Gaulé
10.1257/pandp.20201017,https://openalex.org/W3146742697,https://doi.org/10.1007/978-3-030-88802-2,Socio-Technical Innovation Bundles for Agri-Food Systems Transformation,2022,Christopher B. Barrett; Tim G. Benton; Jessica Fanzo; Mario Herrero; Rebecca Nelson; Elizabeth Bageant; Edward S. Buckler; Karen Cooper; Isabella Culotta; Shenggen Fan; Rikin Gandhi; Steven James; Mark L. Kahn; Laté Lawson-Lartego; Jiali Liu; Quinn Marshall; Daniel Mason-D’Croz; Alexander Mathys; Cynthia Mathys; Veronica Mazariegos-Anastassiou; Alesha Miller; Kamakhya Misra; Andrew G. Mude; Jianbo Shen; Lindiwe Majele Sibanda; Claire Song; Roy Steiner; Philip K. Thornton; Stephen A. Wood
10.1257/pandp.20201017,https://openalex.org/W4408348732,https://doi.org/10.1111/agec.70007,"Fostering Healthy, Equitable, Resilient, and Sustainable Agri‐Food Value Chains",2025,Christopher B. Barrett; Miguel I. Gómez
10.1257/pandp.20201017,https://openalex.org/W3045196307,https://doi.org/10.1377/hlthaff.2020.00646,Designing Pull Funding For A COVID-19 Vaccine,2020,Christopher M. Snyder; Kendall Hoyt; Dimitrios Gouglas; Thomas Johnston; J. E. M. Robinson
10.1257/pandp.20201017,https://openalex.org/W4408138332,https://doi.org/10.1080/17441692.2025.2468338,"Blended finance to the rescue? Subsidies, vaccine bonds and matching funds in global health",2025,Felix Stein; Desmond McNeill
10.1257/pandp.20201017,https://openalex.org/W4289736964,https://doi.org/10.1016/bs.hesagr.2021.10.001,The economics of agricultural innovation,2021,Julian M. Alston; Philip G. Pardey
10.1257/pandp.20201017,https://openalex.org/W3154710445,https://doi.org/10.1016/j.jpolmod.2021.02.010,Trade and innovation policies: Coexistence and spillovers,2021,Marc Auboin; Robert Koopman; Ankai Xu
10.1257/pandp.20201017,https://openalex.org/W3035229303,https://doi.org/10.1038/d41586-020-01750-6,Borrow crisis tactics to get COVID-19 supplies to where they are needed,2020,Peter Cramton; Axel Ockenfels; Alvin E. Roth; Robert Wilson
10.1257/pandp.20201017,https://openalex.org/W3131710776,https://doi.org/10.1016/j.jval.2020.12.008,How Should the World Pay for a Coronavirus Disease (COVID-19) Vaccine?,2021,Adrian Towse; Kalipso Chalkidou; I. Firth; Hannah Kettler; Rachel Silverman
10.1257/pandp.20201017,https://openalex.org/W3137253127,https://doi.org/10.1287/msom.2020.0963,Flexible Drug Approval Policies,2021,Fernanda Bravo; Taylor Corcoran; Elisa F Long
10.1257/pandp.20201017,https://openalex.org/W4280613927,https://doi.org/10.1016/j.ijindorg.2022.102850,"Incentives for pharmaceutical innovation: What’s working, what’s lacking",2022,Margaret Kyle
10.1257/pandp.20201017,https://openalex.org/W4307106011,https://doi.org/10.1007/s11127-022-01006-z,"Inframarginal externalities: COVID-19, vaccines, and universal mandates",2022,Brian C. Albrecht; Shruti Rajagopalan
10.1257/pandp.20201017,https://openalex.org/W4311402112,https://doi.org/10.1093/oxrep/grac032,Financing vaccine equity: funding for day-zero of the next pandemic,2022,Ruchir Agarwal; Tristan Reed
10.1257/pandp.20201017,https://openalex.org/W4396780147,https://doi.org/10.1126/science.ado7418,"Tackling debt, biodiversity loss, and climate change",2024,Elizabeth Losos; Alexander Pfaff; Stuart L. Pimm
10.1257/pandp.20201017,https://openalex.org/W4399726990,https://doi.org/10.1073/pnas.2321978121,The economic case for scaling up health research and development: Lessons from the COVID-19 pandemic,2024,Daniel L. Tortorice; Rino Rappuoli; David E. Bloom
10.1257/pandp.20201017,https://openalex.org/W4413630542,https://doi.org/10.1017/jme.2025.10153,Advance Market Commitments and Their Role in Public Innovation,2025,Sarosh Nagar; Anil Cacodcar; Aaron S. Kesselheim
10.1257/pandp.20201017,https://openalex.org/W4407006694,https://doi.org/10.1257/pol.20230036,Effective Health Aid: Evidence from Gavi’s Vaccine Program,2025,Gauri Kartini Shastry; Daniel L. Tortorice
10.1257/pandp.20201017,https://openalex.org/W4410871758,https://doi.org/10.1136/bmjgh-2024-018390,The role of the right valuation method in setting the firm’s break-even price for mpox (and other) vaccines,2025,Peter‐Jan Engelen; Danny Cassimon
10.1257/pandp.20201017,https://openalex.org/W3194864439,https://doi.org/10.1086/719253,Crisis Innovation Policy from World War II to COVID-19,2022,Daniel P. Gross; Bhaven N. Sampat
10.1257/pandp.20201017,https://openalex.org/W4389170055,https://doi.org/10.2139/ssrn.4637366,A mechanism-design approach to property rights,2023,Piotr Dworczak; Ellen V. Muir
10.1257/pandp.20201017,https://openalex.org/W4281567743,https://doi.org/10.17159/sajs.2022/13475,"Challenges in addressing inequity in access to COVID-19 diagnostics, therapeutics and vaccines in Africa",2022,Helen Rees; Richard Mihigo; Andy Gray
10.1257/pandp.20201017,https://openalex.org/W4391943901,https://doi.org/10.1186/s12992-024-01019-x,Pull me – push you? The disparate financing mechanisms of drug research in global health,2024,Max Alexander Matthey; Aidan Hollis
10.1257/pandp.20201017,https://openalex.org/W4225900396,https://doi.org/10.1007/978-3-030-88802-2_2,The State of Agri-Food Systems and Agri-Food Value Chains in 2020,2022,Christopher B. Barrett; Tim G. Benton; Jessica Fanzo; Mario Herrero; Rebecca Nelson; Elizabeth Bageant; Edward S. Buckler; Karen Cooper; Isabella Culotta; Shenggen Fan; Rikin Gandhi; Steven James; Mark L. Kahn; Laté Lawson-Lartego; Jiali Liu; Quinn Marshall; Daniel Mason-D’Croz; Alexander Mathys; Cynthia Mathys; Veronica Mazariegos-Anastassiou; Alesha Miller; Kamakhya Misra; Andrew G. Mude; Jianbo Shen; Lindiwe Majele Sibanda; Claire Song; Roy Steiner; Philip K. Thornton; Stephen A. Wood
10.1257/pandp.20201017,https://openalex.org/W4318481751,https://doi.org/10.2139/ssrn.4300678,Valuing Pharmaceutical Drug Innovations,2023,Gaurab Aryal; Federico Ciliberto; Leland E. Farmer; Ekaterina Khmelnitskaya
10.1257/pandp.20201017,https://openalex.org/W4386271688,https://doi.org/10.1017/s0140525x23001139,Behavioral market design,2023,Axel Ockenfels
10.1257/pandp.20201017,https://openalex.org/W4387630885,https://doi.org/10.1016/j.egyr.2023.10.021,Role of climate finance beyond renewables: hard-to-abate sectors,2023,Peter Warren; Molly Frazer; Noelle Greenwood
10.1257/pandp.20201017,https://openalex.org/W2915410879,https://doi.org/10.23846/wp0019,Promoting Commitment to Evaluate,2013,Miguel Székely
10.1257/pandp.20201017,https://openalex.org/W4283015187,https://doi.org/10.1596/1813-9450-10067,Financing Vaccine Equity: Funding for Day-Zero of the Next Pandemic,2022,Ruchir Agarwal; Tristan Reed
10.1257/pandp.20201017,https://openalex.org/W4295921365,https://doi.org/10.1093/oxrep/grac018,Transforming forced displacement response through innovation,2022,Grant M Gordon; Ravi Gurumurthy
10.1257/pandp.20201017,https://openalex.org/W3082568331,https://doi.org/10.1097/grh.0000000000000042,SARS-CoV-2 Vaccine,2020,Karrie A.B. Walker
10.1257/pandp.20201017,https://openalex.org/W3093444537,https://doi.org/10.1111/1758-5899.12876,Inclusive Biomedical Innovation during the COVID‐19 Pandemic,2020,Jaspreet Pannu
10.1257/pandp.20201017,https://openalex.org/W4381849451,https://doi.org/10.1093/icc/dtad028,Short-term economic dynamism as a policy tool to address supply shortages during crises,2023,Nikhil Kalathil; Granger Morgan; Erica R.H. Fuchs
10.1257/pandp.20201017,https://openalex.org/W4387021414,https://doi.org/10.1038/d41586-023-02998-4,‘Benevolent’ patent extensions could raise billions for R&amp;D in poorer countries,2023,Christopher B. Barrett
10.1257/pandp.20201017,https://openalex.org/W4389980194,https://doi.org/10.23846/wp0059,HALF-TIME for SDG EVIDENCE GENERATION: Insights from the Development Evidence Portal,2023,Mark Engelbert; Zafeer Ravat; Cem Yavuz; Durgadas Menon; Constantin Grywatz; Kathrin Wolf
10.1257/pandp.20201017,https://openalex.org/W4226257987,https://doi.org/10.1007/978-3-030-88802-2_6,A Profuse Pipeline of Promising Options,2022,Christopher B. Barrett; Tim G. Benton; Jessica Fanzo; Mario Herrero; Rebecca Nelson; Elizabeth Bageant; Edward S. Buckler; Karen Cooper; Isabella Culotta; Shenggen Fan; Rikin Gandhi; Steven James; Mark L. Kahn; Laté Lawson-Lartego; Jiali Liu; Quinn Marshall; Daniel Mason-D’Croz; Alexander Mathys; Cynthia Mathys; Veronica Mazariegos-Anastassiou; Alesha Miller; Kamakhya Misra; Andrew G. Mude; Jianbo Shen; Lindiwe Majele Sibanda; Claire Song; Roy Steiner; Philip K. Thornton; Stephen A. Wood
10.1257/pandp.20201017,https://openalex.org/W4288069704,https://doi.org/10.1016/j.jvacx.2022.100197,Advance Market Commitments (AMC) model application for Colombian purchase strategy of COVID-19 vaccines,2022,Espinosa Oscar; Jhonathan Rodríguez; Robayo Adriana; Arregocés Leonardo; Agudelo Nicolás; Suárez Carolina; Herrera Andrés; Wills Daniel; Aguilar David
10.1257/pandp.20201017,https://openalex.org/W4398204744,https://doi.org/10.23846/wp0061,Measuring cost-effectiveness in impact evaluation,2024,Arnab Acharya; Jane Hammaker; Douglas Glandon
10.1257/pandp.20201017,https://openalex.org/W4400357151,https://doi.org/10.1007/978-3-031-52053-2_44,Michael R. Kremer (1964–),2024,David K. Evans
10.1257/pandp.20201017,https://openalex.org/W4404764373,https://doi.org/10.1007/s10058-024-00370-0,The economics of epidemics: introduction to the special issue,2024,Christopher Avery; David McAdams
10.1257/pandp.20201017,https://openalex.org/W4399928185,https://doi.org/10.1007/978-981-99-4833-8_6,Games in Extensive Form: Applications in OM,2024,R. K. Amit
10.1257/pandp.20201017,https://openalex.org/W4403612116,https://doi.org/10.1017/s0266267124000282,The body politic has private parts: market creation as a policymaking tool,2024,Kirun Sankaran
10.1257/pandp.20201017,https://openalex.org/W3208651981,https://doi.org/10.12688/f1000research.26482.1,"Option-based guarantees to accelerate urgent, high-risk vaccines: a new market-shaping approach",2020,David Manheim; Derek Foster
10.1257/pandp.20201017,https://openalex.org/W4283695048,https://doi.org/10.1080/13504851.2022.2095335,Alternative funding models for medical innovation: the role of product development partnerships in product innovation for infectious diseases,2022,Dimitrios Kourouklis; Mikel Berdud; Mireia Jofre‐Bonet; Adrian Towse
10.1257/pandp.20201017,https://openalex.org/W4285206550,https://doi.org/10.2139/ssrn.4115950,Pooled Procurement of Health Products for LMICs,2022,Xiangjing Chen; Yimin Wang; Scott Webster
10.1257/pandp.20201017,https://openalex.org/W4293153340,https://doi.org/10.2139/ssrn.4182652,Effective Foreign Aid: Evidence from Gavi’s Vaccine Program,2022,Gauri Kartini Shastry; Daniel L. Tortorice
10.1257/pandp.20201017,https://openalex.org/W3156487882,https://doi.org/10.1016/j.sapharm.2021.04.005,Assuring health commodity security in resource-poor settings,2021,Ebenezer Kwabena Tetteh
10.1257/pandp.20201017,https://openalex.org/W4327915632,https://doi.org/10.21428/d28e8e57.652a843a,"Evaluation Summary and Metrics: ""Advance Market Commitments: Insights from Theory and Experience""",2023,David Reinstein
10.1257/pandp.20201017,https://openalex.org/W4362518668,https://doi.org/10.1142/s0116110523500099,ADB Distinguished Speaker Lecture — The Economics of Investing in COVID-19 Vaccines: Implications for the Asian Development Bank,2023,Michael Kremer
10.1257/pandp.20201017,https://openalex.org/W4367020048,https://doi.org/10.2139/ssrn.4422738,Auctions of Incentive Contracts for Policy Choice,2023,Francisco Del Villar
10.1257/pandp.20201017,https://openalex.org/W4386969244,https://doi.org/10.23846/wp0058,Understanding NRLM’s Impact on Livelihoods and Social Outcomes: A Unifying Framework,2023,Anjini Kochar
10.1257/pandp.20201017,https://openalex.org/W4390319118,https://doi.org/10.2139/ssrn.4676384,Market Exclusivity and Innovation: Evidence From Antibiotics,2023,Edward Kong; Olivia Zhao
10.1257/pandp.20201017,https://openalex.org/W4226356045,https://doi.org/10.5652/kokusaikeizai.kk2022.f06,Centralized and Decentralized Supplies of COVID-19 Vaccines to Developing Countries: Both COVAX and Competition Motivated by Vaccine Diplomacy Play Each Role,2022,辰史 山形
10.1257/pandp.20201017,https://openalex.org/W4285275748,https://doi.org/10.2139/ssrn.4101911,Firm Pivoting as a Policy Tool to Address Demand Shortages During Crises,2022,Nikhil Kalathil; M. Granger Morgan; Erica R.H. Fuchs
10.1257/pandp.20201017,https://openalex.org/W4297787668,https://doi.org/10.1596/978-1-4648-1885-1_ch1,Trade Flows in Medical Goods and Services,2022,
10.1257/pandp.20201017,https://openalex.org/W4319706826,https://doi.org/10.3917/jdsam.225.0024,"Incentives for Pharmaceutical Innovation: What’s Working, What’s Lacking",2022,Margaret Kyle
10.1257/pandp.20201017,https://openalex.org/W3087449635,https://doi.org/10.12688/f1000research.26482.2,"Option-based guarantees to accelerate urgent, high-risk vaccines: a new market-shaping approach",2021,David Manheim; Derek Foster
10.1257/pandp.20201017,https://openalex.org/W3205103527,https://doi.org/10.1007/978-3-030-83209-4_3,Innovative Vaccine and Immunization Funding: Advance Market Commitments,2021,Maram Ahmed
10.1287/mnsc.2020.00596,https://openalex.org/W4412843613,https://doi.org/10.1002/nvsm.70028,"Online Fundraising for Nonprofit Organizations via Social Media Marketing: A Critical Success Factors Analysis in Germany, Austria, and Switzerland",2025,Sonja Harken; Vanessa Mertins; Michael Urselmann
10.1287/mnsc.2023.4846,https://openalex.org/W4385263609,https://doi.org/10.1002/smj.3544,Impact investing in disadvantaged urban areas,2023,Romain Boulongne; Rodolphe Durand; Caroline Flammer
10.1287/mnsc.2023.4846,https://openalex.org/W4411128253,https://doi.org/10.1111/deci.70007,Medical countermeasures during public health emergencies—Does information sharing among health system coalition help?,2025,Sukrit Pal; Anand Nair
10.1287/mnsc.2023.4846,https://openalex.org/W4400732365,https://doi.org/10.2139/ssrn.4891679,Hacking Innovation: An Improvisation Perspective of Orchestrating for Grand Challenges,2024,Dequn Teng; Chen Ye; Veronica Martinez
10.21203/rs.3.rs-3235955/v1,https://openalex.org/W4399578165,https://doi.org/10.1038/s41893-024-01368-w,Mainstreaming regenerative dynamics for sustainability,2024,Joern Fischer; Steffen Farny; David J. Abson; Vânia Zuin Zeidler; Maria von Salisch; Stefan Schaltegger; Berta Martín‐López; Vicky M. Temperton; Klaus Kümmerer
10.21203/rs.3.rs-3235955/v1,https://openalex.org/W4408971719,https://doi.org/10.1016/j.landusepol.2025.107545,"Dissecting forest transition: Contribution of mature forests, second-growth forests and tree plantations to tree cover dynamics in the tropics",2025,Johan de Jong; Lourens Poorter; Wil de Jong; Frans Bongers; Madelon Lohbeck; Elmar Veenendaal; Jorge A. Meave; Catarina C. Jakovac; Pedro H. S. Brancalion; Lucy Amissah; Miguel Martínez‐Ramos; Harm Bartholomeus; Susan G. W. Laurance; W. Kent Brown; Mathieu Decuyper
10.21203/rs.3.rs-3235955/v1,https://openalex.org/W4400513480,https://doi.org/10.3389/ffgc.2024.1412075,Bibliometric and literature synthesis on assisted natural regeneration: an evidence base for forest and landscape restoration in the tropics,2024,Tomiwa V. Oluwajuwon; Robin L. Chazdon; Liz Ota; Nestor Gregorio; John Herbohn
10.21203/rs.3.rs-3235955/v1,https://openalex.org/W4392286636,https://doi.org/10.1111/ddi.13821,Bringing the forest back: Restoration priorities in Colombia,2024,Brooke Williams; Sofía López‐Cubillos; Jose Manuel Ochoa‐Quintero; Renato Crouzeilles; Marcelo Villa‐Piñeros; Paola Isaacs‐Cubides; Marina Schmoeller; Wilmer Marín; Anazélia M. Tedesco; Diego Bastos; Andrés Felipe Suárez‐Castro; Luis Hernando Romero Jiménez; Eben N. Broadbent; Angélica M. Almeyda Zambrano; Jeffrey R. Vincent; Yuanyuan Yi; Robin L. Chazdon; James Watson; Elkin Alexi Noguera Urbano; Cristian A. Cruz-Rodríguez; Hawthorne L. Beyer
10.21203/rs.3.rs-3235955/v1,https://openalex.org/W4392266879,https://doi.org/10.1016/j.biocon.2024.110519,Restoration opportunities beyond highly degraded tropical forests: Insights from India's Western Ghats,2024,Anand M. Osuri; Srinivasan Kasinathan; T. R. Shankar Raman; Divya Mudappa
10.2139/ssrn.3938994,https://openalex.org/W4387785872,https://doi.org/10.1037/bul0000398,Ignorance by choice: A meta-analytic review of the underlying motives of willful ignorance and its consequences.,2023,Linh Vu; Ivan Soraperra; Margarita Leib; Joël J. van der Weele; Shaul Shalvi
10.2139/ssrn.3938994,https://openalex.org/W4412957593,https://doi.org/10.1016/j.appet.2025.108233,Meaningfully reducing consumption of meat and animal products is an unsolved problem: A meta-analysis,2025,Seth Ariel Green; Benny Smith; Maya B Mathur
10.2139/ssrn.3938994,https://openalex.org/W4396840793,https://doi.org/10.1016/j.ecolecon.2024.108191,"Strategic information avoidance, belief manipulation and the effectiveness of green nudges",2024,Giovanna D’Adda; Yu Gao; Russell Golman; Massimo Tavoni
10.2139/ssrn.3938994,https://openalex.org/W4403129680,https://doi.org/10.1016/j.ecolecon.2024.108401,"Uncertainty about carbon impact and the willingness to avoid CO<mml:math xmlns:mml=""http://www.w3.org/1998/Math/MathML"" altimg=""si2.svg"" display=""inline"" id=""d1e968""><mml:msub><mml:mrow/><mml:mrow><mml:mn>2</mml:mn></mml:mrow></mml:msub></mml:math> emissions",2024,Davide D. Pace; Taisuke Imai; Peter Schwardmann; Joël J. van der Weele
10.2139/ssrn.3938994,https://openalex.org/W4392623274,https://doi.org/10.1007/s10865-024-00482-6,Colorectal cancer information avoidance is associated with screening adherence,2024,Heather Orom; Nolan E. Ramer; Natasha C. Allard; Amy McQueen; Erika A. Waters; Marc T. Kiviniemi; Jennifer L. Hay
10.2139/ssrn.3938994,https://openalex.org/W4381550150,https://doi.org/10.1016/j.foohum.2023.06.019,The impact of information about animal husbandry systems on consumers’ choice of meat products in a virtual supermarket,2023,Chengyan Xu; Christina Hartmann; Michael Siegrist
10.2139/ssrn.3938994,https://openalex.org/W4404838461,https://doi.org/10.1016/j.ecolecon.2024.108467,Seeking or ignoring ethical certifications in consumer choice,2024,Dianna Amasino; Suzanne Oosterwijk; Nicolette J. Sullivan; Joël J. van der Weele
10.2139/ssrn.3938994,https://openalex.org/W4387966640,https://doi.org/10.1177/17456916231193990,Motivated Cognition in Cooperation,2023,Susann Fiedler; Hooman Habibnia; Alina Fahrenwaldt; Rima-Maria Rahal
10.2139/ssrn.3938994,https://openalex.org/W4406091461,https://doi.org/10.1016/j.jebo.2024.106868,Falling and failing (to learn): Evidence from a nation-wide cybersecurity field experiment with SMEs,2025,David Gonzalez-Jimenez; Francesco Capozza; Thomas Dirkmaat; Evelien van de Veer; Amber van Druten; Aurélien Baillon
10.2139/ssrn.3938994,https://openalex.org/W4414278633,https://doi.org/10.1016/j.ecolecon.2025.108783,The role of co-benefits in motivating climate change mitigation – Experimental evidence,2025,Christoph Feldhaus; Marvin Gleue; Andreas Löschel; Peter Werner
10.2139/ssrn.3938994,https://openalex.org/W4402232111,https://doi.org/10.1038/s41598-024-68335-5,Impact of NGOs’ undercover videos on citizens’ emotions and pro-social behaviors,2024,Romain Espinosa; Sylvie Borau; Nicolas Treich
10.2139/ssrn.3938994,https://openalex.org/W4280538710,https://doi.org/10.3384/9789179293291,"Norms in Prosocial Decisions : The Role of Observability, Avoidance, and Conditionality",2022,Per Andersson
10.2139/ssrn.3938994,https://openalex.org/W3185436191,https://doi.org/10.2139/ssrn.3891184,The Economic Standing of Animals,2021,Jim Leitzel; Sabina Shaikh
10.2139/ssrn.3938994,https://openalex.org/W4394828483,https://doi.org/10.2139/ssrn.4778679,Impact of NGOs’ Undercover Videos on Citizens’ Emotions and Pro-Social Behaviors,2024,Romain Espinosa; Sylvie Borau; Nicolas Treich
10.2139/ssrn.3938994,https://openalex.org/W4399772887,https://doi.org/10.2139/ssrn.4865937,The Economic Standing of Animals,2024,Jim Leitzel; Sabina Shaikh
10.2139/ssrn.3938994,https://openalex.org/W4388876211,https://doi.org/10.2139/ssrn.4639598,When Energy Conservation Nudges Do Not Work: The Roles of Strategic Information Avoidance and Belief Manipulation,2023,Giovanna D’Adda; Yu Gao; Russell Golman; Massimo Tavoni
10.2139/ssrn.4154000,https://openalex.org/W4291010609,https://doi.org/10.1596/37700,Cash Transfers in Pandemic Times,2022,Ugo Gentilini
10.2139/ssrn.4154000,https://openalex.org/W4367556071,https://doi.org/10.1016/j.ssmph.2023.101420,Unconditional cash transfers and mental health symptoms among parents with low incomes: Evidence from the 2021 child tax credit,2023,Nicole Kovski; Natasha Pilkauskas; Katherine Michelmore; H. Luke Shaefer
10.2139/ssrn.4154000,https://openalex.org/W4318833602,https://doi.org/10.1002/pam.22464,The COVID Cash Transfer Study: The Impacts of a One‐Time Unconditional Cash Transfer on the Well‐Being of Families Receiving SNAP in Twelve States,2023,Natasha Pilkauskas; Brian Jacob; Elizabeth Rhodes; Katherine Richard; H. Luke Shaefer
10.2139/ssrn.4154000,https://openalex.org/W4400880430,https://doi.org/10.1001/jama.2024.13004,Effect of Cash Benefits on Health Care Utilization and Health,2024,Sumit Agarwal; Benjamin Lê Cook; Jeffrey B. Liebman
10.2139/ssrn.4154000,https://openalex.org/W4394684508,https://doi.org/10.1016/j.dcn.2024.101375,The promise and pitfalls of a strength-based approach to child poverty and neurocognitive development: Implications for policy,2024,Meriah Lee DeJoseph; Monica E Ellwood-Lowe; Dana Miller‐Cotto; David M. Silverman; Katherine Adams Shannon; Gabriel Reyes; Divyangana Rakesh; Willem E. Frankenhuis
10.2139/ssrn.4154000,https://openalex.org/W4406360016,https://doi.org/10.2337/dci24-0072,"Financial Incentives, Income Supplementation, Cash Transfer, and Universal Basic Income Interventions in Diabetes: Understanding Differences and Effectiveness: A Scoping Review",2025,Leonard E. Egede; Jennifer A. Campbell; Sebastian Linde; Rebekah J. Walker
10.2139/ssrn.4154000,https://openalex.org/W4293510687,https://doi.org/10.3386/w30379,Unconditional Cash and Family Investments in Infants: Evidence from a Large-Scale Cash Transfer Experiment in the U.S.,2022,Lisa A. Gennetian; Greg J. Duncan; Nathan A. Fox; Katherine Magnuson; Sarah Halpern‐Meekin; Kimberly G. Noble; Hirokazu Yoshikawa
10.2139/ssrn.4154000,https://openalex.org/W4392346431,https://doi.org/10.1002/pam.22571,Monthly unconditional income supplements starting at birth: Experiences among mothers of young children with low incomes in the U.S.,2024,Sarah Halpern‐Meekin; Lisa A. Gennetian; Jill Hoiting; Laura Stilwell; Lauren Meyer
10.2139/ssrn.4154000,https://openalex.org/W4319444021,https://doi.org/10.21203/rs.3.rs-2507540/v1,Unconditional Cash and Family Investments in Infants: Evidence from a Large-Scale Cash Transfer Experiment in the U.S.,2023,Lisa A. Gennetian; Greg J. Duncan; Kimberly G. Noble; Nathan A. Fox; Hirokazu Yoshikawa; Sarah Halpern‐Meekin; Katherine Magnuson
10.2139/ssrn.4154000,https://openalex.org/W4400732495,https://doi.org/10.1001/jamapsychiatry.2024.1861,Medical Debt and the Mental Health Treatment Gap Among US Adults,2024,Kyle J. Moon; Sabriya L. Linton; Ramin Mojtabai
10.2139/ssrn.4154000,https://openalex.org/W4405889141,https://doi.org/10.1257/aer.20240138,Five Facts about MPCs: Evidence from a Randomized Experiment,2024,J. Boehm; Etienne Fize; Xavier Jaravel
10.2139/ssrn.4154000,https://openalex.org/W4407343869,https://doi.org/10.3389/fsuep.2025.1464660,Green transition for vulnerable households? Insights from behavioral science on what works (and what doesn't),2025,Melina Moleskis; Pantelis Solomou; Meltem Ikinci; Theodoros Zachariadis
10.2139/ssrn.4154000,https://openalex.org/W4407081039,https://doi.org/10.1017/bpp.2024.50,Catch me if you can: Using machine learning and behavioral interventions to reduce unethical behavior,2025,Oliver Hauser; Michael Greene; Katherine A. DeCelles
10.2139/ssrn.4154000,https://openalex.org/W4366989468,https://doi.org/10.31235/osf.io/cd25u,Employing the Unemployed of Marienthal: Evaluation of a Guaranteed Job Program,2023,Maximilian Kasy; Lukas Lehner
10.2139/ssrn.4154000,https://openalex.org/W4394582336,https://doi.org/10.3386/w32315,The Effects of Medical Debt Relief: Evidence from Two Randomized Experiments,2024,Raymond Kluender; Neale Mahoney; Francis Wong; Wesley Yin
10.2139/ssrn.4154000,https://openalex.org/W4403000442,https://doi.org/10.1007/s00148-024-01047-2,The expanded Child Tax Credit and economic wellbeing of low-income families,2024,Natasha Pilkauskas; Katherine Michelmore; Nicole Kovski; H. Luke Shaefer
10.2139/ssrn.4154000,https://openalex.org/W4382141248,https://doi.org/10.1038/s41598-023-36339-2,The persistence of cognitive biases in financial decisions across economic groups,2023,Kai Ruggeri; Sarah Ashcroft-Jones; Giampaolo Abate Romero Landini; Narjes Al-Zahli; Natalia Alexander; Mathias Houe Andersen; Katherine Bibilouri; Katharina Büsch; Valentina Cafarelli; Jennifer Chen; Barbora Doubravová; Tatianna Dugué; Aleena Asfa Durrani; Nicholas Dutra; Eduardo García‐Garzón; Christian Gomes; Aleksandra Gracheva; Neža Grilc; Deniz Mısra Gürol; Zoe Heidenry; Clara Amanda Hu; Rachel Krasner; Romy Levin; Justine Li; Ashleigh Messenger; Melika Miralem; Fredrik Nilsson; Julia Marie Oberschulte; Takashi Obi; A. K. Pan; Sun Young Park; Daria Stefania Pascu; Sofia Pelica; Maksymilian Pyrkowski; Katherinne Rabanal; Pika Ranc; Žiga Mekiš Recek; Alexandra Symeonidou; Olivia Symone Tutuska; Milica Vdović; Qihang Yuan; Friederike Stock
10.2139/ssrn.4154000,https://openalex.org/W4385416403,https://doi.org/10.1007/s11150-023-09672-8,Unconditional cash transfers for families with children in the U.S.: a scoping review,2023,Hema Shah; Lisa A. Gennetian
10.2139/ssrn.4154000,https://openalex.org/W4398152978,https://doi.org/10.2139/ssrn.4833941,The Effects of Emergency Rental Assistance During the Pandemic: Evidence from Four Cities,2024,Robert Collinson; Anthony DeFusco; John Eric Humphries; Benjamin J. Keys; David Phillips; Vincent Reina; Patrick Turner; Winnie van Dijk
10.2139/ssrn.4154000,https://openalex.org/W4304701077,https://doi.org/10.1007/s11524-022-00693-9,An Unconditional Cash Transfer Program for Low-Income New Yorkers Affected by COVID-19,2022,Samantha Lily Kumar; Alessandra Calvo–Friedman; Amy Freeman; Daniela Fazio; Amanda Johnson; Fionnuala Seiferth; Jenifer Clapp; Nichola J. Davis; Maryanne Schretzman; Bethany Springer; Harmony N. Arcilla; Sue A. Kaplan; Carolyn A. Berry; Kelly M. Doran
10.2139/ssrn.4154000,https://openalex.org/W4398147764,https://doi.org/10.3386/w32463,The Effects of Emergency Rental Assistance During the Pandemic: Evidence from Four Cities,2024,Robert Collinson; Anthony DeFusco; John Eric Humphries; Benjamin J. Keys; David Phillips; Vincent Reina; P. Turner; Winnie van Dijk
10.2139/ssrn.4154000,https://openalex.org/W4404622555,https://doi.org/10.1111/1475-5890.12396,"Tax credits and child outcomes: lessons from the United States, the United Kingdom and Canada",2024,Katherine Michelmore
10.2139/ssrn.4154000,https://openalex.org/W4405674106,https://doi.org/10.1111/jcpp.14101,Annual Research Review: Cash transfer programs and young people's mental health – a review of studies in the United States,2024,Sara R. Jaffee; George Lin; Matthew Z. Fowle; Vincent Reina
10.2139/ssrn.4154000,https://openalex.org/W4402336131,https://doi.org/10.1177/00027162241265788,The Effects of the 2021 Child Tax Credit on Parents’ Psychological Well-Being,2023,Lisa A. Gennetian; Anna Gassman‐Pines
10.2139/ssrn.4154000,https://openalex.org/W4302014361,https://doi.org/10.1093/jopart/muac043,Scarcity and the Mindsets of Social Welfare Recipients: Evidence from a Field Experiment,2022,Jonas Krogh Madsen; Martin Bækgaard; Jon Kvist
10.2139/ssrn.4154000,https://openalex.org/W4406539745,https://doi.org/10.1017/flw.2024.11,Consumer financial well-being: Does scale choice alter the measure?,2025,Patrick R. Heck; Caroline Ratcliffe; Elle Tibbitts
10.2139/ssrn.4154000,https://openalex.org/W4406678812,https://doi.org/10.1136/emermed-2024-214820,Journal update monthly top five,2025,Spyridon Karageorgos; Anastasia Spartinou; Eleni Tasika; Eirini Trachanatzi; Christos Batsis; M Stratinaki; George Notas; Daniel Darbyshire
10.2139/ssrn.4154000,https://openalex.org/W4408479010,https://doi.org/10.1016/j.jdeveco.2025.103473,"Therapy, Mental health, and Human capital accumulation among adolescent girls in Uganda",2025,Sarah Baird; Berk Özler; Chiara Dell’Aira; Luca Parisotto; Danish Us-Salam
10.2139/ssrn.4154000,https://openalex.org/W4411981329,https://doi.org/10.1007/978-3-319-57365-6_294-1,Causes of Health Inequality,2025,Owen O’Donnell
10.2139/ssrn.4154000,https://openalex.org/W4412752677,https://doi.org/10.1257/pol.20230460,Eliminating Fares to Expand Opportunities: Experimental Evidence on the Impacts of Free Public Transportation on Economic and Social Disparities,2025,Rebecca Brough; Matthew Freedman; David C. Phillips
10.2139/ssrn.4154000,https://openalex.org/W4414295869,https://doi.org/10.1177/01979183251370713,Double Jeopardy: Adaptive Social Protection for Venezuelans in Peru during the Pandemic,2025,Matthew Bird; Luisa Feline Freier; Denisse Piérola
10.2139/ssrn.4154000,https://openalex.org/W4384406781,https://doi.org/10.31234/osf.io/7q2rx,Why Life Outcomes are Hard to Predict,2023,Gloria Liou; Drew H. Bailey; Chayce R. Baldwin; Angela Duckworth; Louis Tay
10.2139/ssrn.4154000,https://openalex.org/W4387378167,https://doi.org/10.1016/j.cortex.2023.07.009,Does alleviating poverty increase cognitive performance? Short- and long-term evidence from a randomized controlled trial,2023,Barnabás Szászi; Bence Pálfi; Gábor Neszveda; Aikaterini Taka; Péter Szécsi; Christopher Blattman; Julian Jamison; Margaret A. Sheridan
10.2139/ssrn.4154000,https://openalex.org/W4385353803,https://doi.org/10.1177/23780231231186072,Mental Health Effects of Income over the Adult Life Course,2023,Tamkinat Rauf
10.2139/ssrn.4154000,https://openalex.org/W4388180407,https://doi.org/10.31234/osf.io/r3uz9,The promise and pitfalls of a strength-based approach to child poverty and neurocognitive development: Implications for policy,2023,Meriah Lee DeJoseph; Monica E Ellwood-Lowe; David M. Silverman; Kat Adams Shannon; Gabriel Reyes; Divyangana Rakesh; Willem E. Frankenhuis
10.2139/ssrn.4154000,https://openalex.org/W4392799701,https://doi.org/10.1007/s10826-024-02817-y,Cash Transfers Improve Economic Conditions and Reduce Maternal Stress in Rural Côte d’Ivoire,2024,Sharon Wolf; Samuel Kembou Nzalé; Amy Ogan; Kaja Kinga Jasińska
10.2139/ssrn.4154000,https://openalex.org/W4406928663,https://doi.org/10.1093/9780191994982.001.0001,Timely Cash,2024,Ugo Gentilini
10.2139/ssrn.4154000,https://openalex.org/W4364355755,https://doi.org/10.1016/j.jhealeco.2023.102758,Universal cash transfers and prescription utilization: Evidence from the Alaska permanent fund dividend,2023,Mouhcine Guettabi; Allison Witman
10.2139/ssrn.4154000,https://openalex.org/W4394938373,https://doi.org/10.2139/ssrn.4792698,Covid-19 Cash Transfers and Well-Being: Quasi-Experimental Evidence from Russia,2024,Vladimir Kozlov; Dmitri Kofanov; Nikita Zakharov
10.2139/ssrn.4154000,https://openalex.org/W4390619505,https://doi.org/10.2139/ssrn.4683351,Consumer Financial Well-Being: Does Scale Choice Alter the Measure?,2024,Patrick W. Heck; Caroline Ratcliffe; Elle Tibbitts
10.2139/ssrn.4154000,https://openalex.org/W4406928297,https://doi.org/10.1093/9780191994982.003.0005,Social and Political Stability,2024,Ugo Gentilini
10.2139/ssrn.4154000,https://openalex.org/W4406928299,https://doi.org/10.1093/9780191994982.002.0006,epigraph,2024,Ugo Gentilini
10.2139/ssrn.4154000,https://openalex.org/W4406928305,https://doi.org/10.1093/9780191994982.003.0004,Building State Capabilities,2024,Ugo Gentilini
10.2139/ssrn.4154000,https://openalex.org/W4406928307,https://doi.org/10.1093/9780191994982.003.0006,Reform Trajectories,2024,Ugo Gentilini
10.2139/ssrn.4154000,https://openalex.org/W4406928405,https://doi.org/10.1093/9780191994982.002.0010,Preface,2024,Ugo Gentilini
10.2139/ssrn.4154000,https://openalex.org/W4406928484,https://doi.org/10.1093/9780191994982.002.0011,Disclaimer,2024,Ugo Gentilini
10.2139/ssrn.4154000,https://openalex.org/W4406928598,https://doi.org/10.1093/9780191994982.002.0005,Dedication,2024,Ugo Gentilini
10.2139/ssrn.4154000,https://openalex.org/W4406928630,https://doi.org/10.1093/9780191994982.003.0003,Accompanying Economic Transformation,2024,Ugo Gentilini
10.2139/ssrn.4154000,https://openalex.org/W4406928640,https://doi.org/10.1093/9780191994982.003.0002,Poor Narratives,2024,Ugo Gentilini
10.2139/ssrn.4154000,https://openalex.org/W4406928644,https://doi.org/10.1093/9780191994982.002.0009,List of Boxes,2024,Ugo Gentilini
10.2139/ssrn.4154000,https://openalex.org/W4406928656,https://doi.org/10.1093/9780191994982.002.0007,List of Figures,2024,Ugo Gentilini
10.2139/ssrn.4154000,https://openalex.org/W4406928670,https://doi.org/10.1093/9780191994982.003.0001,The Gist of the Journey,2024,Ugo Gentilini
10.2139/ssrn.4154000,https://openalex.org/W4406928678,https://doi.org/10.1093/9780191994982.002.0001,Advance praise for <i>Timely Cash</i>,2024,Ugo Gentilini
10.2139/ssrn.4154000,https://openalex.org/W4406928691,https://doi.org/10.1093/9780191994982.003.0007,Where Do We Go from Here?,2024,Ugo Gentilini
10.2139/ssrn.4154000,https://openalex.org/W4406928698,https://doi.org/10.1093/9780191994982.002.0008,List of Tables,2024,Ugo Gentilini
10.2139/ssrn.4154000,https://openalex.org/W4256319671,https://doi.org/10.1257/rct.6706-1.1,Employing the unemployed of Marienthal: Evaluation of a guaranteed job program,2020,Maximilian Kasy
10.2139/ssrn.4154000,https://openalex.org/W4388505950,https://doi.org/10.1257/rct.9296-2.1,Implementing Helicopter Money: A Randomized Policy Evaluation,2022,J. Boehm; Xavier Jaravel; Etienne Fize
10.2139/ssrn.4154000,https://openalex.org/W4386272144,https://doi.org/10.1017/s0140525x23001103,The psychology and policy of overcoming economic inequality,2023,Kai Ruggeri; Olivia Symone Tutuska; Giampaolo Abate Romero Ladini; Narjes Al-Zahli; Natalia Alexander; Mathias Houe Andersen; Katherine Bibilouri; Jennifer Chen; Barbora Doubravová; Tatianna Dugué; Aleena Asfa Durrani; Nicholas Dutra; R.A. Farrokhnia; Tomas Folke; Suwen Ge; Christian Gomes; Aleksandra Gracheva; Neža Grilc; Deniz Mısra Gürol; Zoe Heidenry; Clara Amanda Hu; Rachel Krasner; Romy Levin; Justine Li; Ashleigh Messenger; Fredrik Nilsson; Julia Marie Oberschulte; Takashi Obi; A. K. Pan; Sun Young Park; Sofia Pelica; Maksymilian Pyrkowski; Katherinne Rabanal; Pika Ranc; Žiga Mekiš Recek; Daria Stefania Pascu; Alexandra Symeonidou; Milica Vdović; Qihang Yuan; Eduardo García‐Garzón; Sarah Ashcroft-Jones
10.2139/ssrn.4154000,https://openalex.org/W4239127988,https://doi.org/10.1257/rct.6706,Employing the unemployed of Marienthal: Evaluation of a guaranteed job program,2020,Maximilian Kasy
10.2139/ssrn.4154000,https://openalex.org/W4253792038,https://doi.org/10.1257/rct.6706-1.0,Employing the unemployed of Marienthal: Evaluation of a guaranteed job program,2020,Maximilian Kasy
10.2139/ssrn.4154000,https://openalex.org/W4292121863,https://doi.org/10.31219/osf.io/2az6f,The psychology and policy of overcoming economic inequality,2022,Kai Ruggeri; Alexandra Symeonidou; Sofia Pelica; Tatianna Dugué; Julia Marie Oberschulte; Žiga Mekiš Recek; Clara Amanda Hu; Barbora Doubravová; Pika Ranc; Nicholas Dutra; Sun Young Park; Maksymilian Pyrkowski; Justine Li; Katherine Bibilouri; Milica Vdović; Aleksandra Gracheva; Giampaolo Abate Romero Landini; Neža Grilc; Daria Stefania Pascu; Fredrik Nilsson; Christian Gomes; Jennifer Chen; Ashleigh Messenger; Baihui Pan; Narjes Al-Zahli; Natalia Alexander; Katherinne Rabanal; Mathias Houe Andersen; Takashi Obi; Olivia Symone Tutuska; Aleena Asfa Durrani; Tomas Folke; Deniz Mısra Gürol; Zoe Heidenry; Rachel Krasner; Romy Levin; RA Farrokhnia; Suwen Ge; Qihang Yuan; Eduardo García‐Garzón; Sarah Ashcroft-Jones
10.2139/ssrn.4154000,https://openalex.org/W4293235120,https://doi.org/10.1257/rct.9296-1.0,Implementing Helicopter Money: A Randomized Policy Evaluation,2022,J. Boehm; Etienne Fize; Xavier Jaravel
10.2139/ssrn.4154000,https://openalex.org/W4293388289,https://doi.org/10.31234/osf.io/mrxy6,Poor but not by choice(s): The persistence of cognitive biases across economic groups,2022,Kai Ruggeri; Sarah Ashcroft-Jones; Giampaolo Abate Romero Landini; Narjes Al-Zahli; Natalia Alexander; Mathias Houe Andersen; Katherine Bibilouri; Katharina Büsch; Jennifer Chen; Barbora Doubravová; Tatianna Dugué; Aleena Asfa Durrani; Nicholas Dutra; Eduardo García‐Garzón; Christian Gomes; Aleksandra Gracheva; Neža Grilc; Deniz Mısra Gürol; Zoe Heidenry; Clara Amanda Hu; Rachel Krasner; Romy Levin; Justine Li; Ashleigh Messenger; Melika Miralem; Fredrik Nilsson; Julia Marie Oberschulte; Takashi Obi; Sun Young Park; Daria Stefania Pascu; Sofia Pelica; Maksymilian Pyrkowski; Katherinne Rabanal; Pika Ranc; Žiga Mekiš Recek; Alexandra Symeonidou; Olivia Symone Tutuska; Milica Vdović; Qihang Yuan; Friederike Stock
10.2139/ssrn.4154000,https://openalex.org/W4388505949,https://doi.org/10.1257/rct.9296-2.0,Implementing Helicopter Money: A Randomized Policy Evaluation,2022,J. Boehm; Xavier Jaravel; Etienne Fize
10.31219/osf.io/vrmpf,https://openalex.org/W3199145864,https://doi.org/10.1186/s40309-021-00178-z,Long-term cost-effectiveness of interventions for loss of electricity/industry compared to artificial general intelligence safety,2021,David Denkenberger; Anders Sandberg; Ross Tieman; Joshua M. Pearce
10.3386/w23928,https://openalex.org/W2783386352,https://doi.org/10.3386/w24196,"Artificial Intelligence, Automation and Work",2018,Daron Acemoğlu; Pascual Restrepo
10.3386/w23928,https://openalex.org/W3036506385,https://doi.org/10.1016/j.techfore.2020.120142,Influence of artificial intelligence on technological innovation: Evidence from the panel data of china's manufacturing sectors,2020,Liu Jun; Huihong Chang; Jeffrey Yi‐Lin Forrest; Baohua Yang
10.3386/w23928,https://openalex.org/W3165282860,https://doi.org/10.1016/j.techfore.2021.120880,Understanding AI adoption in manufacturing and production firms using an integrated TAM-TOE model,2021,Sheshadri Chatterjee; Nripendra P. Rana; Yogesh K. Dwivedi; Abdullah M. Baabdullah
10.3386/w23928,https://openalex.org/W2947746147,https://doi.org/10.1007/s11187-019-00202-4,Artificial intelligence and big data in entrepreneurship: a new era has begun,2019,Martin Obschonka; David B. Audretsch
10.3386/w23928,https://openalex.org/W2897697024,https://doi.org/10.1257/mac.20180386,The Productivity J-Curve: How Intangibles Complement General Purpose Technologies,2020,Erik Brynjolfsson; Daniel Rock; Chad Syverson
10.3386/w23928,https://openalex.org/W3043037022,https://doi.org/10.1177/1042258720934581,Artificial Intelligence and Entrepreneurship: Implications for Venture Creation in the Fourth Industrial Revolution,2020,Dominic Chalmers; Niall MacKenzie; Sara Carter
10.3386/w23928,https://openalex.org/W2888230425,https://doi.org/10.1287/mnsc.2019.3388,Does Machine Translation Affect International Trade? Evidence from a Large Digital Platform,2019,Erik Brynjolfsson; Xiang Hui; Meng Liu
10.3386/w23928,https://openalex.org/W3181487680,https://doi.org/10.1002/smj.3322,The Janus face of artificial intelligence feedback: Deployment versus disclosure effects on employee performance,2021,Siliang Tong; Nan Jia; Xueming Luo; Zheng Fang
10.3386/w23928,https://openalex.org/W3122488998,https://doi.org/10.2139/ssrn.3098384,"Artificial Intelligence, Automation and Work",2018,Daron Acemoğlu; Pascual Restrepo
10.3386/w23928,https://openalex.org/W4206150715,https://doi.org/10.1016/j.eneco.2022.105837,Robot adoption and energy performance: Evidence from Chinese industrial firms,2022,Geng Huang; Ling‐Yun He; Xi Lin
10.3386/w23928,https://openalex.org/W4376650874,https://doi.org/10.1016/j.jik.2023.100384,"Intelligent manufacturing, green technological innovation and environmental pollution",2023,Yang Shen; Xiuwu Zhang
10.3386/w23928,https://openalex.org/W4362634277,https://doi.org/10.1016/j.resourpol.2023.103507,The impact of artificial intelligence on firms’ energy and resource efficiency: Empirical evidence from China,2023,Juan Li; Shaoqi Ma; Yi Qu; Jiamin Wang
10.3386/w23928,https://openalex.org/W4290465941,https://doi.org/10.3390/en15155730,Do Artificial Intelligence Applications Affect Carbon Emission Performance?—Evidence from Panel Data Analysis of Chinese Cities,2022,Ping Chen; Jiawei Gao; Zheng Ji; Han Liang; Yu Peng
10.3386/w23928,https://openalex.org/W4299879791,https://doi.org/10.1007/s11356-022-23320-1,Can artificial intelligence improve green economic growth? Evidence from China,2022,Yu Qian; Liu Jun; Lifan Shi; Jeffrey Yi‐Lin Forrest; Zhidan Yang
10.3386/w23928,https://openalex.org/W4323924806,https://doi.org/10.1007/s13132-023-01183-2,Artificial Intelligence and Economic Development: An Evolutionary Investigation and Systematic Review,2023,Yong Qin; Zeshui Xu; Xinxin Wang; Marinko Škare
10.3386/w23928,https://openalex.org/W4386568383,https://doi.org/10.1186/s40008-023-00307-w,Implications of AI innovation on economic growth: a panel data study,2023,J. Gonzales
10.3386/w23928,https://openalex.org/W4393901687,https://doi.org/10.1016/j.iref.2024.04.002,Industrial intelligence and industrial structure change: Effect and mechanism,2024,Xia Lei; Qingjiang Han; Yu Shui
10.3386/w23928,https://openalex.org/W4408391249,https://doi.org/10.1016/j.iref.2025.104036,Digital Transformation and Enterprise Employment,2025,Jie Gao; Zhizhuo Li; Nguyễn Đức Trung; Wentao Zhang
10.3386/w23928,https://openalex.org/W4407876234,https://doi.org/10.3390/pharmaceutics17030290,Artificial Intelligence and Internet of Things Integration in Pharmaceutical Manufacturing: A Smart Synergy,2025,Reshma Kodumuru; S. Sarkar; Varun Parepally; Jignesh Chandarana
10.3386/w23928,https://openalex.org/W2111953804,https://doi.org/10.3386/w20941,Robots Are Us: Some Economics of Human Replacement,2015,Seth Benzell; Laurence J. Kotlikoff; Guillermo Lagarda; Jeffrey Sachs
10.3386/w23928,https://openalex.org/W3135806812,https://doi.org/10.1016/j.eap.2021.03.002,Artificial intelligence and energy intensity in China’s industrial sector: Effect and transmission channel,2021,Liang Liu; Kun Yang; Hidemichi Fujii; Jun Liu
10.3386/w23928,https://openalex.org/W3123736938,https://doi.org/10.1016/j.econmod.2021.01.009,Does artificial intelligence affect the pattern of skill demand? Evidence from Chinese manufacturing firms,2021,Mengmeng Xie; Lin Ding; Yan Xia; Jianfeng Guo; Jiaofeng Pan; Huijuan Wang
10.3386/w23928,https://openalex.org/W3181697435,https://doi.org/10.1007/s11356-021-15120-w,Does the smart city policy promote the green growth of the urban economy? Evidence from China,2021,Yu Qian; Liu Jun; Zhonghua Cheng; Jeffrey Yi‐Lin Forrest
10.3386/w23928,https://openalex.org/W4235089056,https://doi.org/10.3386/w25148,The Productivity J-Curve: How Intangibles Complement General Purpose Technologies,2018,Erik Brynjolfsson; Daniel Rock; Chad Syverson
10.3386/w23928,https://openalex.org/W3215734875,https://doi.org/10.1016/j.techfore.2021.121318,Artificial intelligence: Catalyst or barrier on the path to sustainability?,2021,Alexander Kopka; Nils Grashof
10.3386/w23928,https://openalex.org/W4200618492,https://doi.org/10.1007/s12599-021-00728-6,Eras of Digital Entrepreneurship,2021,Tobias Kollmann; Lucas Kleine-Stegemann; Katharina de Cruppe; Christina Then-Bergh
10.3386/w23928,https://openalex.org/W4291793483,https://doi.org/10.1177/10946705221120218,"Artificial Intelligence as a Service, Economic Growth, and Well-Being",2022,Christos Makridis; Saurabh Mishra
10.3386/w23928,https://openalex.org/W4310682551,https://doi.org/10.1007/s10644-022-09467-4,The impact of artificial intelligence on total factor productivity: empirical evidence from China’s manufacturing enterprises,2022,Ke-Liang Wang; Ting-Ting Sun; Ru-Yu Xu
10.3386/w23928,https://openalex.org/W4379144614,https://doi.org/10.3390/su15118934,AI-Driven Productivity Gains: Artificial Intelligence and Firm Productivity,2023,Xueyuan Gao; Hua Feng
10.3386/w23928,https://openalex.org/W4396565120,https://doi.org/10.1108/jebde-10-2023-0022,The impact of artificial intelligence on economic development,2024,Mohamed Ali Trabelsi
10.3386/w23928,https://openalex.org/W4391294099,https://doi.org/10.1007/s00146-023-01841-8,Affective neuroscience theory and attitudes towards artificial intelligence,2024,Christian Montag; Raian Ali; Kenneth L. Davis
10.3386/w23928,https://openalex.org/W4392387614,https://doi.org/10.3390/analytics3010008,Artificial Intelligence and Sustainability—A Review,2024,Rachit Dhiman; Sofia Miteff; Yuancheng Wang; Shih-Chi Ma; R. Amirikas; Benjamin Fabian
10.3386/w23928,https://openalex.org/W4401016008,https://doi.org/10.1007/s10462-024-10864-6,AI’s effect on innovation capacity in the context of industry 5.0: a scoping review,2024,Adrien Bécue; João Gama; Pedro Quelhas Brito
10.3386/w23928,https://openalex.org/W4407204836,https://doi.org/10.1016/j.asieco.2025.101893,How Artificial Intelligence Applications Affect the Total Factor Productivity of the Service Industry: Firm-level Evidence from China,2025,Xiaojun Wu; Zhu Yi
10.3386/w23928,https://openalex.org/W4407407865,https://doi.org/10.2139/ssrn.5133107,Artificially Intelligent or Artificially Inflated? Determinants and Informativeness of Corporate AI Disclosures,2025,John Manuel Barrios; John L. Campbell; Ryan G. Johnson; Yixin Liu
10.3386/w23928,https://openalex.org/W4408113478,https://doi.org/10.1080/00036846.2025.2471584,The role of artificial intelligence in reducing carbon emissions: evidence from Chinese manufacturing firms,2025,Nanxu Chen; Jin-Feng Huang; Yuling Hu; Yi Li
10.3386/w23928,https://openalex.org/W2972825102,https://doi.org/10.1007/s11192-019-03222-9,Investigating the applications of artificial intelligence in cyber security,2019,Naveed Abbas; Tanveer Ahmed; Syed Habib Ullah Shah; Muhammad Omar; Han Woo Park
10.3386/w23928,https://openalex.org/W3003064120,https://doi.org/10.1007/s43253-020-00022-3,The productivity and unemployment effects of the digital transformation: an empirical and modelling assessment,2020,Filippo Bertani; Marco Raberto; Andrea Teglio
10.3386/w23928,https://openalex.org/W3121891911,https://doi.org/10.24187/ecostat.2019.510t.1994,"Artificial Intelligence, Growth and Employment: The Role of Policy",2019,Philippe Aghion; Céline Antonin; Simon Bunel
10.3386/w23928,https://openalex.org/W3175581328,https://doi.org/10.1016/j.techfore.2021.120909,Forecasting AI progress: A research agenda,2021,Ross Gruetzemacher; Florian E. Dorner; Nikolas Bernaola; Charlie Giattino; David Manheim
10.3386/w23928,https://openalex.org/W3188278365,https://doi.org/10.3145/epi.2021.may.17,Aplicación de la inteligencia artificial al periodismo: análisis de la producción académica,2021,Sonia Parratt Fernández; Javier Mayoral Sánchez; Montse Fernández
10.3386/w23928,https://openalex.org/W4304187669,https://doi.org/10.3390/su141912760,"Innovation in SMEs, AI Dynamism, and Sustainability: The Current Situation and Way Forward",2022,Ranjan Chaudhuri; Sheshadri Chatterjee; Demetris Vrontis; Sumana Chaudhuri
10.3386/w23928,https://openalex.org/W4384207522,https://doi.org/10.1111/cwe.12495,Have Industrial Robots Improved Pollution Reduction? A Theoretical Approach and Empirical Analysis,2023,Huzhou Zhu; Bin Sang; Chunyuan Zhang; Lin Guo
10.3386/w23928,https://openalex.org/W4400954016,https://doi.org/10.1016/j.techsoc.2024.102666,Virtual human on social media: Text mining and sentiment analysis,2024,Sihong Li; Jinglong Chen
10.3386/w23928,https://openalex.org/W4402828419,https://doi.org/10.1016/j.asieco.2024.101815,How artificial intelligence affects international industrial transfer ——Evidence from industrial robot application,2024,Hongyuan Zhang; Yibing Ding; Jing Niu; Samuel Jung
10.3386/w23928,https://openalex.org/W4391160391,https://doi.org/10.1007/s13132-023-01631-z,AI in Human Resource Management: Literature Review and Research Implications,2024,Yuming Zhai; Lixin Zhang; Mingchuan Yu
10.3386/w23928,https://openalex.org/W4401891203,https://doi.org/10.3390/su16167226,Artificial Intelligence and Technological Innovation: Evidence from China’s Strategic Emerging Industries,2024,Daojun Li; Haiqin Wang; Wang Juan
10.3386/w23928,https://openalex.org/W4401242341,https://doi.org/10.1177/0958305x241269041,Impact of AI adoption on ESG performance: Evidence from Chinese firms,2024,Shuangyan Li; Muhammad Waleed Younas; Umer Sahil Maqsood; RM Ammar Zahid
10.3386/w23928,https://openalex.org/W4407219160,https://doi.org/10.1016/j.asieco.2025.101890,The Impact of AI Adoption on R&amp;D Productivity: Evidence from Chinese Pharmaceutical Manufacturing Industry,2025,Yifan Wu; Yiming Yuan; Xueyin Song
10.3386/w23928,https://openalex.org/W3095440340,https://doi.org/10.1080/10438599.2020.1839173,Artificial intelligence: neither Utopian nor apocalyptic impacts soon,2020,Wim Naudé
10.3386/w23928,https://openalex.org/W2956640534,https://doi.org/10.1016/j.asoc.2019.105640,Machine learning models for credit analysis improvements: Predicting low-income families’ default,2019,José Rômulo de Castro Vieira; Flávio Barboza; Vinícius Amorim Sobreiro; Herbert Kimura
10.3386/w23928,https://openalex.org/W4380729992,https://doi.org/10.1007/s11356-023-27964-5,Can the application of artificial intelligence in industry cut China’s industrial carbon intensity?,2023,Sijia Tao; Yanqiu Wang; Yingnan Zhai
10.3386/w23928,https://openalex.org/W2901445170,https://doi.org/10.1080/17516234.2018.1546419,Technological innovations and social development in Asia,2018,Bingqin Li; David Piachaud
10.3386/w23928,https://openalex.org/W2951274695,https://doi.org/10.1093/cjres/rsz023,OK Computer: the creation and integration of AI in Europe,2019,Bernardo Buarque; Ronald B. Davies; Ryan M. Hynes; Dieter F. Kogler
10.3386/w23928,https://openalex.org/W3123783888,https://doi.org/10.1016/j.jmoneco.2020.06.004,From secular stagnation to robocalypse? Implications of demographic and technological changes,2020,Henrique S. Basso; Juan F. Jimeno
10.3386/w23928,https://openalex.org/W3049374281,https://doi.org/10.18371/fcaptp.v2i33.207246,ARTIFICIAL INTELLIGENCE APPLICATION IN EDUCATION: FINANCIAL IMPLICATIONS AND PROSPECTS,2020,Valerii Osetskyi; Andrii Vitrenko; Irina Tatomyr; Svitlana Bilan; Ye.V. Hirnyk
10.3386/w23928,https://openalex.org/W3195886472,https://doi.org/10.1007/s11205-021-02768-7,A Comprehensive Taxonomy of Tasks for Assessing the Impact of New Technologies on Work,2021,Enrique Fernández‐Macías; Martina Bisello
10.3386/w23928,https://openalex.org/W4280546821,https://doi.org/10.1080/1461670x.2022.2075786,In Search of the Global South: Assessing Attitudes of Latin American Journalists to Artificial Intelligence in Journalism,2022,María T. Soto-Sanfiel; Adriana Ibiti; Mabel Machado López; Beatriz Elena Marín Ochoa; María Mendoza Michilot; Claudio Guillermo Rosell Arce; Ariadna Angulo-Brunet
10.3386/w23928,https://openalex.org/W4324387430,https://doi.org/10.1016/j.frl.2023.103798,Future of jobs in China under the impact of artificial intelligence,2023,Chengzhang Wang; Min Zheng; Xiaoming Bai; Youwei Li; Wei Shen
10.3386/w23928,https://openalex.org/W4386027172,https://doi.org/10.3390/su151612621,The Application of Industrial Robot and the High-Quality Development of Manufacturing Industry: From a Sustainability Perspective,2023,Qianqian Guo; Zhifang Su
10.3386/w23928,https://openalex.org/W4387245381,https://doi.org/10.1007/s13132-023-01506-3,Artificial Intelligence Drives the Coordinated Development of Green Finance and the Real Economy: Empirical Evidence from Chinese Provincial Level,2023,Gangdong Peng; Minchun Han; Hankun Yuan
10.3386/w23928,https://openalex.org/W4319321226,https://doi.org/10.1111/ijsw.12586,"The rise of artificial intelligence, the fall of human wellbeing?",2023,Yong Zhao; Yin Da; Lili Wang; Yihua Yu
10.3386/w23928,https://openalex.org/W4367178637,https://doi.org/10.1080/00036846.2023.2206623,Does robotization improve the skill structure? The role of job displacement and structural transformation,2023,Shengming Hu; Kai Lin; Bei Liu; Hui Wang
10.3386/w23928,https://openalex.org/W4391743133,https://doi.org/10.1080/00036846.2024.2315093,Has the digital transformation promoted energy-saving-biased technological progress in China’s manufacturing sector?,2024,Xichen Lyu; Zhen Pang; Yingying Xu
10.3386/w23928,https://openalex.org/W4393391556,https://doi.org/10.1007/s00191-024-00854-w,Robot revolution and human capital accumulation: implications for growth and labour income,2024,Thanh Lê; Huong Quynh Nguyen; Mai Vu
10.3386/w23928,https://openalex.org/W4402676895,https://doi.org/10.1016/j.techsoc.2024.102719,Artificial Intelligence and Wealth Inequality: A Comprehensive Empirical Exploration of Socioeconomic Implications,2024,Marinko Škare; Beáta Gavurová; Sanja Blažević Burić
10.3386/w23928,https://openalex.org/W3083694288,https://doi.org/10.1002/pa.2326,Artificial intelligence and income inequality: Do technological changes and worker's position matter?,2020,Arjun Goyal; Ranjan Aneja
10.3386/w23928,https://openalex.org/W3158722845,https://doi.org/10.3390/su13094989,Intelligence and Green Total Factor Productivity Based on China’s Province-Level Manufacturing Data,2021,Yining Zhang; Wu Zhong
10.3386/w23928,https://openalex.org/W3207767104,https://doi.org/10.3390/su132011542,The Relationship between Artificial Intelligence and China’s Sustainable Economic Growth: Focused on the Mediating Effects of Industrial Structural Change,2021,Decheng Fan; Kairan Liu
10.3386/w23928,https://openalex.org/W4285013258,https://doi.org/10.3390/jrfm15070302,Artificial Intelligence and Firm Performance: Does Machine Intelligence Shield Firms from Risks?,2022,Linh Tu Ho; Christopher Gan; Shan Jin; Bryan Le
10.3386/w23928,https://openalex.org/W4308884922,https://doi.org/10.1080/1540496x.2022.2133960,"Advanced Human Capital Structure, Industrial Intelligence and Service Industry Structure Upgrade ——Experience from China’s Developments",2022,Hongmei Ma; Yiwen Sun; Lingxiao Yang; Xiuzhen Li; Yun Zhang; Fang Zhang
10.3386/w23928,https://openalex.org/W4394864014,https://doi.org/10.2139/ssrn.4787286,Displacement or Augmentation? The Effects of AI on Workforce Dynamics and Firm Value,2024,Mark A. Chen; Joanna Wang
10.3386/w23928,https://openalex.org/W4404691227,https://doi.org/10.1108/ejim-07-2024-0809,Unlocking innovation potential: the impact of artificial intelligence transformation on enterprise innovation capacity,2024,Liangyu Jiang; Xuan Ye; Kerong Zhang
10.3386/w23928,https://openalex.org/W4405920056,https://doi.org/10.1007/s11205-024-03493-7,Income Inequality and Artificial Intelligence: Globalization and age dependency for developed countries,2024,Muhammad Waqas Khan; Mehmet Akif Destek; Zeeshan Khan
10.3386/w23928,https://openalex.org/W4406382396,https://doi.org/10.1016/j.worlddev.2025.106921,Robot and crime: Evidence from China,2025,Guanfu Fang; Liya Miao
10.3386/w23928,https://openalex.org/W4410884880,https://doi.org/10.1257/pandp.20251001,Local Heterogeneity in Artificial Intelligence Jobs over Time and Space,2025,Lefteris Andreadis; Elena Kalotychou; Manolis Chatzikonstantinou; Christodoulos Louca; Christos Makridis
10.3386/w23928,https://openalex.org/W4411369422,https://doi.org/10.1086/737233,Artificial Intelligence in the Knowledge Economy,2025,Enrique Ide; Eduard Talamàs
10.3386/w23928,https://openalex.org/W4411960829,https://doi.org/10.3846/tede.2025.23168,The role of ICT in shaping international trade dynamics: a G20 perspective,2025,Noori Park; Chang Hwan Choi
10.3386/w23928,https://openalex.org/W2953601284,https://doi.org/10.1016/j.worlddev.2019.06.014,"The decline of the labor income share in Mexico, 1990–2015",2019,Carlos A. Ibarra; Jaime Ros
10.3386/w23928,https://openalex.org/W3092997571,https://doi.org/10.1007/978-3-030-47355-6_1,Impact of Artificial Intelligence on Firm Performance: Exploring the Mediating Effect of Process-Oriented Dynamic Capabilities,2020,Serge-Lopez Wamba-Taguimdje; Samuel Fosso Wamba; Jean Robert Kala Kamdjoug; Chris Emmanuel Tchatchouang Wanko
10.3386/w23928,https://openalex.org/W3121085331,https://doi.org/10.2478/ethemes-2020-0025,"Impact of Digitalisation on Economic Growth, Productivity and Employment",2020,Milojko Arsić
10.3386/w23928,https://openalex.org/W4313365266,https://doi.org/10.1257/app.20200664,Labor Supply and Directed Technical Change: Evidence from the Termination of the Bracero Program in 1964,2022,Shmuel San
10.3386/w23928,https://openalex.org/W4321599363,https://doi.org/10.1787/ac1bebf0-en,Six questions about the demand for artificial intelligence skills in labour markets,2023,Fabio Manca
10.3386/w23928,https://openalex.org/W4396674730,https://doi.org/10.1057/s41599-024-03100-7,"Robots, firm relocation, and air pollution: unveiling the unintended spatial spillover effects of emerging technology",2024,Yanying Wang; Qingyang Wu
10.3386/w23928,https://openalex.org/W4400675503,https://doi.org/10.1007/s10791-024-09452-7,The influence of artificial intelligence as a tool for future economies on accounting procedures: empirical evidence from Saudi Arabia,2024,Mahfoudh Hussein Mgammal
10.3386/w23928,https://openalex.org/W4404865150,https://doi.org/10.1016/j.eap.2024.11.017,Strong Financial Regulation and the Intelligent Transformation of Enterprises,2024,Baizhen Zhang; M. J. Guo
10.3386/w23928,https://openalex.org/W4405925986,https://doi.org/10.1186/s40008-024-00345-y,Effect of artificial intelligence on economic growth in European countries: a symmetric and asymmetric cointegration based on linear and non-linear ARDL approach,2024,Maha Kalai; Hamdi Becha; Kamel Helali
10.3386/w23928,https://openalex.org/W3121307298,https://doi.org/10.2139/ssrn.3202622,Automation and Unemployment: Help Is on the Way,2018,Hideki Nakamura; Joseph Zeira
10.3386/w23928,https://openalex.org/W2921412041,https://doi.org/10.2139/ssrn.3290708,"Will This Time Be Different? A Review of the Literature on the Impact of Artificial Intelligence on Employment, Incomes and Growth",2018,Bertin Martens; Songül Tolan
10.3386/w23928,https://openalex.org/W3202827322,https://doi.org/10.1093/oxrep/grab013,The history and future of AI,2021,Stuart Russell
10.3386/w23928,https://openalex.org/W4388115408,https://doi.org/10.1109/icdata58816.2023.00034,"Applications of Artificial Intelligence in Finance: Prospects, Limits and Risks",2023,Hicham Sadok; Houda Mahboub; Hasna Chaibi; Rachid Saadane; Mohamed Wahbi
10.3386/w23928,https://openalex.org/W4388940141,https://doi.org/10.1007/s11356-023-31076-5,Does artificial intelligence (AI) reduce ecological footprint? The role of globalization,2023,Qiang Wang; Tingting Sun; Rongrong Li
10.3386/w23928,https://openalex.org/W2928548566,https://doi.org/10.1007/s13209-019-0190-z,Fewer babies and more robots: economic growth in a new era of demographic and technological changes,2019,Juan F. Jimeno
10.3386/w23928,https://openalex.org/W2939949558,https://doi.org/10.1080/17487870.2019.1578651,Snapshots of a state of flux: how Brazilian industrial firms differ in the adoption of digital technologies and policy implications,2019,João Carlos Ferraz; David J. Kupfer; Julia Torracca; Jorge Britto
10.3386/w23928,https://openalex.org/W3012119786,https://doi.org/10.4018/978-1-7998-2509-8.ch001,Automation and Augmentation,2020,Maureen Ebben
10.3386/w23928,https://openalex.org/W3022427171,https://doi.org/10.1007/s40812-020-00159-6,The rush for patents in the Fourth Industrial Revolution,2020,Mario Benassi; Elena Grinza; Francesco Rentocchini
10.3386/w23928,https://openalex.org/W3106878837,https://doi.org/10.2139/ssrn.3570130,The Changing Economics of Knowledge Production,2020,Simona Abis; Laura Veldkamp
10.3386/w23928,https://openalex.org/W3166966935,https://doi.org/10.1007/978-3-030-72236-4_16,Application of Machine Learning for Ransomware Detection in IoT Devices,2021,Roseline Oluwaseun Ogundokun; Joseph Bamidele Awotunde; Sanjay Misra; Oluwakemi Christiana Abikoye; Oluwafemi Folarin
10.3386/w23928,https://openalex.org/W4387452035,https://doi.org/10.3390/su151914647,Bilateral Effects of the Digital Economy on Manufacturing Employment: Substitution Effect or Creation Effect?,2023,Chenhui Ding; Song Xiaoming; Yingchun Xing; Yuxuan Wang
10.3386/w23928,https://openalex.org/W4392772908,https://doi.org/10.1002/ijfe.2945,"Looking in the rear‐view mirror: Evidence from artificial intelligence investment, labour market conditions and firm growth",2024,Ishmael Tingbani; Samuel Salia; Christopher A. Hartwell; Yahaya Alhassan
10.3386/w23928,https://openalex.org/W4405538792,https://doi.org/10.22367/jem.2024.46.21,"Corporate investment in artificial intelligence: The role of GDP, ICT exports, and patents",2024,M. S. Rahman; Uttam Golder; P. L. Ghosh
10.3386/w23928,https://openalex.org/W4389947385,https://doi.org/10.1080/26915979.2023.2281668,Application of Artificial Intelligence for Reference Services in Academic Libraries: A Global Overview through a Systematic Review of Literature,2023,Adeyinka Tella
10.3386/w23928,https://openalex.org/W2995034539,https://doi.org/10.2507/30th.daaam.proceedings.025,Manufacturing and the Rise of Artificial Intelligence: Innovation Challenges,2019,Željko Tekić; Ilija Ćosić; Branko Katalinić
10.3386/w23928,https://openalex.org/W2940005382,https://doi.org/10.32609/j.ruje.5.35233,Structural changes and economic growth in the world economy and Russia,2019,V. Mironov; Liudmila D. Konovalova
10.3386/w23928,https://openalex.org/W3153250062,https://doi.org/10.32609/0042-8736-2019-1-54-78,On the relationship of structural changes and economic growth in the world economy and Russia,2019,V. V. Mironov; I. D. Konovalova
10.3386/w23928,https://openalex.org/W4220747038,https://doi.org/10.1007/s13132-022-01011-z,Does Intelligence Improve the Efficiency of Technological Innovation?,2022,Xing Zhao; Sasa Yang
10.3386/w23928,https://openalex.org/W4392348017,https://doi.org/10.1057/s41599-024-02642-0,Artificial intelligence and religious freedom: divergent paths converging on economic expansion,2024,Yugang He
10.3386/w23928,https://openalex.org/W4399572124,https://doi.org/10.3389/fenrg.2024.1396872,The impact of new digital infrastructure on green total factor productivity,2024,Qunli Wang; Guoying Li; Meng Du; Xiangjun Zhou; Jinfeng Liang
10.3386/w23928,https://openalex.org/W4402480395,https://doi.org/10.1007/978-3-031-63402-4_30,Harnessing Technology for a Sustainable Future in Finance: The Role of Artificial Intelligence in Promoting Environmental Responsibility,2024,Shalini Singh; Shubhanker Yadav; Arti Singh; Y. Jaya Krishna; Anjana Singh
10.3386/w23928,https://openalex.org/W4405464692,https://doi.org/10.1145/3670865.3673629,Artificial Intelligence in the Knowledge Economy,2024,Enrique Ide; Eduard Talamàs
10.3386/w23928,https://openalex.org/W2969550048,https://doi.org/10.1146/annurev-economics-080218-030204,"History, Microdata, and Endogenous Growth",2019,Ufuk Akcigit; Tom Nicholas
10.3386/w23928,https://openalex.org/W3044605001,https://doi.org/10.1007/s10961-020-09819-0,Robotisation of the manufacturing industries in the EU: Convergence or divergence?,2020,André Jungmittag
10.3386/w23928,https://openalex.org/W3159770522,https://doi.org/10.2139/ssrn.3593334,From Secular Stagnation to Robocalypse? Implications of Demographic and Technological Changes,2020,Henrique S. Basso; Juan F. Jimeno
10.3386/w23928,https://openalex.org/W4295768673,https://doi.org/10.23919/picmet53225.2022.9882634,The Impact of Artificial Intelligence on Firm Performance,2022,Tae‐Kyun Kim; Yejin Park; Wonjoon Kim
10.3386/w23928,https://openalex.org/W4321200444,https://doi.org/10.4018/978-1-6684-6821-0.ch017,Digital Transformation,2023,Hanène Babay; Nozha Erragcha
10.3386/w23928,https://openalex.org/W4409704296,https://doi.org/10.1186/s13731-025-00509-5,Embarking the AI journey: insights from ahedd DIH on Greece’s (potential) AI adopters,2025,Κωνσταντίνα Κανελλοπούλου; George Giannakopoulos; Periklis Terlixidis
10.3386/w23928,https://openalex.org/W4411568635,https://doi.org/10.1038/s41598-025-98241-3,Artificial intelligence and the wellbeing of workers,2025,Osea Giuntella; Johannes König; Luca Stella
10.3386/w23928,https://openalex.org/W4411618907,https://doi.org/10.3389/fenrg.2025.1460586,"AI beyond efficiency, navigating the rebound effect in AI-driven sustainable development",2025,David Mhlanga
10.3386/w23928,https://openalex.org/W4412901572,https://doi.org/10.1057/s41599-025-05004-6,The impact of artificial intelligence on accounting practices: an academic perspective,2025,Talal Fawzi Alruwaili; Mahfoudh Hussein Mgammal
10.3386/w23928,https://openalex.org/W4413104194,https://doi.org/10.3390/su17167273,Does Artificial Intelligence Promote Sustainable Growth of Exporting Firms?,2025,Xiulian Chen; Yanan Wu; Yu Long
10.3386/w23928,https://openalex.org/W4413926581,https://doi.org/10.1108/jebde-02-2025-0017,"Do artificial intelligence investment, energy transition, and agriculture productivity affect carbon footprint? Evidence from panel data analysis of BRICS countries",2025,Prasenjit Makur; Debasish Sur
10.3386/w23928,https://openalex.org/W2965973134,https://doi.org/10.1111/joes.12329,THE DECADES‐LONG DISPUTE OVER SCALE EFFECTS IN THE THEORY OF ECONOMIC GROWTH,2019,Steven Bond‐Smith
10.3386/w23928,https://openalex.org/W4230934636,https://doi.org/10.2139/ssrn.3398470,Artificial Intelligence Market Disruption,2019,Julia M. Puaschunder
10.3386/w23928,https://openalex.org/W4306969353,https://doi.org/10.3390/su142013600,"Population Aging, Industrial Intelligence and Export Technology Complexity",2022,Kexu Wu; Zhiwei Tang; Longpeng Zhang
10.3386/w23928,https://openalex.org/W4389849216,https://doi.org/10.1007/s10657-023-09789-2,Intellectual property and fourth industrial revolution technologies: how the patent system is shaping the future in the data-driven economy,2023,Armin Mertens; Marc Scheufen
10.3386/w23928,https://openalex.org/W4406354638,https://doi.org/10.4018/979-8-3693-7036-0.ch001,Economic Political and Social Consequences of AI Understanding the AI Technologies Influence With Creative Destruction,2025,Altuğ Günar
10.3386/w23928,https://openalex.org/W4407173135,https://doi.org/10.1007/978-3-031-81226-2_2,Patents and the Technological Evolution of AI,2025,Arianna Martinelli
10.3386/w23928,https://openalex.org/W4407422627,https://doi.org/10.3390/su17041497,Impact of Technological Advances on Workers’ Health: Taking Robotics as an Example,2025,Wenhao Yang; Changbiao Zhong; Siyi Wang; Jiabin Fang
10.3386/w23928,https://openalex.org/W4407564801,https://doi.org/10.1007/978-3-031-73639-1_2,The Impact of AI on Economic Growth: A Take for Emerging Economies,2025,Xiaohua Yang; Abeba N. Turi
10.3386/w23928,https://openalex.org/W4407710550,https://doi.org/10.12677/mm.2025.152041,How the Application of Artificial Intelligence Technology Affects the Operational Efficiency of Enterprises—An Empirical Study Based on Chinese Manufacturing Listed Companies,2025,海立 刘
10.3386/w23928,https://openalex.org/W4407901185,https://doi.org/10.2139/ssrn.5078805,Local Heterogeneity in Artificial Intelligence Jobs Over Time and Space,2025,Eleftherios Andreadis; Emmanouil Chatzikonstantinou; Elena Kalotychou; Christodoulos Louca; Christos Makridis
10.3386/w23928,https://openalex.org/W4408985999,https://doi.org/10.1111/cwe.12575,"Industrial Robot Adoption, Human Capital, and Global Value Chain Upgrading: Insights from China",2025,Tianding Zhang; Su-Mei Gan
10.3386/w23928,https://openalex.org/W4409116778,https://doi.org/10.1007/978-981-96-3949-6_13,Empowering Entrepreneurship: Exploring the Mediating Role of AI Integration Between SMA and Performance,2025,Yang Lian; Zuraidah Sulaiman; Ying Tuan Lo; Xi Yang; Andrew Huey Ping Tan
10.3386/w23928,https://openalex.org/W4410481635,https://doi.org/10.37394/23209.2025.22.29,Analyzing the Ecosystem Contexts in the AI Literature Using Latent Dirichlet Allocation and Exploratory Factor Analysis,2025,Kreshnik Vukatana; Elira Hoxha; Arben Asllani
10.3386/w23928,https://openalex.org/W4411212818,https://doi.org/10.21203/rs.3.rs-6844802/v1,Driving AI Adoption in the EU: A Quantitative Analysis of Macroeconomic Influences,2025,Carlo Drago; Alberto Costantiello; Marco Savorgnan; Angelo Leogrande
10.3386/w23928,https://openalex.org/W4411265260,https://doi.org/10.1016/j.eap.2025.06.012,The Digital World that Trade Created: Evidence From the Information Technology Agreement,2025,Shuzhong Ma; Yuting Shen; Chao Fang
10.3386/w23928,https://openalex.org/W4411741836,https://doi.org/10.1080/10438599.2025.2523947,Homophilous founding teams and AI ventures’ innovation,2025,Luca Farè; Silvio Vismara
10.3386/w23928,https://openalex.org/W4412098047,https://doi.org/10.1080/00036846.2025.2521038,Blessing or peril? The impact of Artificial Intelligence on the energy transition—evidence from China,2025,Shengling Zhang; Ruibing Ji; Wei Dou; Yu Hao
10.3386/w23928,https://openalex.org/W4412450540,https://doi.org/10.3390/systems13070586,How Does Artificial Intelligence Technology Influence Labor Share: The Role of Labor Structure Upgrading,2025,Xiaolong Xue; Jianshuo Chen; Wendi Xiao; Chenxiao Wang
10.3386/w23928,https://openalex.org/W4412621417,https://doi.org/10.2139/ssrn.5360803,"Automation, AI, and the Intergenerational Transmission of Knowledge",2025,Enrique Ide
10.3386/w23928,https://openalex.org/W4412623014,https://doi.org/10.2139/ssrn.5354077,AI and the Fed,2025,Sophia Kazinnik; Erik Brynjolfsson
10.3386/w23928,https://openalex.org/W4412625960,https://doi.org/10.2139/ssrn.5350306,"Artificially intelligent institutions: On AI, platforms &amp;amp; productivity",2025,Jason Potts
10.3386/w23928,https://openalex.org/W4412833860,https://doi.org/10.2478/picbe-2025-0254,"Artificial Intelligence, Inequality, and Economic Performance: An Empirical Investigation across Europe, USA, and China",2025,Bouchra Al Mawla
10.3386/w23928,https://openalex.org/W4413240319,https://doi.org/10.1007/978-981-96-5719-3_8,Artificial Intelligence and the Sustainable Development Goals: AI Applications for Each SDG,2025,Peterson K Ozili
10.3386/w23928,https://openalex.org/W4413279203,https://doi.org/10.2139/ssrn.5395006,AI Behavioral Science,2025,Matthew O. Jackson; Qiaozhu Mei; Stephanie Wang; Yutong Xie; Walter Yuan; Seth Benzell; Erik Brynjolfsson; James A. Evans; Brian Jabarian; Jon Kleinberg; Juanjuan Meng; Sendhil Mullainathan; Asuman Ozdaglar; Thomas Pfeiffer; Moshe Tennenholtz; Robb Willer; Diyi Yang; Teng Ye
10.3386/w23928,https://openalex.org/W4413598974,https://doi.org/10.1002/cep4.70016,European Governance of Artificial Intelligence: Bridging Uncertainty With Evidence‐Informed Policy Making,2025,Richard von Maydell
10.3386/w23928,https://openalex.org/W4414336325,https://doi.org/10.1007/s12197-025-09732-y,Artificial intelligence and labor markets: evidence from google trends,2025,Hakan Yilmazkuday
10.3386/w23928,https://openalex.org/W4414437620,https://doi.org/10.1016/j.sbr.2025.100006,Effect of AI on Innovation Capacity in the context of Industry 5.0: Findings from a Qualitative study,2025,Adrien Bécue; João Gama; Pedro Quelhas Brito
10.3386/w23928,https://openalex.org/W2911229981,https://doi.org/10.2139/ssrn.3294552,The Complex Economics of Artificial Intelligence,2018,Juan Mateos-García
10.3386/w23928,https://openalex.org/W2943362337,https://doi.org/10.1080/03057925.2019.1600400,The challenge of mapping overeducation and overskilling across countries: a critical approach using PIAAC,2019,Álvaro Choi; Juan Manuel Guío; Josep‐Oriol Escardíbul
10.3386/w23928,https://openalex.org/W2963305318,https://doi.org/10.1080/10438599.2019.1643557,"Perpetual growth, the labor share, and robots",2019,Önder Nomaler; Bart Verspagen
10.3386/w23928,https://openalex.org/W2996233445,https://doi.org/10.24187/ecostat.2019.510t.1988,Income and Wealth Inequality in France: Developments and Links over the Long Term,2019,Bertrand Garbinti; Jonathan Goupille-Lebret
10.3386/w23928,https://openalex.org/W3021375153,https://doi.org/10.1007/s13347-020-00400-z,Artificial Moral Agents Within an Ethos of AI4SG,2020,Bongani Andy Mabaso
10.3386/w23928,https://openalex.org/W3047934914,https://doi.org/10.35669/rcys.2020.10(1).19-41,Aplicación de la Inteligencia Artificial con Procesamiento del Lenguaje Natural para textos de investigación cualitativa en la relación médico-paciente con enfermedad mental mediante el uso de tecnologías móviles,2020,José Vicente Sancho Escrivá; Carlos Fanjul Peyró; María de la Iglesia-Vayá; Joaquin A. Montell; María José Escartí Fabra
10.3386/w23928,https://openalex.org/W3173299297,https://doi.org/10.1109/access.2021.3092821,ATTICA: A Dataset for Arabic Text-Based Traffic Panels Detection,2021,Kaoutar Sefrioui Boujemaa; Mohammed Akallouch; Ismaïl Berrada; Khalid Fardousse; Afaf Bouhoute
10.3386/w23928,https://openalex.org/W4392906143,https://doi.org/10.4018/979-8-3693-1842-3.ch009,The Future of Entrepreneurship,2024,Venkat Narayana Rao T.; Goboori Harsh Vardhan; Kotamarti Sushanth
10.3386/w23928,https://openalex.org/W4396908056,https://doi.org/10.29109/gujsc.1442017,Sanayide Enerji Verimliliğinde Son Gelişmeler: Türkiye Örneği,2024,Cemre YILDIZ
10.3386/w23928,https://openalex.org/W4400737259,https://doi.org/10.1093/ooec/odad082,A task-based approach to inequality,2024,Daron Acemoğlu; Pascual Restrepo
10.3386/w23928,https://openalex.org/W4404364617,https://doi.org/10.1007/s13132-024-02508-5,How Do Industrial Robots Affect the Total Factor Productivity in Manufacturing Enterprises?,2024,Yingjie Xu; Bing Zheng; Bin Guo
10.3386/w23928,https://openalex.org/W2979562438,https://doi.org/10.2139/ssrn.3375523,"How Automation that Substitutes for Labor Affects Production Networks, Growth, and Income Inequality",2019,Matthew O. Jackson; Zafer Kanik
10.3386/w23928,https://openalex.org/W3121158877,https://doi.org/10.2139/ssrn.3094576,"People Management Skills, Employee Attrition, and Manager Rewards: An Empirical Analysis",2017,Mitchell Hoffman; Steven Tadelis
10.3386/w23928,https://openalex.org/W2911154195,https://doi.org/10.1108/jeas-04-2018-0049,On the economic consequences of automation and robotics,2019,Orlando Gomes; Sónia Sofia Lopes Pereira
10.3386/w23928,https://openalex.org/W3201252104,https://doi.org/10.2139/ssrn.3873901,The Janus Face of Artificial Intelligence Feedback: Deployment Versus Disclosure Effects on Employee Performance,2021,Siliang Tong; Nan Jia; Xueming Luo; Zheng Fang
10.3386/w23928,https://openalex.org/W3217386647,https://doi.org/10.1007/s43253-021-00060-5,The sustainability transition and the digital transformation: two challenges for agent-based macroeconomic models,2021,Marcello Nieddu; Filippo Bertani; Linda Ponta
10.3386/w23928,https://openalex.org/W4288052157,https://doi.org/10.1371/journal.pone.0271186,Whether intelligentization promotes regional industrial competitiveness: Evidence from China,2022,Bingjian Zhao; Yi Li; Junyin Tan; Chuanhao Wen
10.3386/w23928,https://openalex.org/W3002736164,https://doi.org/10.2139/ssrn.3449440,"Artificial Intelligence, Human Capital, and Innovation",2019,Michael Gofman; Zhao Jin
10.3386/w23928,https://openalex.org/W3127880710,https://doi.org/10.4236/jcc.2021.91008,Examining the Present and Future Integrated Role of Artificial Intelligence in the Business: A Survey Study on Corporate Sector,2021,Awais Khan Jumani; Asif Ali Laghari; Kamlesh Narwani; Shibin David
10.3386/w23928,https://openalex.org/W3197905862,https://doi.org/10.1080/0376835x.2021.1967111,Artificial intelligence and average wages in Southern Africa: A panel VAR approach,2021,Godfred Anakpo; Umakrishnan Kollamparambil
10.3386/w23928,https://openalex.org/W4389063415,https://doi.org/10.2139/ssrn.4645082,"Automation: Theory, Evidence, and Outlook",2023,Pascual Restrepo
10.3386/w23928,https://openalex.org/W2996336823,https://doi.org/10.24187/ecostat.2019.510t.1995,What Value Do We Attach to Climate Action?,2019,Alain Quinet
10.3386/w23928,https://openalex.org/W3123417021,https://doi.org/10.2139/ssrn.3385238,Revising Growth Theory in the Artificial Age: Putty and Clay Labor,2019,Julia M. Puaschunder
10.3386/w23928,https://openalex.org/W3141021499,https://doi.org/10.1017/s1365100522000098,Should the government subsidize innovation or automation?,2022,Angus C. Chu; Guido Cozzi; Yuichi Furukawa; Chih-Hsing Liao
10.3386/w23928,https://openalex.org/W4294225190,https://doi.org/10.47630/kulg.2022.66.7-8.102,A mesterséges intelligencia elterjedésének geoökonómiai hatásai és Magyarország,2022,Lilla Bánkuty-Balogh
10.3386/w23928,https://openalex.org/W2890863417,https://doi.org/10.1007/978-3-662-57568-0_2,Ökonomische Effekte der Künstlichen Intelligenz,2018,Peter Buxmann; Holger Schmidt
10.3386/w23928,https://openalex.org/W2996016590,https://doi.org/10.24187/ecostat.2019.510t.1991,"Forty Years of Change in Labour Supply and Demand by Skill Level – Technical Progress, Labour Costs and Social Change",2019,Dominique Goux; Éric Maurin
10.3386/w23928,https://openalex.org/W3016846277,https://doi.org/10.3390/jrfm13040078,Contracts for Difference: A Reinforcement Learning Approach,2020,Nico Zengeler; Uwe Handmann
10.3386/w23928,https://openalex.org/W3130220748,https://doi.org/10.1080/1331677x.2021.1875860,Economic growth under Solow-neutrality,2021,Merter Mert
10.3386/w23928,https://openalex.org/W2946021414,https://doi.org/10.1111/cag.12525,L’émergence de la grappe industrielle de l'intelligence artificielle (IA) à Montréal,2019,David Doloreux; Geneviève Savoie‐Dansereau
10.3386/w23928,https://openalex.org/W4206658993,https://doi.org/10.1093/oso/9780192846938.003.0005,Technological Progress and Artificial Intelligence,2021,Anton Korinek; Martin Schindler; Joseph E. Stiglitz
10.3386/w23928,https://openalex.org/W4391326632,https://doi.org/10.2139/ssrn.4702028,"Megatrends and the U.S. Economy, 1890-2040",2024,Joseph H. Davis; Lukas Brandl-Cheng
10.3386/w23928,https://openalex.org/W4393170696,https://doi.org/10.1109/tem.2024.3381127,Path Dependence and Market Choice in Industrial Intelligence Development,2024,Chengying He; Rui Chen; Yue Lv; Zhanzhong Shi; C. Felicia Lyu
10.3386/w23928,https://openalex.org/W4393974790,https://doi.org/10.11591/ijai.v13.i2.pp1732-1740,Using natural language processing to evaluate the impact of specialized transformers models on medical domain tasks,2024,Soufyane Ayanouz; Boudhir Anouar Abdelhakim; Mohammed Ben Ahmed
10.3386/w23928,https://openalex.org/W4394605547,https://doi.org/10.14267/phd.2024016,The intersection of geopolitics and technological innovations: implications for the Central-European region,2024,Lilla Sarolta Bánkuty-Balogh
10.3386/w23928,https://openalex.org/W4400079645,https://doi.org/10.1063/5.0219099,Predicting graduate-on-time using machine learning,2024,Intan Khairina Adlina Ahmad; Choo‐Yee Ting; Hui-Ngo Goh; Albert Quek; Chin-Leei Cham
10.3386/w23928,https://openalex.org/W4403285397,https://doi.org/10.1016/j.asieco.2024.101829,Impact of Heterogenous Capabilities on Export Performance amid the Digital Transformation,2024,Kyunam Kim; Hyuk Chung
10.3386/w23928,https://openalex.org/W4403299297,https://doi.org/10.33301/jed.vi.2005,Ứng dụng trí tuệ nhân tạo trong phát triển kinh tế xã hội,2024,Hoa Trần Thị Vân; Đông Đỗ Thị
10.3386/w23928,https://openalex.org/W4403546427,https://doi.org/10.29130/dubited.1537268,Effects of AI-Generated Misinformation and Disinformation on the Economy,2024,Zeynep Karaş
10.3386/w23928,https://openalex.org/W4405427361,https://doi.org/10.1080/00779954.2024.2439955,Economic development reloaded: the AI revolution in developing nations,2024,Asha Sundaram; Dennis Wesselbaum
10.3386/w23928,https://openalex.org/W2992980808,https://doi.org/10.1007/978-3-030-31566-5_18,Embracing Artificial Intelligence and Digital Personnel to Create High-Performance Jobs in the Cyber Economy,2019,Svetlana V. Lobova; Aleksei V. Bogoviz
10.3386/w23928,https://openalex.org/W3080518114,https://doi.org/10.2139/ssrn.3680910,Time and the Value of Data,2020,Ehsan Valavi; Joel Hestness; Newsha Ardalani; Marco Iansiti
10.3386/w23928,https://openalex.org/W4310622163,https://doi.org/10.4337/9781800373631.00009,"Eras of digital entrepreneurship: connecting the past, present, and future",2022,Tobias Kollmann; Lucas Kleine-Stegemann; Katharina de Cruppe; Christina Strauss
10.3386/w23928,https://openalex.org/W3187497132,https://doi.org/10.1111/rsp3.12463,The impact of Industry 4.0 on the Indonesian economy: A general equilibrium assessment,2021,Arief Anshory Yusuf
10.3386/w23928,https://openalex.org/W3193204996,https://doi.org/10.1007/978-3-030-78585-7_4,The Ethics of AI,2021,Themistoklis Tzimas
10.3386/w23928,https://openalex.org/W4323057524,https://doi.org/10.1007/978-981-19-7411-3_2,"Technological, Economic, and Social Changes: The Role of End-to-End Technologies",2023,Natalia G. Vovchenko; Olga Andreeva; Valeria D. Dmitrieva; Valeria S. Kaptsova; Венелин Терзиев
10.3386/w23928,https://openalex.org/W4389727812,https://doi.org/10.1007/978-981-99-5994-5_22,Analysis of Automated Music Generation Systems Using RNN Generators,2023,Ruchir Shiromani; Tanisha Mittal; Anju Mishra; Anjali Kapoor
10.3386/w23928,https://openalex.org/W2908658243,,О взаимосвязи структурных изменений и экономического роста в мировой экономике и России,2019,V. Mironov; Liudmila D. Konovalova
10.3386/w23928,https://openalex.org/W2921988112,,Estimating the effects of robotization on exports,2018,Gideon Ndubuisi; Elvis Korku Avenyo
10.3386/w23928,https://openalex.org/W3012962284,https://doi.org/10.2139/ssrn.3866373,How Minimum Wages Affect Automation and Innovation in a Schumpeterian Economy,2021,Angus C. Chu; Guido Cozzi; Haichao Fan; Yuichi Furukawa; Chih-Hsing Liao
10.3386/w23928,https://openalex.org/W3180529402,https://doi.org/10.1007/978-3-030-72080-3_4,How Will Artificial Intelligence Reshape the Future of Entrepreneurship and Economic Growth?,2021,Hasan Ghura; Arezou Harraf
10.3386/w23928,https://openalex.org/W3195813542,https://doi.org/10.1111/ecot.12288,"Effective information, political structure and economic growth",2021,Mary Merva; Adrian Stoian; Simona Costagli
10.3386/w23928,https://openalex.org/W4282975439,https://doi.org/10.14254/jems.2022.7-1.5,Macroeconomic effects of artificial intelligence on emerging economies: Insights from Bangladesh,2022,Provash Kumer Sarker
10.3386/w23928,https://openalex.org/W2805369198,https://doi.org/10.2139/ssrn.3116753,'''''''' (The Impact of the 'Artificial Intelligence Revolution' on Employment: Review and Prediction),2018,Yongwei Chen; Duo Xu
10.3386/w23928,https://openalex.org/W2914405104,https://doi.org/10.3917/reof.157.0037,Long-Term Growth and Productivity Trends: Secular Stagnation or Temporary Slowdown?,2019,Antonin Bergeaud; Gilbert Cette; Rémy Lecat
10.3386/w23928,https://openalex.org/W2996380247,https://doi.org/10.24187/ecostat.2019.510t.1992,Labour Share Developments in OECD Countries Over the Past Two Decades,2019,Mathilde Pak; Pierre‐Alain Pionnier; Cyrille Schwellnus
10.3386/w23928,https://openalex.org/W3122783814,https://doi.org/10.2139/ssrn.3210383,Does Machine Translation Affect International Trade? Evidence from a Large Digital Platform,2018,Erik Brynjolfsson; Xiang Hui; Meng Liu
10.3386/w23928,https://openalex.org/W3131264480,https://doi.org/10.1007/978-3-030-62796-6_14,Emirates Leading Experience in Employing Artificial Intelligence,2021,Fahad K. Alkhaldi; Suad Altaei
10.3386/w23928,https://openalex.org/W4205813195,https://doi.org/10.2478/danb-2021-0016,Perceptions of Industry 4.0 in Visegrad Firms,2021,Marta Götz; Magdolna Sass; Andrea Éltető
10.3386/w23928,https://openalex.org/W4206121218,https://doi.org/10.2139/ssrn.3978800,Does the Application of Industrial Robots Overcome the Solow Paradox?,2021,Longzheng Du; Weifen Lin
10.3386/w23928,https://openalex.org/W2787037473,https://doi.org/10.3917/reof.153.0043,Croissance de long terme et tendances de la productivité,2018,Antonin Bergeaud; Gilbert Cette; Rémy Lecat
10.3386/w23928,https://openalex.org/W2975110672,https://doi.org/10.2139/ssrn.3268969,The Effects of Labor Scarcity on the Rate and Direction of Technical Change: Evidence from a Natural Experiment,2018,Shmuel San
10.3386/w23928,https://openalex.org/W4313384524,https://doi.org/10.1007/978-3-031-09753-9_55,The Imminent but Slow Revolution of Artificial Intelligence in Soft Sciences: Focus on Management Science,2023,Samia Chehbi Gamoura; Halil İbrahim Koruca; Ceren Arslan Kazan
10.3386/w23928,https://openalex.org/W4386584734,https://doi.org/10.38126/jspg220305,"Future-proof: Monitoring the development, deployment, and impacts of Artificial Intelligence",2023,Anson Ho
10.3386/w23928,https://openalex.org/W4387119154,https://doi.org/10.33893/fer.22.3.97,Horizontal and Vertical Value Creation in Bankrobotics and the AI-Washing Phenomenon,2023,Alexandra Prisznyák
10.3386/w23928,https://openalex.org/W4388594248,https://doi.org/10.1787/32406765-en,What technologies are at the core of AI?,2023,Flavio Calvino; Chiara Criscuolo; Hélène Dernis; Lea Samek
10.3386/w23928,https://openalex.org/W4390298122,https://doi.org/10.20944/preprints202312.2117.v1,Artificial Intelligence and Sustainability – A Review,2023,Rachit Dhiman; Sofia Miteff; Yuancheng Wang; Shih-Chi Ma; R. Amirikas; Benjamin Fabian
10.3386/w23928,https://openalex.org/W4391129929,https://doi.org/10.1109/ictc58733.2023.10392297,How Technologies like AI Affect the Profit Rate: Empirical Study for 6 Capitalist Countries,2023,Seong‐Jin Park
10.3386/w23928,https://openalex.org/W4391366898,https://doi.org/10.18359/rfce.6723,Risk of Automation of Jobs in Colombia,2023,Andrés José Morales Pantoja; Karen Liseth Atis Ortega; Claudia Liceth Fajardo Hoyos
10.3386/w23928,https://openalex.org/W4391828625,https://doi.org/10.1787/905fdc2c-en,Adapting (to) automation,2023,International Transport Forum
10.3386/w23928,https://openalex.org/W2995449528,https://doi.org/10.24187/ecostat.2019.510t.1997,The Emergence and Consolidation of Microsimulation Methods in France,2019,François Legendre
10.3386/w23928,https://openalex.org/W3095446472,https://doi.org/10.2139/ssrn.3669348,The Relationship Between Artificial Intelligence and Well-being: Evidence from 343 Metropolitan Areas,2020,Christos Makridis; Saurabh Mishra
10.3386/w23928,https://openalex.org/W3197769403,https://doi.org/10.1017/s1365100521000699,"Automation, productivity, and innovation in information technology",2022,Unni Pillai
10.3386/w23928,https://openalex.org/W4281288094,https://doi.org/10.1017/s1365100522000177,Difficulties in finding middle-skilled jobs under increased automation,2022,Hideki Nakamura
10.3386/w23928,https://openalex.org/W4281698950,https://doi.org/10.1080/14765284.2022.2081485,Development paradigm of artificial intelligence in China from the perspective of digital economics,2022,Zhiyi Liu; Yejie Zheng
10.3386/w23928,https://openalex.org/W4285140950,https://doi.org/10.2139/ssrn.4097754,"Automation, Skill and Job Creation",2022,Kaizhao Guo
10.3386/w23928,https://openalex.org/W4312367353,https://doi.org/10.1007/978-3-031-15710-3_6,Artificial Intelligence and Nudging,2022,Julia M. Puaschunder
10.3386/w23928,https://openalex.org/W4313125138,https://doi.org/10.1007/978-3-031-15420-1_20,"Network Analysis on Artificial Intelligence in Agriculture, a Bibliometric Review",2022,Ahmed Karmaoui
10.3386/w23928,https://openalex.org/W4318256731,https://doi.org/10.1145/3570236.3570257,Exploring the Application of Computer Intelligence Algorithms in Logistics and Supply Chain Management,2022,Mei-e Xie; Lichen Qiao
10.3386/w23928,https://openalex.org/W3209388035,https://doi.org/10.1007/978-3-030-82898-1_18,How Artificial Intelligence Affects Technological Innovations,2021,Jeffrey Yi‐Lin Forrest; Liu Yong
10.3386/w23928,https://openalex.org/W4248779432,https://doi.org/10.1007/978-3-662-61794-6_2,Ökonomische Effekte der Künstlichen Intelligenz,2021,Peter Buxmann; Holger J. Schmidt
10.3386/w23928,https://openalex.org/W4391312979,https://doi.org/10.1007/978-3-031-48113-0_4,Towards Three Cultures,2024,Stefan Brunnhuber
10.3386/w23928,https://openalex.org/W4394939524,https://doi.org/10.2139/ssrn.4795972,Robot Revolution and Human Capital Accumulation: Implications for Growth and Labour Income,2024,Mai Vu
10.3386/w23928,https://openalex.org/W4394998720,https://doi.org/10.35511/978-963-334-499-6-sahin,Artificial Intelligence with an Economic Growth Perspective,2024,Fırat Şahin
10.3386/w23928,https://openalex.org/W4400247878,https://doi.org/10.1007/s12555-023-0549-6,Empirical Verification of the Control System Model of Profit Rate,2024,Seong‐Jin Park
10.3386/w23928,https://openalex.org/W4400353166,https://doi.org/10.1007/978-981-97-0930-4_6,"Automation, Tasks, and Labor Share",2024,Kazunobu Muro
10.3386/w23928,https://openalex.org/W4403631843,https://doi.org/10.2478/wsbjbf-2024-0017,AI Innovation and Economics Growth: A Global Evidence,2024,Tâm Phan Huy; Tao Hong; Cuong Nguyen Thanh; Phuoc Tran
10.3386/w23928,https://openalex.org/W2996608963,https://doi.org/10.24187/ecostat.2019.510t.1986,Preface – Times Have Changed,2019,Daniel Cohen
10.3386/w23928,https://openalex.org/W4390786843,https://doi.org/10.7222/marketing.2024.005,「ハイブリッド・インテリジェンス」促進にむけた「意外な関係」情報による「遠隔探索」効果,2024,Akimitsu Hirota
10.3386/w23928,https://openalex.org/W4394000713,https://doi.org/10.36719/2706-6185/33,,2024,
10.3386/w23928,https://openalex.org/W4394773404,https://doi.org/10.2139/ssrn.4752280,Robot Revolution and Human Capital Accumulation: Implications for Growth and Labour Income,2024,Thanh Lê
10.3386/w23928,https://openalex.org/W4400811271,https://doi.org/10.1109/ccict62777.2024.00066,Unleashing the Role of Artificial Intelligence on Entrepreneurship,2024,Riya Wadhwa; Rohit Bansal
10.3386/w23928,https://openalex.org/W4400824263,https://doi.org/10.2139/ssrn.4867553,"A Two-Sector Model of Automation, Wage Inequality, and Productivity",2024,Zafer Kanik
10.3386/w23928,https://openalex.org/W4402340687,https://doi.org/10.1515/ev-2024-0054,The AI Revolution: A New Paradigm of Economic Order,2024,Henning Vöpel
10.3386/w23928,https://openalex.org/W4403414290,https://doi.org/10.58224/2658-5286-2024-7-5-334-340,Влияние цифровой трансформации на отраслевую структуру занятости населения России,2024,Е.В. Шамалова
10.3386/w23928,https://openalex.org/W4404459519,https://doi.org/10.1080/00036846.2024.2427423,Industrial robots and export product quality: evidence from China,2024,Shaojian Chen; Hui Mao; Kun Duan
10.3386/w23928,https://openalex.org/W4405791194,https://doi.org/10.18074/ckuiibfd.1472735,Bibliometric Analysis of Artificial Intelligence and International Trade,2024,S. Baran
10.3386/w23928,https://openalex.org/W3047665325,https://doi.org/10.1007/978-3-030-49728-6_27,"Analyzing the Relationship Among Aging Society, Investment in Artificial Intelligence and Economic Growth",2020,Kantika Khanthawithoon; Paravee Maneejuk; Woraphon Yamaka
10.3386/w23928,https://openalex.org/W3124150256,https://doi.org/10.1007/978-3-030-54330-3_6,Artificial Intelligence and Nudging,2020,Julia M. Puaschunder
10.3386/w23928,https://openalex.org/W4225853000,https://doi.org/10.2139/ssrn.4064310,Can Displaced Workers Have a Fresh Start?,2022,Hideki Nakamura
10.3386/w23928,https://openalex.org/W4280592612,https://doi.org/10.3846/bm.2022.707,THE IMPACT OF THE TAX BURDEN ON ECONOMIC GROWTH: THE CASE OF EU COUNTRIES,2022,Lina Garšvienė; Kristina Matuzevičiūtė; Aurika Mundrytė; Dovilė Ruplienė
10.3386/w23928,https://openalex.org/W4285297396,https://doi.org/10.2139/ssrn.4140776,Speed of Catch-up and Convergence of the Artificial Intelligence Divide: Robotic and Patents,2022,Yu Sang Chang; Seongmin Jeon; Sung Jun Jo; Young‐Eun Kim
10.3386/w23928,https://openalex.org/W4310375815,https://doi.org/10.1177/09767479221129186,A Note on the Implications of Automation and Artificial Intelligence for International Trade,2022,Bharat R. Hazari; Jennifer T. Lai; Vijay Mohan
10.3386/w23928,https://openalex.org/W4316034873,https://doi.org/10.2478/danb-2022-0017,Machine Learning and Regularization Technique to Determine Foreign Direct Investment in Hungarian Counties,2022,Devesh Singh; Maciej Turała
10.3386/w23928,https://openalex.org/W3167848357,https://doi.org/10.1007/978-981-16-1395-1_42,Tracking Methodology for Fast Retrieval of Data and Its Feasibility Study,2021,B. N. Lakshmi Narayan; K. Sowmya; Balusu Nandini; Prasad Naik Hamsavath
10.3386/w23928,https://openalex.org/W4319160410,https://doi.org/10.1007/978-3-031-25023-1_2,A Theoretical Approximation to Artificial Intelligence as an Autopoietic System,2023,Sabine Wiesmüller
10.3386/w23928,https://openalex.org/W4327630030,https://doi.org/10.21428/d28e8e57.10e0adbf,Evaluation summary and metrics: “Artificial Intelligence and Economic Growth”,2023,
10.3386/w23928,https://openalex.org/W4382795741,https://doi.org/10.1111/coep.12618,The macroeconomic impact of automation: Applications to elderly care,2023,Chia‐Hui Lu
10.3386/w23928,https://openalex.org/W4385371487,https://doi.org/10.1108/978-1-80382-851-020231011,References,2023,
10.3386/w23928,https://openalex.org/W4387119635,https://doi.org/10.25201/hsz.22.3.97,A bankrobotika horizontális és vertikális értékteremtése és az AI-washing jelenség,2023,Alexandra Prisznyák
10.3386/w23928,https://openalex.org/W4387259510,https://doi.org/10.2139/ssrn.4589821,Industrial Robots and Export Product Quality: Evidence from China,2023,Shaojian Chen; Hui Mao; Kun Duan
10.3386/w23928,https://openalex.org/W4388817530,https://doi.org/10.2139/ssrn.4611256,An Economic Model for AIGC and the Digital Economy,2023,Jinglei Huang; Danxia Xie; Wenshi Wei
10.3386/w23928,https://openalex.org/W4389476589,https://doi.org/10.1051/e3sconf/202345805025,The use of Artificial Intelligence technologies in building business architectures within the framework of the “green economy”,2023,Elena V. Lukashina; Alexandr V. Lukashin; Valery I. Bezrukov
10.3386/w23928,https://openalex.org/W4389493302,https://doi.org/10.2139/ssrn.4658140,Decoupling Economic Growth from Energy Use: The Role of Energy Intensity in an Endogenous Growth Model,2023,Tobias Bergmann; Matthias Kalkuhl
10.3386/w23928,https://openalex.org/W4390421245,https://doi.org/10.1007/978-3-658-42060-4_9,"Anwendung Künstlicher Intelligenz in der Psychotherapie: Methodische, technische, wirtschaftliche und zielgruppenspezifische Implikationen",2023,M. Link; Sebastian Gerth; Veronika Belikova-Gerth; J Jesse
10.3386/w23928,https://openalex.org/W4391497885,https://doi.org/10.1007/978-981-99-7939-4_1,Potential Unification of Applied Economic and Business Studies,2023,Jeffrey Yi‐Lin Forrest
10.3386/w23928,https://openalex.org/W4391497910,https://doi.org/10.1007/978-981-99-7939-4_5,Artificial Intelligence and Technological Innovation,2023,Jeffrey Yi‐Lin Forrest; Liu Yong; Jun Liu; Huihong Chang; Bohua Yang
10.3386/w23928,https://openalex.org/W2912388518,https://doi.org/10.1596/978-1-4648-1334-4_ch1,The Elusive Promise of Productivity,2018,Ana Paula Cusolito; William F. Maloney
10.3386/w23928,https://openalex.org/W2995193179,https://doi.org/10.24187/ecostat.2019.510t.1987,Economic Growth and Household Purchasing Power in France: Key Changes Since 1960,2019,Didier Blanchet; Fabrice Lenseigne
10.3386/w23928,https://openalex.org/W2996399544,https://doi.org/10.24187/ecostat.2019.510t.1999,Fifty Years of Abstracts in the Journal Economie et Statistique,2019,Julie Djiriguian; François Sémécurbe
10.3386/w23928,https://openalex.org/W4234605930,https://doi.org/10.24187/ecostat.2019.510t.1998,Editorial,2019,Jean-Luc Tavernier
10.3386/w23928,https://openalex.org/W4244880201,https://doi.org/10.2139/ssrn.3259091,How Automation Affects the Rate of Unemployment Via Diversity in Job Mismatch Possibilities,2018,Hideki Nakamura; Masakatsu Nakamura
10.3386/w23928,https://openalex.org/W4246964894,https://doi.org/10.31235/osf.io/zuhq4,The Business Model as Mediator during Socio-Technical Transitions - Empirical Evidence from Applied AI Technology Startups in the Energy and Transportation Sector,2019,Jessica Schmeiss; Fabian Stephany; Robin P. G. Tech
10.3386/w23928,https://openalex.org/W2999038191,https://doi.org/10.3917/ecofi.135.0067,La finance de marché à l’ère de l’intelligence bon marché,2020,Charles‐Albert Lehalle
10.3386/w23928,https://openalex.org/W3041040830,https://doi.org/10.1007/978-3-030-50309-3_38,Smart Assistants in IT Security – An Approach to Addressing the Challenge by Leveraging Assistants’ Specific Features,2020,Michael Kubach; Heiko Roßnagel
10.3386/w23928,https://openalex.org/W3102659079,https://doi.org/10.2139/ssrn.3576470,Automation and Employment of Workers with Different Abilities,2020,Hideki Nakamura; Masakatsu Nakamura
10.3386/w23928,https://openalex.org/W3164618312,https://doi.org/10.2139/ssrn.3613630,College Wage Premium in China: from the Perspective of Skill-Biased Technical Change,2020,Kaizhao Guo; Wang Yong-xing
10.3386/w23928,https://openalex.org/W4210275710,https://doi.org/10.2139/ssrn.4019459,A Two-Country Model of Technology Sharing,2020,Javed Hossain
10.3386/w23928,https://openalex.org/W4289274630,https://doi.org/10.4018/978-1-7998-9418-6.ch004,The Role of Information Technologies to Adapt to a Global Pandemic,2022,Julia M. Puaschunder
10.3386/w23928,https://openalex.org/W3135313924,,Does automation erode governments' tax basis? An empirical assessment of tax revenues in Europe,2021,Kerstin Hötte; Angelos Theodorakopoulos; Pantelis Koutroumpis
10.3386/w23928,https://openalex.org/W3172080181,,Aplicación de la inteligencia artificial al periodismo: análisis de la producción académica,2021,Sonia Parratt Fernández; Javier Mayoral Sánchez; Montse Fernández
10.3386/w23928,https://openalex.org/W3186046401,https://doi.org/10.1787/540444e1-de,Die Auswirkungen von KI auf die Arbeitsmärkte: Was wir bislang wissen,2021,Marguerita Lane; Anne de Saint Martin
10.3386/w23928,https://openalex.org/W3202639986,https://doi.org/10.18196/ppm.35.96,PENGEMBANGAN MODEL PEMBELAJARAN BAHASA INGGRIS,2021,Suryanto Suryanto
10.3386/w23928,https://openalex.org/W4200366029,https://doi.org/10.4018/978-1-6684-3694-3.ch001,Automation and Augmentation,2021,Maureen Ebben
10.3386/w23928,https://openalex.org/W4250433647,https://doi.org/10.1596/978-1-4648-1600-0_ch3,Data as a resource for the private sector,2021,
10.3386/w23929,https://openalex.org/W3124178563,https://doi.org/10.3982/ecta15962,The Welfare Effects of Encouraging Rural–Urban Migration,2023,David Lagakos; Ahmed Mushfiq Mobarak; Michael Waugh
10.3386/w23929,https://openalex.org/W2798207728,https://doi.org/10.1186/s40176-018-0131-9,The effects of cash transfers on adult labor market outcomes,2018,Sarah Baird; David McKenzie; Berk Özler
10.3386/w23929,https://openalex.org/W2784140750,https://doi.org/10.1257/app.20190067,Poverty and Migration in the Digital Age: Experimental Evidence on Mobile Banking in Bangladesh,2020,Jean N. Lee; Jonathan Morduch; Saravana Ravindran; Abu Shonchoy; Hassan Zaman
10.3386/w23929,https://openalex.org/W3088441049,https://doi.org/10.3982/ecta15828,Eliminating Uncertainty in Market Access: The Impact of New Bridges in Rural Nicaragua,2020,Wyatt Brooks; Kevin Donovan
10.3386/w23929,https://openalex.org/W3190688137,https://doi.org/10.1146/annurev-economics-080218-030303,Cities in the Developing World,2020,Gharad Bryan; Edward Glaeser; Nick Tsivanidis
10.3386/w23929,https://openalex.org/W2980302077,https://doi.org/10.1017/bpp.2020.17,How can experiments play a greater role in public policy? Twelve proposals from an economic model of scaling,2020,Omar Al‐Ubaydli; Min Sok Lee; John A. List; Claire Mackevicius; Dana Suskind
10.3386/w23929,https://openalex.org/W3012730779,https://doi.org/10.1016/j.jmoneco.2020.03.013,Migration costs and observational returns to migration in the developing world,2020,David Lagakos; Samuel Marshall; Ahmed Mushfiq Mobarak; Corey Vernot; Michael Waugh
10.3386/w23929,https://openalex.org/W4307731535,https://doi.org/10.1257/aer.20211616,The Psychosocial Value of Employment: Evidence from a Refugee Camp,2022,Reshmaan Hussam; Erin Kelley; Gregory Lane; Fatima Zahra
10.3386/w23929,https://openalex.org/W3096623191,https://doi.org/10.35188/unu-wider/2020/896-2,Migration and the labour market impacts of COVID-19,2020,Nathan Barker; C. Austin Davis; Paula López-Peña; Harrison Mitchell; Ahmed Mushfiq Mobarak; Karim Naguib; Maira Emy Reimão; Ashish Shenoy; Corey Vernot
10.3386/w23929,https://openalex.org/W4200215044,https://doi.org/10.1257/aer.20201385,Labor Rationing,2021,Emily Breza; Supreet Kaur; Yogita Shamdasani
10.3386/w23929,https://openalex.org/W3186707513,https://doi.org/10.1257/jel.20211537,From Micro to Macro Development,2023,Francisco Buera; Joseph P. Kaboski; Robert M. Townsend
10.3386/w23929,https://openalex.org/W2942135740,https://doi.org/10.1146/annurev-resource-100518-093906,Migration Out of Rural Areas and Implications for Rural Livelihoods,2019,Alan de Brauw
10.3386/w23929,https://openalex.org/W3182628072,https://doi.org/10.1016/j.regsciurbeco.2021.103714,Measuring internal migration,2021,Martina Kirchberger
10.3386/w23929,https://openalex.org/W4390346367,https://doi.org/10.1080/13600818.2023.2280748,New views of structural transformation: insights from recent literature,2023,Douglas Gollin; Joseph P. Kaboski
10.3386/w23929,https://openalex.org/W4384282060,https://doi.org/10.1016/j.euroecorev.2023.104524,Migration and resilience during a global crisis,2023,Nathan Barker; C. Austin Davis; Paula López-Peña; Harrison Mitchell; Ahmed Mushfiq Mobarak; Karim Naguib; Maira Emy Reimão; Ashish Shenoy; Corey Vernot
10.3386/w23929,https://openalex.org/W3217461730,https://doi.org/10.1002/cl2.1203,Studies of the effectiveness of transport sector interventions in low‐ and middle‐income countries: An evidence and gap map,2021,Suchi Kapoor Malhotra; Howard White; Nina Ashley O. Dela Cruz; Ashrita Saran; John Eyers; Denny John; Ella Beveridge; Nina Blöndal
10.3386/w23929,https://openalex.org/W2999739009,https://doi.org/10.2139/ssrn.3504553,Cash Transfers and Migration: Theory and Evidence from a Randomized Controlled Trial,2019,Jules Gazeaud; Eric Mvukiyehe; Olivier Sterck
10.3386/w23929,https://openalex.org/W4224250032,https://doi.org/10.3390/admsci12020048,Distance-Dependent Migration Intention of Villagers: Comparative Study of Peri-Urban and Remote Villages in Indonesia,2022,A R T Hidayat; Kenichiro Onitsuka; Corinthias P. M. Sianipar; Satoshi Hoshino
10.3386/w23929,https://openalex.org/W4410520334,https://doi.org/10.1093/wber/lhaf014,Energy Efficiency and Local Macro Rebound Effects: Theory and Experimental Evidence from Rwanda,2025,Anicet Munyehirwe; Jörg Peters; Maximiliane Sievert; Erwin Bulte; Nathan Fiala
10.3386/w23929,https://openalex.org/W4414379736,https://doi.org/10.1093/oxrep/graf024,Structural change and macro development: beyond the one-sector growth model,2025,Douglas Gollin; Richard Rogerson
10.3386/w23929,https://openalex.org/W4412955973,https://doi.org/10.2139/ssrn.5378005,Rural-Urban Migration and Market Integration,2025,Dennis Egger; Benjamin Faber; Ming Li; Wei Lin
10.3386/w23929,https://openalex.org/W3006378809,https://doi.org/10.3390/ijerph17041218,Has Rural-Urban Migration Promoted the Health of Chinese Migrant Workers?,2020,Cuihong Long; Jiajun Han; Liu Yong
10.3386/w23929,https://openalex.org/W3177396985,https://doi.org/10.3386/w28924,The Psychosocial Value of Employment,2021,Reshmaan Hussam; Erin Kelley; Gregory Lane; Fatima Zahra
10.3386/w23929,https://openalex.org/W4281672299,https://doi.org/10.3390/su14116896,The Dynamic Effects of Urban–Rural Income Inequality on Sustainable Economic Growth under Urbanization and Monetary Policy in China,2022,Junli Cheng; Lin Feng
10.3386/w23929,https://openalex.org/W3162768046,https://doi.org/10.1596/1813-9450-9662,Rural-Urban Migration in Developing Countries: Lessons from the Literature,2021,Harris Selod; Forhad Shilpi
10.3386/w23929,https://openalex.org/W3128518268,https://doi.org/10.3386/w28423,From Micro to Macro Development,2021,Francisco Buera; Joseph P. Kaboski; Robert Townsend
10.3386/w23929,https://openalex.org/W4297811356,https://doi.org/10.1596/1813-9450-10138,The Psychosocial Value of Employment: Evidence from a Refugee Camp,2022,Reshmaan Hussam; Erin Kelley; Gregory Lane; Fatima Zahra
10.3386/w23929,https://openalex.org/W4319016928,https://doi.org/10.1111/1467-8489.12505,Public works programmes and agricultural risk: Evidence from India,2023,Vis Taraz
10.3386/w23929,https://openalex.org/W4200437315,https://doi.org/10.1111/grow.12594,Can the urban spatial structure accelerate urban employment growth? Evidence from China,2021,Wei Xiao; Wenhua Liu; Chunzhi Li
10.3386/w23929,https://openalex.org/W4403469304,https://doi.org/10.1016/j.jeem.2024.103070,Labor market impacts of eco-development initiatives in protected areas,2024,Anca Balietti; Sreeja Jaiswal; Daniel Schäffer
10.3386/w23929,https://openalex.org/W4389609044,https://doi.org/10.1111/obes.12588,Peer Migration in China,2023,Yuyu Chen; Ginger Zhe Jin; Yang Yue
10.3386/w23929,https://openalex.org/W3172685727,https://doi.org/10.2139/ssrn.3836097,The Effect of Urban Migration on Educational Attainment: Evidence from Africa,2021,Raoul van Maarseveen
10.3386/w23929,https://openalex.org/W2967597790,https://doi.org/10.2139/ssrn.3176705,"Unintended Consequences of a Public Works Program: Agricultural Yields, Weather Shocks and Indiaas Employment Guarantee",2018,Vis Taraz
10.3386/w23929,https://openalex.org/W4226452200,https://doi.org/10.2139/ssrn.4068032,Abundance from Abroad: Migrant Income and Long-Run Economic Development,2022,Gaurav Khanna; Emir Murathanoglu; Caroline Theoharides; Dean Yang
10.3386/w23929,https://openalex.org/W4284687476,https://doi.org/10.51744/cswp3,Evidence and gap map-studies of the effectiveness of transport sector intervention in low and middle-income countries,2022,Suchi Kapoor Malhotra; Howard White; Nina de la Cruz; Ashrita Saran; John Eyers; Denny John; Ella Beveridge; Nina Blöndal
10.3386/w23929,https://openalex.org/W4287887883,https://doi.org/10.2139/ssrn.4165708,Local Nonfarm Opportunities and Migration Decisions: Evidence from Bangladesh,2022,Kazi Iqbal; Md Nahid Ferdous Pabon; Mohammad Rezoanul Hoque; Nahian Azad Shashi
10.3386/w23929,https://openalex.org/W4391202096,https://doi.org/10.1016/j.jebo.2023.02.013,"Migrants, experience, and working conditions in Bangladeshi garment factories",2024,Laura Boudreau; Rachel Heath; Tyler H. McCormick
10.3386/w23929,https://openalex.org/W4393379849,https://doi.org/10.2139/ssrn.4780388,Energy Efficiency and Local Macro Rebound Effects: Theory and Experimental Evidence from Rwanda,2024,Anicet Munyehirwe; Jörg Peters; Maximiliane Sievert; Erwin Bulte; Nathan Fiala
10.3386/w23929,https://openalex.org/W4400037237,https://doi.org/10.21428/d28e8e57.d3d8000c,"Evaluation Summary and Metrics: ""Effects of Emigration on Rural Labor Markets""",2024,Frank Gyimah Sackey; Emmanuel Orkoh; David Reinstein
10.3386/w23929,https://openalex.org/W3005424579,https://doi.org/10.1007/978-981-15-1468-5_214,Analysis of Rural Labor Transfer Based on Network Data Mining and Financial Time Series Statistics,2020,Bowen Guan; Xinze Li
10.3386/w23929,https://openalex.org/W4287854748,https://doi.org/10.2139/ssrn.4171453,Blending Theory and Data: A Space Odyssey,2022,Dave Donaldson
10.3386/w23929,https://openalex.org/W4212972481,https://doi.org/10.1596/36807,"More, Better, and More Inclusive Industrial Jobs in Ethiopia",2021,Koen Maaskant; Victoria Strokova
10.3386/w23929,https://openalex.org/W4388946852,https://doi.org/10.1111/dpr.12762,Non‐farm activity reduces migration: Evidence from Bangladesh,2023,Kazi Iqbal; Md Nahid Ferdous Pabon; Mohammad Rezoanul Hoque; Nahian Azad Shashi
10.3386/w23929,https://openalex.org/W3110438839,https://doi.org/10.1111/apel.12312,The Effects of Youth Job Seeker Allowance in South Korea,2020,Sung‐Eun Cho; Young‐Min Lee
10.3386/w23929,https://openalex.org/W4281641377,https://doi.org/10.1101/2022.06.03.22275964,Indian Female Migrants Face Greater Barriers to Post-Covid Recovery than Males: Evidence from a Panel Study,2022,Jenna Allard; Maulik Jagnani; Yusuf Neggers; Rohini Pande; Simone Schaner; Charity Troyer Moore
10.3386/w26752,https://openalex.org/W4313545395,https://doi.org/10.1038/s41586-022-05543-x,Papers and patents are becoming less disruptive over time,2023,Michael Park; Erin Leahey; Russell J. Funk
10.3386/w26752,https://openalex.org/W4391074014,https://doi.org/10.1016/j.respol.2023.104950,Countries' research priorities in relation to the Sustainable Development Goals,2024,Hugo Confraria; Tommaso Ciarli; Ed Noyons
10.3386/w26752,https://openalex.org/W3161947065,https://doi.org/10.1038/s42256-021-00339-6,Research community dynamics behind popular AI benchmarks,2021,Fernando Martínez‐Plumed; Pablo Barredo; Seán Ó hÉigeartaigh; José Hernández‐Orallo
10.3386/w26752,https://openalex.org/W3136742816,https://doi.org/10.1016/j.respol.2021.104226,The fall of the innovation empire and its possible rise through open science,2021,E. Richard Gold
10.3386/w26752,https://openalex.org/W4387276382,https://doi.org/10.1016/j.respol.2023.104895,Gender homophily: In-group citation preferences and the gender disadvantage,2023,Sifan Zhou; Sen Chai; Richard B. Freeman
10.3386/w26752,https://openalex.org/W4392131425,https://doi.org/10.1002/sd.2936,"Exploring the effect of R&amp;D support, green technology transfer, sustainable innovation",2024,Samuel Adomako; Mai Dong Tran
10.3386/w26752,https://openalex.org/W4400386731,https://doi.org/10.1007/s00210-024-03272-8,How to fight fake papers: a review on important information sources and steps towards solution of the problem,2024,Jonathan Wittau; Roland Seifert
10.3386/w26752,https://openalex.org/W4362698383,https://doi.org/10.1038/s41598-023-32445-3,"NSF Fellows’ perceptions about incentives, research misconduct, and scientific integrity in STEM academia",2023,Siddhartha Roy; Marc Edwards
10.3386/w26752,https://openalex.org/W4401818617,https://doi.org/10.1038/s41562-024-01957-x,Conceptual structure and the growth of scientific knowledge,2024,Kara Kedrick; Ekaterina Levitskaya; Russell J. Funk
10.3386/w26752,https://openalex.org/W3090150731,https://doi.org/10.1109/access.2021.3069902,Research and Education Towards Smart and Sustainable World,2021,Jukka Riekki; Aarne Mämmelä
10.3386/w26752,https://openalex.org/W4400621664,https://doi.org/10.1038/s41467-024-50074-w,Evolving scientific discovery by unifying data and background knowledge with AI Hilbert,2024,Ryan Cory-Wright; Cristina Cornelio; Sanjeeb Dash; Bachir El Khadir; Lior Horesh
10.3386/w26752,https://openalex.org/W3103573410,https://doi.org/10.18653/v1/2020.findings-emnlp.112,What Can We Do to Improve Peer Review in NLP?,2020,Anna Rogers; Isabelle Augenstein
10.3386/w26752,https://openalex.org/W4280653676,https://doi.org/10.1080/10438599.2022.2070843,Political failure: a missing piece in innovation policy analysis,2022,Anders Kärnä; Johan Karlsson; Erik Engberg; Peter Svensson
10.3386/w26752,https://openalex.org/W3202855690,https://doi.org/10.1093/cje/beab042,From the entrepreneurial to the ossified economy,2021,Wim Naudé
10.3386/w26752,https://openalex.org/W4391565221,https://doi.org/10.1016/j.respol.2024.104974,Reluctance to pursue breakthrough research: A signaling explanation,2024,Damien Besancenot; Radu Vranceanu
10.3386/w26752,https://openalex.org/W4220748072,https://doi.org/10.1007/s13280-022-01716-0,The gulf of cross-disciplinary research collaborations on global river basins is not narrowed,2022,Yongping Wei; Shuanglei Wu
10.3386/w26752,https://openalex.org/W4402526665,https://doi.org/10.1007/s11192-024-05134-9,Measurement of disruptive innovation and its validity based on improved disruption index,2024,Ziyan Zhang; Junyan Zhang; P L Wang
10.3386/w26752,https://openalex.org/W4407557932,https://doi.org/10.1080/19393555.2025.2459741,Charting the scholarly waters of cyberterrorism and hacktivism research: A bibliometric analysis of academic output (2000–2020),2025,Kevin Hosford
10.3386/w26752,https://openalex.org/W4409906632,https://doi.org/10.1007/978-3-031-85012-7_2,Scientific Research from an Idea to Publication,2025,Aarne Mämmelä
10.3386/w26752,https://openalex.org/W4411149709,https://doi.org/10.1007/s11119-025-10257-x,Trends in agricultural technology: a review of US patents,2025,Priscila B. Cano; Ana Julia Paula Carcedo; Carlos Hernández; Federico Gómez; Víctor Giménez; Peter Kyveryga; Ignacio A. Ciampitti
10.3386/w26752,https://openalex.org/W4413305244,https://doi.org/10.1007/s11192-025-05404-0,Popper’s probability calculus and the decline of scientific disruptiveness,2025,Lutz Bornmann; Russell J. Funk
10.3386/w26752,https://openalex.org/W4393491834,https://doi.org/10.1140/epjds/s13688-024-00468-z,Science as exploration in a knowledge landscape: tracing hotspots or seeking opportunity?,2024,Feifan Liu; Shuang Zhang; Haoxiang Xia
10.3386/w26752,https://openalex.org/W4394730027,https://doi.org/10.2139/ssrn.4790784,Is the Scholarly Field of Entrepreneurship at its End?,2024,Wim Naudé
10.3386/w26752,https://openalex.org/W4251218592,https://doi.org/10.18653/v1/2021.sdp-1,Proceedings of the Second Workshop on Scholarly Document Processing,2021,
10.3386/w26752,https://openalex.org/W4317941200,https://doi.org/10.15252/embj.2022112835,Creativity as an antidote to research becoming too predictable,2023,Markus Baer; Anja Groth; Anders H. Lund; Katrine Sonne‐Hansen
10.3386/w26752,https://openalex.org/W4311557132,https://doi.org/10.1371/journal.pcbi.1010538,Ten simple rules for failing successfully in academia,2022,Stefan Gaillard; Tara van Viegen; Michele Veldsman; Melanie I. Stefan; Veronika Cheplygina
10.3386/w26752,https://openalex.org/W4396832597,https://doi.org/10.1145/3613905.3638187,Physical Locomotion for Virtual Environments,2024,Martin Hedlund
10.3386/w26752,https://openalex.org/W4404991928,https://doi.org/10.2139/ssrn.5022909,The Productivity Slowdown and Coming Upturn: Waves in 5-D Value,2024,Benjamin Wall
10.3386/w26752,https://openalex.org/W4285302100,https://doi.org/10.2139/ssrn.4140916,AlphaZero Ideas,2022,Julio González-Díaz; Ignacio Palacios‐Huerta
10.3386/w26752,https://openalex.org/W4323269165,https://doi.org/10.38126/jspg220110,Workshop on Research Assessment Practices in Indian Funding Agencies,2023,Bhattacharjee Suchiradipta; Moumita Koley; Jahnab Bharadwa
10.3386/w26752,https://openalex.org/W4382061090,https://doi.org/10.1787/7b7b1bce-en,Artificial intelligence for science and engineering: A priority for public investment in research and development,2023,Tony Hey
10.3386/w26752,https://openalex.org/W4223484975,https://doi.org/10.1080/13598139.2022.2064269,Multidisciplinary perspectives and field strengthening questions for gifted education research,2022,Jonathan Wai; Keri M. Guilbault
10.3386/w26752,https://openalex.org/W4379468371,https://doi.org/10.32388/ky5y9l.2,Science desperately needs disruptive innovation,2023,Uri Schattner; Moti Shatner
10.3386/w26752,https://openalex.org/W4379473752,https://doi.org/10.32388/ky5y9l,Science desperately needs disruptive innovation,2023,Uri Schattner; Moti Shatner
10.3386/w26752,https://openalex.org/W4382060947,https://doi.org/10.1787/b885eecd-en,Lessons from shortcomings in machine learning for medical imaging,2023,Gaël Varoquaux; Veronika Cheplygina
10.3386/w26752,https://openalex.org/W4283398154,https://doi.org/10.3389/fmars.2022.924469,What if Peer-Review Process Is Killing Thinking-Out-of-the-Box Science?,2022,Rodrigo Riera; Ricardo Rodríguez
10.3386/w26752,https://openalex.org/W4288771764,https://doi.org/10.2139/ssrn.4161964,"Ideas, Idea Processing, and TFP Growth in the US: 1899 to 2019",2022,Kevin R. James; Akshay Kotak; Dimitrios P. Tsomocos
10.3386/w26752,https://openalex.org/W4394064643,https://doi.org/10.1007/978-3-031-54012-7_5,Model for New Innovation Knowledge Spreading in Society,2024,Anatoliy A. Shiyan; Лілія Нікіфорова
10.3386/w26752,https://openalex.org/W4390610483,https://doi.org/10.31235/osf.io/xwpq6,Science in Formation: The Indexed Scientist and the Inaccessibility of Scientific Information,2024,Marcel Knöchelmann
10.3386/w26752,https://openalex.org/W4400880830,https://doi.org/10.1007/978-981-97-2815-2_13,"Open Science and Science, Technology, and Innovation Ecosystem: Exploring from “Policies” to “Practices” Within India",2024,Moumita Koley; Jahnab Bharadwaj
10.3386/w26752,https://openalex.org/W3091771453,,What Can We Do to Improve Peer Review in NLP,2020,Anna Rogers; Isabelle Augenstein
10.3386/w26752,https://openalex.org/W4309236644,https://doi.org/10.38126/jspg210208,"Analysis of Open Science Policy Recommendations Proposed in India’s 5th Science, Technology &amp; Innovation Policy Draft",2022,Moumita Koley
10.3386/w26752,https://openalex.org/W3167330947,https://doi.org/10.18653/v1/2021.sdp-1.1,Determining the Credibility of Science Communication,2021,Isabelle Augenstein
10.3386/w26752,https://openalex.org/W3168602489,https://doi.org/10.1177/05390184211018670,Evaluation and innovation: An antagonistic pair?,2021,Fred D’Agostino; Jeff Malpas
10.3386/w26752,https://openalex.org/W4381664208,https://doi.org/10.32388/nrn0nm,"Review of: ""Publish or perish: time for a rethink?""",2023,Mauro Mazzocut
10.3386/w26752,https://openalex.org/W4382060930,https://doi.org/10.1787/0e1b4c2f-en,High-performance computing leadership to enable advances in artificial intelligence and a thriving compute ecosystem,2023,Georgia D. Tourassi; Mallikarjun Shankar; Feiyi Wang
10.3386/w26752,https://openalex.org/W4382061131,https://doi.org/10.1787/6f256d17-en,Eroom’s Law and the decline in the productivity of biopharmaceutical R&amp;D,2023,Jack W. Scannell
10.3386/w26752,https://openalex.org/W4382061472,https://doi.org/10.1787/63e48242-en,The end of Moore’s Law? Innovation in computer systems continues at a high pace,2023,H. Kressel
10.3386/w26752,https://openalex.org/W4382061651,https://doi.org/10.1787/1f717652-en,Quantifying the “cognitive extent” of science and how it has changed over time and across countries,2023,Staša Milojević
10.3386/w26752,https://openalex.org/W4382061682,https://doi.org/10.1787/2d0478b9-en,Interpretability: Should – and can – we understand the reasoning of machine-learning systems?,2023,Hugh M. Cartwright
10.3386/w26752,https://openalex.org/W4382061812,https://doi.org/10.1787/f1262928-en,Preface,2023,
10.3386/w26752,https://openalex.org/W4285257472,https://doi.org/10.2139/ssrn.4095482,The Differential Effects of the 13f Disclosure Rule on Institutional Investors,2022,David Kwon
10.3386/w26752,https://openalex.org/W3189478329,https://doi.org/10.11606/t.12.2021.tde-03062021-183141,Progresso ou estagnação nas pesquisas em Contabilidade: uma análise à luz da filosofia de Larry Laudan,2021,Susana Cipriano Dias Raffaelli
10.3386/w26775,https://openalex.org/W3022673698,https://doi.org/10.1001/jama.2020.6641,The Equitable Distribution of COVID-19 Therapeutics and Vaccines,2020,Thomas J. Bollyky; Lawrence O. Gostin; Margaret Hamburg
10.3386/w26775,https://openalex.org/W3200438167,https://doi.org/10.1186/s12992-021-00763-8,Risky business: COVAX and the financialization of global vaccine equity,2021,Felix Stein
10.3386/w26775,https://openalex.org/W4285493748,https://doi.org/10.1038/s41560-022-01081-y,Busting the myths around public investment in clean energy,2022,Jonas Meckling; Joseph E. Aldy; Matthew J. Kotchen; Sanya Carley; Daniel C. Esty; Peter A. Raymond; Bella Tonkonogy; Charles Harper; Gillian Sawyer; Julia Sweatman
10.3386/w26775,https://openalex.org/W3167967857,https://doi.org/10.1016/j.jeoa.2021.100328,The economic burden of COVID-19 in the United States: Estimates and projections under an infection-based herd immunity approach,2021,Simiao Chen; Klaus Prettner; Michael Kühn; David E. Bloom
10.3386/w26775,https://openalex.org/W4311806535,https://doi.org/10.1093/oxrep/grac026,Covid-19 vaccine supply chains and the Defense Production Act,2022,Chad P. Bown
10.3386/w26775,https://openalex.org/W3149464446,https://doi.org/10.3386/w28492,Preparing for a Pandemic: Accelerating Vaccine Availability,2021,Amrita Ahuja; Susan Athey; Arthur Baker; Eric Budish; J. C. Castillo; Rachel Glennerster; Scott Duke Kominers; Michael Kremer; Jean Nahrae Lee; Canice Prendergast; Chris Snyder; Alex Tabarrok; Brandon Joel Tan; Witold Więcek
10.3386/w26775,https://openalex.org/W4289337913,https://doi.org/10.1080/03085147.2022.2087899,More-than-national and less-than-global: The biochemical infrastructure of vaccine manufacturing,2022,Nele Jensen; Andrew Barry; Ann H. Kelly
10.3386/w26775,https://openalex.org/W4244530659,https://doi.org/10.1787/f762bf1c-en,Strengthening health systems during a pandemic: The role of development finance,2020,OECD
10.3386/w26775,https://openalex.org/W4403098301,https://doi.org/10.1080/13696998.2024.2405407,Public sector replacement of privately funded pharmaceutical R&amp;D: cost and efficiency considerations,2024,David Proudman; Urvi Desai; Aparna Gomes; Maks Khomenko; Susan Martin; Dave Nellesen; U. Neumann; Henry G. Grabowski
10.3386/w26775,https://openalex.org/W4385127900,https://doi.org/10.1016/j.jhealeco.2023.102795,An optimal mechanism to fund the development of vaccines against emerging epidemics,2023,Christopher M. Snyder; Kendall Hoyt; Dimitrios Gouglas
10.3386/w26775,https://openalex.org/W4285276094,https://doi.org/10.2139/ssrn.4136545,COVID-19 vaccine supply chains and the Defense Production Act,2022,Chad P. Bown
10.3386/w26775,https://openalex.org/W4366586243,https://doi.org/10.1093/oso/9780192896087.003.0005,Vaccination as investment in human capital,2023,J. P. Sevilla; David E. Bloom; Dan Salmon; David Bishai
10.3386/w26775,https://openalex.org/W3156487882,https://doi.org/10.1016/j.sapharm.2021.04.005,Assuring health commodity security in resource-poor settings,2021,Ebenezer Kwabena Tetteh
10.3386/w26775,https://openalex.org/W4366550115,https://doi.org/10.1093/oso/9780192896087.003.0003,Relevance of health economics to vaccines,2023,David Bishai; Chrispus Mayora
10.3386/w26775,https://openalex.org/W3195313726,https://doi.org/10.1007/s10273-021-2976-4,Besseres Marktdesign im Gesundheitswesen,2021,Achim Wambach
10.3386/w28106,https://openalex.org/W3024664944,https://doi.org/10.1126/science.aay0214,"Poverty, depression, and anxiety: Causal evidence and mechanisms",2020,Matthew Ridley; Gautam Rao; Frank Schilbach; Vikram Patel
10.3386/w28106,https://openalex.org/W4206644587,https://doi.org/10.1038/s41562-021-01252-z,A systematic review and meta-analysis of the impact of cash transfers on subjective well-being and mental health in low- and middle-income countries,2022,Joel McGuire; Caspar Kaiser; Anders Bach‐Mortensen
10.3386/w28106,https://openalex.org/W4225091899,https://doi.org/10.1038/s41586-022-04647-8,Tackling psychosocial and capital constraints to alleviate poverty,2022,Thomas Bossuroy; Markus Goldstein; Bassirou Karimou; Dean Karlan; Harounan Kazianga; William Parienté; Patrick Prémand; Catherine Thomas; Christopher Udry; Julia Vaillant; Kelsey Wright
10.3386/w28106,https://openalex.org/W4213019039,https://doi.org/10.1016/j.jdeveco.2022.102839,Women’s well-being during a pandemic and its containment,2022,Natalie Bau; Gaurav Khanna; Corinne Low; Manisha Shah; Sreyashi Sharmin; Alessandra Voena
10.3386/w28106,https://openalex.org/W4205280974,https://doi.org/10.1038/s41598-021-04352-y,Alleviating time poverty among the working poor: a pre-registered longitudinal field experiment,2022,Ashley V. Whillans; C. D. West
10.3386/w28106,https://openalex.org/W4385754548,https://doi.org/10.1146/annurev-psych-022423-030818,How Can People Become Happier? A Systematic Review of Preregistered Experiments,2023,Dunigan Parker Folk; Elizabeth W. Dunn
10.3386/w28106,https://openalex.org/W4394694368,https://doi.org/10.1056/nejmms2311216,"Money as Medicine — Clinicism, Cash Transfers, and the Political–Economic Determinants of Health",2024,Eric Reinhart
10.3386/w28106,https://openalex.org/W4401249661,https://doi.org/10.31219/osf.io/dnc2r,The effectiveness of cash and cash plus interventions on livelihoods outcomes: Evidence from a systematic review and meta-analysis,2024,Jessica Leight; Kalle Hirvonen; Sarim Zafar
10.3386/w28106,https://openalex.org/W4409653179,https://doi.org/10.1007/s43621-025-01137-5,Digital empowerment: unraveling the impact of digital literacy on financial mastery,2025,Mohammad Ali Al-Afeef; Ayman Abdalmajeed Alsmadi
10.3386/w28106,https://openalex.org/W4390363263,https://doi.org/10.1257/aer.20210687,The Economic Impact of Depression Treatment in India: Evidence from Community-Based Provision of Pharmacotherapy,2023,Manuela Angelucci; Daniel Bennett
10.3386/w28106,https://openalex.org/W4286916408,https://doi.org/10.1257/app.20210655,Improving Women’s Mental Health during a Pandemic,2024,Michael Vlassopoulos; Abu Bakkar Siddique; Tabassum Rahman; Debayan Pakrashi; Asad Islam; Firoz Ahmed
10.3386/w28106,https://openalex.org/W4310399232,https://doi.org/10.1257/aeri.20210612,Cognitive Behavioral Therapy among Ghana's Rural Poor Is Effective Regardless of Baseline Mental Distress,2022,Nathan Barker; Gharad Bryan; Dean Karlan; Angela Ofori-Atta; Christopher Udry
10.3386/w28106,https://openalex.org/W4226013381,https://doi.org/10.1016/j.jhealeco.2022.102619,Material resources and well-being — Evidence from an Ethiopian housing lottery,2022,Asbjørn Andersen; Andreas Kotsadam; Vincent Somville
10.3386/w28106,https://openalex.org/W4400239612,https://doi.org/10.62372/isci6112,A better how: notes on developmental meta-research,2024,Patrick S. Forscher; Mario Schmidt
10.3386/w28106,https://openalex.org/W4410323570,https://doi.org/10.1080/10705422.2025.2505413,The “Plus” in Cash Plus: Client-Perceived Implications of Homelessness Service Provision and Guaranteed Income,2025,Katherine Calhoun; Martin J. Field; Natcha Connot; Sharon Locke; Jennifer Wilson; Daniel Brisson
10.3386/w28106,https://openalex.org/W4392467190,https://doi.org/10.1111/ajae.12468,Commodity price volatility and the psychological well‐being of farmers,2024,Saurabh Singhal; Finn Tarp
10.3386/w28106,https://openalex.org/W3195614164,https://doi.org/10.1073/pnas.2102794118,Poverty-related bandwidth constraints reduce the value of consumption,2021,Heather Schofield; Atheendar Venkataramani
10.3386/w28106,https://openalex.org/W4386986959,https://doi.org/10.1016/j.jdeveco.2023.103181,Helping families help themselves: The (Un)intended impacts of a digital parenting program,2023,Sofia Amaral; Lelys Dinarte-Diaz; Patricio Domínguez; Santiago M. Perez‐Vincent
10.3386/w28106,https://openalex.org/W2935157812,https://doi.org/10.3386/w25711,The Income Elasticity for Nutrition: Evidence from Unconditional Cash Transfers in Kenya,2019,Ingvild Almås; Johannes Haushofer; Anders Kjelsrud
10.3386/w28106,https://openalex.org/W3117372850,https://doi.org/10.3390/ijerph18010279,The ASHA (Hope) Project: Testing an Integrated Depression Treatment and Economic Strengthening Intervention in Rural Bangladesh: A Pilot Randomized Controlled Trial,2021,Alison Karasz; Shabnam Anne; Jena D. Hamadani; Fahmida Tofail
10.3386/w28106,https://openalex.org/W4396849349,https://doi.org/10.3386/w32423,The Effects of Mental Health Interventions on Labor Market Outcomes in Low- and Middle-Income Countries,2024,Crick Lund; Kate Orkin; Marc Witte; John R. Walker; Thandi Davies; Johannes Haushofer; Sarah M. Murray; Judith Bass; Laura Murray; Wietse A. Tol; Vikram Patel
10.3386/w28106,https://openalex.org/W4399264432,https://doi.org/10.1007/s44202-024-00186-7,Non-pharmacological interventions for depression in Kenya: a scoping review,2024,Habil Otanga; Joseph Nyaga; Aleida March; Farheen Khan
10.3386/w28106,https://openalex.org/W4405674106,https://doi.org/10.1111/jcpp.14101,Annual Research Review: Cash transfer programs and young people's mental health – a review of studies in the United States,2024,Sara R. Jaffee; George Lin; Matthew Z. Fowle; Vincent Reina
10.3386/w28106,https://openalex.org/W3126147969,https://doi.org/10.1007/s11013-020-09706-1,In Their Own Words: Using Open-Ended Assessment to Identify Culturally Relevant Concerns among Kenyan Adolescents,2021,Akash R. Wasil; Katherine E. Venturo‐Conerly; Sarah Gillespie; Tom L. Osborn; John R. Weisz
10.3386/w28106,https://openalex.org/W3179848873,https://doi.org/10.1016/j.eclinm.2021.100999,"A Naturalistic Evaluation of Group Integrative Adapt Therapy (IAT-G) with Rohingya Refugees During the Emergency Phase of a Mass Humanitarian Crisis in Cox's Bazar, Bangladesh",2021,Alvin Kuowei Tay; Mohammad Abdul Awal Miah; Sanjida Khan; Mohammed Mohsin; Ahsan Alam; Sanem Ozen; Mahmuda Mahmuda; Helal Uddin Ahmed; Derrick Silove; Peter Ventevogel
10.3386/w28106,https://openalex.org/W4414367998,https://doi.org/10.1093/9780191979972.003.0012,What Are the Prospects of Forecasting the Far Future?,2025,David Rhys Bernard; Eva Vivalt
10.3386/w28106,https://openalex.org/W3210604893,https://doi.org/10.3386/w29121,Women's Well-Being During a Pandemic and its Containment,2021,Natalie Bau; Gaurav Khanna; Corinne Low; Manisha Shah; Sreyashi Sharmin; Alessandra Voena
10.3386/w28106,https://openalex.org/W4394648308,https://doi.org/10.3368/jhr.1222-12709r2,"Child Mental Health, Family Circumstance, and Long-Term Success",2023,Randall Akee; William Copeland; Emilia Simeonova
10.3386/w28106,https://openalex.org/W4408885786,https://doi.org/10.1257/app.20230108,"Sustainable Poverty Reduction through Social Assistance: Modality, Context, and Complementary Programming in Bangladesh",2025,Akhter Ahmed; Mélissa Hidrobo; John Hoddinott; Bastien Kolt; Shalini Roy; Salauddin Tauseef
10.3386/w28106,https://openalex.org/W4411992083,https://doi.org/10.1016/j.jdeveco.2025.103579,Asylum Seekers and Host Country Mental Health: Evidence from Germany and Switzerland∗,2025,Prashant Bharadwaj; Daniel Graeber; Stéphanie Khoury; Christian Schmid
10.3386/w28106,https://openalex.org/W4396888140,https://doi.org/10.2139/ssrn.4826030,The Effects of Mental Health Interventions on Labor Market Outcomes in Low- and Middle-Income Countries,2024,Crick Lund; Kate Orkin; Marc Witte; John R. Walker; Thandi Davies; Johannes Haushofer; Sarah M. Murray; Judith Bass; Laura Murray; Wietse A. Tol; Vikram Patel
10.3386/w28106,https://openalex.org/W4389285892,https://doi.org/10.1016/j.riob.2023.100196,Aid utility theory: A new way of thinking about and tackling aid utilization neglect,2023,Samantha Kassirer; Maryam Kouchaki
10.3386/w28106,https://openalex.org/W4376139877,https://doi.org/10.1111/ijsw.12610,A behavioural livelihoods approach to address psychosocial constraints to empowerment,2023,Amanda Lenhardt; Vidya Diwakar; Emmanuel Tumusiime; Joseph Simbaya; Arthur Moonga
10.3386/w28106,https://openalex.org/W4388549914,https://doi.org/10.1016/j.jebo.2023.10.016,The impacts of cash transfers on mental health and investments: Experimental evidence from Mali,2023,Mélissa Hidrobo; Naureen Karachiwalla; Shalini Roy
10.3386/w28106,https://openalex.org/W4392951542,https://doi.org/10.1080/20008066.2024.2328505,The effect of complex posttraumatic stress and poverty on quality of life among adult survivors of childhood institutional maltreatment: evidence from survivors of the ‘Hyeongje Welfare Institution’ in South Korea,2024,Jae-Woong Kim; Chan Seob Nam; Hyunjung Choi
10.3386/w28106,https://openalex.org/W4393245012,https://doi.org/10.1257/app.20210248,"What’s Behind Her Smile? Health, Looks, and Self-Esteem",2024,Francisco Gallego; Cristian Larroulet Philippi; Andrea Repetto
10.3386/w28106,https://openalex.org/W4312439240,https://doi.org/10.1596/38210,"Social Protection, Food Security and Nutrition",2022,Ugo Gentilini
10.3386/w28106,https://openalex.org/W4387028809,https://doi.org/10.2139/ssrn.4582336,Cash Transfers and Social Preferences of Children,2023,Johannes Haushofer; Magdalena Larreboure; Sara Lowes; Leon Mait
10.3386/w28106,https://openalex.org/W4282913616,https://doi.org/10.1101/2022.06.09.22275910,Insurance as an instrument of financial security in addressing mental illness among agricultural workers in the LMICs,2022,Sandip Agarwal; Snehil Gupta; Vijender Singh; Roshan Sutar; Drupad Nair
10.3386/w28106,https://openalex.org/W4283715574,https://doi.org/10.1093/pnasnexus/pgac101,Cash-like vouchers improve psychological well-being of vulnerable and displaced persons fleeing armed conflict,2022,John Quattrochi; Ghislain Bisimwa; Peter Van Der Windt; Maarten Voors
10.3386/w28106,https://openalex.org/W4399848868,https://doi.org/10.2139/ssrn.4868762,The Effects of Mental Health Interventions on Labor Market Outcomes in Low- and Middle-Income Countries,2024,Crick Lund; Kate Orkin; Marc Witte; John R. Walker; Thandi Davies; Johannes Haushofer; Sarah M. Murray; Judith Bass; Laura Murray; Wietse A. Tol; Vikram Patel
10.3386/w28106,https://openalex.org/W4399980005,https://doi.org/10.18174/657866,"Tackling poverty, depression, malnutrition and unequal gender norms: evidence from a Light-Touch Graduation Program in Ethiopia",2024,Michael Mulford
10.3386/w28106,https://openalex.org/W4400930699,https://doi.org/10.53697/iso.v4i1.1746,"Cash Transfer Program in Olilan Village, Walea Islands Sub-District, Tojo Una-Una District",2024,Rusli Mahadi
10.3386/w28106,https://openalex.org/W4205557490,https://doi.org/10.31234/osf.io/tzpd2,"Wider, faster, more: Re-envisioning the treatment and research of depression to address its public health burden in the United States",2022,Lorenzo Lorenzo‐Luaces
10.3386/w28106,https://openalex.org/W4214945075,https://doi.org/10.1017/9781108951760.011,From Deinstitutionalization to Deprescribing and Beyond,2022,Rebecca Miller; Anthony J. Pavlo
10.3386/w28106,https://openalex.org/W4312507233,https://doi.org/10.2139/ssrn.4261487,"Mental Health Literacy, Beliefs and Demand for Mental Health Support",2022,Michelle Acampora; Francesco Capozza; Vahid Moghani
10.3386/w28106,https://openalex.org/W3208342517,https://doi.org/10.1101/2021.10.22.21264347,"Associations between sustainable development goals accelerators and well-being, by household heads’ disability status among adolescents in Zambia – a cross-sectional study",2021,David Chipanta; Janne Estill; Heidi Stöckl; Lucas Hertzog; Elona Toska; Patrick Chanda; Jason Mwanza; Kelly Kaila; Chisangu Matome; Gelson Tembo; Olivia Keiser; Lucie Cluver
10.3386/w28106,https://openalex.org/W4205848387,https://doi.org/10.14746/prt.2021.2.6,Przez kwasową psychiatrię do kwasowego komunizmu. Renesans psychodeliczny w psychiatrii jako szansa na zmianę paradygmatu,2021,Radosław Stupak
10.3386/w28106,https://openalex.org/W4247794715,https://doi.org/10.31222/osf.io/2hn6v,Replicable quality across every channel: the Busara research agenda on methods in the Global South,2021,Winnie Mughogho; Nicholas Calbraith Owsley; Tom Wein; Busara Lab Busara Lab
10.3386/w28106,https://openalex.org/W4362704347,https://doi.org/10.21428/d28e8e57.6002c09b,Evaluation 2 of “Mental Health Therapy as a Core Strategy for Increasing Human Capital: Evidence from Ghana” (anonymous evaluator),2023,
10.3386/w28106,https://openalex.org/W4387026604,https://doi.org/10.3386/w31720,Cash Transfers and Social Preferences of Children,2023,Johannes Haushofer; Magdalena Larreboure; Sara Lowes; Leon Mait
10.3386/w28106,https://openalex.org/W4214806481,https://doi.org/10.1017/9781108951760.009,The Future,2022,Meaghan Stacy; Charlie A. Davidson
10.3386/w28106,https://openalex.org/W4220788544,https://doi.org/10.2139/ssrn.4062717,"Psychology, Skills, or Cash?",2022,Megan Lang; Edward H. Soule; Catherine H. Tinsley
10.3386/w28106,https://openalex.org/W4223459807,https://doi.org/10.31234/osf.io/8eqnx,Identifying active ingredients in cognitive-behavioral therapies: What if we didn't?,2022,Lorenzo Lorenzo‐Luaces
10.3386/w28726,https://openalex.org/W4281737302,https://doi.org/10.1038/s41586-022-04805-y,C﻿ommunicating doctors’ consensus persistently increases COVID-19 vaccinations,2022,Vojtěch Bartoš; Michal Bauer; Jana Cahlíková; Julie Chytilová
10.3386/w28726,https://openalex.org/W3205436595,https://doi.org/10.1146/annurev-economics-051520-025412,The Economics of the COVID-19 Pandemic in Poor Countries,2022,Edward Miguel; Ahmed Mushfiq Mobarak
10.3386/w28726,https://openalex.org/W4402076272,https://doi.org/10.1093/qje/qjae025,Social Signaling and Childhood Immunization: A Field Experiment in Sierra Leone,2024,Anne Karing
10.3386/w28726,https://openalex.org/W3149139041,https://doi.org/10.2139/ssrn.3795626,Inequality's Economic and Social Roots: The Role of Social Networks and Homophily,2021,Matthew O. Jackson
10.3386/w28726,https://openalex.org/W3195091758,https://doi.org/10.1016/j.sjbs.2021.08.054,The role of vaccines in combating antimicrobial resistance (AMR) bacteria,2021,Saad Alghamdi
10.3386/w28726,https://openalex.org/W3202437340,https://doi.org/10.1016/j.jdeveco.2021.102747,Texts don’t nudge: An adaptive trial to prevent the spread of COVID-19 in India,2021,Girija Bahety; Sebastian Bauhoff; Dev Patel; James S. Potter
10.3386/w28726,https://openalex.org/W3206341661,https://doi.org/10.3386/w29339,The Economics of the COVID-19 Pandemic in Poor Countries,2021,Edward Miguel; Ahmed Mushfiq Mobarak
10.3386/w28726,https://openalex.org/W4382238044,https://doi.org/10.3982/qe1670,Inference on heterogeneous treatment effects in high‐dimensional dynamic panels under weak dependence,2023,В. М. Семенова; Matt Goldman; Victor Chernozhukov; Matt Taddy
10.3386/w28726,https://openalex.org/W4388962293,https://doi.org/10.1016/j.jpubeco.2023.105028,Complementarities in behavioral interventions: Evidence from a field experiment on resource conservation,2023,Ximeng Fang; Lorenz Göette; Bettina Rockenbach; Matthias Sutter; Verena Tiefenbeck; Samuel Schoeb; Thorsten Staake
10.3386/w28726,https://openalex.org/W4412099839,https://doi.org/10.1002/jae.70001,Difference‐in‐Difference Causal Forests With an Application to Payroll Tax Incidence in Norway,2025,Evelina Gavrilova; Audun Langørgen; Floris Zoutman
10.3386/w28726,https://openalex.org/W3104520353,https://doi.org/10.2139/ssrn.3049748,Behavioral Communities and the Atomic Structure of Networks,2017,Matthew O. Jackson; Evan C. Storms
10.3386/w28726,https://openalex.org/W4312249608,https://doi.org/10.1596/38225,Driving Revolutionary Ideas into Practice,2022,
10.3386/w28726,https://openalex.org/W4401996807,https://doi.org/10.1257/aer.20220616,Big Loans to Small Businesses: Predicting Winners and Losers in an Entrepreneurial Lending Experiment,2024,Gharad Bryan; Dean Karlan; Adam Osman
10.3386/w28726,https://openalex.org/W4386826641,https://doi.org/10.1093/qje/qjad043,Inference on Winners,2023,Isaiah Andrews; Toru Kitagawa; Adam McCloskey
10.3386/w28726,https://openalex.org/W4387397349,https://doi.org/10.1126/sciadv.adg4420,Can personalized digital counseling improve consumer search for modern contraceptive methods?,2023,Susan Athey; Katy Bergstrom; Vitor Hadad; Julian Jamison; Berk Özler; Luca Parisotto; Julius Dohbit Sama
10.3386/w28726,https://openalex.org/W3209976920,https://doi.org/10.2471/blt.20.285227,Promotion of behavioural change for health in a heterogeneous population,2021,Robin Schimmelpfennig; Sonja Vogt; Sönke Ehret; Charles Efferson
10.3386/w28726,https://openalex.org/W4387504523,https://doi.org/10.1016/j.jhealeco.2023.102828,Mass vaccination and educational attainment: Evidence from the 1967–68 Measles Eradication Campaign,2023,Philipp Barteska; Sonja Dobkowitz; Maarit Olkkola; Michael Rieser
10.3386/w28726,https://openalex.org/W4399653267,https://doi.org/10.1093/ej/ueae053,Demand for Commitment in Credit and Saving Contracts: A Field Experiment,2024,Uzma Afzal; Giovanna D’Adda; Marcel Fafchamps; Simon Quinn; Farah Said
10.3386/w28726,https://openalex.org/W4406973963,https://doi.org/10.1017/9781009438438.011,One Size Does Not Fit All,2024,Ilana Brody; Silvia Saccardo; Hengchen Dai
10.3386/w28726,https://openalex.org/W4381849055,https://doi.org/10.1093/wber/lhad012,Nudging Payment Behavior: Evidence from a Field Experiment on Pay-as-You-Go Off-Grid Electricity,2023,Jacopo Bonan; Giovanna D’Adda; Mahreen Mahmud; Farah Said
10.3386/w28726,https://openalex.org/W4387366891,https://doi.org/10.1177/23794607231192690,Using communication to boost vaccination: Lessons for COVID-19 from evaluations of eight large-scale programs to promote routine vaccinations,2023,Heather Barry Kappes; Mattie Toma; Rekha Balu; Russ Burnett; Nuole Chen; Rebecca Johnson; Jessica Leight; Saad B. Omer; Elana Safran; Mary Steffel; Kris‐Stella Trump; David Yokum; Pompa Debroy
10.3386/w28726,https://openalex.org/W4397031859,https://doi.org/10.1016/j.jhealeco.2024.102899,Persistence and heterogeneity of the effects of educating mothers to improve child immunisation uptake: Experimental evidence from Uttar Pradesh in India,2024,Stephen O’Neill; Richard Grieve; Kultar Singh; Varun Dutt; Timothy Powell‐Jackson
10.3386/w28726,https://openalex.org/W4400280444,https://doi.org/10.1073/pnas.2315677121,Mortality risk information and health-seeking behavior during an epidemic,2024,Helene Purcell; Iliana V. Kohler; Alberto Ciancio; James Mwera; Adeline Delavande; Victor Mwapasa; Hans‐Peter Kohler
10.3386/w28726,https://openalex.org/W3012175716,https://doi.org/10.2139/ssrn.3522256,Adjusting for Peer-Influence in Propensity Scoring When Estimating Treatment Effects,2020,Matthew O. Jackson; Zhongjian Lin; Ning Neil Yu
10.3386/w28726,https://openalex.org/W3195749269,https://doi.org/10.3982/ecta19739,Selecting the Most Effective Nudge: Evidence From a Large‐Scale Experiment on Immunization,2025,Abhijit Banerjee; Arun G. Chandrasekhar; Suresh Dalpath; Esther Duflo; John Floretta; Matthew O. Jackson; Harini Kannan; Francine Loza; Anirudh Sankar; Anna Schrimpf; Maheshwor Shrestha
10.3386/w28726,https://openalex.org/W4407028166,https://doi.org/10.2139/ssrn.5055636,Experimenting with Networks,2025,Arun G. Chandrasekhar; Matthew O. Jackson
10.3386/w28726,https://openalex.org/W4407268714,https://doi.org/10.1016/j.jdeveco.2025.103469,Can SMS Interventions Increase Vaccination? Evidence from the COVID-19 Pandemic in Kenya,2025,Kevin Carney; Leah R. Rosenzweig; Wendy Wong; Florence Aketch; James R. Otieno; Elisa M. Maffioli
10.3386/w28726,https://openalex.org/W4409359150,https://doi.org/10.1016/j.jeem.2025.103155,To go electric or to burn coal? A Randomized field experiment of informational nudges,2025,Hanming Fang; King King Li; Peiyao Shen
10.3386/w28726,https://openalex.org/W4410012174,https://doi.org/10.1016/j.jdeveco.2025.103532,How Good Are Livestock Statistics in Africa? Can Nudging and Direct Counting Improve the Quality of Livestock Asset Data?,2025,Kibrom A. Abay; Hailemariam Ayalew; Zelalem Terfa; Joseph Karguia; Clemens Breisinger
10.3386/w28726,https://openalex.org/W4411331158,https://doi.org/10.1016/j.jebo.2025.107088,Seeding the seeds: Role of social structure in agricultural technology diffusion,2025,Alain de Janvry; Manaswini Rao; Élisabeth Sadoulet
10.3386/w28726,https://openalex.org/W4412692887,https://doi.org/10.1007/s11238-025-10061-z,Structural interactions in global trade,2025,Didier Lebert; Alexis Poindron
10.3386/w28726,https://openalex.org/W4412834159,https://doi.org/10.2139/ssrn.5369236,Nudge for Sanitation: Experimental Evidence from China,2025,Y. Wan; Xu Zhang
10.3386/w28726,https://openalex.org/W4414297164,https://doi.org/10.1002/hec.70036,Targeting Vaccine Information Framing to Recipients' Education: A Randomized Trial,2025,Alice Dominici; Lisen Arnheim‐Dahlström
10.3386/w28726,https://openalex.org/W4285531837,https://doi.org/10.2139/ssrn.4047267,Big Loans to Small Businesses: Predicting Winners and Losers in an Entrepreneurial Lending Experiment,2021,Gharad Bryan; Dean Karlan; Adam Osman
10.3386/w28726,https://openalex.org/W3204638568,https://doi.org/10.3386/w29311,Big Loans to Small Businesses: Predicting Winners and Losers in an Entrepreneurial Lending Experiment,2021,Gharad Bryan; Dean Karlan; Adam Osman
10.3386/w28726,https://openalex.org/W4293249849,https://doi.org/10.3389/frhs.2022.897227,A Perspective on Implementation Outcomes and Strategies to Promote the Uptake of COVID-19 Vaccines,2022,Meagan Pilar; A. Rani Elwy; Larissa Lushniak; Grace C. Huang; Gabriella M. McLoughlin; Cole Hooley; Nisha Nadesan-Reddy; Brittney Sandler; Mosa Moshabela; Olakunle Alonge; Elvin Geng; Enola K. Proctor
10.3386/w28726,https://openalex.org/W4317772732,https://doi.org/10.1007/978-3-031-16624-2_14,Computational Climate Change: How Data Science and Numerical Models Can Help Build Good Climate Policies and Practices,2023,Massimo Tavoni
10.3386/w28726,https://openalex.org/W4318069463,https://doi.org/10.1016/j.jdeveco.2023.103056,Impact of self- or social-regarding health messages: Experimental evidence based on antibiotics purchases,2023,Daixin He; Fangwen Lu; Jianan Yang
10.3386/w28726,https://openalex.org/W4385459311,https://doi.org/10.1177/18369391231189901,Patterns of participation in early childhood education before and during the COVID-19 pandemic in Australia,2023,Carly Molloy; Shuaijun Guo; Sharon Goldfeld
10.3386/w28726,https://openalex.org/W4308381339,https://doi.org/10.3386/w30618,The Impact of Large-Scale Social Media Advertising Campaigns on COVID-19 Vaccination: Evidence from Two Randomized Controlled Trials,2022,Lisa Ho; Emily Breza; Marcella Alsan; Abhijit Banerjee; Arun G. Chandrasekhar; Fatima Cody Stanford; R Fior; Paul Goldsmith-Pinkham; Kelly Holland; Emily Hoppe; Louis-Maël Jean; Lucy Ogbu-Nwobodo; Benjamin Olken; Carlos Torres; Pierre-Luc Vautrey; Erica T. Warner; Esther Duflo
10.3386/w28726,https://openalex.org/W4399244291,https://doi.org/10.1016/j.jdeveco.2024.103318,Passing the message: Peer outreach about COVID-19 precautions in Zambia,2024,Alfredo Burlando; Pradeep K. Chintagunta; Jessica Goldberg; Melissa Graboyes; Peter Hangoma; Dean Karlan; Mario Macis; Silvia Prina
10.3386/w28726,https://openalex.org/W4401501971,https://doi.org/10.1093/ej/ueae077,Healthcare Appointments as Commitment Devices,2024,Laura Derksen; Jason Kerwin; Natalia Ordaz Reynoso; Olivier Sterck
10.3386/w28726,https://openalex.org/W4404983853,https://doi.org/10.1016/j.tra.2024.104342,Social norms at crosswalks: Impact on pedestrian-yielding behavior and nudge intervention effectiveness,2024,Xiuying Xin; Ning Jia; Shuai Ling
10.3386/w28726,https://openalex.org/W3126090684,https://doi.org/10.2139/ssrn.3163930,When Less is More: Experimental Evidence on Information Delivery During India's Demonetization,2018,Abhijit Banerjee; Emily Breza; Arun G. Chandrasekhar; Benjamin Golub
10.3386/w28726,https://openalex.org/W4285270674,https://doi.org/10.2139/ssrn.4139702,One Size Does Not Fit All: Behavioral Intervention to Promote Vaccination,2022,Ilana Brody; Silvia Saccardo; Hengchen Dai
10.3386/w28726,https://openalex.org/W4316126889,https://doi.org/10.1016/j.socscimed.2023.115682,The links between COVID-19 vaccine acceptance and non-pharmaceutical interventions,2023,Maurizio Bussolo; Nayantara Sarma; Iván Torre
10.3386/w28726,https://openalex.org/W4296021724,https://doi.org/10.3390/vaccines10091513,"Individual- and Neighborhood-Level Factors of Measles Vaccination Coverage in Niamey, Niger: A Multilevel Analysis",2022,Mika Kunieda; Mahamane L. Manzo; S. V. Subramanian; Masamine Jimba
10.3386/w28726,https://openalex.org/W4384461108,https://doi.org/10.1016/j.annepidem.2023.07.003,Contribution of vaccinations to reducing socioeconomic disparities in COVID-19 deaths across U.S. counties,2023,Ryunosuke Goto; Ichiro Kawachi; Naoki Kondo; Kosuke Inoue
10.3386/w28726,https://openalex.org/W4386426577,https://doi.org/10.3386/w31620,What Predicts the Growth of Small Firms? Evidence from Tanzanian Commercial Loan Data,2023,Mia Ellis; Cynthia Kinnan; Margaret McMillan; Sarah Shaukat
10.3386/w28726,https://openalex.org/W4387211182,https://doi.org/10.1007/978-981-19-8388-7_201,"Behavioural Insights, Organizational Resilience, and Disaster Preparedness",2023,Yuan Zhi Seah; Huong Ha
10.3386/w28726,https://openalex.org/W4388441611,https://doi.org/10.3386/w31841,To Go Electric or To Burn Coal? A Randomized Field Experiment of Informational Nudges,2023,Hanming Fang; King King Li; Peiyao Shen
10.3386/w28726,https://openalex.org/W4389213110,https://doi.org/10.1007/978-3-031-41885-3_3,The Economics of the Phone,2023,Jenny C. Aker; Joël Cariolle
10.3386/w28726,https://openalex.org/W3122574076,https://doi.org/10.2139/ssrn.3442014,Brokering Votes with Information Spread via Social Networks,2019,Raúl Duarte; Frederico Finan; Horacio Larreguy; Laura Schechter
10.3386/w28726,https://openalex.org/W4285265955,https://doi.org/10.2139/ssrn.4147196,Complementarities in Behavioral Interventions Evidence from a Field Experiment on Energy Conservation,2022,Ximeng Fang; Lorenz Göette; Bettina Rockenbach; Matthias Sutter; Verena Tiefenbeck; Samuel Schöb; Thorsten Staake
10.3386/w28726,https://openalex.org/W4286632635,https://doi.org/10.18235/0004123,Helping Families Help Themselves? Heterogeneous Effects of a Digital Parenting Program,2022,Sofía Amaral; Lelys Dinarte; Patricio Domínguez; Santiago M. Perez‐Vincent
10.3386/w28726,https://openalex.org/W3205995165,https://doi.org/10.31235/osf.io/y8gh7,Appointments: A More Effective Commitment Device for Health Behaviors,2021,Laura Derksen; Jason Kerwin; Natalia Ordaz Reynoso; Olivier Sterck
10.3386/w28726,https://openalex.org/W4402175341,https://doi.org/10.1016/j.jdeveco.2024.103365,Better together? Group incentives and the demand for prevention,2024,Mylène Lagarde; Carlos Riumalló‐Herl
10.3386/w28726,https://openalex.org/W4405606022,https://doi.org/10.1093/oso/9780198887133.003.0002,Principles,2024,Christopher Dye
10.3386/w28726,https://openalex.org/W4406974244,https://doi.org/10.1017/9781009438438.003,Evidence from Experiments and Behavioural Insights,2024,
10.3386/w28726,https://openalex.org/W4225644390,https://doi.org/10.2139/ssrn.4060966,Mass Vaccination and Educational Attainment: Evidence from the 1967–68 Measles Eradication Campaign,2022,Philipp Barteska; Sonja Dobkowitz; Maarit Olkkola; Michael Rieser
10.3386/w28726,https://openalex.org/W4286213840,https://doi.org/10.21105/joss.04492,Multiple Inference: A Python package for comparing multiple parameters,2022,Dillon Bowen
10.3386/w28726,https://openalex.org/W4296908489,https://doi.org/10.1093/wber/lhac016,Keep It Simple: A Field Experiment on Information Sharing among Strangers,2022,Cátia Batista; Marcel Fafchamps; Pedro C. Vicente
10.3386/w28726,https://openalex.org/W4379276559,https://doi.org/10.1111/roiw.12643,Safe at Last? Late Effects of a Mass Immunization Campaign on Households' Economic Insecurity,2023,Alessandro Belmonte; Harry Pickard
10.3386/w28726,https://openalex.org/W4384303851,https://doi.org/10.2139/ssrn.4502634,Promoting Responsible Disposal of Opioids: A Randomized Evaluation of Behaviorally Informed Messaging Combined with a Financial Incentive,2023,Mattie Toma; Russell Burnett; Pompa Debroy; Eugen Dimant; J. C. Liu; Elana Safran; Uzaib Saya; Bill Schultz
10.3386/w28726,https://openalex.org/W4387059037,https://doi.org/10.1515/jgd-2023-0005,What Predicts the Growth of Small Firms? Evidence from Tanzanian Commercial Loan Data,2023,Mia Ellis; Cynthia Kinnan; Margaret McMillan; Sarah Shaukat
10.3386/w28726,https://openalex.org/W4389213083,https://doi.org/10.1007/978-3-031-41885-3_4,Digitizing Development?,2023,Jenny C. Aker; Joël Cariolle
10.3386/w28726,https://openalex.org/W4389213259,https://doi.org/10.1007/978-3-031-41885-3_5,(Don’t) Believe the Hype?,2023,Jenny C. Aker; Joël Cariolle
10.3386/w28726,https://openalex.org/W4366965305,https://doi.org/10.1257/rct.5047-3.1,A Mobile Phone-based Intervention to Improve Health Screening Uptake: A Randomized Experiment in Indonesia,2019,Anna Reuter; Lisa Rogge; Maja E. Marcus; Sebastián Vollmer
10.3386/w28726,https://openalex.org/W4388262510,https://doi.org/10.1257/rct.4295-3.0,Soft and hard commitment devices to increase HIV testing,2019,Olivier Sterck; Jason Kerwin; Laura Derksen; Natalia Ordaz Reynoso
10.3386/w28726,https://openalex.org/W4220734939,https://doi.org/10.2139/ssrn.4064541,Safe at Last? Late Effects of a Mass Immunization Campaign on Households’ Economic Insecurity,2022,Alessandro Belmonte; Harry Pickard
10.3386/w28726,https://openalex.org/W4285174972,https://doi.org/10.2139/ssrn.4101041,Individual Misreporting in a Pandemic and Interventions: A Lab-Field Investigation,2022,Xinghua Wang; Maoliang Ye
10.3386/w28726,https://openalex.org/W4285209567,https://doi.org/10.2139/ssrn.4117066,Helping Families Help Themselves: ∗ the (Un)Intended Impacts of a Digital Parenting Program,2022,Sofia Amaral; Lelys Dinarte; Patricio Domínguez; Santiago M. Perez‐Vincent
10.3386/w28726,https://openalex.org/W4295680876,https://doi.org/10.1007/978-981-16-8800-3_201-1,"Behavioural Insights, Organizational Resilience, and Disaster Preparedness",2022,Yuan Zhi Seah; Huong Ha
10.3386/w28726,https://openalex.org/W4300872319,https://doi.org/10.2139/ssrn.4182132,A Social Scientist’s Guide to Multiple Inference,2022,Dillon Bowen
10.3386/w28726,https://openalex.org/W4206688523,https://doi.org/10.2139/ssrn.3967610,Lessons for Covid-19 Vaccination from Eight Federal Government Direct Communication Evaluations,2021,Heather Barry Kappes; Mattie Toma; Rekha Balu; Russell Burnett; Nuole Chen; Rebecca Johnson; Jessica Leight; Saad B. Omer; Elana Safran; Mary Steffel; Kris‐Stella Trump; David Yokum; Pompa Debroy
10.3386/w29357,https://openalex.org/W4412427252,https://doi.org/10.2139/ssrn.5352688,Shining a Light on Nature: The Unintended Biodiversity Costs of Photovoltaic Deployment,2025,Yufei Li; Pengfei Liu; Lina Meng
10.3386/w29357,https://openalex.org/W4281937304,https://doi.org/10.1146/annurev-resource-111820-020204,Climate Impacts on Natural Capital: Consequences for the Social Cost of Carbon,2022,Bernardo A. Bastien-Olvera; Frances C. Moore
10.3386/w30011,https://openalex.org/W4362657708,https://doi.org/10.1371/journal.pmed.1004081,COVID-19 and mental health in 8 low- and middle-income countries: A prospective cohort study,2023,Nursena Aksünger; Corey Vernot; Rebecca Littman; Maarten Voors; Niccolò F. Meriggi; Amanuel Alemu Abajobir; Bernd Beber; Katherine Dai; Dennis Egger; Asad Islam; Jocelyn Kelly; Arjun Kharel; Amani Matabaro; Andrés Moya; Pheliciah Mwachofi; Carolyn Nekesa; Eric Ochieng; Tabassum Rahman; Alexandra Scacco; Yvonne van Dalen; Michael Walker; Wendy Janssens; Ahmed Mushfiq Mobarak
10.3386/w30011,https://openalex.org/W4406817533,https://doi.org/10.1016/j.jhealeco.2025.102969,The Effect of smoking cessation on mental health: Evidence from a randomized trial,2025,Katherine Meckel; Katherine Rittenhouse
10.3386/w30011,https://openalex.org/W4307731535,https://doi.org/10.1257/aer.20211616,The Psychosocial Value of Employment: Evidence from a Refugee Camp,2022,Reshmaan Hussam; Erin Kelley; Gregory Lane; Fatima Zahra
10.3386/w30011,https://openalex.org/W4317499937,https://doi.org/10.1038/s44220-022-00012-w,From neural circuits to communities: an integrative multidisciplinary roadmap for global mental health,2023,Michelle G. Craske; Mohammad M. Herzallah; Robin Nusslock; Vikram Patel
10.3386/w30011,https://openalex.org/W4390363263,https://doi.org/10.1257/aer.20210687,The Economic Impact of Depression Treatment in India: Evidence from Community-Based Provision of Pharmacotherapy,2023,Manuela Angelucci; Daniel Bennett
10.3386/w30011,https://openalex.org/W4389615087,https://doi.org/10.1257/aeri.20220427,Cognitive Behavioral Therapy Reduces Crime and Violence over Ten Years: Experimental Evidence,2023,Christopher Blattman; Sebastián Chaskel; Julian Jamison; Margaret A. Sheridan
10.3386/w30011,https://openalex.org/W4387271583,https://doi.org/10.2139/ssrn.4589697,Aspiring to a Better Future: Can a Simple Psychological Intervention Reduce Poverty?,2023,Kate Orkin; Rob Garlick; Mahreen Mahmud; Richard Sedlmayr; Johannes Haushofer; Stefan Dercon
10.3386/w30011,https://openalex.org/W4387246958,https://doi.org/10.3386/w31735,Aspiring to a Better Future: Can a Simple Psychological Intervention Reduce Poverty?,2023,Kate Orkin; Rob Garlick; Mahreen Mahmud; Richard Sedlmayr; Johannes Haushofer; Stefan Dercon
10.3386/w30011,https://openalex.org/W4400907075,https://doi.org/10.1109/tcss.2024.3416029,Parallel Multiscale Bridge Fusion Network for Audio-Visual Automatic Depression Assessment,2024,Min Hu; Lei Liu; Xiaohua Wang; Yiming Tang; Jiaoyun Yang; Ning An
10.3386/w30011,https://openalex.org/W4396849349,https://doi.org/10.3386/w32423,The Effects of Mental Health Interventions on Labor Market Outcomes in Low- and Middle-Income Countries,2024,Crick Lund; Kate Orkin; Marc Witte; John R. Walker; Thandi Davies; Johannes Haushofer; Sarah M. Murray; Judith Bass; Laura Murray; Wietse A. Tol; Vikram Patel
10.3386/w30011,https://openalex.org/W4297784232,https://doi.org/10.3386/w30330,Depression and Loneliness Among the Elderly Poor,2022,Abhijit Banerjee; Esther Duflo; Erin Grela; Madeline McKelway; Frank Schilbach; Garima Sharma; Girija Vaidyanathan
10.3386/w30011,https://openalex.org/W4413740092,https://doi.org/10.1186/s12875-025-02943-6,Scaling up the task-sharing of an evidence-based psychological treatment for depression in rural India: an implementation study,2025,Ravindra Agrawal; Mohit Sood; Anushka Patel; Tarun Sharma; Harshita Yadav; Jigyasa Kaur; Kumari Smita; Prashant Sharma; Vandana Shukla; Brajesh Tripathi; Namdeo Dongare; Nityasri Sankha Narasimhamurti; Anant Bhan; Sharad Tiwari; Shailesh Sakalle; Vikram Patel
10.3386/w30011,https://openalex.org/W4390206221,https://doi.org/10.3386/w31977,The Psychology of Poverty: Where Do We Stand?,2023,Johannes Haushofer; Daniel Salicath
10.3386/w30011,https://openalex.org/W4408479010,https://doi.org/10.1016/j.jdeveco.2025.103473,"Therapy, Mental health, and Human capital accumulation among adolescent girls in Uganda",2025,Sarah Baird; Berk Özler; Chiara Dell’Aira; Luca Parisotto; Danish Us-Salam
10.3386/w30011,https://openalex.org/W4409963028,https://doi.org/10.1257/aer.20240226,How Do Mental Health Treatment Delays Impact Long-Term Mortality?,2025,Sydney Costantini
10.3386/w30011,https://openalex.org/W4410954255,https://doi.org/10.1016/j.jdeveco.2025.103528,Hairdressers and well-being: Local services provision and mental health first response,2025,Björn Nilsson; Clémence Pougué Biyong
10.3386/w30011,https://openalex.org/W4411227734,https://doi.org/10.1016/j.labeco.2025.102748,The effect of area-level waiting times for psychological therapies on individual-level labour market outcomes,2025,Joe Dodd; Luke Munford; Matt Sutton; Igor Francetić
10.3386/w30011,https://openalex.org/W4412189621,https://doi.org/10.1027/1016-9040/a000555,A Hitchhiker’s Guide to Translation – Ideas for Fostering and Disseminating (Clinical) Translational Psychology,2025,Max Berg; Kristina Suchotzki; Johannes Zimmermann; Christian J. Merz; Katharina Szota; Holger Brandt; Gesa Hartwigsen; Tania M. Lincoln; Andreas Mokros; Miriam Gade; Cornelia Niessen; John F. Rauthmann; Stefanie Hoehl; Thomas Kubiak; Thomas Franke; Lena Frischlich; Juliane Degner; Ellen Matthies; Jörn R. Sparfeldt; Winfried Rief; Anke Haberkamp
10.3386/w30011,https://openalex.org/W4307897783,https://doi.org/10.1017/gmh.2022.54,Cost-effectiveness of psychological intervention within services for depression delivered by primary care workers in Nepal: economic evaluation of a randomized control trial,2022,Luke R. Aldridge; Nagendra P. Luitel; Mark J. D. Jordans; Judith Bass; Bryan Patenaude
10.3386/w30011,https://openalex.org/W4396888140,https://doi.org/10.2139/ssrn.4826030,The Effects of Mental Health Interventions on Labor Market Outcomes in Low- and Middle-Income Countries,2024,Crick Lund; Kate Orkin; Marc Witte; John R. Walker; Thandi Davies; Johannes Haushofer; Sarah M. Murray; Judith Bass; Laura Murray; Wietse A. Tol; Vikram Patel
10.3386/w30011,https://openalex.org/W4392207496,https://doi.org/10.2139/ssrn.4739069,Long-Range Forecasts as Climate Adaptation: Experimental Evidence from Developing-Country Agriculture,2024,Fiona Burlig; Amir Jina; Erin Kelley; G. J. Lane
10.3386/w30011,https://openalex.org/W4404559925,https://doi.org/10.1016/j.jpubeco.2024.105254,Misperceived effectiveness and the demand for psychotherapy,2024,Christopher Roth; Peter Schwardmann; Egon Tripodi
10.3386/w30011,https://openalex.org/W4285276796,https://doi.org/10.2139/ssrn.4110752,Cognitive Behavior Therapy Reduces Crime and Violence Over 10 Years: Experimental Evidence,2022,Christopher Blattman; Sebastián Chaskel; Julian Jamison; Margaret A. Sheridan
10.3386/w30011,https://openalex.org/W3145029146,https://doi.org/10.2139/ssrn.3797764,Revisiting Offsets of Psychotherapy Coverage,2021,Benjamin Ly Serena
10.3386/w30011,https://openalex.org/W4388544328,https://doi.org/10.2139/ssrn.4614217,What You Don't Know May Hurt You: A Revealed Preferences Approach,2023,Gonzalo Arrieta; Lukas Bolte
10.3386/w30011,https://openalex.org/W4390241082,https://doi.org/10.2139/ssrn.4675165,The Psychology of Poverty: Where Do We Stand?,2023,Johannes Haushofer; Daniel Salicath
10.3386/w30011,https://openalex.org/W4396828025,https://doi.org/10.1920/wp/ifs.2024.1924,"Forced displacement, mental health, and child development: Evidence from Rohingya refugees",2024,Asad Islam; Tanvir Ahmed Mozumder; Tabassum Rahman; Tanvir Shatil; Abu Bakkar Siddique
10.3386/w30011,https://openalex.org/W4396851967,https://doi.org/10.1920/wp.ifs.2024.1924,"Forced displacement, mental health, and child development: Evidence from Rohingya refugees",2024,Asad Islam; Tanvir Ahmed Mozumder; Tabassum Rahman; Tanvir Shatil; Abu Bakkar Siddique
10.3386/w30011,https://openalex.org/W4399848868,https://doi.org/10.2139/ssrn.4868762,The Effects of Mental Health Interventions on Labor Market Outcomes in Low- and Middle-Income Countries,2024,Crick Lund; Kate Orkin; Marc Witte; John R. Walker; Thandi Davies; Johannes Haushofer; Sarah M. Murray; Judith Bass; Laura Murray; Wietse A. Tol; Vikram Patel
10.3386/w30011,https://openalex.org/W4399980005,https://doi.org/10.18174/657866,"Tackling poverty, depression, malnutrition and unequal gender norms: evidence from a Light-Touch Graduation Program in Ethiopia",2024,Michael Mulford
10.3386/w30011,https://openalex.org/W4280621489,https://doi.org/10.31235/osf.io/q85ux,Cognitive behavior therapy reduces crime and violence over 10 years: Experimental evidence,2022,Christopher Blattman; Margaret A. Sheridan; Julian Jamison; Sebastián Chaskel
10.3386/w30011,https://openalex.org/W4289012870,https://doi.org/10.1101/2022.07.29.22278182,The Effect of the COVID-19 Pandemic on Mental Health in Low and Middle Income Countries,2022,Nursena Aksünger; Corey Vernot; Rebecca Littman; Maarten Voors; Niccolò F. Meriggi; Amanuel Alemu Abajobir; Bernd Beber; Katherine Dai; Dennis Egger; Asad Islam; Jocelyn Kelley; Arjun Kharel; Amani Matabaro; Andrés Moya; Pheliciah Mwachofi; Carolyn Nekesa; Eric Ochieng; Tabassum Rahman; Alexandra Scacco; Yvonne van Dalen; Michael Walker; Wendy Janssens; Ahmed Mushfiq Mobarak
10.3386/w30011,https://openalex.org/W4312507233,https://doi.org/10.2139/ssrn.4261487,"Mental Health Literacy, Beliefs and Demand for Mental Health Support",2022,Michelle Acampora; Francesco Capozza; Vahid Moghani
10.3386/w30202,https://openalex.org/W4287861491,https://doi.org/10.1016/j.chieco.2024.102293,The long-term cognitive and schooling effects of childhood vaccinations in China,2024,Hamid R. Oskorouchi; Alfonso Sousa‐Poza; David E. Bloom
10.3386/w30624,https://openalex.org/W4388422759,https://doi.org/10.18235/0005254,Rethinking Urban Migration: Policy Options for Cities in Latin America and the Caribbean,2023,Matí­as Busso; Paul E. Carrillo; Juan Pablo Chauvin
10.3386/w30624,https://openalex.org/W4399509620,https://doi.org/10.21428/d28e8e57.0168f4c0,"Evaluation Summary and Metrics: ""Legalizing Entrepreneurship""",2024,Anonymous Anonymous; Tabaré Capitán
10.3386/w30740,https://openalex.org/W4400389359,https://doi.org/10.1057/s41599-024-03428-0,Choice engines and paternalistic AI,2024,Cass R. Sunstein
10.3386/w30740,https://openalex.org/W4408054554,https://doi.org/10.1257/aer.20231133,Do Ordeals Work for Selection Markets? Evidence from Health Insurance Auto-Enrollment,2025,Mark Shepard; Myles Wagner
10.3386/w30740,https://openalex.org/W4411672116,https://doi.org/10.1007/s10640-025-01012-x,"Nudging, Fast and Slow: Experimental Evidence from Food Choices under Time Pressure",2025,Paul Lohmann; Elisabeth Gsottbauer; Christina Gravert; Lucia A. Reisch
10.3386/w30740,https://openalex.org/W4376605820,https://doi.org/10.3386/w31152,Judging Nudging: Understanding the Welfare Effects of Nudges Versus Taxes,2023,John A. List; Matthias Rodemeier; Sutanuka Roy; Gregory Sun
10.3386/w30740,https://openalex.org/W4408412758,https://doi.org/10.1177/01956574251320363,Intrinsic Motivation to Promote Demand Flexibility: A Field Experiment From Household Demand,2025,Adélaïde Fadhuile; Daniel Llerena; Béatrice Roussillon
10.3386/w30740,https://openalex.org/W4382203469,https://doi.org/10.1146/annurev-resource-111522-111325,A New Wave of Sugar-Sweetened Beverage Taxes: Are They Meeting Policy Goals and Can We Do Better?,2023,Kristin Kiesel; Hairu Lang; Richard J. Sexton
10.3386/w30740,https://openalex.org/W4412369068,https://doi.org/10.1007/s11299-025-00326-z,The philosophic turn for AI agents: replacing centralized digital rhetoric with decentralized truth-seeking,2025,Philipp Koralus
10.3386/w30740,https://openalex.org/W4405644504,https://doi.org/10.1007/s10640-024-00942-2,‘More Bang for the Buck’? Experimental Evidence on the Mechanisms of an Energy Efficiency Subsidy,2024,Lara Bartels; Madeline Werthschulte
10.3386/w30740,https://openalex.org/W4381415972,https://doi.org/10.2139/ssrn.4474126,"What You Eat is What You Are:Risk Attitudes, Time Preferences, and Diet Quality",2023,Antoine Nebout; Noémi Berlin; Florent Vieux; Sandrine Péneau; Nicole Darmon; Emmanuel Kemel; Emmanuel Paroissien
10.3386/w30740,https://openalex.org/W4396730116,https://doi.org/10.2139/ssrn.4817483,"AI, Reducing Internalities and Externalities",2024,Cass R. Sunstein
10.3386/w30740,https://openalex.org/W4386381495,https://doi.org/10.1007/978-3-030-90434-0_52-1,Nudge and Nudging in Public Policy,2023,Sanchayan Banerjee; Peter John
10.3386/w30740,https://openalex.org/W4396939264,https://doi.org/10.21428/d28e8e57.480a4d04,"Evaluation Summary and Metrics: ""When do ""Nudges"" Increase Welfare?""",2024,Anonymous Anonymous; Florian Habermacher; David Reinstein
10.3386/w30740,https://openalex.org/W4399173286,https://doi.org/10.2139/ssrn.4846383,The Limits of Nudge: Evidence from Online Property Listings,2024,David Hume; John Gathergood; Neil Stewart
10.3386/w30740,https://openalex.org/W4399795717,https://doi.org/10.2139/ssrn.4870273,Unveiling Shades of Green Food Beyond Labels. Evidence from an Online Experiment to Climate Adaptation,2024,Cecilia Castaldo; Matilde Giaccherini; Giacomo Pallante; Alessandro Palma
10.3386/w30835,https://openalex.org/W4401120765,https://doi.org/10.1016/j.mtchem.2024.102226,Recent advances in the application of nanoparticle-based strategies for water remediation as a novel clean technology–A comprehensive review,2024,Krishna Kumar Yadav; Marina M.S. Cabral-Pinto; Amel Gacem; Ahmed M. Fallatah; Balasubramani Ravindran; Shahabaldin Rezania; Jari S. Algethami; Lienda Bashier Eltayeb; M.K.G. Abbas; Tasneem H. Alshareef; Vandana Vinayak; Cao Truong Son; Maha Awjan Alreshidi; Joan Manuel Rodríguez-Díaz; Raad Z. Homod
10.3386/w30835,https://openalex.org/W4387721097,https://doi.org/10.1016/j.econedurev.2023.102464,Improving school management in low and middle income countries: A systematic review,2023,Gautam Anand; Aishwarya Atluri; Lee Crawfurd; Todd Pugatch; Ketki Sheth
10.3386/w30835,https://openalex.org/W4402518239,https://doi.org/10.7189/jogh.14.04178,Safe water treatment practices: A qualitative study on point-of-use chlorination in Nigeria,2024,Ifeoma Idigbe; Michelle Cherian; Abideen Salako; Babatunde Adewale; Babatunde Lawal Salako; Elisa M. Maffioli
10.3386/w30835,https://openalex.org/W4306759000,https://doi.org/10.1596/1813-9450-10161,Do Index Insurance Programs Live up to their Promises? Aggregating Evidence from Multiple Experiments,2022,Pauline Castaing; Jules Gazeaud
10.3386/w30835,https://openalex.org/W4393408645,https://doi.org/10.1257/rct.13278-1.0,"The impact of pre-emptive home delivery of ORS + zinc on treatment for child diarrhea: a randomized controlled in Bauchi, Nigeria",2024,Zachary Wagner; Stephanie Bonds; Ishita Ghai; Nneka Osadolor
10.3386/w30835,https://openalex.org/W4393408984,https://doi.org/10.1257/rct.13278,"The impact of pre-emptive home delivery of ORS + zinc on treatment for child diarrhea: a randomized controlled in Bauchi, Nigeria",2024,Zachary Wagner; Stephanie Bonds; Ishita Ghai; Nneka Osadolor
10.3386/w30835,https://openalex.org/W4403448536,https://doi.org/10.1371/journal.pwat.0000295,"Comparison of passive and manual chlorination in small piped water networks in rural Ghana: Technical performance, ease-of-use, and cost",2024,Caroline Delaire; Katherine L. Marshall; Michal Usowicz; Tom Mahin; Daniel Kwaah; Bashiru Yachori; Bastian Schnabel; Ranjiv Khush; Rachel Peletz
10.3386/w30835,https://openalex.org/W4403674798,https://doi.org/10.1038/s41545-024-00401-x,Training caretakers to clean community wells is a highly cost-effective way to reduce exposure to coliform bacteria,2024,Md. Ahasan Habib; Serena Cocciolo; Md. Mir Abu Raihan; Prosun Bhattacharya; Anna Tompsett
10.3386/w31137,https://openalex.org/W4387312830,https://doi.org/10.1146/annurev-financial-110921-101555,Climate Stress Testing,2023,Viral V. Acharya; Richard Berner; Robert F. Engle; Hyeyoon Jung; Johannes Stroebel; Xuran Zeng; Yihao Zhao
10.3386/w31137,https://openalex.org/W4390607495,https://doi.org/10.1016/j.frl.2024.104989,Manage biodiversity risk exposure?,2024,Muhammad Ramzan Kalhoro; Khine Kyaw
10.3386/w31137,https://openalex.org/W4405564302,https://doi.org/10.1016/j.jfineco.2024.103987,Biodiversity finance,2024,Caroline Flammer; Thomas Giroux; Geoffrey Heal
10.3386/w31137,https://openalex.org/W4407312883,https://doi.org/10.1016/j.frl.2025.106931,Can biodiversity risk improve firm ESG performance? Empirical evidence from China,2025,Tianlei Pi; Lirui Jiao; Yuhan Zhou; Jin Shi
10.3386/w31137,https://openalex.org/W4404118843,https://doi.org/10.1002/bse.4039,Biodiversity risk and firm performance: Evidence from US firms,2024,Thang Ngoc Bach; Khánh Hoàng; Thanh Lê
10.3386/w31137,https://openalex.org/W4391436939,https://doi.org/10.1038/s41893-024-01269-y,The impact of COVID-19 fiscal spending on climate change adaptation and resilience,2024,Alexandra Sadler; Nicola Ranger; Samuel Fankhauser; Fulvia Marotta; Brian O’Callaghan
10.3386/w31137,https://openalex.org/W4360762233,https://doi.org/10.2139/ssrn.4398110,Do Investors Care About Biodiversity?,2023,Alexandre Garel; Arthur Romec; Zacharias Sautner; Alexander F. Wagner
10.3386/w31137,https://openalex.org/W4404021442,https://doi.org/10.1016/j.intfin.2024.102075,"Firm biodiversity risk, climate vulnerabilities, and bankruptcy risk",2024,Gbenga Adamolekun
10.3386/w31137,https://openalex.org/W4406842152,https://doi.org/10.1111/ajfs.12503,Big Data and Machine <i>Learning</i> in <scp>ESG</scp> Research*,2025,Kai Li
10.3386/w31137,https://openalex.org/W4408984946,https://doi.org/10.1111/jiec.70014,Pricing firms’ biodiversity risk exposure: Empirical evidence from audit fees,2025,Tobias Steindl; Stephan Küster; Sven Hartlieb
10.3386/w31137,https://openalex.org/W4399102654,https://doi.org/10.1111/jori.12472,Insurers' climate change risk management quality and natural disasters,2024,Thomas R. Berry‐Stölzle; Simon Fritzsch; Philipp Scharner; Gregor Weiß
10.3386/w31137,https://openalex.org/W4387225741,https://doi.org/10.2139/ssrn.4587333,Biodiversity Risks and Corporate Investment,2023,Hai Hong Trinh
10.3386/w31137,https://openalex.org/W4410755557,https://doi.org/10.1002/csr.3249,A Scoping Review of Determinants of Business Engagement With Biodiversity,2025,Qian Liu; Charlotte Süring; Bo Jellesmark Thorsen; Sophus zu Ermgassen; Niels Strange; Sven Wunder; Joseph W. Bull; Carl Johan Lagerkvist; Thomas Lundhede
10.3386/w31137,https://openalex.org/W4393032012,https://doi.org/10.2139/ssrn.4735012,Biodiversity risk and firm performance,2024,Thang Ngoc Bach; Khánh Hoàng; Thanh Thuy Le
10.3386/w31137,https://openalex.org/W4405234383,https://doi.org/10.2139/ssrn.5043322,The World Market Price of Biodiversity Risk,2024,Wei Xiong
10.3386/w31137,https://openalex.org/W4408110678,https://doi.org/10.2139/ssrn.5163556,How Do Climate Risks Drive Corporate Tax Avoidance? Evidence from Biodiversity Risk and Policy Uncertainty,2025,Hai Hong Trinh
10.3386/w31137,https://openalex.org/W4409160397,https://doi.org/10.1002/bse.4215,From Diversity to Confusion? The Challenge of Biodiversity Footprint Quantification,2025,Raphaela Roeder; Sebastian Utz
10.3386/w31137,https://openalex.org/W4409624435,https://doi.org/10.1111/jiec.70017,Biodiversity finance: Sovereign biodiversity loss drivers and financial stability,2025,Michael Mies
10.3386/w31137,https://openalex.org/W4410884813,https://doi.org/10.1257/pandp.20251074,Nature Loss and Climate Change: The Twin-Crises Multiplier,2025,Stefano Giglio; Theresa Kuchler; Johannes Stroebel; Olivier Wang
10.3386/w31137,https://openalex.org/W4413334840,https://doi.org/10.1002/csr.70130,Unpacking the Role of Biodiversity Impact Reduction in <scp>ESG</scp> Performance,2025,Post Raj Pokharel
10.3386/w31137,https://openalex.org/W4225622468,https://doi.org/10.2139/ssrn.4038371,Nature as a Defense from Disasters: Natural Capital and Municipal Bond Yields,2022,Claudio Rizzi
10.3386/w31137,https://openalex.org/W4382119668,https://doi.org/10.2139/ssrn.4489550,A Closer Look at the Biodiversity Premium,2023,Guillaume Coqueret; Thomas Giroux
10.3386/w31137,https://openalex.org/W4391827375,https://doi.org/10.2139/ssrn.4721219,Biodiversity Risk in the Corporate Bond Market,2024,Sevgi Soylemezgil; Cihan Uzmanoglu
10.3386/w31137,https://openalex.org/W4394827345,https://doi.org/10.2139/ssrn.4765039,"Biodiversity Risk, Firm Performance, and Market Mispricing",2024,Yujun Huang; Anna Cretì; Binghan Jiang; María Eugenia Sanin
10.3386/w31137,https://openalex.org/W4401763456,https://doi.org/10.2139/ssrn.4932511,Do Banks Price Environmental Risk? Only When Local Beliefs are Binding!,2024,İrem Erten; Steven Ongena
10.3386/w31137,https://openalex.org/W4391269680,https://doi.org/10.2139/ssrn.4665715,Exploring Nature: Datasets and Models for Analyzing Nature-Related Disclosures,2024,Tobias Schimanski; Chiara Colesanti Senni; Glen Gostlow; Jingwei Ni; Tingyu Yu; Markus Leippold
10.3386/w31137,https://openalex.org/W4401368539,https://doi.org/10.2139/ssrn.4910994,Biodiversity Risk and Dividend Policy,2024,Md Noman Hossain; Md Rajib Kamal; Monika K. Rabarison
10.3386/w31137,https://openalex.org/W4319729176,https://doi.org/10.2139/ssrn.4351633,"Beyond Climate: `EU taxonomy' criteria, materiality, and CDS term structure",2023,Andreas G. F. Hoepner; Johannes Klausmann; Markus Leippold; Jordy Rillaerts
10.3386/w31137,https://openalex.org/W4409425964,https://doi.org/10.2139/ssrn.5200220,Biodiversity and Local Asset Values,2025,Jess Cornaggia; Youjia Liang; Peter Iliev; Qiang Wang
10.3386/w31137,https://openalex.org/W4412427252,https://doi.org/10.2139/ssrn.5352688,Shining a Light on Nature: The Unintended Biodiversity Costs of Photovoltaic Deployment,2025,Yufei Li; Pengfei Liu; Lina Meng
10.3386/w31137,https://openalex.org/W4412901549,https://doi.org/10.52399/001c.142346,Mobilising Finance for Biodiversity: Insights From Across the Island of Ireland,2025,Sheila O’Donohoe; Lisa Sheenan
10.3386/w31137,https://openalex.org/W4413451481,https://doi.org/10.1016/j.frl.2025.108238,Environmental ratings and stock returns: The dominant role of climate change,2025,Rients Galema; Dirk Gerritsen
10.3386/w31137,https://openalex.org/W4413581198,https://doi.org/10.1016/j.irfa.2025.104582,Biodiversity risk and agricultural futures markets,2025,Qiqiao Lang; Chenyu Li; Wen Liu; Hanlin Wu
10.3386/w31137,https://openalex.org/W4385818665,https://doi.org/10.2139/ssrn.4538287,Mind the Gap?! The Current State of Biodiversity Reporting,2023,Gerrit von Zedlitz
10.3386/w31137,https://openalex.org/W2255083482,https://doi.org/10.1017/9781009519663.018,Lessons Learned and Future Directions,2025,K. Banskota; B. S. Karky; Margaret Skutsch
10.3386/w31137,https://openalex.org/W4406325252,https://doi.org/10.2139/ssrn.5093804,From Words to Impact: Building the Biodiversity Concern Index with Semantic Brand Score,2025,Amar Rao; Brian M. Lucey; Satish Kumar
10.3386/w31137,https://openalex.org/W4406716145,https://doi.org/10.2139/ssrn.5036091,Nature-Related Risks in Syndicated Lending&amp;nbsp;,2025,Aras Canipek; Santanu Kundu; Jiří Trešl; Lukas Zimmermann
10.3386/w31137,https://openalex.org/W4407127791,https://doi.org/10.2139/ssrn.5055024,Big Data and Machine Learning in ESG Research,2025,Kai Li
10.3386/w31137,https://openalex.org/W4407703028,https://doi.org/10.1017/9781009519663.022,Advancing the Nexus Approach to Biodiversity and Nature Conservation in the MENA Region,2025,Damilola S. Olawuyi
10.3386/w31137,https://openalex.org/W4408708388,https://doi.org/10.1016/j.intfin.2025.102156,Predicting the conditional distribution of US stock market systemic Stress: The role of climate risks,2025,Massimiliano Caporin; Petre Caraiani; Oğuzhan Çepni; Rangan Gupta
10.3386/w31137,https://openalex.org/W4410154020,https://doi.org/10.2139/ssrn.5241242,"It's all about cash, but what about biodiversity? Cutting through the biodiversity measurement jungle to account for biodiversity in corporate activities",2025,Saverio Olivito; Patricia Ruffing-Straube
10.3386/w31137,https://openalex.org/W4410554735,https://doi.org/10.2139/ssrn.5263889,"Corporate Biodiversity Risk Exposure, Investment, and Equity Financing",2025,Uyen Trang Nguyen
10.3386/w31137,https://openalex.org/W4410828899,https://doi.org/10.2139/ssrn.5263181,International Tourism And Global Biodiversity Risks,2025,Yingtong Chen; Fei Wu; Dayong Zhang; Qiang Ji
10.3386/w31137,https://openalex.org/W4412048574,https://doi.org/10.2139/ssrn.5340277,Climate Risk and Biodiversity Exposure,2025,Ernest Owusu Boakye; Kari Heimonen
10.3386/w31137,https://openalex.org/W4412458520,https://doi.org/10.1080/13504851.2025.2534012,Fresh evidence on climate and biodiversity risks in asset pricing,2025,Nicholas Apergis
10.3386/w31137,https://openalex.org/W4412545439,https://doi.org/10.1002/bse.70095,The Impact of Biodiversity Risk on Supply Chain Strategy: Evidence From the Chinese MNEs,2025,Weiwei Fu; Junyi Feng; Giray Gözgör
10.3386/w31137,https://openalex.org/W4412791967,https://doi.org/10.2139/ssrn.5374258,"Biodiversity Risk, Corporate Governance, and Firm Performance: Empirical Evidence from China",2025,nasir khan khattak; Brian M. Lucey
10.3386/w31137,https://openalex.org/W4413241545,https://doi.org/10.2139/ssrn.5384866,Biodiversity-Related Incidents and Voluntary Disclosure,2025,Miriam Marra; Andrew Urquhart; Hanxiong Zhang
10.3386/w31137,https://openalex.org/W4413873854,https://doi.org/10.1002/sd.70221,Advancing Sustainable Development Goal 15 (Life on Land): The Role of Corporate Environmental Initiatives,2025,Post Raj Pokharel
10.3386/w31137,https://openalex.org/W4414169901,https://doi.org/10.2139/ssrn.5464628,The Home Stretch: County-Level Policy Implementation and Regional Financial Development in China,2025,Qingfu Liu; Pingyi Lou; Hong Song; Chuanjie Wang
10.3386/w31137,https://openalex.org/W4414455528,https://doi.org/10.1080/15427560.2025.2559776,Does Climate and Biodiversity Sentiment Drive Volatility in Financial Markets? Evidence from Green Stocks,2025,Rıza Demirer; Tina Prodromou
10.3386/w31137,https://openalex.org/W4414534074,https://doi.org/10.21203/rs.3.rs-7553627/v1,Biodiversity Risk and Corporate Default Probability,2025,Hai Hong Trinh
10.3386/w31137,https://openalex.org/W4394802703,https://doi.org/10.2139/ssrn.4780469,The Value of Values: Does Focusing on Sustainability Provide a Competitive Advantage in Forecasting Earnings?,2024,Salman Arif; Nargess Golshan
10.3386/w31137,https://openalex.org/W4403124626,https://doi.org/10.2139/ssrn.4976712,Climate-Related Financial Stability Risks for the United States: Methods and Applications,2024,Celso Brunetti; Matteo Crosignani; Benjamin Dennis; Gurubala Kotta; Donald P. Morgan; Chaehee Shin; Ilknur Zer
10.3386/w31137,https://openalex.org/W4405054288,https://doi.org/10.2139/ssrn.5006269,The Biodiversity Protection Discount,2024,Golnaz Bahrami; Matthew Gustafson; Eva Steiner
10.3386/w31137,https://openalex.org/W4389187403,https://doi.org/10.2139/ssrn.4635177,Homeowners' Willingness To Hedge Flood Risks as Prices Increase,2023,Benjamin Collier; Tobias Huber; Johannes Jaspersen; Andreas Richter
10.3386/w31137,https://openalex.org/W4400583060,https://doi.org/10.2139/ssrn.4860331,Using AI to Assess the Decision-Usefulness of Corporates' Nature-related Disclosures,2024,Chiara Colesanti Senni; Saeid Ashraf Vaghefi; Tobias Schimanski; Tushar Manekar; Markus Leippold
10.3386/w31137,https://openalex.org/W4403871848,https://doi.org/10.2139/ssrn.4991894,Climate Change Through the Lens of Macroeconomic Modeling,2024,Jesús Fernández‐Villaverde; Kenneth Gillingham; Simon Scheidegger
10.3386/w31137,https://openalex.org/W4405660090,https://doi.org/10.55429/ijabf.v3i1.144,Navigating Biodiversity and Climate Risk: A Systematic Review and Research Agenda,2024,A. K. Chaurasia; Amrita Singh
10.3386/w31137,https://openalex.org/W4211132642,https://doi.org/10.2139/ssrn.4025598,A Machine Learning Based Anatomy of Firm-level Climate Risk Exposure,2022,Weiwei Hu; Kai Li; Tingyu Yu
10.3386/w31137,https://openalex.org/W4205789828,https://doi.org/10.2139/ssrn.3987291,An Inside View of Corporate ESG Practices,2021,Hoa Briscoe-Tran
10.3386/w31137,https://openalex.org/W4312333810,https://doi.org/10.2139/ssrn.4236912,The Market for ESG Ratings,2022,Ehsan Azarmsa; Joel Shapiro
10.3386/w31137,https://openalex.org/W4313384199,https://doi.org/10.2139/ssrn.4315854,Willingness to Pay for Carbon Mitigation: A Field Experiment in the Market for Carbon Offsets,2022,Matthias Rodemeier
10.3386/w31137,https://openalex.org/W4405814175,https://doi.org/10.2139/ssrn.5069365,Sustainable Investing,2024,Ľuboš Pástor; Robert F. Stambaugh; Lucian A. Taylor
10.3386/w31137,https://openalex.org/W4400063051,https://doi.org/10.2139/ssrn.4869848,Biodiversity Finance: A review and bibliometric analysis ,2024,Xinglin Li; Helena Naffa
10.3386/w31137,https://openalex.org/W4400937026,https://doi.org/10.2139/ssrn.4898760,Capital regulation in the presence of climate risk,2024,Natalya Martynova; Kartik Anand
10.3386/w31137,https://openalex.org/W4403190119,https://doi.org/10.2139/ssrn.4955797,Does Biodiversity Matter for Firm Value?,2024,Simona Cosma; Stefano Cosma; Daniela Pennetta; Giuseppe Rimo
10.3386/w31137,https://openalex.org/W4404981578,https://doi.org/10.2139/ssrn.5023110,"From Fine to Feathers: Enforcement Stringency, Protectionism, and Biodiversity",2024,P.-Z. Li; Yongsheng Xu; Luping Yu
10.3386/w31137,https://openalex.org/W4405177357,https://doi.org/10.2139/ssrn.5045806,Sustainable Investing,2024,Ľuboš Pástor; Robert F. Stambaugh; Lucian A. Taylor
10.3386/w31162,https://openalex.org/W4408509099,https://doi.org/10.1016/j.ehb.2025.101483,Second generation effects of an experimental conditional cash transfer program on early childhood human capital in Nicaragua,2025,Tania Barham; Oscar M Díaz-Botía; Karen Macours; John A. Maluccio; Julieta Vera Rueda
10.3386/w31162,https://openalex.org/W4401997094,https://doi.org/10.1257/aer.20220296,Investing in the Next Generation: The Long-Run Impacts of a Liquidity Shock,2024,Patrick Agte; Arielle Bernhardt; Erica Field; Rohini Pande; Natalia Rigol
10.3386/w31162,https://openalex.org/W4382808592,https://doi.org/10.2139/ssrn.4497050,Universal Investments in Toddler Health. Learning from a Large Government Trial,2023,Jennifer L. Baker; Lise G. Bjerregaard; Christian M. Dahl; Torben S. D. Johansen; Emil N. Sørensen; Miriam Wüst
10.3386/w31162,https://openalex.org/W4400087236,https://doi.org/10.2139/ssrn.4875520,The Intergenerational Health Effects of Child Marriage Bans,2024,Duc Dung Le; Teresa Molina; Yoko Ibuka; Rei Goto
10.3386/w31208,https://openalex.org/W4385996363,https://doi.org/10.1017/bca.2023.26,Improving Learning in Low- and Lower-Middle-Income Countries,2023,Noam Angrist; Elisabetta Aurino; Harry Anthony Patrinos; George Psacharopoulos; Emiliana Vegas; Ralph Essem Nordjo; Brad Wong
10.3386/w31208,https://openalex.org/W4406731361,https://doi.org/10.1038/s41539-025-00297-3,"COVID-19, school closures, and student learning outcomes. New global evidence from PISA",2025,Maciej Jakubowski; Tomasz Gajderowicz; Harry Anthony Patrinos
10.3386/w31208,https://openalex.org/W4411959703,https://doi.org/10.1007/s11125-025-09736-w,Learning during the pandemic: Evidence from Uzbekistan,2025,Syedah Aroob Iqbal; Harry Anthony Patrinos
10.3386/w31208,https://openalex.org/W4377832494,https://doi.org/10.1257/pandp.20231009,Learning Curve: Progress in the Replication Crisis,2023,Noam Angrist; Claire Cullen; Micheal Ainomugisha; Sai Pramod Bathena; Peter Bergman; Colin Crossley; Thato Letsomo; Moitshepi Matsheng; Rene Marlon Panti; Shwetlena Sabarwal; Tim Sullivan
10.3386/w31208,https://openalex.org/W4407162678,https://doi.org/10.33682/09ag-war7,Navigating Remote Early Childhood Education in Hard-to-Access Settings: A Qualitative Study of Caregivers' and Teachers' Experiences in Lebanon,2025,Somaia Abdulrazzak; D Fetters Michael; Jamile Youssef; Lina Torossian; Ola Kheir; Diala Hajal; Kate Schwartz
10.3386/w31208,https://openalex.org/W4408316379,https://doi.org/10.1080/19345747.2025.2450318,The Challenges of Scaling up Effective Child-Rearing Practices Using Technology in Developing Settings: Experimental Evidence From India,2025,Irma Arteaga; Andreas de Barros; Alejandro Ganimian
10.3386/w31208,https://openalex.org/W4408923200,https://doi.org/10.4018/979-8-3693-8593-7.ch010,From Pilot to Policy-Scaling Remote Educational Experiments in Diverse Educational Systems,2025,Manas Kumar Yogi; Mangadevi Atti; Yamuna Mundru
10.3386/w31208,https://openalex.org/W4412515262,https://doi.org/10.1017/esa.2024.2,The importance of a helping hand in education and in life,2025,Francisco Gallego; Philip Oreopoulos; Noah Spencer
10.3386/w31208,https://openalex.org/W4398168724,https://doi.org/10.1073/pnas.2316300121,The lasting impacts of remote learning in the absence of remedial policies: Evidence from Brazil,2024,Guilherme Lichand; Carlos Alberto Dória
10.3386/w31208,https://openalex.org/W4388263288,https://doi.org/10.1108/jice-04-2023-0012,How did the outcome of international cooperation in school-based management help schools respond to the COVID-19 pandemic in Nepal?,2023,Y Ishida; B Shrestha; Uma Thapa; Khagendra Subba
10.3386/w31208,https://openalex.org/W4385811679,https://doi.org/10.18235/0005057,Africa and Asia Successful Global Tutoring Experiences: ConnectEd,2023,Noam Angrist; Colin Crossley; Claire Cullen
10.3386/w31208,https://openalex.org/W4387511205,https://doi.org/10.53832/edtechhub.0175,"Under the Hood of an EdTech Study in Kenya: Implementation Challenges, Successes and Lessons Learned",2023,Konstantin Büchel; Colin Crossley; Claire Cullen; Thato Letsomo
10.3386/w31208,https://openalex.org/W4387846885,https://doi.org/10.1016/j.jdeveco.2023.103201,Supporting early childhood development remotely: Experimental evidence from SMS messages,2023,Juan Manuel Hernández-Agramonte; Olga Namen; Emma Näslund-Hadley; Maria Loreto Biehl
10.3386/w31208,https://openalex.org/W4389305504,https://doi.org/10.18235/0005309,Multiplicar aprendizajes: tutorías a distancia para potenciar la escuela,2023,Pablo Zoido; Facundo Albornoz; Andrea Prieto; Gonzalo Almeyda; Jenny Carolina Hernández Cardozo; Victoria Oubiña; Milton Calderón
10.3386/w31208,https://openalex.org/W4403391519,https://doi.org/10.1007/978-3-031-69284-0_1,PIRLS 2021 and PISA 2022 Statistics Show How Serious the Pandemic Losses Are,2024,Nuno Crato; Harry Anthony Patrinos
10.3386/w31208,https://openalex.org/W4389213259,https://doi.org/10.1007/978-3-031-41885-3_5,(Don’t) Believe the Hype?,2023,Jenny C. Aker; Joël Cariolle
10.3386/w31272,https://openalex.org/W4392932479,https://doi.org/10.3390/pharmacy12020050,"Timely, Cheap, or Risk-Free? The Effect of Regulation on the Price and Availability of New Drugs",2024,Laura Levaggi; Rosella Levaggi
10.3386/w31272,https://openalex.org/W4386705969,https://doi.org/10.2139/ssrn.4562149,Strategic Interaction in Pharmaceutical Price Regulation: With or Without U?,2023,Paolo Pertile; Simona Gamba; Martin Förster
10.3386/w31354,https://openalex.org/W4408350181,https://doi.org/10.1111/agec.70009,Policy for Decent Work in Agriculture,2025,Eva‐Marie Meemken; Olayinka Aremu; Anna Fabry; Celestina Heepen; Patrick Illien; Marie Kammer; Andrew Laitha
10.3386/w31354,https://openalex.org/W4400663426,https://doi.org/10.1007/s11151-024-09971-z,Structural Presumptions for Non-horizontal Mergers in the 2023 Merger Guidelines: A Primer and a Path Forward,2024,Javier D. Donna; Pedro Pereira
10.3386/w31354,https://openalex.org/W4412693648,https://doi.org/10.3390/socsci14080465,Debt Before Departure: The Role of Informal Credit in Trapping Migrant Workers,2025,Abdelaziz Abdalla Alowais; Abubakr Suliman
10.3386/w31409,https://openalex.org/W4407692253,https://doi.org/10.2139/ssrn.5140742,Does Peer Review Penalize Scientific Risk Taking? Evidence from NIH Grant Renewals,2025,Pierre Azoulay; Wesley Greenblatt
10.3386/w31409,https://openalex.org/W4408006520,https://doi.org/10.1007/978-3-031-81557-7_16,Features of Digitalization of the Process of Submitting Applications for Grant Programs at the University Level Using Information Technologies,2025,Лілія Нікіфорова; Anatoliy A. Shiyan
10.3386/w31409,https://openalex.org/W4412041443,https://doi.org/10.1007/s11024-025-09587-x,Risk-Taking and Research Funding: The Case of the Villum Experiment,2025,Carter Walter Bloch; Ea Høg Utoft; Andreas Kjær Stage; Steven Wooding
10.3386/w31409,https://openalex.org/W4393403755,https://doi.org/10.1162/99608f92.3f34436c,The Importance of Philanthropic Foundations in Democratizing Data,2024,Julia Lane; Stuart Feldman; Josh Greenberg; Jonathan Sotsky; Vilas Dhar
10.3386/w31409,https://openalex.org/W4391467145,https://doi.org/10.52058/2786-6025-2024-1(29)-651-665,МОДЕЛЬ ОПТИМІЗАЦІЇ ЕКСПЕРТИЗИ В КОНКУРСНОМУ ВІДБОРІ ПРОЄКТІВ ДОСЛІДЖЕНЬ І РОЗРОБОК,2024,Ірина Дьогтєва; Лілія Нікіфорова; Анатолій Антонович Шиян; Сергій Жарінов
10.3386/w31409,https://openalex.org/W4400893470,https://doi.org/10.1016/j.respol.2024.105076,"Research-targeting, spillovers, and the direction of science: Evidence from HIV research-funding",2024,Ohid Yaqub; Josie Coburn; Duncan A.Q. Moore
10.3386/w31554,https://openalex.org/W4390582846,https://doi.org/10.1080/17538963.2023.2300863,Environmental monitoring and enforcement in China: an economic perspective review,2024,Yunhong Lyu; Lin Yang
10.3386/w31554,https://openalex.org/W4411660332,https://doi.org/10.1016/j.eap.2025.06.034,Boom from Green: The Potential Policy Effects of China’s National Forest City Construction on Tourism,2025,Bingqian Tu; Ru Yan; Jingqi Dang
10.3386/w31554,https://openalex.org/W4414532377,https://doi.org/10.1101/2025.09.19.677080,Disparities in climate risk-mitigation and recreation services in Grenoble (France),2025,Margot Neyret; Samuel Lormel; Alberto González‐García; Daniel R. Richards; Yves Schaeffer; Mihaï Tivadar; Améline Vallet; Sandra Lavorel
10.3386/w31554,https://openalex.org/W4403259052,https://doi.org/10.1016/j.gloenvcha.2024.102942,Unequally distributed education impacts of ecosystem degradation: Evidence from an invasive species,2024,Alberto Garcı́a; Michelle Lee
10.3386/w31554,https://openalex.org/W4390500048,https://doi.org/10.1080/17538963.2023.2300867,The environmental benefit of tax enforcement: evidence from China,2024,Yu Luo; Ming‐ang Zhang; Sihan Zhang
10.3386/w31554,https://openalex.org/W4386587741,https://doi.org/10.1101/2023.09.08.23294325,“Invisible Killer”: Seasonal Allergies and Accidents,2023,Mika Akesaka; Hitoshi Shigeoka
10.3386/w31663,https://openalex.org/W4406989504,https://doi.org/10.3982/ecta22474,The Political Economy of Zero‐Sum Thinking,2025,S. Nageeb Ali; Maximilian Mihm; Lucas Siga
10.3386/w31663,https://openalex.org/W4403312711,https://doi.org/10.32609/0042-8736-2024-10-5-27,Economic ideology: Versions of the concept’s acceptations and application,2024,Vitaly Tambovtsev
10.3386/w31663,https://openalex.org/W4412990244,https://doi.org/10.1073/pnas.2504339122,The evolution of zero-sum and positive-sum worldviews,2025,Sergey Gavrilets; Paul Seabright
10.3386/w31899,https://openalex.org/W4281560610,https://doi.org/10.1016/j.respol.2022.104550,Sitting on the Fence: Integrating the two worlds of scientific discovery and invention within the firm,2022,Sheer Lia
10.3386/w31899,https://openalex.org/W4408492414,https://doi.org/10.1093/icc/dtaf007,"Exploring complementarities in innovation among research, development, and university technology transfers",2025,Abel Lucena; Stephen Roper; Óscar Vicente-Chirivella
10.3386/w31899,https://openalex.org/W4414105751,https://doi.org/10.1016/j.jdeveco.2025.103628,Persistent Effects of Universities on Local Industrial Growth: Evidence from China’s Policy-induced College Relocation in the 1950s,2025,Jianyong Fan; Wei Tang; Feng Zhang
10.3386/w31899,https://openalex.org/W4409643769,https://doi.org/10.2139/ssrn.5224217,The Rise of Absorptive Research in Corporate America: 1945-1980,2025,Ashish Arora; Sharon Belenzon; Jungkyu Suh; Hansen Zhang
10.3386/w31899,https://openalex.org/W4410501169,https://doi.org/10.3390/systems13050386,How Does University Innovation Respond to Local Industrial Development?,2025,Huasheng Song; Mengxia Yang
10.3386/w31899,https://openalex.org/W4405321362,https://doi.org/10.2139/ssrn.5044008,Venture Capital Response to Government-Funded Basic Science,2024,Roham Rezaei; Yingshui Yao
10.3386/w31899,https://openalex.org/W4205164977,https://doi.org/10.1787/19990383,OECD Economic Surveys: Norway,2009,
10.3386/w31899,https://openalex.org/W4403187431,https://doi.org/10.1108/jstpm-12-2023-0220,Additionalities of innovation voucher schemes: evidence from Lithuania,2024,Jonas Antanavičius; Pijus Krūminas; Agnė Paliokaitė; Aleksandr Christenko; Aurinta Elenskė; Ignas Bernotas
10.3386/w31899,https://openalex.org/W4400841266,https://doi.org/10.1787/6d1a8586-en,Production and consumption of electricity are geographically imbalanced,2024,
10.3386/w31899,https://openalex.org/W4400841268,https://doi.org/10.1787/0551f058-en,Disability claimants by age,2024,
10.3386/w31899,https://openalex.org/W4400841279,https://doi.org/10.1787/7e50165d-en,The petroleum sector has expanded considerably,2024,
10.3386/w31899,https://openalex.org/W4400841281,https://doi.org/10.1787/0555da3c-en,Inflation is falling,2024,
10.3386/w31899,https://openalex.org/W4400841455,https://doi.org/10.1787/64393719-en,Sickness and disability benefits are the most generous in the OECD,2024,
10.3386/w31899,https://openalex.org/W4400841517,https://doi.org/10.1787/23590345-en,Students and firms contribute little to university funding,2024,
10.3386/w31899,https://openalex.org/W4400841525,https://doi.org/10.1787/477aae9c-en,Debt service costs continue to rise,2024,
10.3386/w31899,https://openalex.org/W4403889493,https://doi.org/10.7759/cureus.72692,Impact of a Community-University Partnership on the Quality of Life in a Local Community: A Validated Survey,2024,Kiparissenia Samara; Areti-Dimitra Koulouvari; Evangelia Georgia Kostaki; Theodoros Ν. Sergentanis; Εvanthia Sakellari; Constantina Skanavis; Areti Lagiou
10.3386/w32073,https://openalex.org/W4406167168,https://doi.org/10.2139/ssrn.5063396,Corporate Actions as Moral Issues,2025,Zwetelina Iliewa; Elisabeth Kempf; Oliver G. Spalt
10.3386/w32073,https://openalex.org/W4409968550,https://doi.org/10.2139/ssrn.5211231,Blameocracy: Causal Attribution in Political Communication&amp;nbsp;,2025,Francesco Bilotta; Alberto Binetti; Giacomo Manferdini
10.3386/w32073,https://openalex.org/W4414301206,https://doi.org/10.1080/1350178x.2025.2555821,"Commitment, Kantian economics and normative uncertainty: rethinking rational choice and individual responsibility in the wake of climate change",2025,Mathieu Guigourez
10.3386/w32073,https://openalex.org/W4391847305,https://doi.org/10.1007/s40926-024-00252-z,The Market in the Kingdom of Ends,2024,Paolo Santori
10.3386/w32073,https://openalex.org/W4400460918,https://doi.org/10.2139/ssrn.4889241,The Role of Interpersonal Uncertainty in Prosocial Behavior,2024,Anujit Chakraborty; Luca Henkel
10.3386/w32093,https://openalex.org/W4401996833,https://doi.org/10.1257/aer.20220822,In-Kind Transfers as Insurance,2024,Lucie Gadenne; Samuel Norris; Monica Singhal; Sandip Sukhtankar
10.3386/w32093,https://openalex.org/W4409668541,https://doi.org/10.2139/ssrn.5226150,The Role of Risk and Ambiguity Preferences on Early-Childhood Investment: Evidence from Rural India,2025,Michael Cuna; Lamiaa Fiala; Andrew Simon; John A. List; Sutanuka Roy
10.3386/w32450,https://openalex.org/W4206427007,https://doi.org/10.1787/19991266,OECD Employment Outlook,2009,
10.3386/w32450,https://openalex.org/W4406381276,https://doi.org/10.1007/s10640-025-00954-6,"Exploring the Impacts of Economic Policies, Policy Uncertainty, and Politics on Carbon Emissions",2025,Wan-Jiun Paul Chiou; Shan-Heng Fu; Jeng-Bau Lin; Wei Der Tsai
10.3386/w32450,https://openalex.org/W4412960471,https://doi.org/10.1038/s44168-025-00273-y,The social costs of solar radiation management,2025,Jacob Bronsther; Yangyang Xu
10.3386/w32450,https://openalex.org/W4407048585,https://doi.org/10.1080/17524032.2025.2458222,"Climate Change Versus Economic Growth: Quantifying, Identifying and Comparing Articulations in News Media Using Dynamic Topic Modeling",2025,Erkki Mervaala
10.3386/w32450,https://openalex.org/W4409396954,https://doi.org/10.1111/nyas.15335,Economic consequences of spatial variation and temporal variability of climate change,2025,Francisco Estrada; Richard S.J. Tol; W. J. Wouter Botzen
10.3386/w32450,https://openalex.org/W4409870990,https://doi.org/10.1108/imefm-02-2025-0142,The impact of climate change on financial stability: evidence from Maldives,2025,K.P. Prabheesh; Shifneen Rasheed
10.3386/w32450,https://openalex.org/W4410084047,https://doi.org/10.1016/j.worlddev.2025.107015,"From Françafrique to Chinafrica? Ecologically unequal exchange, neocolonialism, and environmental conflicts in Africa",2025,Roberto Cantoni; Marcel Llavero‐Pasquina; Elia Apostolopoulou; Julien‐François Gerber; Patrick Bond; Joan Martínez Alier
10.3386/w32450,https://openalex.org/W4412053340,https://doi.org/10.1016/j.accre.2025.07.001,Quantifying indirect economic losses from extreme events to inform global and local adaptation strategies,2025,B. Wang; Yi He; Wenhao Wu; Fei Teng
10.3386/w32450,https://openalex.org/W4401819294,https://doi.org/10.1016/j.euroecorev.2024.104833,GDP and temperature: Evidence on cross-country response heterogeneity,2024,Kimberly Berg; Chadwick Curtis; Nelson C. Mark
10.3386/w32450,https://openalex.org/W4403114083,https://doi.org/10.3390/atmos15101190,Climate Change Mitigation Perspectives from Sub-Saharan Africa: The Technical Pathways to Deep Decarbonization at the City Level,2024,B. Akomolafe; Amelia Clarke; Raphael Anammasiya Ayambire
10.3386/w32450,https://openalex.org/W4400106749,https://doi.org/10.1088/1748-9326/ad5d06,In praise of cooking gas subsidies: transitional fuels to advance health and equity <sup>*</sup>,2024,Carlos Gould; Rob Bailis; Kalpana Balakrishnan; Marshall Burke; Sebastián Espinoza; Sumi Mehta; Samuel B. Schlesinger; José R. Suárez-López; Ajay Pillarisetti
10.3386/w32450,https://openalex.org/W4407842509,https://doi.org/10.1134/s1075700724700503,Assessing the Impact of Climate Change on the Russian Economy Using Integrated Assessment Models (IAM),2025,B. N. Porfiriev; A. Yu. Kolpakov; E. A. Lazeeva
10.3386/w32450,https://openalex.org/W4408388619,https://doi.org/10.1038/d41586-025-00779-9,Why it makes sense for wealthier nations to help others decarbonize,2025,Patrick Bolton; Ottmar Edenhofer; Alissa Kleinnijenhuis; Johan Rockström; Jeromin Zettelmeyer
10.3386/w32450,https://openalex.org/W4411068259,https://doi.org/10.1007/978-3-031-83487-5_11,Project Valuation in Climate Crisis,2025,Sandra Dow; Yukun Shi
10.3386/w32450,https://openalex.org/W4412949806,https://doi.org/10.1002/env.70026,Analyzing Inter‐Hemispheric Climate Change Asymmetries With a Cointegrated Vector Autoregression,2025,Graziano Moramarco
10.3386/w32450,https://openalex.org/W4406813637,https://doi.org/10.1108/978-1-83608-574-420251001,Introduction: What This Book Consists of,2025,A. de Ruyter; Steven McCabe; Beverley Nielsen
10.3386/w32450,https://openalex.org/W4406813641,https://doi.org/10.1108/978-1-83608-574-420251014,The Economic and Political Wisdom of Achieving Net Zero,2025,Vicky Pryce; Steven McCabe
10.3386/w32450,https://openalex.org/W4410884488,https://doi.org/10.1257/pandp.20251035,Does Unilateral Decarbonization Pay for Itself?,2025,Adrien Bilal; Diego R. Känzig
10.3386/w32450,https://openalex.org/W4411413012,https://doi.org/10.3389/fsoc.2025.1564299,Depopulation and aging–challenges for Croatia's climate resilience,2025,Ana-Maria Boromisa
10.3386/w32450,https://openalex.org/W4412123818,https://doi.org/10.32609/0042-8736-2025-7-82-97,The price of carbon: Choosing between the physical and economic equivalence of emissions and permits,2025,Valentina Karginova-Gubinova; Oleg Tolstoguzov; Sergey Tishkov; Ekaterina A. Shlapeko
10.3386/w32450,https://openalex.org/W4412507917,https://doi.org/10.1007/s10640-025-01016-7,Methodology Matters: A Careful Meta-Analysis of Climate Damages,2025,Peter H. Howard; Thomas Sterner
10.3386/w32450,https://openalex.org/W4412628071,https://doi.org/10.1057/s41308-025-00284-z,Industrial Policies for Innovation: A Cost-Benefit Framework,2025,Daniel Garcia-Macia; Alexandre Sollaci
10.3386/w32450,https://openalex.org/W4412685373,https://doi.org/10.1002/sd.70106,Climate Change and Insurance: Embracing Resilience for Private Market Survival,2025,John A. Roper; David Casagrande; Paolo Bocchini
10.3386/w32450,https://openalex.org/W4413068220,https://doi.org/10.3389/fenvs.2025.1596893,Trade facilitation and global warming: based on cross-country panel data,2025,Ying Jiang
10.3386/w32450,https://openalex.org/W4413142942,https://doi.org/10.1007/s41748-025-00740-w,Structural Breakpoints and Trend Dynamics in Indian Sugarcane Agrodata and Prices,2025,Pavan Kumar; Ponlachart Chotikarn; Annan Khampeera; Sutinee Sinutok
10.3386/w32450,https://openalex.org/W4413780897,https://doi.org/10.1016/j.erss.2025.104294,Household carbon caps and tariffs: A living lab experiment,2025,Leandra Scharnhorst; Thorben Sandmeier; Max Kleinebrahm; Wolf Fïchtner
10.3386/w32450,https://openalex.org/W4414283592,https://doi.org/10.3390/cli13090194,"Culture Mediates Climate Opinion Change: A System Dynamics Model of Risk Perception, Polarization, and Policy Effectiveness",2025,Yoon Ah Shin; Sara Constantino; Louis J. Gross; Ann P. Kinzig; Katherine Lacasse; Brian Beckage
10.3386/w32450,https://openalex.org/W4414465084,https://doi.org/10.1371/journal.pclm.0000621,"Rising temperatures, melting incomes: Country-specific macroeconomic effects of climate scenarios",2025,Kamiar Mohaddes; Mehdi Raissi
10.3386/w32450,https://openalex.org/W4399430368,https://doi.org/10.1080/14693062.2024.2358114,The economics of coal phaseouts: auctions as a novel policy instrument for the energy transition,2024,Sugandha Srivastav; Michael Zaehringer
10.3386/w32450,https://openalex.org/W4405461564,https://doi.org/10.1016/bs.hesecc.2024.10.006,Empirical approaches to climate change impact quantification,2024,Dylan Hogan; Wolfram Schlenker
10.3386/w32450,https://openalex.org/W4405948963,https://doi.org/10.3390/en18010118,Benefits and Challenges of California Offshore Wind Electricity: An Updated Assessment,2024,Adam Rose; Nathaniel Gundersen; Y. V. Pavan Kumar; Johannes A. Jacobs; Isabel Reynoso; Najmedin Meshkati
10.3386/w32450,https://openalex.org/W4404525283,https://doi.org/10.1515/pwp-2024-0028,Planetarische Müllabfuhr – Gamechanger der Klimapolitik?,2024,Ottmar Edenhofer; Matthias Kalkuhl
10.3386/w32450,https://openalex.org/W4404971615,https://doi.org/10.1038/d41586-024-03918-w,Why the EU must reset its Green Deal – or be left behind,2024,Rabah Arezki; Jean-Pierre Landau; Rick van der Ploeg
10.3386/w32450,https://openalex.org/W4405192126,https://doi.org/10.1007/978-981-97-9415-7_5,Climate Risk Economics,2024,Shafaq Irshad
10.3386/w32450,https://openalex.org/W4409333036,https://doi.org/10.5772/intechopen.1007315,"Climate Risk, Climate Justice, and Why We Need Stronger Climate Governance",2024,Paul Clements
10.3386/w32728,https://openalex.org/W4407918107,https://doi.org/10.2139/ssrn.5150899,Making the Invisible Visible: The Impact of Revealing Indoor Air Pollution on Behavior and Welfare,2025,Robert Metcalfe; Sefi Roth
10.3386/w32728,https://openalex.org/W4402827854,https://doi.org/10.1038/s41558-024-02146-4,Using cost–benefit analyses to identify key opportunities in demand-side mitigation,2024,Jie‐Sheng Tan‐Soo; Ping Qin; Yifei Quan; Jun Li; Xiaoxi Wang
10.3386/w32728,https://openalex.org/W4412999857,https://doi.org/10.24149/wp2530,Time-Limited Subsidies: Optimal Taxation with Implications for Renewable Energy Subsidies,2025,Michael Ricks; Owen Kay
10.3386/w32728,https://openalex.org/W4406222678,https://doi.org/10.2139/ssrn.5087739,Individual Mobility and Public Transport Subsidies,2025,Mark Andor; Joschka Flintz; Colin Vance
10.3386/w32728,https://openalex.org/W4407720951,https://doi.org/10.2139/ssrn.5143538,Estimating Speculative Demand: Evidence from Spillover Effects of China's Housing Purchase Restriction Policy,2025,Mengting Chen; Jiakai Zhang
10.3386/w32728,https://openalex.org/W4413278973,https://doi.org/10.2139/ssrn.5395401,Climate Politics in the United States,2025,Matilde Bombardini; Frederico Finan; Nicolas Longuet Marx; Suresh Naidu; Francesco Trebbi
10.3386/w32728,https://openalex.org/W4405461679,https://doi.org/10.1016/bs.hesecc.2024.10.001,Adaptation to climate change,2024,Tamma Carleton; Esther Duflo; B. Kelsey Jack; Guglielmo Zappalà
10.3386/w32728,https://openalex.org/W4405461689,https://doi.org/10.1016/bs.hesecc.2024.10.003,Climate policy options,2024,Matthew J. Kotchen
10.3386/w32728,https://openalex.org/W4403176122,https://doi.org/10.2139/ssrn.4978830,The Effects of “Buy American”: Electric Vehicles and the Inflation Reduction Act,2024,Hunt Allcott; R. A. Kane; Maximilian Maydanchik; Joseph Shapiro; Felix Tintelnot
10.3386/w33018,https://openalex.org/W4411841782,https://doi.org/10.1111/sjoe.12596,"Acemoglu, Johnson, and Robinson: the identification of historically contingent causal effects",2025,Davide Cantoni; Noam Yuchtman
10.3386/w33018,https://openalex.org/W4407338503,https://doi.org/10.2139/ssrn.5127718,Government Support in Times of Crisis: Transfers and the Road to Socialism,2025,Felipe González; Francisco Muñoz
10.3386/w33018,https://openalex.org/W4285293737,https://doi.org/10.2139/ssrn.4131355,The Effect of Independent Online Media in an Autocracy,2022,Рубен Ениколопов; Michael Rochlitz; Koen Schoors; Nikita Zakharov
10.48550/arxiv.2107.06476,https://openalex.org/W4396674048,https://doi.org/10.1162/qss_a_00312,"Talent hat, cross-border mobility, and career development in China",2024,Yurui Huang; Xuesen Cheng; Chaolin Tian; Xunyi Jiang; Langtian Ma; Yifang Ma
10.48550/arxiv.2305.07153,https://openalex.org/W4399285823,https://doi.org/10.1145/3670691,A Reasoning and Value Alignment Test to Assess Advanced GPT Reasoning,2024,Timothy R. McIntosh; Tong Liu; Teo Sušnjak; Paul Watters; Malka N. Halgamuge
10.48550/arxiv.2305.07153,https://openalex.org/W4388067858,https://doi.org/10.48550/arxiv.2310.17688,Managing AI Risks in an Era of Rapid Progress,2023,Yoshua Bengio; Geoffrey E. Hinton; Andrew Chi-Chih Yao; Dawn Song; Pieter Abbeel; Yuval Noah Harari; Ya-Qin Zhang; Xue Lan; Shai Shalev‐Shwartz; Gillian K. Hadfield; Jeff Clune; Tegan Maharaj; Frank Hutter; Atılım Güneş Baydin; Sheila A. McIlraith; Qiqi Gao; Ashwin Acharya; David Krueger; Anca D. Dragan; Philip H. S. Torr; Stuart Russell; Daniel Kahneman; Jan Brauner; Sören Mindermann
10.48550/arxiv.2305.07153,https://openalex.org/W4387508266,https://doi.org/10.2139/ssrn.4596436,"Open-Sourcing Highly Capable Foundation Models: An Evaluation of Risks, Benefits, and Alternative Methods for Pursuing Open-Source Objectives",2023,Elizabeth Seger; Noemi Dreksler; Richard Moulange; Emily Dardaman; Jonas Schuett; Kevin Wei; Christoph Winter; Mackenzie Arnold; Seán Ó hÉigeartaigh; Anton Korinek; Markus Anderljung; Ben Bucknall; Alan Chan; Eoghan Stafford; Leonie Koessler; Aviv Ovadya; Ben Garfinkel; Emma Bluemke; Michael Aird; Patrick Levermore; Julian Hazell; Abhishek Gupta
10.48550/arxiv.2305.07153,https://openalex.org/W4388203328,https://doi.org/10.2139/ssrn.4612473,Concepts in Advanced AI Governance: A Literature Review of Key Terms and Definitions,2023,Matthijs M. Maas
10.48550/arxiv.2305.07153,https://openalex.org/W4390600022,https://doi.org/10.4114/intartif.vol27iss73pp55-64,The EU AI Act: A pioneering effort to regulate frontier AI?,2024,Guillem Bas; Claudette Salinas; Roberto Tinoco; Jaime Sevilla
10.48550/arxiv.2305.07153,https://openalex.org/W4388629298,https://doi.org/10.2139/ssrn.4629460,"Advanced AI Governance: A Literature Review of Problems, Options, and Proposals",2023,Matthijs M. Maas
10.48550/arxiv.2305.07153,https://openalex.org/W4391031905,https://doi.org/10.20944/preprints202401.1424.v1,A Causal Framework for AI Regulation and Auditing,2024,Lee Sharkey; Clíodhna Ní Ghuidhir; Dan Braun; Jérémy Scheurer; Mikita Balesni; Lucius Bushnaq; Charlotte Stix; Marius Hobbhahn
10.48550/arxiv.2305.07153,https://openalex.org/W4382405811,https://doi.org/10.2139/ssrn.4491421,Building a Culture of Safety for AI: Perspectives and Challenges,2023,David Manheim
10.48550/arxiv.2305.07153,https://openalex.org/W4393161577,https://doi.org/10.1609/aaai.v38i21.30347,When Your AI Becomes a Target: AI Security Incidents and Best Practices,2024,Kathrin Grosse; Lukas Bieringer; Tarek R. Besold; Battista Biggio; Alexandre Alahi
10.48550/arxiv.2305.07153,https://openalex.org/W4399207050,https://doi.org/10.1038/s41598-024-62803-8,Identification and prioritization of risks for new entrants in automobile sector using Monte Carlo based approach,2024,S. Farooq; Afshan Naseem; Yasir Ahmad; Muhammad Awais Akbar; Mehran Ullah
10.48550/arxiv.2305.07153,https://openalex.org/W4390331908,https://doi.org/10.23919/fruct60429.2023.10328174,On Audit and Certification of Machine Learning Systems,2023,Dmitry Namiot; Manfred Sneps-Sneppe
10.48550/arxiv.2305.07153,https://openalex.org/W4393195186,https://doi.org/10.1007/978-981-99-9043-6_25,Key Elements for Managing Autonomous Organizational Systems,2024,Grant Royd Howard
10.48550/arxiv.2305.07153,https://openalex.org/W4400508836,https://doi.org/10.2139/ssrn.4890287,Building a Culture of Safety for Ai: Comparisons and Challenges,2024,David Manheim
10.48550/arxiv.2305.07153,https://openalex.org/W4401627023,https://doi.org/10.4108/airo.5962,Mapping Generative Artificial Intelligence (GAI's) Exciting Future: From Gemini to Q* and Beyond,2024,Zarif Bin Akhtar
10.48550/arxiv.2305.07153,https://openalex.org/W4390038424,https://doi.org/10.2139/ssrn.4658623,Post-Deployment Regulatory Oversight for General-Purpose Large Language Models,2023,Carson Ezell; Abraham Loeb
