author,n_seed_dois_cited,n_citing_works,seed_dois
Esther Duflo,4,5,10.1257/aeri.20210612; 10.3386/w28726; 10.3386/w30011; 10.3386/w32728
Julian Jamison,4,5,10.1257/aeri.20210612; 10.2139/ssrn.4154000; 10.3386/w28726; 10.3386/w30011
Berk Özler,4,3,10.2139/ssrn.4154000; 10.3386/w23929; 10.3386/w28726; 10.3386/w30011
Johannes Haushofer,3,10,10.1257/aeri.20210612; 10.3386/w28106; 10.3386/w30011
Ahmed Mushfiq Mobarak,3,8,10.3386/w23929; 10.3386/w28726; 10.3386/w30011
Dean Karlan,3,7,10.1257/aeri.20210612; 10.3386/w28106; 10.3386/w28726
Vikram Patel,3,6,10.1257/aeri.20210612; 10.3386/w28106; 10.3386/w30011
Abhijit Banerjee,3,5,10.1257/aeri.20210612; 10.3386/w28726; 10.3386/w30011
Asad Islam,3,5,10.1257/aeri.20210612; 10.3386/w28106; 10.3386/w30011
David E. Bloom,3,5,10.1257/pandp.20201017; 10.3386/w26775; 10.3386/w30202
David Manheim,3,5,10.1257/pandp.20201017; 10.3386/w23928; 10.48550/arxiv.2305.07153
Gharad Bryan,3,5,10.3386/w23929; 10.3386/w28106; 10.3386/w28726
Kate Orkin,3,5,10.1257/aeri.20210612; 10.3386/w28106; 10.3386/w30011
Tabassum Rahman,3,5,10.1257/aeri.20210612; 10.3386/w28106; 10.3386/w30011
Christopher Blattman,3,4,10.1257/aeri.20210612; 10.2139/ssrn.4154000; 10.3386/w30011
Crick Lund,3,4,10.1257/aeri.20210612; 10.3386/w28106; 10.3386/w30011
Judith Bass,3,4,10.1257/aeri.20210612; 10.3386/w28106; 10.3386/w30011
Margaret A. Sheridan,3,4,10.1257/aeri.20210612; 10.2139/ssrn.4154000; 10.3386/w30011
Nathan Barker,3,4,10.1257/aeri.20210612; 10.3386/w23929; 10.3386/w28106
Wietse A. Tol,3,4,10.1257/aeri.20210612; 10.3386/w28106; 10.3386/w30011
Abu Bakkar Siddique,3,3,10.1257/aeri.20210612; 10.3386/w28106; 10.3386/w30011
David Reinstein,3,3,10.1257/pandp.20201017; 10.3386/w23929; 10.3386/w30740
Frank Schilbach,3,3,10.1257/aeri.20210612; 10.3386/w28106; 10.3386/w30011
John A. List,3,3,10.3386/w23929; 10.3386/w30740; 10.3386/w32093
John R. Walker,3,3,10.1257/aeri.20210612; 10.3386/w28106; 10.3386/w30011
Laura Murray,3,3,10.1257/aeri.20210612; 10.3386/w28106; 10.3386/w30011
Mahreen Mahmud,3,3,10.1257/aeri.20210612; 10.3386/w28726; 10.3386/w30011
Marc Witte,3,3,10.1257/aeri.20210612; 10.3386/w28106; 10.3386/w30011
Sarah M. Murray,3,3,10.1257/aeri.20210612; 10.3386/w28106; 10.3386/w30011
Thandi Davies,3,3,10.1257/aeri.20210612; 10.3386/w28106; 10.3386/w30011
Francesco Capozza,3,2,10.2139/ssrn.3938994; 10.3386/w28106; 10.3386/w30011
Luca Parisotto,3,2,10.2139/ssrn.4154000; 10.3386/w28726; 10.3386/w30011
Sarah Baird,3,2,10.2139/ssrn.4154000; 10.3386/w23929; 10.3386/w30011
Michael Mulford,3,1,10.1257/aeri.20210612; 10.3386/w28106; 10.3386/w30011
Ugo Gentilini,2,18,10.2139/ssrn.4154000; 10.3386/w28106
David Denkenberger,2,9,10.1016/j.ijdrr.2022.102798; 10.31219/osf.io/vrmpf
Matthew O. Jackson,2,7,10.3386/w23928; 10.3386/w28726
Christopher B. Barrett,2,6,10.1257/aeri.20230431; 10.1257/pandp.20201017
Corey Vernot,2,5,10.3386/w23929; 10.3386/w30011
Joshua M. Pearce,2,5,10.1016/j.ijdrr.2022.102798; 10.31219/osf.io/vrmpf
Nicolas Treich,2,5,10.1080/21606544.2022.2138980; 10.2139/ssrn.3938994
Romain Espinosa,2,5,10.1080/21606544.2022.2138980; 10.2139/ssrn.3938994
Ross Tieman,2,5,10.1016/j.ijdrr.2022.102798; 10.31219/osf.io/vrmpf
Erin Kelley,2,4,10.3386/w23929; 10.3386/w30011
Giovanna D’Adda,2,4,10.2139/ssrn.3938994; 10.3386/w28726
Olivier Sterck,2,4,10.3386/w23929; 10.3386/w28726
Christopher Udry,2,3,10.1257/aeri.20210612; 10.3386/w28106
Dennis Egger,2,3,10.3386/w23929; 10.3386/w30011
Emily Breza,2,3,10.3386/w23929; 10.3386/w28726
Fatima Zahra,2,3,10.3386/w23929; 10.3386/w30011
Gaurav Khanna,2,3,10.3386/w23929; 10.3386/w28106
Gregory Lane,2,3,10.3386/w23929; 10.3386/w30011
Howard White,2,3,10.1257/pandp.20201017; 10.3386/w23929
Jenny C. Aker,2,3,10.3386/w28726; 10.3386/w31208
Jessica Leight,2,3,10.3386/w28106; 10.3386/w28726
Joël Cariolle,2,3,10.3386/w28726; 10.3386/w31208
Liu Yong,2,3,10.3386/w23928; 10.3386/w23929
Maarten Voors,2,3,10.3386/w28106; 10.3386/w30011
Massimo Tavoni,2,3,10.2139/ssrn.3938994; 10.3386/w28726
Patricio Domínguez,2,3,10.3386/w28106; 10.3386/w28726
Reshmaan Hussam,2,3,10.3386/w23929; 10.3386/w30011
Santiago M. Perez‐Vincent,2,3,10.3386/w28106; 10.3386/w28726
Sebastián Chaskel,2,3,10.1257/aeri.20210612; 10.3386/w30011
Thanh Lê,2,3,10.3386/w23928; 10.3386/w31137
Vincent Reina,2,3,10.2139/ssrn.4154000; 10.3386/w28106
Wim Naudé,2,3,10.3386/w23928; 10.3386/w26752
Лілія Нікіфорова,2,3,10.3386/w26752; 10.3386/w31409
Anatoliy A. Shiyan,2,2,10.3386/w26752; 10.3386/w31409
Anonymous Anonymous,2,2,10.3386/w30624; 10.3386/w30740
Anton Korinek,2,2,10.3386/w23928; 10.48550/arxiv.2305.07153
Bei Liu,2,2,10.1257/aer.20221215; 10.3386/w23928
Caroline Flammer,2,2,10.1287/mnsc.2023.4846; 10.3386/w31137
Christopher M. Snyder,2,2,10.1257/pandp.20201017; 10.3386/w26775
Daniel Salicath,2,2,10.1257/aeri.20210612; 10.3386/w30011
Dayong Zhang,2,2,10.1257/aer.20221215; 10.3386/w31137
Dimitrios Gouglas,2,2,10.1257/pandp.20201017; 10.3386/w26775
Elisa M. Maffioli,2,2,10.3386/w28726; 10.3386/w30835
Erin Grela,2,2,10.1257/aeri.20210612; 10.3386/w30011
Felix Stein,2,2,10.1257/pandp.20201017; 10.3386/w26775
Francisco Gallego,2,2,10.3386/w28106; 10.3386/w31208
Frederico Finan,2,2,10.3386/w28726; 10.3386/w32728
Garima Sharma,2,2,10.1257/aeri.20210612; 10.3386/w30011
Girija Vaidyanathan,2,2,10.1257/aeri.20210612; 10.3386/w30011
Hitoshi Shigeoka,2,2,10.1257/aeri.20210612; 10.3386/w31554
Jules Gazeaud,2,2,10.3386/w23929; 10.3386/w30835
Kelsey Wright,2,2,10.1257/aeri.20210612; 10.3386/w28106
Kendall Hoyt,2,2,10.1257/pandp.20201017; 10.3386/w26775
Klaus Prettner,2,2,10.1257/pandp.20201017; 10.3386/w26775
Luke Kemp,2,2,10.1016/j.cognition.2021.104941; 10.1016/j.ijdrr.2022.102798
Madeline McKelway,2,2,10.1257/aeri.20210612; 10.3386/w30011
Marcella Alsan,2,2,10.1093/ej/uead102; 10.3386/w28726
Mark J. D. Jordans,2,2,10.1257/aeri.20210612; 10.3386/w30011
Maryam Kouchaki,2,2,10.1016/j.cognition.2021.104941; 10.3386/w28106
Matthew J. Kotchen,2,2,10.3386/w26775; 10.3386/w32728
Matthias Kalkuhl,2,2,10.3386/w23928; 10.3386/w32450
Matthias Rodemeier,2,2,10.3386/w30740; 10.3386/w31137
Maulik Jagnani,2,2,10.1257/aeri.20230431; 10.3386/w23929
Michael Kremer,2,2,10.1257/pandp.20201017; 10.3386/w26775
Michael Kühn,2,2,10.1257/pandp.20201017; 10.3386/w26775
Mika Akesaka,2,2,10.1257/aeri.20210612; 10.3386/w31554
Ming‐ang Zhang,2,2,10.1257/aer.20221215; 10.3386/w31554
Nikita Zakharov,2,2,10.2139/ssrn.4154000; 10.3386/w33018
Peter Schwardmann,2,2,10.2139/ssrn.3938994; 10.3386/w30011
Qiang Ji,2,2,10.1257/aer.20221215; 10.3386/w31137
Qiang Wang,2,2,10.3386/w23928; 10.3386/w31137
Richard Sedlmayr,2,2,10.1257/aeri.20210612; 10.3386/w30011
Rob Garlick,2,2,10.1257/aeri.20210612; 10.3386/w30011
Rohini Pande,2,2,10.3386/w23929; 10.3386/w31162
Samantha Kassirer,2,2,10.1016/j.cognition.2021.104941; 10.3386/w28106
Seán Ó hÉigeartaigh,2,2,10.3386/w26752; 10.48550/arxiv.2305.07153
Shuangyan Li,2,2,10.1257/aer.20221215; 10.3386/w23928
Siddhartha Roy,2,2,10.1093/wbro/lkae010; 10.3386/w26752
Sihan Zhang,2,2,10.1257/aer.20221215; 10.3386/w31554
Sofia Amaral,2,2,10.3386/w28106; 10.3386/w28726
Stefan Dercon,2,2,10.1257/aeri.20210612; 10.3386/w30011
Stuart Russell,2,2,10.3386/w23928; 10.48550/arxiv.2305.07153
Susan Athey,2,2,10.3386/w26775; 10.3386/w28726
Sutanuka Roy,2,2,10.3386/w30740; 10.3386/w32093
Tanvir Ahmed Mozumder,2,2,10.1257/aeri.20210612; 10.3386/w30011
Tanvir Shatil,2,2,10.1257/aeri.20210612; 10.3386/w30011
Xinze Li,2,2,10.1257/aer.20221215; 10.3386/w23929
Bingqian Tu,2,1,10.1257/aer.20221215; 10.3386/w31554
Björn Nilsson,2,1,10.1257/aeri.20210612; 10.3386/w30011
Chiara Dell’Aira,2,1,10.2139/ssrn.4154000; 10.3386/w30011
Clémence Pougué Biyong,2,1,10.1257/aeri.20210612; 10.3386/w30011
Daniel Bennett,2,1,10.3386/w28106; 10.3386/w30011
Danish Us-Salam,2,1,10.2139/ssrn.4154000; 10.3386/w30011
Debayan Pakrashi,2,1,10.1257/aeri.20210612; 10.3386/w28106
Ebenezer Kwabena Tetteh,2,1,10.1257/pandp.20201017; 10.3386/w26775
Firoz Ahmed,2,1,10.1257/aeri.20210612; 10.3386/w28106
George Lin,2,1,10.2139/ssrn.4154000; 10.3386/w28106
Jingqi Dang,2,1,10.1257/aer.20221215; 10.3386/w31554
Lina Meng,2,1,10.3386/w29357; 10.3386/w31137
Manuela Angelucci,2,1,10.3386/w28106; 10.3386/w30011
Matthew Z. Fowle,2,1,10.2139/ssrn.4154000; 10.3386/w28106
Michael Vlassopoulos,2,1,10.1257/aeri.20210612; 10.3386/w28106
Michelle Acampora,2,1,10.3386/w28106; 10.3386/w30011
Pengfei Liu,2,1,10.3386/w29357; 10.3386/w31137
Ru Yan,2,1,10.1257/aer.20221215; 10.3386/w31554
Sara R. Jaffee,2,1,10.2139/ssrn.4154000; 10.3386/w28106
Vahid Moghani,2,1,10.3386/w28106; 10.3386/w30011
Yufei Li,2,1,10.3386/w29357; 10.3386/w31137
Erik Brynjolfsson,1,6,10.3386/w23928
Jeffrey Yi‐Lin Forrest,1,6,10.3386/w23928
Florian Ulrich Jehn,1,5,10.1016/j.ijdrr.2022.102798
Hideki Nakamura,1,5,10.3386/w23928
Juan B. García Martínez,1,5,10.1016/j.ijdrr.2022.102798
Julia M. Puaschunder,1,5,10.3386/w23928
Lisa A. Gennetian,1,5,10.2139/ssrn.4154000
Aleena Asfa Durrani,1,4,10.2139/ssrn.4154000
Aleksandra Gracheva,1,4,10.2139/ssrn.4154000
Alexandra Symeonidou,1,4,10.2139/ssrn.4154000
Arun G. Chandrasekhar,1,4,10.3386/w28726
Ashleigh Messenger,1,4,10.2139/ssrn.4154000
Barbora Doubravová,1,4,10.2139/ssrn.4154000
Christian Gomes,1,4,10.2139/ssrn.4154000
Christos Makridis,1,4,10.3386/w23928
Clara Amanda Hu,1,4,10.2139/ssrn.4154000
Daria Stefania Pascu,1,4,10.2139/ssrn.4154000
Deniz Mısra Gürol,1,4,10.2139/ssrn.4154000
Eduardo García‐Garzón,1,4,10.2139/ssrn.4154000
Etienne Fize,1,4,10.2139/ssrn.4154000
Fredrik Nilsson,1,4,10.2139/ssrn.4154000
Harry Anthony Patrinos,1,4,10.3386/w31208
J. Boehm,1,4,10.2139/ssrn.4154000
Jennifer Chen,1,4,10.2139/ssrn.4154000
Julia Marie Oberschulte,1,4,10.2139/ssrn.4154000
Justine Li,1,4,10.2139/ssrn.4154000
Kai Ruggeri,1,4,10.2139/ssrn.4154000
Katherine Bibilouri,1,4,10.2139/ssrn.4154000
Katherinne Rabanal,1,4,10.2139/ssrn.4154000
Maksymilian Pyrkowski,1,4,10.2139/ssrn.4154000
Mathias Houe Andersen,1,4,10.2139/ssrn.4154000
Maximilian Kasy,1,4,10.2139/ssrn.4154000
Milica Vdović,1,4,10.2139/ssrn.4154000
Narjes Al-Zahli,1,4,10.2139/ssrn.4154000
Natalia Alexander,1,4,10.2139/ssrn.4154000
Neža Grilc,1,4,10.2139/ssrn.4154000
Nicholas Dutra,1,4,10.2139/ssrn.4154000
Olivia Symone Tutuska,1,4,10.2139/ssrn.4154000
Pascual Restrepo,1,4,10.3386/w23928
Pika Ranc,1,4,10.2139/ssrn.4154000
Qihang Yuan,1,4,10.2139/ssrn.4154000
Rachel Krasner,1,4,10.2139/ssrn.4154000
Romy Levin,1,4,10.2139/ssrn.4154000
Sarah Ashcroft-Jones,1,4,10.2139/ssrn.4154000
Sofia Pelica,1,4,10.2139/ssrn.4154000
Sun Young Park,1,4,10.2139/ssrn.4154000
Takahiro Kubo,1,4,10.1111/conl.13077
Takashi Obi,1,4,10.2139/ssrn.4154000
Tatianna Dugué,1,4,10.2139/ssrn.4154000
Xavier Jaravel,1,4,10.2139/ssrn.4154000
Zoe Heidenry,1,4,10.2139/ssrn.4154000
Žiga Mekiš Recek,1,4,10.2139/ssrn.4154000
Adam Osman,1,3,10.3386/w28726
Alesha Miller,1,3,10.1257/pandp.20201017
Alexander Mathys,1,3,10.1257/pandp.20201017
Andrew G. Mude,1,3,10.1257/pandp.20201017
Bing Zhang,1,3,10.1257/aer.20221215
Claire Cullen,1,3,10.3386/w31208
Claire Song,1,3,10.1257/pandp.20201017
Colin Crossley,1,3,10.3386/w31208
Cynthia Mathys,1,3,10.1257/pandp.20201017
Daniel L. Tortorice,1,3,10.1257/pandp.20201017
Daniel Mason-D’Croz,1,3,10.1257/pandp.20201017
Daron Acemoğlu,1,3,10.3386/w23928
Edward S. Buckler,1,3,10.1257/pandp.20201017
Elana Safran,1,3,10.3386/w28726
Elizabeth Bageant,1,3,10.1257/pandp.20201017
Enrique Ide,1,3,10.3386/w23928
Giampaolo Abate Romero Landini,1,3,10.2139/ssrn.4154000
H. Luke Shaefer,1,3,10.2139/ssrn.4154000
Hai Hong Trinh,1,3,10.3386/w31137
Isabella Culotta,1,3,10.1257/pandp.20201017
Isabelle Augenstein,1,3,10.3386/w26752
Jason Kerwin,1,3,10.3386/w28726
Jessica Fanzo,1,3,10.1257/pandp.20201017
Jiali Liu,1,3,10.1257/pandp.20201017
Jianbo Shen,1,3,10.1257/pandp.20201017
Joseph P. Kaboski,1,3,10.3386/w23929
Joël J. van der Weele,1,3,10.2139/ssrn.3938994
Juan F. Jimeno,1,3,10.3386/w23928
Kai Li,1,3,10.3386/w31137
Kamakhya Misra,1,3,10.1257/pandp.20201017
Karen Cooper,1,3,10.1257/pandp.20201017
Katherine Michelmore,1,3,10.2139/ssrn.4154000
Laté Lawson-Lartego,1,3,10.1257/pandp.20201017
Laura Derksen,1,3,10.3386/w28726
Lindiwe Majele Sibanda,1,3,10.1257/pandp.20201017
Liu Jun,1,3,10.3386/w23928
Mario Herrero,1,3,10.1257/pandp.20201017
Mark L. Kahn,1,3,10.1257/pandp.20201017
Markus Leippold,1,3,10.3386/w31137
Mattie Toma,1,3,10.3386/w28726
Michael Hinge,1,3,10.1016/j.ijdrr.2022.102798
Moumita Koley,1,3,10.3386/w26752
Natalia Ordaz Reynoso,1,3,10.3386/w28726
Natasha Pilkauskas,1,3,10.2139/ssrn.4154000
Noam Angrist,1,3,10.3386/w31208
Philip K. Thornton,1,3,10.1257/pandp.20201017
Pompa Debroy,1,3,10.3386/w28726
Quinn Marshall,1,3,10.1257/pandp.20201017
Rebecca Nelson,1,3,10.1257/pandp.20201017
Rikin Gandhi,1,3,10.1257/pandp.20201017
Roy Steiner,1,3,10.1257/pandp.20201017
Ruchir Agarwal,1,3,10.1257/pandp.20201017
Russell J. Funk,1,3,10.3386/w26752
Sarah Halpern‐Meekin,1,3,10.2139/ssrn.4154000
Shenggen Fan,1,3,10.1257/pandp.20201017
Stephen A. Wood,1,3,10.1257/pandp.20201017
Steven James,1,3,10.1257/pandp.20201017
Tim G. Benton,1,3,10.1257/pandp.20201017
Vasco Amaral Grilo,1,3,10.1016/j.ijdrr.2022.102798
Veronica Mazariegos-Anastassiou,1,3,10.1257/pandp.20201017
A. K. Pan,1,2,10.2139/ssrn.4154000
Aarne Mämmelä,1,2,10.3386/w26752
Adrian Towse,1,2,10.1257/pandp.20201017
Adrien Bécue,1,2,10.3386/w23928
Alessandra Voena,1,2,10.3386/w28106
Alessandro Belmonte,1,2,10.3386/w28726
Alexandra Prisznyák,1,2,10.3386/w23928
Alexandra Scacco,1,2,10.3386/w30011
Amani Matabaro,1,2,10.3386/w30011
Amanuel Alemu Abajobir,1,2,10.3386/w30011
Andrés Moya,1,2,10.3386/w30011
Angus C. Chu,1,2,10.3386/w23928
Anicet Munyehirwe,1,2,10.3386/w23929
Anna Rogers,1,2,10.3386/w26752
Anthony DeFusco,1,2,10.2139/ssrn.4154000
Anton Bogs,1,2,10.1257/aer.20221215
Antonin Bergeaud,1,2,10.3386/w23928
Arjun Kharel,1,2,10.3386/w30011
Ashish Shenoy,1,2,10.3386/w23929
Ashrita Saran,1,2,10.3386/w23929
Axel Ockenfels,1,2,10.1257/pandp.20201017
Bao-Min Gan,1,2,10.1111/conl.13077
Benjamin Fabian,1,2,10.3386/w23928
Benjamin J. Keys,1,2,10.2139/ssrn.4154000
Bernd Beber,1,2,10.3386/w30011
Bettina Rockenbach,1,2,10.3386/w28726
Brian M. Lucey,1,2,10.3386/w31137
C. Austin Davis,1,2,10.3386/w23929
Caroline Ratcliffe,1,2,10.2139/ssrn.4154000
Carolyn Nekesa,1,2,10.3386/w30011
Cass R. Sunstein,1,2,10.3386/w30740
Chad P. Bown,1,2,10.3386/w26775
Chad Syverson,1,2,10.3386/w23928
Chenxin Ding,1,2,10.1257/aer.20221215
Chiara Colesanti Senni,1,2,10.3386/w31137
Chia‐Hsuan Hsu,1,2,10.1111/conl.13077
Chih-Hsing Liao,1,2,10.3386/w23928
Christodoulos Louca,1,2,10.3386/w23928
Corinne Low,1,2,10.3386/w28106
Cynthia Kinnan,1,2,10.3386/w28726
Daifu Yang,1,2,10.1257/aer.20221215
Daniel Rock,1,2,10.3386/w23928
David Bishai,1,2,10.3386/w26775
David Lagakos,1,2,10.3386/w23929
David M. Silverman,1,2,10.2139/ssrn.4154000
David Phillips,1,2,10.2139/ssrn.4154000
David Yokum,1,2,10.3386/w28726
Denny John,1,2,10.3386/w23929
Derek Foster,1,2,10.1257/pandp.20201017
Dillon Bowen,1,2,10.3386/w28726
Divyangana Rakesh,1,2,10.2139/ssrn.4154000
Dongmei Mu,1,2,10.1257/aer.20221215
Douglas Gollin,1,2,10.3386/w23929
Eduard Talamàs,1,2,10.3386/w23928
Edward Miguel,1,2,10.3386/w28726
Elena Kalotychou,1,2,10.3386/w23928
Ella Beveridge,1,2,10.3386/w23929
Elle Tibbitts,1,2,10.2139/ssrn.4154000
Eric Ochieng,1,2,10.3386/w30011
Erica R.H. Fuchs,1,2,10.1257/pandp.20201017
Erwin Bulte,1,2,10.3386/w23929
Farah Said,1,2,10.3386/w28726
Farrah Jasmine Dingal,1,2,10.1016/j.ijdrr.2022.102798
Filippo Bertani,1,2,10.3386/w23928
Francisco Buera,1,2,10.3386/w23929
Friederike Stock,1,2,10.2139/ssrn.4154000
Gabriel Reyes,1,2,10.2139/ssrn.4154000
Gauri Kartini Shastry,1,2,10.1257/pandp.20201017
Gilbert Cette,1,2,10.3386/w23928
Greg J. Duncan,1,2,10.2139/ssrn.4154000
Guangyu Cao,1,2,10.1257/aer.20221215
Guido Cozzi,1,2,10.3386/w23928
Hanming Fang,1,2,10.3386/w28726
Harrison Mitchell,1,2,10.3386/w23929
Harry Pickard,1,2,10.3386/w28726
Heather Barry Kappes,1,2,10.3386/w28726
Hengchen Dai,1,2,10.3386/w28726
Henrique S. Basso,1,2,10.3386/w23928
Hirokazu Yoshikawa,1,2,10.2139/ssrn.4154000
Hui Mao,1,2,10.3386/w23928
Hui Sun,1,2,10.1257/aer.20221215
Huihong Chang,1,2,10.3386/w23928
Huong Ha,1,2,10.3386/w28726
Ilana Brody,1,2,10.3386/w28726
Ishita Ghai,1,2,10.3386/w30835
Javier Mayoral Sánchez,1,2,10.3386/w23928
Jianhao Lin,1,2,10.1257/aer.20221215
Jianxian Wu,1,2,10.1257/aer.20221215
Jiasong Xie,1,2,10.1257/aer.20221215
Jim Leitzel,1,2,10.2139/ssrn.3938994
Johannes Stroebel,1,2,10.3386/w31137
John Eric Humphries,1,2,10.2139/ssrn.4154000
John Eyers,1,2,10.3386/w23929
João Gama,1,2,10.3386/w23928
Jun Liu,1,2,10.3386/w23928
Jörg Peters,1,2,10.3386/w23929
Kaizhao Guo,1,2,10.3386/w23928
Karim Naguib,1,2,10.3386/w23929
Katharina Büsch,1,2,10.2139/ssrn.4154000
Katharina de Cruppe,1,2,10.3386/w23928
Katherine Dai,1,2,10.3386/w30011
Katherine Magnuson,1,2,10.2139/ssrn.4154000
Kazi Iqbal,1,2,10.3386/w23929
Khánh Hoàng,1,2,10.3386/w31137
Kimberly G. Noble,1,2,10.2139/ssrn.4154000
King King Li,1,2,10.3386/w28726
Kris‐Stella Trump,1,2,10.3386/w28726
Kun Duan,1,2,10.3386/w23928
Lelys Dinarte,1,2,10.3386/w28726
Leon Mait,1,2,10.3386/w28106
Lian Zhou,1,2,10.1257/aer.20221215
Liudmila D. Konovalova,1,2,10.3386/w23928
Lorenz Göette,1,2,10.3386/w28726
Lorenzo Lorenzo‐Luaces,1,2,10.3386/w28106
Lucas Kleine-Stegemann,1,2,10.3386/w23928
Lucian A. Taylor,1,2,10.3386/w31137
Maarit Olkkola,1,2,10.3386/w28726
Magdalena Larreboure,1,2,10.3386/w28106
Mahfoudh Hussein Mgammal,1,2,10.3386/w23928
Mai Vu,1,2,10.3386/w23928
Maira Emy Reimão,1,2,10.3386/w23929
Manisha Shah,1,2,10.3386/w28106
Marcel Fafchamps,1,2,10.3386/w28726
Margaret Kyle,1,2,10.1257/pandp.20201017
Margaret McMillan,1,2,10.3386/w28726
Marinko Škare,1,2,10.3386/w23928
Mary Steffel,1,2,10.3386/w28726
Maryam Mottaghi,1,2,10.1016/j.ijdrr.2022.102798
Masakatsu Nakamura,1,2,10.3386/w23928
Matthias Sutter,1,2,10.3386/w28726
Matthijs M. Maas,1,2,10.48550/arxiv.2305.07153
Maureen Ebben,1,2,10.3386/w23928
Maximiliane Sievert,1,2,10.3386/w23929
Md Nahid Ferdous Pabon,1,2,10.3386/w23929
Melika Miralem,1,2,10.2139/ssrn.4154000
Meng Liu,1,2,10.3386/w23928
Mengdi Liu,1,2,10.1257/aer.20221215
Meriah Lee DeJoseph,1,2,10.2139/ssrn.4154000
Mia Ellis,1,2,10.3386/w28726
Michael Rieser,1,2,10.3386/w28726
Michael Walker,1,2,10.3386/w30011
Michael Waugh,1,2,10.3386/w23929
Michael Y. Roleda,1,2,10.1016/j.ijdrr.2022.102798
Mingwei Xu,1,2,10.1257/aer.20221215
Mohammad Rezoanul Hoque,1,2,10.3386/w23929
Monica E Ellwood-Lowe,1,2,10.2139/ssrn.4154000
Montse Fernández,1,2,10.3386/w23928
Moti Shatner,1,2,10.3386/w26752
Mélissa Hidrobo,1,2,10.3386/w28106
Nahian Azad Shashi,1,2,10.3386/w23929
Nan Jia,1,2,10.3386/w23928
Natalie Bau,1,2,10.3386/w28106
Nathan A. Fox,1,2,10.2139/ssrn.4154000
Nathan Fiala,1,2,10.3386/w23929
Niccolò F. Meriggi,1,2,10.3386/w30011
Nicole Kovski,1,2,10.2139/ssrn.4154000
Nikhil Kalathil,1,2,10.1257/pandp.20201017
Nina Blöndal,1,2,10.3386/w23929
Nneka Osadolor,1,2,10.3386/w30835
Nuole Chen,1,2,10.3386/w28726
Nursena Aksünger,1,2,10.3386/w30011
Ottmar Edenhofer,1,2,10.3386/w32450
Paula López-Peña,1,2,10.3386/w23929
Pedro Quelhas Brito,1,2,10.3386/w23928
Peiyao Shen,1,2,10.3386/w28726
Peter Buxmann,1,2,10.3386/w23928
Pheliciah Mwachofi,1,2,10.3386/w30011
Philipp Barteska,1,2,10.3386/w28726
Post Raj Pokharel,1,2,10.3386/w31137
R. Amirikas,1,2,10.3386/w23928
Rachit Dhiman,1,2,10.3386/w23928
Rebecca Johnson,1,2,10.3386/w28726
Rebecca Littman,1,2,10.3386/w30011
Rekha Balu,1,2,10.3386/w28726
Robert Collinson,1,2,10.2139/ssrn.4154000
Robert F. Stambaugh,1,2,10.3386/w31137
Robin L. Chazdon,1,2,10.21203/rs.3.rs-3235955/v1
Russell Burnett,1,2,10.3386/w28726
Russell Golman,1,2,10.2139/ssrn.3938994
Rémy Lecat,1,2,10.3386/w23928
Saad B. Omer,1,2,10.3386/w28726
Sabina Shaikh,1,2,10.2139/ssrn.3938994
Sara Lowes,1,2,10.3386/w28106
Sarah Shaukat,1,2,10.3386/w28726
Saurabh Mishra,1,2,10.3386/w23928
Seong‐Jin Park,1,2,10.3386/w23928
Seth Benzell,1,2,10.3386/w23928
Shalini Roy,1,2,10.3386/w28106
Shaojian Chen,1,2,10.3386/w23928
Sheshadri Chatterjee,1,2,10.3386/w23928
Shih-Chi Ma,1,2,10.3386/w23928
Shi‐Sheng Liu,1,2,10.1111/conl.13077
Shmuel San,1,2,10.3386/w23928
Siliang Tong,1,2,10.3386/w23928
Silvia Saccardo,1,2,10.3386/w28726
Sin-Tung Choi,1,2,10.1111/conl.13077
Sofia Miteff,1,2,10.3386/w23928
Sonia Parratt Fernández,1,2,10.3386/w23928
Sonja Dobkowitz,1,2,10.3386/w28726
Sreyashi Sharmin,1,2,10.3386/w28106
Stephanie Bonds,1,2,10.3386/w30835
Steven McCabe,1,2,10.3386/w32450
Suchi Kapoor Malhotra,1,2,10.3386/w23929
Suwen Ge,1,2,10.2139/ssrn.4154000
Sylvie Borau,1,2,10.2139/ssrn.3938994
Thang Ngoc Bach,1,2,10.3386/w31137
Thato Letsomo,1,2,10.3386/w31208
Theresa K. Meyer,1,2,10.1016/j.ijdrr.2022.102798
Thomas Giroux,1,2,10.3386/w31137
Thorsten Staake,1,2,10.3386/w28726
Tingwei Luo,1,2,10.1257/aer.20221215
Tingyu Yu,1,2,10.3386/w31137
Tobias Kollmann,1,2,10.3386/w23928
Tobias Schimanski,1,2,10.3386/w31137
Tomas Folke,1,2,10.2139/ssrn.4154000
Tomohiko Endo,1,2,10.1111/conl.13077
Tristan Reed,1,2,10.1257/pandp.20201017
Tzu‐Pi Chen,1,2,10.1111/conl.13077
Uri Schattner,1,2,10.3386/w26752
V. Mironov,1,2,10.3386/w23928
Verena Tiefenbeck,1,2,10.3386/w28726
Veronika Cheplygina,1,2,10.3386/w26752
Vis Taraz,1,2,10.3386/w23929
Wei Zhang,1,2,10.1257/aer.20221215
Wei‐Ting Chen,1,2,10.1111/conl.13077
Wenbiao Sha,1,2,10.1257/aer.20221215
Wendy Janssens,1,2,10.3386/w30011
Willem E. Frankenhuis,1,2,10.2139/ssrn.4154000
Winnie van Dijk,1,2,10.2139/ssrn.4154000
Xi Weng,1,2,10.1257/aer.20221215
Xianfeng Zhang,1,2,10.1257/aer.20221215
Xiang Hui,1,2,10.3386/w23928
Xiaoyu Chen,1,2,10.1257/aer.20221215
Ximeng Fang,1,2,10.3386/w28726
Xinyi Lv,1,2,10.1257/aer.20221215
Xueming Luo,1,2,10.3386/w23928
Xueping Liang,1,2,10.1257/aer.20221215
Yacov Tsur,1,2,10.1257/aer.20221215
Yi Li,1,2,10.3386/w23928
Yu Gao,1,2,10.2139/ssrn.3938994
Yu Qian,1,2,10.3386/w23928
Yuan Zhi Seah,1,2,10.3386/w28726
Yuancheng Wang,1,2,10.3386/w23928
Yuichi Furukawa,1,2,10.3386/w23928
Yvonne van Dalen,1,2,10.3386/w30011
Zachary Wagner,1,2,10.3386/w30835
Zafer Kanik,1,2,10.3386/w23928
Zhaoxuan Qiu,1,2,10.1257/aer.20221215
Zheng Fang,1,2,10.3386/w23928
Zhiwei Wang,1,2,10.1257/aer.20221215
Ľuboš Pástor,1,2,10.3386/w31137
A R T Hidayat,1,1,10.3386/w23929
A. K. Chaurasia,1,1,10.3386/w31137
A. Rani Elwy,1,1,10.3386/w28726
A. Yu. Kolpakov,1,1,10.3386/w32450
A. de Ruyter,1,1,10.3386/w32450
A.C. Sim,1,1,10.1093/ej/uead102
Aaron S. Kesselheim,1,1,10.1257/pandp.20201017
Aaron Salzberg,1,1,10.1093/wbro/lkae010
Abdelaziz Abdalla Alowais,1,1,10.3386/w31354
Abdullah M. Baabdullah,1,1,10.3386/w23928
Abeba N. Turi,1,1,10.3386/w23928
Abel Lucena,1,1,10.3386/w31899
Abhishek Gupta,1,1,10.48550/arxiv.2305.07153
Abideen Salako,1,1,10.3386/w30835
Abraham Loeb,1,1,10.48550/arxiv.2305.07153
Abu Shonchoy,1,1,10.3386/w23929
Abubakr Suliman,1,1,10.3386/w31354
Achim Wambach,1,1,10.3386/w26775
Adam Laycock,1,1,10.1093/wbro/lkae010
Adam McCloskey,1,1,10.3386/w28726
Adam Rose,1,1,10.3386/w32450
Adeline Delavande,1,1,10.3386/w28726
Adeyinka Tella,1,1,10.3386/w23928
Adrian Stoian,1,1,10.3386/w23928
Adriana Ibiti,1,1,10.3386/w23928
Adrien Bilal,1,1,10.3386/w32450
Adélaïde Fadhuile,1,1,10.3386/w30740
Aelita Sargsyan,1,1,10.1093/wbro/lkae010
Afaf Bouhoute,1,1,10.3386/w23928
Afshan Naseem,1,1,10.48550/arxiv.2305.07153
Agnė Paliokaitė,1,1,10.3386/w31899
Agudelo Nicolás,1,1,10.1257/pandp.20201017
Aguilar David,1,1,10.1257/pandp.20201017
Ahmed Karmaoui,1,1,10.3386/w23928
Ahmed M. Fallatah,1,1,10.3386/w30835
Ahsan Alam,1,1,10.3386/w28106
Aidan Coville,1,1,10.1093/ej/uead102
Aidan Hollis,1,1,10.1257/pandp.20201017
Aikaterini Taka,1,1,10.2139/ssrn.4154000
Aishwarya Atluri,1,1,10.3386/w30835
Ajay Pillarisetti,1,1,10.3386/w32450
Akash R. Wasil,1,1,10.3386/w28106
Akhter Ahmed,1,1,10.3386/w28106
Akimitsu Hirota,1,1,10.3386/w23928
Akshay Kotak,1,1,10.3386/w26752
Alain Quinet,1,1,10.3386/w23928
Alain de Janvry,1,1,10.3386/w28726
Alan Chan,1,1,10.48550/arxiv.2305.07153
Alan de Brauw,1,1,10.3386/w23929
Albert Quek,1,1,10.3386/w23928
Alberto Binetti,1,1,10.3386/w32073
Alberto Ciancio,1,1,10.3386/w28726
Alberto Costantiello,1,1,10.3386/w23928
Alberto Garcı́a,1,1,10.3386/w31554
Alberto González‐García,1,1,10.3386/w31554
Aleida March,1,1,10.3386/w28106
Alejandro Ganimian,1,1,10.3386/w31208
Aleksandr Christenko,1,1,10.3386/w31899
Aleksei V. Bogoviz,1,1,10.3386/w23928
Alessandra Calvo–Friedman,1,1,10.2139/ssrn.4154000
Alessandro Palma,1,1,10.3386/w30740
Alex Tabarrok,1,1,10.3386/w26775
Alexander F. Wagner,1,1,10.3386/w31137
Alexander Kopka,1,1,10.3386/w23928
Alexander Pfaff,1,1,10.1257/pandp.20201017
Alexandr V. Lukashin,1,1,10.3386/w23928
Alexandra Hartman,1,1,10.1257/aeri.20210612
Alexandra Sadler,1,1,10.3386/w31137
Alexandre Alahi,1,1,10.48550/arxiv.2305.07153
Alexandre Garel,1,1,10.3386/w31137
Alexandre Sollaci,1,1,10.3386/w32450
Alexey Makarin,1,1,10.1257/aeri.20210612
Alexis Poindron,1,1,10.3386/w28726
Alfonso Sousa‐Poza,1,1,10.3386/w30202
Alfredo Burlando,1,1,10.3386/w28726
Alice Dominici,1,1,10.3386/w28726
Alina Fahrenwaldt,1,1,10.2139/ssrn.3938994
Alireza Ghassemi Toussi,1,1,10.1093/wbro/lkae010
Alison Karasz,1,1,10.3386/w28106
Alissa Kleinnijenhuis,1,1,10.3386/w32450
Allison Witman,1,1,10.2139/ssrn.4154000
Altuğ Günar,1,1,10.3386/w23928
Alvin E. Roth,1,1,10.1257/pandp.20201017
Alvin Kuowei Tay,1,1,10.3386/w28106
Alyas Widita,1,1,10.1093/ej/uead102
Amanda Johnson,1,1,10.2139/ssrn.4154000
Amanda Lenhardt,1,1,10.3386/w28106
Amar Rao,1,1,10.3386/w31137
Amber van Druten,1,1,10.2139/ssrn.3938994
Amel Gacem,1,1,10.3386/w30835
Amelia Clarke,1,1,10.3386/w32450
Amir Jina,1,1,10.3386/w30011
Amitrajeet A. Batabyal,1,1,10.1257/aeri.20230431
Amrita Ahuja,1,1,10.3386/w26775
Amrita Singh,1,1,10.3386/w31137
Amy Freeman,1,1,10.2139/ssrn.4154000
Amy McQueen,1,1,10.2139/ssrn.3938994
Amy Ogan,1,1,10.2139/ssrn.4154000
Améline Vallet,1,1,10.3386/w31554
Ana Julia Paula Carcedo,1,1,10.3386/w26752
Ana Paula Cusolito,1,1,10.3386/w23928
Ana-Maria Boromisa,1,1,10.3386/w32450
Anand M. Osuri,1,1,10.21203/rs.3.rs-3235955/v1
Anand Nair,1,1,10.1287/mnsc.2023.4846
Anant Bhan,1,1,10.3386/w30011
Anastasia Spartinou,1,1,10.2139/ssrn.4154000
Anazélia M. Tedesco,1,1,10.21203/rs.3.rs-3235955/v1
Anca Balietti,1,1,10.3386/w23929
Anca D. Dragan,1,1,10.48550/arxiv.2305.07153
Anders Bach‐Mortensen,1,1,10.3386/w28106
Anders H. Lund,1,1,10.3386/w26752
Anders Kjelsrud,1,1,10.3386/w28106
Anders Kärnä,1,1,10.3386/w26752
Anders Sandberg,1,1,10.31219/osf.io/vrmpf
Andrea Prieto,1,1,10.3386/w31208
Andrea Repetto,1,1,10.3386/w28106
Andrea Sauchelli,1,1,10.1016/j.cognition.2021.104941
Andrea Teglio,1,1,10.3386/w23928
Andrea Éltető,1,1,10.3386/w23928
Andreas G. F. Hoepner,1,1,10.3386/w31137
Andreas Kjær Stage,1,1,10.3386/w31409
Andreas Kotsadam,1,1,10.3386/w28106
Andreas Löschel,1,1,10.2139/ssrn.3938994
Andreas Mokros,1,1,10.3386/w30011
Andreas Richter,1,1,10.3386/w31137
Andreas T. Schmidt,1,1,10.1016/j.cognition.2021.104941
Andreas de Barros,1,1,10.3386/w31208
Andrew Balmford,1,1,10.1111/conl.13077
Andrew Barry,1,1,10.3386/w26775
Andrew Chi-Chih Yao,1,1,10.48550/arxiv.2305.07153
Andrew Huey Ping Tan,1,1,10.3386/w23928
Andrew J. McDonald,1,1,10.1257/aeri.20230431
Andrew Laitha,1,1,10.3386/w31354
Andrew Simon,1,1,10.3386/w32093
Andrew Urquhart,1,1,10.3386/w31137
Andrii Vitrenko,1,1,10.3386/w23928
André Jungmittag,1,1,10.3386/w23928
Andrés Felipe Suárez‐Castro,1,1,10.21203/rs.3.rs-3235955/v1
Andrés José Morales Pantoja,1,1,10.3386/w23928
Andy Gray,1,1,10.1257/pandp.20201017
Angela Duckworth,1,1,10.2139/ssrn.4154000
Angela Ofori-Atta,1,1,10.3386/w28106
Angelo Leogrande,1,1,10.3386/w23928
Angelos Theodorakopoulos,1,1,10.3386/w23928
Angélica M. Almeyda Zambrano,1,1,10.21203/rs.3.rs-3235955/v1
Anil Cacodcar,1,1,10.1257/pandp.20201017
Anirudh Sankar,1,1,10.3386/w28726
Anja Groth,1,1,10.3386/w26752
Anjali Kapoor,1,1,10.3386/w23928
Anjana Singh,1,1,10.3386/w23928
Anjini Kochar,1,1,10.1257/pandp.20201017
Anju Mishra,1,1,10.3386/w23928
Ankai Xu,1,1,10.1257/pandp.20201017
Anke Haberkamp,1,1,10.3386/w30011
Ann H. Kelly,1,1,10.3386/w26775
Ann P. Kinzig,1,1,10.3386/w32450
Anna Cretì,1,1,10.3386/w31137
Anna Fabry,1,1,10.3386/w31354
Anna Gassman‐Pines,1,1,10.2139/ssrn.4154000
Anna Reuter,1,1,10.3386/w28726
Anna Schrimpf,1,1,10.3386/w28726
Anna Tompsett,1,1,10.3386/w30835
Annan Khampeera,1,1,10.3386/w32450
Anne Bartsch,1,1,10.1093/ej/uead102
Anne Karing,1,1,10.3386/w28726
Anne de Saint Martin,1,1,10.3386/w23928
Anson Ho,1,1,10.3386/w23928
Anthony J. Pavlo,1,1,10.3386/w28106
Antoine Nebout,1,1,10.3386/w30740
Antonio Gaitán Torres,1,1,10.1016/j.cognition.2021.104941
Anujit Chakraborty,1,1,10.3386/w32073
Anushka Patel,1,1,10.3386/w30011
Aparna Gomes,1,1,10.3386/w26775
Aras Canipek,1,1,10.3386/w31137
Arben Asllani,1,1,10.3386/w23928
Areti Lagiou,1,1,10.3386/w31899
Areti-Dimitra Koulouvari,1,1,10.3386/w31899
Arezou Harraf,1,1,10.3386/w23928
Ariadna Angulo-Brunet,1,1,10.3386/w23928
Arianna Martinelli,1,1,10.3386/w23928
Arief Anshory Yusuf,1,1,10.3386/w23928
Arielle Bernhardt,1,1,10.3386/w31162
Arjun Goyal,1,1,10.3386/w23928
Arkodipta Sarkar,1,1,10.1257/aer.20221215
Armin Mertens,1,1,10.3386/w23928
Arnab Acharya,1,1,10.1257/pandp.20201017
Arndt Reichert,1,1,10.1093/ej/uead102
Arregocés Leonardo,1,1,10.1257/pandp.20201017
Arthur Baker,1,1,10.3386/w26775
Arthur Moonga,1,1,10.3386/w28106
Arthur Romec,1,1,10.3386/w31137
Arti Singh,1,1,10.3386/w23928
Asbjørn Andersen,1,1,10.3386/w28106
Asha Sundaram,1,1,10.3386/w23928
Ashish Arora,1,1,10.3386/w31899
Ashley V. Whillans,1,1,10.3386/w28106
Ashwin Acharya,1,1,10.48550/arxiv.2305.07153
Asif Ali Laghari,1,1,10.3386/w23928
Asuman Ozdaglar,1,1,10.3386/w23928
Atheendar Venkataramani,1,1,10.3386/w28106
Atılım Güneş Baydin,1,1,10.48550/arxiv.2305.07153
Audun Langørgen,1,1,10.3386/w28726
Aurika Mundrytė,1,1,10.3386/w23928
Aurinta Elenskė,1,1,10.3386/w31899
Aurélien Baillon,1,1,10.2139/ssrn.3938994
Aviv Ovadya,1,1,10.48550/arxiv.2305.07153
Awais Khan Jumani,1,1,10.3386/w23928
Ayman Abdalmajeed Alsmadi,1,1,10.3386/w28106
Ayoub Saei,1,1,10.1093/wbro/lkae010
B Shrestha,1,1,10.3386/w31208
B. Akomolafe,1,1,10.3386/w32450
B. Dhillon,1,1,10.1257/aeri.20230431
B. Kelsey Jack,1,1,10.3386/w32728
B. N. Lakshmi Narayan,1,1,10.3386/w23928
B. N. Porfiriev,1,1,10.3386/w32450
B. S. Karky,1,1,10.3386/w31137
B. Wang,1,1,10.3386/w32450
B.V.E. Hyde,1,1,10.1016/j.cognition.2021.104941
Babatunde Adewale,1,1,10.3386/w30835
Babatunde Lawal Salako,1,1,10.3386/w30835
Bachir El Khadir,1,1,10.3386/w26752
Baihui Pan,1,1,10.2139/ssrn.4154000
Baizhen Zhang,1,1,10.3386/w23928
Balasubramani Ravindran,1,1,10.3386/w30835
Balusu Nandini,1,1,10.3386/w23928
Baohua Yang,1,1,10.3386/w23928
Barnabás Szászi,1,1,10.2139/ssrn.4154000
Bart Verspagen,1,1,10.3386/w23928
Bashiru Yachori,1,1,10.3386/w30835
Bassirou Karimou,1,1,10.3386/w28106
Bastian Schnabel,1,1,10.3386/w30835
Bastien Kolt,1,1,10.3386/w28106
Battista Biggio,1,1,10.48550/arxiv.2305.07153
Bauyrzhan Yedgenov,1,1,10.1093/ej/uead102
Beatriz Elena Marín Ochoa,1,1,10.3386/w23928
Bella Tonkonogy,1,1,10.3386/w26775
Ben Bucknall,1,1,10.48550/arxiv.2305.07153
Ben Garfinkel,1,1,10.48550/arxiv.2305.07153
Bence Pálfi,1,1,10.2139/ssrn.4154000
Benjamin Collier,1,1,10.3386/w31137
Benjamin Dennis,1,1,10.3386/w31137
Benjamin Faber,1,1,10.3386/w23929
Benjamin Golub,1,1,10.3386/w28726
Benjamin K. Sovacool,1,1,10.1257/pandp.20201017
Benjamin Ly Serena,1,1,10.3386/w30011
Benjamin Lê Cook,1,1,10.2139/ssrn.4154000
Benjamin Olken,1,1,10.3386/w28726
Benjamin Wall,1,1,10.3386/w26752
Benny Smith,1,1,10.2139/ssrn.3938994
Bernardo A. Bastien-Olvera,1,1,10.3386/w29357
Bernardo Buarque,1,1,10.3386/w23928
Berta Martín‐López,1,1,10.21203/rs.3.rs-3235955/v1
Bertin Martens,1,1,10.3386/w23928
Bertrand Garbinti,1,1,10.3386/w23928
Bethany Springer,1,1,10.2139/ssrn.4154000
Beverley Nielsen,1,1,10.3386/w32450
Beáta Gavurová,1,1,10.3386/w23928
Bharat R. Hazari,1,1,10.3386/w23928
Bhattacharjee Suchiradipta,1,1,10.3386/w26752
Bhaven N. Sampat,1,1,10.1257/pandp.20201017
Bianca Vandresen,1,1,10.1080/21606544.2022.2138980
Bill Schultz,1,1,10.3386/w28726
Bin Guo,1,1,10.3386/w23928
Bin Sang,1,1,10.3386/w23928
Bing Zheng,1,1,10.3386/w23928
Binghan Jiang,1,1,10.3386/w31137
Bingjian Zhao,1,1,10.3386/w23928
Bingnan Guo,1,1,10.1257/aer.20221215
Bingqin Li,1,1,10.3386/w23928
Bingrui Gao,1,1,10.1257/aer.20221215
Birgit Stark,1,1,10.1093/ej/uead102
Bo Jellesmark Thorsen,1,1,10.3386/w31137
Bo Zhang,1,1,10.1257/aer.20221215
Bob Fischer,1,1,10.1080/21606544.2022.2138980
Bohua Yang,1,1,10.3386/w23928
Bohui Zhang,1,1,10.1257/aer.20221215
Bongani Andy Mabaso,1,1,10.3386/w23928
Bouchra Al Mawla,1,1,10.3386/w23928
Boudhir Anouar Abdelhakim,1,1,10.3386/w23928
Bowen Guan,1,1,10.3386/w23929
Brad Wong,1,1,10.3386/w31208
Brajesh Tripathi,1,1,10.3386/w30011
Brandon Joel Tan,1,1,10.3386/w26775
Branko Katalinić,1,1,10.3386/w23928
Brian Beckage,1,1,10.3386/w32450
Brian C. Albrecht,1,1,10.1257/pandp.20201017
Brian Jabarian,1,1,10.3386/w23928
Brian Jacob,1,1,10.2139/ssrn.4154000
Brian O’Callaghan,1,1,10.3386/w31137
Brittney Sandler,1,1,10.3386/w28726
Brooke Williams,1,1,10.21203/rs.3.rs-3235955/v1
Bruce P. Lanphear,1,1,10.1093/wbro/lkae010
Bryan Le,1,1,10.3386/w23928
Bryan Patenaude,1,1,10.3386/w30011
Busara Lab Busara Lab,1,1,10.3386/w28106
Béatrice Roussillon,1,1,10.3386/w30740
C. D. West,1,1,10.3386/w28106
C. Felicia Lyu,1,1,10.3386/w23928
Canice Prendergast,1,1,10.3386/w26775
Cao Truong Son,1,1,10.3386/w30835
Carl Johan Lagerkvist,1,1,10.3386/w31137
Carl Shulman,1,1,10.1016/j.cognition.2021.104941
Carlo Drago,1,1,10.3386/w23928
Carlos A. Ibarra,1,1,10.3386/w23928
Carlos Alberto Dória,1,1,10.3386/w31208
Carlos Fanjul Peyró,1,1,10.3386/w23928
Carlos Gould,1,1,10.3386/w32450
Carlos Hernández,1,1,10.3386/w26752
Carlos Riumalló‐Herl,1,1,10.3386/w28726
Carlos Torres,1,1,10.3386/w28726
Carly Molloy,1,1,10.3386/w28726
Caroline Delaire,1,1,10.3386/w30835
Caroline Theoharides,1,1,10.3386/w23929
Carolyn A. Berry,1,1,10.2139/ssrn.4154000
Carson Ezell,1,1,10.48550/arxiv.2305.07153
Carter Walter Bloch,1,1,10.3386/w31409
Caspar Kaiser,1,1,10.3386/w28106
Catarina C. Jakovac,1,1,10.21203/rs.3.rs-3235955/v1
Catherine H. Tinsley,1,1,10.3386/w28106
Catherine Thomas,1,1,10.3386/w28106
Cecilia Castaldo,1,1,10.3386/w30740
Cecilia Springer,1,1,10.1257/aer.20221215
Celestina Heepen,1,1,10.3386/w31354
Celso Brunetti,1,1,10.3386/w31137
Cem Yavuz,1,1,10.1257/pandp.20201017
Cemre YILDIZ,1,1,10.3386/w23928
Ceren Arslan Kazan,1,1,10.3386/w23928
Chad M. Baum,1,1,10.1257/pandp.20201017
Chadwick Curtis,1,1,10.3386/w32450
Chaehee Shin,1,1,10.3386/w31137
Chan Seob Nam,1,1,10.3386/w28106
Chang Hwan Choi,1,1,10.3386/w23928
Changbiao Zhong,1,1,10.3386/w23928
Chao Fang,1,1,10.3386/w23928
Chao Yin,1,1,10.1257/aer.20221215
Chaolin Tian,1,1,10.48550/arxiv.2107.06476
Charity Troyer Moore,1,1,10.3386/w23929
Charles A. Emogor,1,1,10.1111/conl.13077
Charles Efferson,1,1,10.3386/w28726
Charles Harper,1,1,10.3386/w26775
Charles T. Anderson,1,1,10.1016/j.ijdrr.2022.102798
Charles‐Albert Lehalle,1,1,10.3386/w23928
Charlie A. Davidson,1,1,10.3386/w28106
Charlie Giattino,1,1,10.3386/w23928
Charlotte H. Chang,1,1,10.1257/aer.20221215
Charlotte Stix,1,1,10.48550/arxiv.2305.07153
Charlotte Süring,1,1,10.3386/w31137
Chayce R. Baldwin,1,1,10.2139/ssrn.4154000
Chen Ye,1,1,10.1287/mnsc.2023.4846
Chen Zeming,1,1,10.1257/aer.20221215
Chengyan Xu,1,1,10.2139/ssrn.3938994
Chengying He,1,1,10.3386/w23928
Chengzhang Wang,1,1,10.3386/w23928
Chenhui Ding,1,1,10.3386/w23928
Chenxiao Wang,1,1,10.3386/w23928
Chenyu Li,1,1,10.3386/w31137
Chiara Criscuolo,1,1,10.3386/w23928
Chia‐Hui Lu,1,1,10.3386/w23928
Chie Hanaoka,1,1,10.1257/aeri.20210612
Chin-Leei Cham,1,1,10.3386/w23928
Chisangu Matome,1,1,10.3386/w28106
Chong Zhuo,1,1,10.1257/aer.20221215
Choo‐Yee Ting,1,1,10.3386/w23928
Chris Emmanuel Tchatchouang Wanko,1,1,10.3386/w23928
Chris R. Shepherd,1,1,10.1111/conl.13077
Chris Snyder,1,1,10.3386/w26775
Chrispus Mayora,1,1,10.3386/w26775
Christian J. Merz,1,1,10.3386/w30011
Christian Leuz,1,1,10.1257/aer.20221215
Christian M. Dahl,1,1,10.3386/w31162
Christian Montag,1,1,10.3386/w23928
Christian Pentzold,1,1,10.1093/ej/uead102
Christian Schemer,1,1,10.1093/ej/uead102
Christian Schmid,1,1,10.3386/w28106
Christina Gravert,1,1,10.3386/w30740
Christina Hartmann,1,1,10.2139/ssrn.3938994
Christina Strauss,1,1,10.3386/w23928
Christina Then-Bergh,1,1,10.3386/w23928
Christoph Feldhaus,1,1,10.2139/ssrn.3938994
Christoph Nedopil,1,1,10.1257/aer.20221215
Christoph Neuberger,1,1,10.1093/ej/uead102
Christoph Winter,1,1,10.48550/arxiv.2305.07153
Christopher A. Hartwell,1,1,10.3386/w23928
Christopher Avery,1,1,10.1257/pandp.20201017
Christopher Dye,1,1,10.3386/w28726
Christopher Gan,1,1,10.3386/w23928
Christopher Roth,1,1,10.3386/w30011
Christopher Yan-Chak Chan,1,1,10.1016/j.ijdrr.2022.102798
Christos Batsis,1,1,10.2139/ssrn.4154000
Chuanhao Wen,1,1,10.3386/w23928
Chuanjie Wang,1,1,10.3386/w31137
Chuanwang Sun,1,1,10.1257/aer.20221215
Chuntian Lu,1,1,10.1257/aer.20221215
Chunyuan Zhang,1,1,10.3386/w23928
Chunzhi Li,1,1,10.3386/w23929
Cihan Uzmanoglu,1,1,10.3386/w31137
Claire Mackevicius,1,1,10.3386/w23929
Claudette Salinas,1,1,10.48550/arxiv.2305.07153
Claudia Liceth Fajardo Hoyos,1,1,10.3386/w23928
Claudio Guillermo Rosell Arce,1,1,10.3386/w23928
Claudio Rizzi,1,1,10.3386/w31137
Clemens Breisinger,1,1,10.3386/w28726
Clevo Wilson,1,1,10.1111/conl.13077
Clíodhna Ní Ghuidhir,1,1,10.48550/arxiv.2305.07153
Cole Hooley,1,1,10.3386/w28726
Colin Vance,1,1,10.3386/w32728
Congming Ding,1,1,10.1257/aer.20221215
Connie Susilawati,1,1,10.1111/conl.13077
Constantin Arnscheidt,1,1,10.1016/j.ijdrr.2022.102798
Constantin Grywatz,1,1,10.1257/pandp.20201017
Constantin W. Arnscheidt,1,1,10.1016/j.ijdrr.2022.102798
Constantina Skanavis,1,1,10.3386/w31899
Corinthias P. M. Sianipar,1,1,10.3386/w23929
Cornelia Niessen,1,1,10.3386/w30011
Cristian A. Cruz-Rodríguez,1,1,10.21203/rs.3.rs-3235955/v1
Cristian Larroulet Philippi,1,1,10.3386/w28106
Cristina Cornelio,1,1,10.3386/w26752
Cuihong Long,1,1,10.3386/w23929
Cuong Nguyen Thanh,1,1,10.3386/w23928
Cyrille Schwellnus,1,1,10.3386/w23928
Cátia Batista,1,1,10.3386/w28726
Céline Antonin,1,1,10.3386/w23928
D Fetters Michael,1,1,10.3386/w31208
Da Zhang,1,1,10.1257/aer.20221215
Daixin He,1,1,10.3386/w28726
Damien Besancenot,1,1,10.3386/w26752
Damilola S. Olawuyi,1,1,10.3386/w31137
Dan Braun,1,1,10.48550/arxiv.2305.07153
Dan Salmon,1,1,10.3386/w26775
Dana Miller‐Cotto,1,1,10.2139/ssrn.4154000
Dana Suskind,1,1,10.3386/w23929
Daniel Brisson,1,1,10.3386/w28106
Daniel C. Esty,1,1,10.3386/w26775
Daniel Cohen,1,1,10.3386/w23928
Daniel Darbyshire,1,1,10.2139/ssrn.4154000
Daniel Ershov,1,1,10.1093/ej/uead102
Daniel Garcia-Macia,1,1,10.3386/w32450
Daniel Graeber,1,1,10.3386/w28106
Daniel J. Ingram,1,1,10.1111/conl.13077
Daniel Kahneman,1,1,10.48550/arxiv.2305.07153
Daniel Kwaah,1,1,10.3386/w30835
Daniel Llerena,1,1,10.3386/w30740
Daniel P. Gross,1,1,10.1257/pandp.20201017
Daniel R. Richards,1,1,10.3386/w31554
Daniel Schäffer,1,1,10.3386/w23929
Daniel W. Phillips,1,1,10.1257/pandp.20201017
Daniela Fazio,1,1,10.2139/ssrn.4154000
Daniela Pennetta,1,1,10.3386/w31137
Danny Cassimon,1,1,10.1257/pandp.20201017
Danxia Xie,1,1,10.3386/w23928
Daojun Li,1,1,10.3386/w23928
Daqian Shi,1,1,10.1257/aer.20221215
Dave Donaldson,1,1,10.3386/w23929
Dave Nellesen,1,1,10.3386/w26775
David B. Audretsch,1,1,10.3386/w23928
David C. Phillips,1,1,10.2139/ssrn.4154000
David Casagrande,1,1,10.3386/w32450
David Chipanta,1,1,10.3386/w28106
David Doloreux,1,1,10.3386/w23928
David Gonzalez-Jimenez,1,1,10.2139/ssrn.3938994
David Hume,1,1,10.3386/w30740
David J. Abson,1,1,10.21203/rs.3.rs-3235955/v1
David J. Kupfer,1,1,10.3386/w23928
David K. Evans,1,1,10.1257/pandp.20201017
David Krueger,1,1,10.48550/arxiv.2305.07153
David Kwon,1,1,10.3386/w26752
David McAdams,1,1,10.1257/pandp.20201017
David McKenzie,1,1,10.3386/w23929
David Mhlanga,1,1,10.3386/w23928
David Piachaud,1,1,10.3386/w23928
David Proudman,1,1,10.3386/w26775
David Rhys Bernard,1,1,10.3386/w28106
Davide Cantoni,1,1,10.3386/w33018
Davide D. Pace,1,1,10.2139/ssrn.3938994
Dawn Song,1,1,10.48550/arxiv.2305.07153
Dean Yang,1,1,10.3386/w23929
Debapriya Mondal,1,1,10.1093/wbro/lkae010
Debasish Sur,1,1,10.3386/w23928
Decheng Fan,1,1,10.3386/w23928
Demetris Vrontis,1,1,10.3386/w23928
Denisse Piérola,1,1,10.2139/ssrn.4154000
Dennis Wesselbaum,1,1,10.3386/w23928
Deqiu Chen,1,1,10.1257/aer.20221215
Dequn Teng,1,1,10.1287/mnsc.2023.4846
Derrick Silove,1,1,10.3386/w28106
Desheng Wu,1,1,10.1257/aer.20221215
Desmond McNeill,1,1,10.1257/pandp.20201017
Dev Patel,1,1,10.3386/w28726
Devesh Singh,1,1,10.3386/w23928
Diala Hajal,1,1,10.3386/w31208
Dianna Amasino,1,1,10.2139/ssrn.3938994
Didier Blanchet,1,1,10.3386/w23928
Didier Lebert,1,1,10.3386/w28726
Diego Bastos,1,1,10.21203/rs.3.rs-3235955/v1
Diego R. Känzig,1,1,10.3386/w32450
Dieter F. Kogler,1,1,10.3386/w23928
Dimitrios Kourouklis,1,1,10.1257/pandp.20201017
Dimitrios P. Tsomocos,1,1,10.3386/w26752
Dimitrios Xefteris,1,1,10.1093/ej/uead102
Dirk Gerritsen,1,1,10.3386/w31137
Divya Mudappa,1,1,10.21203/rs.3.rs-3235955/v1
Divya Solomon,1,1,10.1257/aeri.20230431
Diyi Yang,1,1,10.3386/w23928
Dmitri Kofanov,1,1,10.2139/ssrn.4154000
Dmitry Namiot,1,1,10.48550/arxiv.2305.07153
Dominic Chalmers,1,1,10.3386/w23928
Dominic S. Ogu,1,1,10.1111/conl.13077
Dominik Hangartner,1,1,10.1257/aeri.20210612
Dominique Goux,1,1,10.3386/w23928
Donald P. Morgan,1,1,10.3386/w31137
Douglas Glandon,1,1,10.1257/pandp.20201017
Dovilė Ruplienė,1,1,10.3386/w23928
Drew H. Bailey,1,1,10.2139/ssrn.4154000
Drupad Nair,1,1,10.3386/w28106
Duan Biggs,1,1,10.1111/conl.13077
Duc Dung Le,1,1,10.3386/w31162
Duncan A.Q. Moore,1,1,10.3386/w31409
Dunigan Parker Folk,1,1,10.3386/w28106
Duo Xu,1,1,10.3386/w23928
Durgadas Menon,1,1,10.1257/pandp.20201017
Dylan Hogan,1,1,10.3386/w32450
E. A. Lazeeva,1,1,10.3386/w32450
E. Richard Gold,1,1,10.3386/w26752
Ea Høg Utoft,1,1,10.3386/w31409
Eben N. Broadbent,1,1,10.21203/rs.3.rs-3235955/v1
Ed Noyons,1,1,10.3386/w26752
Edmund W. Cheng,1,1,10.1257/aer.20221215
Edward Glaeser,1,1,10.3386/w23929
Edward H. Soule,1,1,10.3386/w28106
Edward Kong,1,1,10.1257/pandp.20201017
Egon Tripodi,1,1,10.3386/w30011
Ehsan Azarmsa,1,1,10.3386/w31137
Ehsan Valavi,1,1,10.3386/w23928
Eirini Trachanatzi,1,1,10.2139/ssrn.4154000
Ekaterina A. Shlapeko,1,1,10.3386/w32450
Ekaterina Khmelnitskaya,1,1,10.1257/pandp.20201017
Ekaterina Levitskaya,1,1,10.3386/w26752
Ekaterine Ruadze,1,1,10.1093/wbro/lkae010
Eleftherios Andreadis,1,1,10.3386/w23928
Elena Grinza,1,1,10.3386/w23928
Elena V. Lukashina,1,1,10.3386/w23928
Eleni Tasika,1,1,10.2139/ssrn.4154000
Elham Einafshar,1,1,10.1093/wbro/lkae010
Elia Apostolopoulou,1,1,10.3386/w32450
Elira Hoxha,1,1,10.3386/w23928
Elisa F Long,1,1,10.1257/pandp.20201017
Elisabeth Gsottbauer,1,1,10.3386/w30740
Elisabeth Kempf,1,1,10.3386/w32073
Elisabetta Aurino,1,1,10.3386/w31208
Elizabeth Losos,1,1,10.1257/pandp.20201017
Elizabeth Rhodes,1,1,10.2139/ssrn.4154000
Elizabeth Seger,1,1,10.48550/arxiv.2305.07153
Elizabeth W. Dunn,1,1,10.3386/w28106
Elkin Alexi Noguera Urbano,1,1,10.21203/rs.3.rs-3235955/v1
Ellen Matthies,1,1,10.3386/w30011
Ellen V. Muir,1,1,10.1257/pandp.20201017
Elliott Thornley,1,1,10.1016/j.cognition.2021.104941
Elmar Veenendaal,1,1,10.21203/rs.3.rs-3235955/v1
Elona Toska,1,1,10.3386/w28106
Elvin Geng,1,1,10.3386/w28726
Elvis Korku Avenyo,1,1,10.3386/w23928
Emil N. Sørensen,1,1,10.3386/w31162
Emilia Simeonova,1,1,10.3386/w28106
Emiliana Vegas,1,1,10.3386/w31208
Emilio Bisetti,1,1,10.1257/aer.20221215
Emilio Esguerra,1,1,10.1093/ej/uead102
Emily Dardaman,1,1,10.48550/arxiv.2305.07153
Emily Hoppe,1,1,10.3386/w28726
Emir Murathanoglu,1,1,10.3386/w23929
Emma Bluemke,1,1,10.48550/arxiv.2305.07153
Emma Levine,1,1,10.1016/j.cognition.2021.104941
Emma Näslund-Hadley,1,1,10.3386/w31208
Emmanouil Chatzikonstantinou,1,1,10.3386/w23928
Emmanuel Kemel,1,1,10.3386/w30740
Emmanuel Orkoh,1,1,10.3386/w23929
Emmanuel Paroissien,1,1,10.3386/w30740
Emmanuel Tumusiime,1,1,10.3386/w28106
Enola K. Proctor,1,1,10.3386/w28726
Enrique Fernández‐Macías,1,1,10.3386/w23928
Enze Zhang,1,1,10.1257/aer.20221215
Eoghan Stafford,1,1,10.48550/arxiv.2305.07153
Eran Bendavid,1,1,10.1093/wbro/lkae010
Eric Budish,1,1,10.3386/w26775
Eric Mvukiyehe,1,1,10.3386/w23929
Eric Reinhart,1,1,10.3386/w28106
Eric Schwitzgebel,1,1,10.1016/j.cognition.2021.104941
Erica Field,1,1,10.3386/w31162
Erica L. Plambeck,1,1,10.1093/wbro/lkae010
Erica T. Warner,1,1,10.3386/w28726
Erik Engberg,1,1,10.3386/w26752
Erika A. Waters,1,1,10.2139/ssrn.3938994
Erin L. Connolly,1,1,10.1016/j.ijdrr.2022.102798
Erin Leahey,1,1,10.3386/w26752
Erkki Mervaala,1,1,10.3386/w32450
Ernest Owusu Boakye,1,1,10.3386/w31137
Espinosa Oscar,1,1,10.1257/pandp.20201017
Estibaliz Díaz,1,1,10.1111/conl.13077
Eugen Dimant,1,1,10.3386/w28726
Eva Steiner,1,1,10.3386/w31137
Eva Vivalt,1,1,10.3386/w28106
Evan C. Storms,1,1,10.3386/w28726
Evangelia Georgia Kostaki,1,1,10.3386/w31899
Eva‐Marie Meemken,1,1,10.3386/w31354
Evelien van de Veer,1,1,10.2139/ssrn.3938994
Evelina Gavrilova,1,1,10.3386/w28726
F. T. Wu,1,1,10.1257/aer.20221215
Fabian Stephany,1,1,10.3386/w23928
Fabio Manca,1,1,10.3386/w23928
Fabrice Lenseigne,1,1,10.3386/w23928
Facundo Albornoz,1,1,10.3386/w31208
Fahad K. Alkhaldi,1,1,10.3386/w23928
Fahmida Tofail,1,1,10.3386/w28106
Fang Zhang,1,1,10.3386/w23928
Fangjie Si,1,1,10.1257/aer.20221215
Fangwen Lu,1,1,10.3386/w28726
Fanlue Li,1,1,10.1257/aer.20221215
Farheen Khan,1,1,10.3386/w28106
Fatima Cody Stanford,1,1,10.3386/w28726
Fattreza Ihsan,1,1,10.1111/conl.13077
Federico Ciliberto,1,1,10.1257/pandp.20201017
Federico Gómez,1,1,10.3386/w26752
Federico Niccoló Daverio Occhini,1,1,10.1093/ej/uead102
Fei Teng,1,1,10.3386/w32450
Fei Wu,1,1,10.3386/w31137
Feifan Liu,1,1,10.3386/w26752
Feiran Wang,1,1,10.1257/aer.20221215
Feiyi Wang,1,1,10.3386/w26752
Felipe González,1,1,10.3386/w33018
Felix Tintelnot,1,1,10.3386/w32728
Feng Guo,1,1,10.1257/aer.20221215
Feng He,1,1,10.1257/aer.20221215
Feng Huang,1,1,10.1257/aer.20221215
Feng Zhang,1,1,10.3386/w31899
Fernanda Bravo,1,1,10.1257/pandp.20201017
Fernando Aguiar,1,1,10.1016/j.cognition.2021.104941
Fernando Martínez‐Plumed,1,1,10.3386/w26752
Finn Tarp,1,1,10.3386/w28106
Fiona Burlig,1,1,10.3386/w30011
Fionnuala Seiferth,1,1,10.2139/ssrn.4154000
Flavio Calvino,1,1,10.3386/w23928
Florence Aketch,1,1,10.3386/w28726
Florent Vieux,1,1,10.3386/w30740
Florian E. Dorner,1,1,10.3386/w23928
Florian Habermacher,1,1,10.3386/w30740
Floris Zoutman,1,1,10.3386/w28726
Flávio Barboza,1,1,10.3386/w23928
Forhad Shilpi,1,1,10.3386/w23929
Frances C. Moore,1,1,10.3386/w29357
Francesco Bilotta,1,1,10.3386/w32073
Francesco Di Gioia,1,1,10.1016/j.ijdrr.2022.102798
Francesco Rentocchini,1,1,10.3386/w23928
Francesco Trebbi,1,1,10.3386/w32728
Francine Loza,1,1,10.3386/w28726
Francis Wong,1,1,10.2139/ssrn.4154000
Francisco Blanco‐Garrido,1,1,10.1111/conl.13077
Francisco Del Villar,1,1,10.1257/pandp.20201017
Francisco Estrada,1,1,10.3386/w32450
Francisco Muñoz,1,1,10.3386/w33018
Frank Gyimah Sackey,1,1,10.3386/w23929
Frank Hutter,1,1,10.48550/arxiv.2305.07153
Frans Bongers,1,1,10.21203/rs.3.rs-3235955/v1
François Legendre,1,1,10.3386/w23928
François Sémécurbe,1,1,10.3386/w23928
Fred D’Agostino,1,1,10.3386/w26752
Frederic Hanusch,1,1,10.1016/j.ijdrr.2022.102798
Fukang Chen,1,1,10.1257/aer.20221215
Fulvia Marotta,1,1,10.3386/w31137
Fusuo Zhang,1,1,10.1257/aer.20221215
Fırat Şahin,1,1,10.3386/w23928
G. J. Lane,1,1,10.3386/w30011
Gabriel Andrade,1,1,10.1016/j.cognition.2021.104941
Gabriella M. McLoughlin,1,1,10.3386/w28726
Gail E. Austen,1,1,10.1111/conl.13077
Gangdong Peng,1,1,10.3386/w23928
Ganjar Cahyadi,1,1,10.1111/conl.13077
Gaurab Aryal,1,1,10.1257/pandp.20201017
Gautam Anand,1,1,10.3386/w30835
Gautam Rao,1,1,10.3386/w28106
Gaël Varoquaux,1,1,10.3386/w26752
Gbenga Adamolekun,1,1,10.3386/w31137
Ge Zhang,1,1,10.1257/aer.20221215
Geeta Soohinda,1,1,10.1257/aeri.20210612
Gelson Tembo,1,1,10.3386/w28106
Geneviève Savoie‐Dansereau,1,1,10.3386/w23928
Geng Huang,1,1,10.3386/w23928
Genia Kostka,1,1,10.1257/aer.20221215
Geoffrey E. Hinton,1,1,10.48550/arxiv.2305.07153
Geoffrey Heal,1,1,10.3386/w31137
Geoffrey Wood,1,1,10.1257/aer.20221215
George Giannakopoulos,1,1,10.3386/w23928
George Notas,1,1,10.2139/ssrn.4154000
George Psacharopoulos,1,1,10.3386/w31208
Georgia D. Tourassi,1,1,10.3386/w26752
Gerrit von Zedlitz,1,1,10.3386/w31137
Gesa Hartwigsen,1,1,10.3386/w30011
Geyi Zheng,1,1,10.1257/aeri.20210612
Ghislain Bisimwa,1,1,10.3386/w28106
Giacomo Manferdini,1,1,10.3386/w32073
Giacomo Pallante,1,1,10.3386/w30740
Giampaolo Abate Romero Ladini,1,1,10.2139/ssrn.4154000
Giancarlo Spagnolo,1,1,10.1257/pandp.20201017
Gideon Ndubuisi,1,1,10.3386/w23928
Gillian K. Hadfield,1,1,10.48550/arxiv.2305.07153
Gillian Sawyer,1,1,10.3386/w26775
Ginger Zhe Jin,1,1,10.3386/w23929
Giovanna Michelon,1,1,10.1257/aer.20221215
Giray Gözgör,1,1,10.3386/w31137
Girija Bahety,1,1,10.3386/w28726
Giuseppe Dal Prá,1,1,10.1016/j.ijdrr.2022.102798
Giuseppe Rimo,1,1,10.3386/w31137
Glen Gostlow,1,1,10.3386/w31137
Gloria Liou,1,1,10.2139/ssrn.4154000
Goboori Harsh Vardhan,1,1,10.3386/w23928
Godfred Anakpo,1,1,10.3386/w23928
Golnaz Bahrami,1,1,10.3386/w31137
Gonzalo Almeyda,1,1,10.3386/w31208
Gonzalo Arrieta,1,1,10.3386/w30011
Grace C. Huang,1,1,10.3386/w28726
Granger Morgan,1,1,10.1257/pandp.20201017
Grant M Gordon,1,1,10.1257/pandp.20201017
Grant Royd Howard,1,1,10.48550/arxiv.2305.07153
Graziano Moramarco,1,1,10.3386/w32450
Gregor Weiß,1,1,10.3386/w31137
Gregory Sun,1,1,10.3386/w30740
Guanfu Fang,1,1,10.3386/w23928
Guglielmo Zappalà,1,1,10.3386/w32728
Guilherme Lichand,1,1,10.3386/w31208
Guillaume Coqueret,1,1,10.3386/w31137
Guillem Bas,1,1,10.48550/arxiv.2305.07153
Guillermo Lagarda,1,1,10.3386/w23928
Guo Jianxin,1,1,10.1257/aer.20221215
Guoying Li,1,1,10.3386/w23928
Gurubala Kotta,1,1,10.3386/w31137
Gwen Yu,1,1,10.1257/aer.20221215
Gábor Neszveda,1,1,10.2139/ssrn.4154000
H. Kressel,1,1,10.3386/w26752
Habil Otanga,1,1,10.3386/w28106
Hai Liang,1,1,10.1257/aer.20221215
Haichao Fan,1,1,10.3386/w23928
Haichao Liu,1,1,10.1093/ej/uead102
Haijiang Li,1,1,10.1257/aer.20221215
Haijun Xu,1,1,10.1257/aer.20221215
Hailemariam Ayalew,1,1,10.3386/w28726
Haiqin Wang,1,1,10.3386/w23928
Hairu Lang,1,1,10.3386/w30740
Hakan Yilmazkuday,1,1,10.3386/w23928
Halil İbrahim Koruca,1,1,10.3386/w23928
Hamdi Becha,1,1,10.3386/w23928
Hamid Beladi,1,1,10.1257/aeri.20230431
Hamid R. Oskorouchi,1,1,10.3386/w30202
Han Liang,1,1,10.3386/w23928
Han Woo Park,1,1,10.3386/w23928
Hankun Yuan,1,1,10.3386/w23928
Hanlin Wu,1,1,10.3386/w31137
Hannah Kettler,1,1,10.1257/pandp.20201017
Hansen Zhang,1,1,10.3386/w31899
Hans‐Peter Kohler,1,1,10.3386/w28726
Hanxiong Zhang,1,1,10.3386/w31137
Hanène Babay,1,1,10.3386/w23928
Haojie Wu,1,1,10.1257/aer.20221215
Haowei Yu,1,1,10.1257/aer.20221215
Haoxiang Xia,1,1,10.3386/w26752
Haoyu Gao,1,1,10.1257/aer.20221215
Harini Kannan,1,1,10.3386/w28726
Harm Bartholomeus,1,1,10.21203/rs.3.rs-3235955/v1
Harmony N. Arcilla,1,1,10.2139/ssrn.4154000
Harounan Kazianga,1,1,10.3386/w28106
Harris Selod,1,1,10.3386/w23929
Harshavardhan Sampath,1,1,10.1257/aeri.20210612
Harshita Yadav,1,1,10.3386/w30011
Hasan Ghura,1,1,10.3386/w23928
Hasna Chaibi,1,1,10.3386/w23928
Hassan Zaman,1,1,10.3386/w23929
Hawthorne L. Beyer,1,1,10.21203/rs.3.rs-3235955/v1
Heather Orom,1,1,10.2139/ssrn.3938994
Heather Schofield,1,1,10.3386/w28106
Heidi Stöckl,1,1,10.3386/w28106
Heiko Roßnagel,1,1,10.3386/w23928
Helal Uddin Ahmed,1,1,10.3386/w28106
Helen Crabbe,1,1,10.1093/wbro/lkae010
Helen Rees,1,1,10.1257/pandp.20201017
Helena Naffa,1,1,10.3386/w31137
Helene Purcell,1,1,10.3386/w28726
Hema Shah,1,1,10.2139/ssrn.4154000
Henning Vöpel,1,1,10.3386/w23928
Henry G. Grabowski,1,1,10.3386/w26775
Herbert Kimura,1,1,10.3386/w23928
Herrera Andrés,1,1,10.1257/pandp.20201017
Hicham Sadok,1,1,10.3386/w23928
Hidemichi Fujii,1,1,10.3386/w23928
Hoa Briscoe-Tran,1,1,10.3386/w31137
Hoa Trần Thị Vân,1,1,10.3386/w23928
Holger Brandt,1,1,10.3386/w30011
Holger J. Schmidt,1,1,10.3386/w23928
Holger Schmidt,1,1,10.3386/w23928
Hong Song,1,1,10.3386/w31137
Hongjie Zhang,1,1,10.1257/aer.20221215
Hongmei Ma,1,1,10.3386/w23928
Hongqiang Jiang,1,1,10.1257/aer.20221215
Hongwei Yu,1,1,10.1257/aer.20221215
Hongyuan Zhang,1,1,10.3386/w23928
Hongyun Huang,1,1,10.1257/aer.20221215
Hooman Habibnia,1,1,10.2139/ssrn.3938994
Horacio Larreguy,1,1,10.3386/w28726
Houda Mahboub,1,1,10.3386/w23928
Howard Hu,1,1,10.1093/wbro/lkae010
Hua Feng,1,1,10.3386/w23928
Hua Zhang,1,1,10.1257/aer.20221215
Huangsheng Su,1,1,10.1257/aer.20221215
Huangxin Chen,1,1,10.1257/aer.20221215
Huanhuan Wang,1,1,10.1257/aer.20221215
Huasheng Song,1,1,10.3386/w31899
Hugh M. Cartwright,1,1,10.3386/w26752
Hugo Confraria,1,1,10.3386/w26752
Hugo Viciana,1,1,10.1016/j.cognition.2021.104941
Hui Wang,1,1,10.3386/w23928
Hui Xu,1,1,10.1257/aer.20221215
Hui-Ngo Goh,1,1,10.3386/w23928
Huijuan Wang,1,1,10.3386/w23928
Hunt Allcott,1,1,10.3386/w32728
Huong Quynh Nguyen,1,1,10.3386/w23928
Huzhou Zhu,1,1,10.3386/w23928
Hyeyoon Jung,1,1,10.3386/w31137
Hyuk Chung,1,1,10.3386/w23928
Hyunjung Choi,1,1,10.3386/w28106
Hélène Dernis,1,1,10.3386/w23928
I. D. Konovalova,1,1,10.3386/w23928
I. Firth,1,1,10.1257/pandp.20201017
Ichiro Kawachi,1,1,10.3386/w28726
Ifeoma Idigbe,1,1,10.3386/w30835
Ignacio A. Ciampitti,1,1,10.3386/w26752
Ignacio Palacios‐Huerta,1,1,10.3386/w26752
Ignas Bernotas,1,1,10.3386/w31899
Igor Francetić,1,1,10.3386/w30011
Iliana V. Kohler,1,1,10.3386/w28726
Ilija Ćosić,1,1,10.3386/w23928
Ilknur Zer,1,1,10.3386/w31137
Inaoyom Imong,1,1,10.1111/conl.13077
Ingvild Almås,1,1,10.3386/w28106
Intan Khairina Adlina Ahmad,1,1,10.3386/w23928
International Transport Forum,1,1,10.3386/w23928
Irina Tatomyr,1,1,10.3386/w23928
Irma Arteaga,1,1,10.3386/w31208
Irma Khonelidze,1,1,10.1093/wbro/lkae010
Isabel Reynoso,1,1,10.3386/w32450
Isaiah Andrews,1,1,10.3386/w28726
Ishmael Tingbani,1,1,10.3386/w23928
Ismaïl Berrada,1,1,10.3386/w23928
Ivan Soraperra,1,1,10.2139/ssrn.3938994
Ivy Johnson,1,1,10.1016/j.ijdrr.2022.102798
Iván Torre,1,1,10.3386/w28726
J Jesse,1,1,10.3386/w23928
J. C. Castillo,1,1,10.3386/w26775
J. C. Liu,1,1,10.3386/w28726
J. E. M. Robinson,1,1,10.1257/pandp.20201017
J. Gonzales,1,1,10.3386/w23928
J. Jackson Ewing,1,1,10.1257/aer.20221215
J. P. Sevilla,1,1,10.3386/w26775
Jack W. Scannell,1,1,10.3386/w26752
Jacob Bronsther,1,1,10.3386/w32450
Jacob Cates,1,1,10.1016/j.ijdrr.2022.102798
Jacopo Bonan,1,1,10.3386/w28726
Jae-Woong Kim,1,1,10.3386/w28106
Jahnab Bharadwa,1,1,10.3386/w26752
Jahnab Bharadwaj,1,1,10.3386/w26752
Jaime Ros,1,1,10.3386/w23928
Jaime Sevilla,1,1,10.48550/arxiv.2305.07153
James A. Evans,1,1,10.3386/w23928
James Mulhall,1,1,10.1016/j.ijdrr.2022.102798
James Mwera,1,1,10.3386/w28726
James R. Otieno,1,1,10.3386/w28726
James S. Potter,1,1,10.3386/w28726
James T. Erbaugh,1,1,10.1257/aer.20221215
James Throup,1,1,10.1016/j.ijdrr.2022.102798
James Watson,1,1,10.21203/rs.3.rs-3235955/v1
Jamile Youssef,1,1,10.3386/w31208
Jan Brauner,1,1,10.48550/arxiv.2305.07153
Jana Cahlíková,1,1,10.3386/w28726
Jane Hammaker,1,1,10.1257/pandp.20201017
Janne Estill,1,1,10.3386/w28106
Jari S. Algethami,1,1,10.3386/w30835
Jason Mwanza,1,1,10.3386/w28106
Jason Potts,1,1,10.3386/w23928
Jaspreet Pannu,1,1,10.1257/pandp.20201017
Javed Hossain,1,1,10.3386/w23928
Javier D. Donna,1,1,10.3386/w31354
Jean N. Lee,1,1,10.3386/w23929
Jean Nahrae Lee,1,1,10.3386/w26775
Jean Robert Kala Kamdjoug,1,1,10.3386/w23928
Jean-Luc Tavernier,1,1,10.3386/w23928
Jean-Pierre Landau,1,1,10.3386/w32450
Jeff Clune,1,1,10.48550/arxiv.2305.07153
Jeff Malpas,1,1,10.3386/w26752
Jeffray Behr,1,1,10.1016/j.ijdrr.2022.102798
Jeffrey B. Liebman,1,1,10.2139/ssrn.4154000
Jeffrey R. Vincent,1,1,10.21203/rs.3.rs-3235955/v1
Jeffrey Sachs,1,1,10.3386/w23928
Jena D. Hamadani,1,1,10.3386/w28106
Jeng-Bau Lin,1,1,10.3386/w32450
Jenifer Clapp,1,1,10.2139/ssrn.4154000
Jenna Allard,1,1,10.3386/w23929
Jenna E. Forsyth,1,1,10.1093/wbro/lkae010
Jennifer A. Campbell,1,1,10.2139/ssrn.4154000
Jennifer L. Baker,1,1,10.3386/w31162
Jennifer L. Hay,1,1,10.2139/ssrn.3938994
Jennifer T. Lai,1,1,10.3386/w23928
Jennifer Wilson,1,1,10.3386/w28106
Jenny Carolina Hernández Cardozo,1,1,10.3386/w31208
Jeromin Zettelmeyer,1,1,10.3386/w32450
Jesmin Sultana,1,1,10.1093/wbro/lkae010
Jess Cornaggia,1,1,10.3386/w31137
Jesse Ribot,1,1,10.1257/aer.20221215
Jessica Goldberg,1,1,10.3386/w28726
Jessica Schmeiss,1,1,10.3386/w23928
Jessie Sun,1,1,10.1016/j.cognition.2021.104941
Jesús Fernández‐Villaverde,1,1,10.3386/w31137
Jhonathan Rodríguez,1,1,10.1257/pandp.20201017
Ji Lu,1,1,10.1257/aer.20221215
Jia Xu,1,1,10.1093/ej/uead102
Jiabin Fang,1,1,10.3386/w23928
Jiajun Han,1,1,10.3386/w23929
Jiakai Zhang,1,1,10.3386/w32728
Jiamin Wang,1,1,10.3386/w23928
Jiaming Wang,1,1,10.1257/aer.20221215
Jianan Yang,1,1,10.3386/w28726
Jianbo Huang,1,1,10.1257/aer.20221215
Jianfeng Guo,1,1,10.3386/w23928
Jiangyuan Liang,1,1,10.1257/aer.20221215
Jianhong Qi,1,1,10.1257/aer.20221215
Jiankun Gong,1,1,10.1093/ej/uead102
Jianshuo Chen,1,1,10.3386/w23928
Jiansong Tang,1,1,10.1257/aer.20221215
Jianyong Fan,1,1,10.3386/w31899
Jiaofeng Pan,1,1,10.3386/w23928
Jiaoyun Yang,1,1,10.3386/w30011
Jiaqi Liu,1,1,10.1257/aer.20221215
Jiaqi Zhang,1,1,10.1257/aer.20221215
Jiashun Huang,1,1,10.1257/aer.20221215
Jiawei Gao,1,1,10.3386/w23928
Jiayi Yan,1,1,10.1257/aer.20221215
Jiayin Zhu,1,1,10.1257/aer.20221215
Jicai Liu,1,1,10.1257/aer.20221215
Jidong Chen,1,1,10.1257/aer.20221215
Jie Gao,1,1,10.3386/w23928
Jie Lai,1,1,10.1257/aer.20221215
Jie Zheng,1,1,10.1257/aer.20221215
Jiefeng Kang,1,1,10.1111/conl.13077
Jie‐Sheng Tan‐Soo,1,1,10.3386/w32728
Jignesh Chandarana,1,1,10.3386/w23928
Jigyasa Kaur,1,1,10.3386/w30011
Jill Hoiting,1,1,10.2139/ssrn.4154000
Jin Shi,1,1,10.3386/w31137
Jin Xiao,1,1,10.1257/aer.20221215
Jin Ze-hu,1,1,10.1257/aer.20221215
Jin-Feng Huang,1,1,10.3386/w23928
Jincheng Li,1,1,10.1257/aer.20221215
Jinchi Dong,1,1,10.1257/aer.20221215
Jinfeng Liang,1,1,10.3386/w23928
Jing Lu,1,1,10.1257/aer.20221215
Jing Niu,1,1,10.3386/w23928
Jing Ren,1,1,10.1257/aer.20221215
Jing Xie,1,1,10.1257/aer.20221215
Jing Zhao,1,1,10.1257/aer.20221215
Jingbing Feng,1,1,10.1257/aer.20221215
Jinglei Huang,1,1,10.3386/w23928
Jinglong Chen,1,1,10.3386/w23928
Jingwei Ni,1,1,10.3386/w31137
Jingya Qian,1,1,10.1257/aer.20221215
Jinlan Ni,1,1,10.1257/aer.20221215
Jinli Wang,1,1,10.1257/aer.20221215
Jinmin Wang,1,1,10.1257/aer.20221215
Jintao Fu,1,1,10.1257/aer.20221215
Jinting Dong,1,1,10.1257/aer.20221215
Jize Jiang,1,1,10.1257/aer.20221215
Jiří Trešl,1,1,10.3386/w31137
Joan Manuel Rodríguez-Díaz,1,1,10.3386/w30835
Joan Martínez Alier,1,1,10.3386/w32450
Joanna Wang,1,1,10.3386/w23928
Joaquin A. Montell,1,1,10.3386/w23928
Jocelyn Kelley,1,1,10.3386/w30011
Jocelyn Kelly,1,1,10.3386/w30011
Jochen Monstadt,1,1,10.1257/aer.20221215
Joe Dodd,1,1,10.3386/w30011
Joel Hestness,1,1,10.3386/w23928
Joel McGuire,1,1,10.3386/w28106
Joel Shapiro,1,1,10.3386/w31137
Joern Fischer,1,1,10.21203/rs.3.rs-3235955/v1
Johan Karlsson,1,1,10.3386/w26752
Johan Rockström,1,1,10.3386/w32450
Johan de Jong,1,1,10.21203/rs.3.rs-3235955/v1
Johanna Hedlund,1,1,10.1016/j.ijdrr.2022.102798
Johannes A. Jacobs,1,1,10.3386/w32450
Johannes Jaspersen,1,1,10.3386/w31137
Johannes Klausmann,1,1,10.3386/w31137
Johannes König,1,1,10.3386/w23928
Johannes Wimmer,1,1,10.1093/ej/uead102
Johannes Zimmermann,1,1,10.3386/w30011
John A. Maluccio,1,1,10.3386/w31162
John A. Roper,1,1,10.3386/w32450
John F. Rauthmann,1,1,10.3386/w30011
John Floretta,1,1,10.3386/w28726
John Gathergood,1,1,10.3386/w30740
John Herbohn,1,1,10.21203/rs.3.rs-3235955/v1
John Hoddinott,1,1,10.3386/w28106
John L. Campbell,1,1,10.3386/w23928
John Manuel Barrios,1,1,10.3386/w23928
John Quattrochi,1,1,10.3386/w28106
John R. Weisz,1,1,10.3386/w28106
John Zhuang Liu HKU,1,1,10.1257/aer.20221215
John‐Oliver Engler,1,1,10.1016/j.ijdrr.2022.102798
Jon Bielby,1,1,10.1111/conl.13077
Jon Kleinberg,1,1,10.3386/w23928
Jon Kvist,1,1,10.2139/ssrn.4154000
Jonas Antanavičius,1,1,10.3386/w31899
Jonas B. Sandbrink,1,1,10.1257/pandp.20201017
Jonas Krogh Madsen,1,1,10.2139/ssrn.4154000
Jonas Meckling,1,1,10.3386/w26775
Jonas Schuett,1,1,10.48550/arxiv.2305.07153
Jonathan Goupille-Lebret,1,1,10.3386/w23928
Jonathan Morduch,1,1,10.3386/w23929
Jonathan Sotsky,1,1,10.3386/w31409
Jonathan Wai,1,1,10.3386/w26752
Jonathan Wittau,1,1,10.3386/w26752
Jordy Rillaerts,1,1,10.3386/w31137
Jorge A. Meave,1,1,10.21203/rs.3.rs-3235955/v1
Jorge Britto,1,1,10.3386/w23928
Joschka Flintz,1,1,10.3386/w32728
Jose Manuel Ochoa‐Quintero,1,1,10.21203/rs.3.rs-3235955/v1
Joseph Bamidele Awotunde,1,1,10.3386/w23928
Joseph E. Aldy,1,1,10.3386/w26775
Joseph E. Stiglitz,1,1,10.3386/w23928
Joseph H. Davis,1,1,10.3386/w23928
Joseph Karguia,1,1,10.3386/w28726
Joseph Nyaga,1,1,10.3386/w28106
Joseph Shapiro,1,1,10.3386/w32728
Joseph Simbaya,1,1,10.3386/w28106
Joseph W. Bull,1,1,10.3386/w31137
Joseph Zeira,1,1,10.3386/w23928
Josep‐Oriol Escardíbul,1,1,10.3386/w23928
Josh Greenberg,1,1,10.3386/w31409
Joshua D. Lambert,1,1,10.1016/j.ijdrr.2022.102798
Joshua Teperowski Monrad,1,1,10.1257/pandp.20201017
Josie Coburn,1,1,10.3386/w31409
José Hernández‐Orallo,1,1,10.3386/w26752
José R. Suárez-López,1,1,10.3386/w32450
José Rômulo de Castro Vieira,1,1,10.3386/w23928
José Vicente Sancho Escrivá,1,1,10.3386/w23928
João Carlos Ferraz,1,1,10.3386/w23928
Juan Li,1,1,10.3386/w23928
Juan Manuel Guío,1,1,10.3386/w23928
Juan Manuel Hernández-Agramonte,1,1,10.3386/w31208
Juan Mateos-García,1,1,10.3386/w23928
Juan Pablo Chauvin,1,1,10.3386/w30624
Juanjuan Meng,1,1,10.3386/w23928
Jukka Riekki,1,1,10.3386/w26752
Julia Lane,1,1,10.3386/w31409
Julia Sweatman,1,1,10.3386/w26775
Julia Torracca,1,1,10.3386/w23928
Julia Vaillant,1,1,10.3386/w28106
Julian Hazell,1,1,10.48550/arxiv.2305.07153
Julian M. Alston,1,1,10.1257/pandp.20201017
Juliane Degner,1,1,10.3386/w30011
Julie Chytilová,1,1,10.3386/w28726
Julie Djiriguian,1,1,10.3386/w23928
Julien‐François Gerber,1,1,10.3386/w32450
Julieta Vera Rueda,1,1,10.3386/w31162
Julio González-Díaz,1,1,10.3386/w26752
Julius Dohbit Sama,1,1,10.3386/w28726
Jun Bi,1,1,10.1257/aer.20221215
Jun Li,1,1,10.3386/w32728
Jungkyu Suh,1,1,10.3386/w31899
Junli Cheng,1,1,10.3386/w23929
Junling Huang,1,1,10.1257/aer.20221215
Junming Chen,1,1,10.1257/aer.20221215
Junyan Zhang,1,1,10.3386/w26752
Junyi Feng,1,1,10.3386/w31137
Junyin Tan,1,1,10.3386/w23928
Jérémy Scheurer,1,1,10.48550/arxiv.2305.07153
Jörn R. Sparfeldt,1,1,10.3386/w30011
K. Banskota,1,1,10.3386/w31137
K. K. Mahajan,1,1,10.1257/aeri.20230431
K. Sowmya,1,1,10.3386/w23928
K.P. Prabheesh,1,1,10.3386/w32450
Kai Lin,1,1,10.3386/w23928
Kai Xu,1,1,10.1257/aer.20221215
Kaida Liang,1,1,10.1093/wbro/lkae010
Kaidong Yu,1,1,10.1093/ej/uead102
Kairan Liu,1,1,10.3386/w23928
Kaiyuan Xiao,1,1,10.1257/aer.20221215
Kaja Kinga Jasińska,1,1,10.2139/ssrn.4154000
Kalipso Chalkidou,1,1,10.1257/pandp.20201017
Kalle Hirvonen,1,1,10.3386/w28106
Kalpana Balakrishnan,1,1,10.3386/w32450
Kamel Helali,1,1,10.3386/w23928
Kamiar Mohaddes,1,1,10.3386/w32450
Kamlesh Narwani,1,1,10.3386/w23928
Kangyin Dong,1,1,10.1257/aer.20221215
Kantika Khanthawithoon,1,1,10.3386/w23928
Kaoutar Sefrioui Boujemaa,1,1,10.3386/w23928
Kara Kedrick,1,1,10.3386/w26752
Karen Liseth Atis Ortega,1,1,10.3386/w23928
Karen Macours,1,1,10.3386/w31162
Kari Heimonen,1,1,10.3386/w31137
Karlina Indraswari,1,1,10.1111/conl.13077
Karrie A.B. Walker,1,1,10.1257/pandp.20201017
Kartik Anand,1,1,10.3386/w31137
Kat Adams Shannon,1,1,10.2139/ssrn.4154000
Katarzyna Lipowska,1,1,10.1093/ej/uead102
Kate Schwartz,1,1,10.3386/w31208
Kateryna Shatnenko,1,1,10.1257/aeri.20210612
Katharina Szota,1,1,10.3386/w30011
Katherine A. DeCelles,1,1,10.2139/ssrn.4154000
Katherine Adams Shannon,1,1,10.2139/ssrn.4154000
Katherine Calhoun,1,1,10.3386/w28106
Katherine E. Venturo‐Conerly,1,1,10.3386/w28106
Katherine L. Marshall,1,1,10.3386/w30835
Katherine Lacasse,1,1,10.3386/w32450
Katherine Meckel,1,1,10.3386/w30011
Katherine Richard,1,1,10.2139/ssrn.4154000
Katherine Rittenhouse,1,1,10.3386/w30011
Kathrin Grosse,1,1,10.48550/arxiv.2305.07153
Kathrin Wolf,1,1,10.1257/pandp.20201017
Katrine Sonne‐Hansen,1,1,10.3386/w26752
Katy Bergstrom,1,1,10.3386/w28726
Kazunobu Muro,1,1,10.3386/w23928
Ke He,1,1,10.1257/aer.20221215
Ke-Liang Wang,1,1,10.3386/w23928
Keita Fukasawa,1,1,10.1111/conl.13077
Kelly Holland,1,1,10.3386/w28726
Kelly Kaila,1,1,10.3386/w28106
Kelly M. Doran,1,1,10.2139/ssrn.4154000
Kenichiro Onitsuka,1,1,10.3386/w23929
Kenneth Gillingham,1,1,10.3386/w31137
Kenneth L. Davis,1,1,10.3386/w23928
Keri M. Guilbault,1,1,10.3386/w26752
Kerong Zhang,1,1,10.3386/w23928
Kerstin Hötte,1,1,10.3386/w23928
Ketki Sheth,1,1,10.3386/w30835
Kevin Carney,1,1,10.3386/w28726
Kevin Donovan,1,1,10.3386/w23929
Kevin Hosford,1,1,10.3386/w26752
Kevin R. James,1,1,10.3386/w26752
Kevin Rassool,1,1,10.1016/j.ijdrr.2022.102798
Kevin Wei,1,1,10.48550/arxiv.2305.07153
Kexu Wu,1,1,10.3386/w23928
Keyi Tang,1,1,10.1257/aer.20221215
Khagendra Subba,1,1,10.3386/w31208
Khalid Fardousse,1,1,10.3386/w23928
Khatuna Akhalaia,1,1,10.1093/wbro/lkae010
Khine Kyaw,1,1,10.3386/w31137
Kibrom A. Abay,1,1,10.3386/w28726
Kimberly Berg,1,1,10.3386/w32450
Kiparissenia Samara,1,1,10.3386/w31899
Kirsten M. McMillan,1,1,10.1111/conl.13077
Kirun Sankaran,1,1,10.1257/pandp.20201017
Klaus Kümmerer,1,1,10.21203/rs.3.rs-3235955/v1
Koen Maaskant,1,1,10.3386/w23929
Koen Schoors,1,1,10.3386/w33018
Konstantin Büchel,1,1,10.3386/w31208
Kosuke Inoue,1,1,10.3386/w28726
Kota Mameno,1,1,10.1111/conl.13077
Kotamarti Sushanth,1,1,10.3386/w23928
Kreshnik Vukatana,1,1,10.3386/w23928
Krishna Kumar Yadav,1,1,10.3386/w30835
Kristin Kiesel,1,1,10.3386/w30740
Kristina Matuzevičiūtė,1,1,10.3386/w23928
Kristina Suchotzki,1,1,10.3386/w30011
Kultar Singh,1,1,10.3386/w28726
Kumari Smita,1,1,10.3386/w30011
Kun Yang,1,1,10.3386/w23928
Kyle J. Moon,1,1,10.2139/ssrn.4154000
Kyunam Kim,1,1,10.3386/w23928
L. Guillermo Woo-Mora,1,1,10.1093/ej/uead102
Lalitha Sundaram,1,1,10.1016/j.ijdrr.2022.102798
Lamiaa Fiala,1,1,10.3386/w32093
Langtian Ma,1,1,10.48550/arxiv.2107.06476
Lara Bartels,1,1,10.3386/w30740
Larissa Lushniak,1,1,10.3386/w28726
Laura Boudreau,1,1,10.3386/w23929
Laura Cook,1,1,10.1016/j.ijdrr.2022.102798
Laura Levaggi,1,1,10.3386/w31272
Laura Schechter,1,1,10.3386/w28726
Laura Stilwell,1,1,10.2139/ssrn.4154000
Laura Veldkamp,1,1,10.3386/w23928
Laurel Krovetz,1,1,10.1257/aeri.20210612
Lauren Coad,1,1,10.1111/conl.13077
Lauren Meyer,1,1,10.2139/ssrn.4154000
Laurence J. Kotlikoff,1,1,10.3386/w23928
Lawrence O. Gostin,1,1,10.3386/w26775
Lea Samek,1,1,10.3386/w23928
Leah R. Rosenzweig,1,1,10.3386/w28726
Leandra Scharnhorst,1,1,10.3386/w32450
Lee Crawfurd,1,1,10.3386/w30835
Lee Sharkey,1,1,10.48550/arxiv.2305.07153
Lefteris Andreadis,1,1,10.3386/w23928
Lei Lei,1,1,10.1257/aer.20221215
Lei Liu,1,1,10.3386/w30011
Lei Shi,1,1,10.1257/aer.20221215
Leland E. Farmer,1,1,10.1257/pandp.20201017
Lelys Dinarte-Diaz,1,1,10.3386/w28106
Lena Frischlich,1,1,10.3386/w30011
Leonard E. Egede,1,1,10.2139/ssrn.4154000
Leonardo M. Giuffrida,1,1,10.1257/pandp.20201017
Leonhard Vollmer,1,1,10.1093/ej/uead102
Leonie Koessler,1,1,10.48550/arxiv.2305.07153
Li Lin,1,1,10.1257/aer.20221215
Li Sun,1,1,10.1257/aer.20221215
Lianchao Yu,1,1,10.1257/aer.20221215
Liang Liu,1,1,10.3386/w23928
Liangke Liu,1,1,10.1257/aer.20221215
Liangyu Jiang,1,1,10.3386/w23928
Lichen Qiao,1,1,10.3386/w23928
Lienda Bashier Eltayeb,1,1,10.3386/w30835
Lifan Shi,1,1,10.3386/w23928
Lili Wang,1,1,10.3386/w23928
Lili Xia,1,1,10.1016/j.ijdrr.2022.102798
Lili Yan,1,1,10.1257/aer.20221215
Lilla Bánkuty-Balogh,1,1,10.3386/w23928
Lilla Sarolta Bánkuty-Balogh,1,1,10.3386/w23928
Limei Yang,1,1,10.1257/aer.20221215
Lin Ding,1,1,10.3386/w23928
Lin Feng,1,1,10.3386/w23929
Lin Guo,1,1,10.3386/w23928
Lin Li,1,1,10.1257/aer.20221215
Lin Yang,1,1,10.3386/w31554
Lina Garšvienė,1,1,10.3386/w23928
Lina Torossian,1,1,10.3386/w31208
Linda Ponta,1,1,10.3386/w23928
Ling Dai,1,1,10.1257/aer.20221215
Lingqian Kong,1,1,10.1257/aer.20221215
Lingxiao Yang,1,1,10.3386/w23928
Lingyun Chen,1,1,10.1257/aer.20221215
Ling‐Yun He,1,1,10.3386/w23928
Linh Tu Ho,1,1,10.3386/w23928
Linh Vu,1,1,10.2139/ssrn.3938994
Linjie Feng,1,1,10.1257/aer.20221215
Lint Barrage,1,1,10.1257/aeri.20230431
Lior Horesh,1,1,10.3386/w26752
Lirui Jiao,1,1,10.3386/w31137
Lisa Ho,1,1,10.3386/w28726
Lisa Rogge,1,1,10.3386/w28726
Lisa Sheenan,1,1,10.3386/w31137
Lise G. Bjerregaard,1,1,10.3386/w31162
Lisen Arnheim‐Dahlström,1,1,10.3386/w28726
Lixin Zhang,1,1,10.3386/w23928
Liya Miao,1,1,10.3386/w23928
Liz Ota,1,1,10.21203/rs.3.rs-3235955/v1
Long Niu,1,1,10.1257/aer.20221215
Longpeng Zhang,1,1,10.3386/w23928
Longzheng Du,1,1,10.3386/w23928
Lorenzo Rodrigo Aldeco Leo,1,1,10.1257/aeri.20230431
Louis J. Gross,1,1,10.3386/w32450
Louis Tay,1,1,10.2139/ssrn.4154000
Louis-Maël Jean,1,1,10.3386/w28726
Lourens Poorter,1,1,10.21203/rs.3.rs-3235955/v1
Luca Braghieri,1,1,10.1257/aeri.20210612
Luca Farè,1,1,10.3386/w23928
Luca Henkel,1,1,10.3386/w32073
Luca Stella,1,1,10.3386/w23928
Lucas Hertzog,1,1,10.3386/w28106
Lucas Siga,1,1,10.3386/w31663
Lucia A. Reisch,1,1,10.3386/w30740
Lucie Cluver,1,1,10.3386/w28106
Lucie Gadenne,1,1,10.3386/w32093
Lucius Bushnaq,1,1,10.48550/arxiv.2305.07153
Lucius Caviola,1,1,10.1016/j.cognition.2021.104941
Lucy Amissah,1,1,10.21203/rs.3.rs-3235955/v1
Lucy Ogbu-Nwobodo,1,1,10.3386/w28726
Luis Hernando Romero Jiménez,1,1,10.21203/rs.3.rs-3235955/v1
Luisa Feline Freier,1,1,10.2139/ssrn.4154000
Lukas Bieringer,1,1,10.48550/arxiv.2305.07153
Lukas Bolte,1,1,10.3386/w30011
Lukas Brandl-Cheng,1,1,10.3386/w23928
Lukas Lehner,1,1,10.2139/ssrn.4154000
Lukas Zimmermann,1,1,10.3386/w31137
Luke Munford,1,1,10.3386/w30011
Luke R. Aldridge,1,1,10.3386/w30011
Luping Yu,1,1,10.3386/w31137
Lutz Bornmann,1,1,10.3386/w26752
M Stratinaki,1,1,10.2139/ssrn.4154000
M. Granger Morgan,1,1,10.1257/pandp.20201017
M. J. Guo,1,1,10.3386/w23928
M. L. Rivers,1,1,10.1016/j.ijdrr.2022.102798
M. Link,1,1,10.3386/w23928
M. S. Rahman,1,1,10.3386/w23928
M. Taha Kasim,1,1,10.1093/ej/uead102
M. Xu,1,1,10.1257/aer.20221215
M.A.G. von Keyserlingk,1,1,10.1080/21606544.2022.2138980
M.K.G. Abbas,1,1,10.3386/w30835
Mabel Machado López,1,1,10.3386/w23928
Maciej Jakubowski,1,1,10.3386/w31208
Maciej Turała,1,1,10.3386/w23928
Mackenzie Arnold,1,1,10.48550/arxiv.2305.07153
Madeline Werthschulte,1,1,10.3386/w30740
Madelon Lohbeck,1,1,10.21203/rs.3.rs-3235955/v1
Magdalena Wache,1,1,10.1016/j.ijdrr.2022.102798
Magdolna Sass,1,1,10.3386/w23928
Maha Awjan Alreshidi,1,1,10.3386/w30835
Maha Kalai,1,1,10.3386/w23928
Mahamane L. Manzo,1,1,10.3386/w28726
Mahbubur Rahman,1,1,10.1093/wbro/lkae010
Maheshwor Shrestha,1,1,10.3386/w28726
Mahmuda Mahmuda,1,1,10.3386/w28106
Mai Dong Tran,1,1,10.3386/w26752
Maja E. Marcus,1,1,10.3386/w28726
Maks Khomenko,1,1,10.3386/w26775
Malka N. Halgamuge,1,1,10.48550/arxiv.2305.07153
Mallikarjun Shankar,1,1,10.3386/w26752
Manas Kumar Yogi,1,1,10.3386/w31208
Manaswini Rao,1,1,10.3386/w28726
Manfred Sneps-Sneppe,1,1,10.48550/arxiv.2305.07153
Mangadevi Atti,1,1,10.3386/w31208
Manolis Chatzikonstantinou,1,1,10.3386/w23928
Maobin Wang,1,1,10.1257/aer.20221215
Maoliang Ye,1,1,10.3386/w28726
Maram Ahmed,1,1,10.1257/pandp.20201017
Marc Auboin,1,1,10.1257/pandp.20201017
Marc Edwards,1,1,10.3386/w26752
Marc Scheufen,1,1,10.3386/w23928
Marc T. Kiviniemi,1,1,10.2139/ssrn.3938994
Marcel Knöchelmann,1,1,10.3386/w26752
Marcel Llavero‐Pasquina,1,1,10.3386/w32450
Marcello Nieddu,1,1,10.3386/w23928
Marcelo Villa‐Piñeros,1,1,10.21203/rs.3.rs-3235955/v1
Marco Iansiti,1,1,10.3386/w23928
Marco Raberto,1,1,10.3386/w23928
Marco Savorgnan,1,1,10.3386/w23928
Marcus Maurer,1,1,10.1093/ej/uead102
Margaret Hamburg,1,1,10.3386/w26775
Margaret Skutsch,1,1,10.3386/w31137
Margarita Leib,1,1,10.2139/ssrn.3938994
Margot Neyret,1,1,10.3386/w31554
Marguerita Lane,1,1,10.3386/w23928
Maria Julia de Lima Brossi,1,1,10.1016/j.ijdrr.2022.102798
Maria Loreto Biehl,1,1,10.3386/w31208
Maria von Salisch,1,1,10.21203/rs.3.rs-3235955/v1
Marian Stamp Dawkins,1,1,10.1080/21606544.2022.2138980
Marie Kammer,1,1,10.3386/w31354
Marina M.S. Cabral-Pinto,1,1,10.3386/w30835
Marina Schmoeller,1,1,10.21203/rs.3.rs-3235955/v1
Marine Casalis,1,1,10.1257/aeri.20210612
Mario Benassi,1,1,10.3386/w23928
Mario Macis,1,1,10.3386/w28726
Mario Schmidt,1,1,10.3386/w28106
Marius Hobbhahn,1,1,10.48550/arxiv.2305.07153
Marjorie Jauregui,1,1,10.1016/j.ijdrr.2022.102798
Mark A. Chen,1,1,10.3386/w23928
Mark Andor,1,1,10.3386/w32728
Mark Budolfson,1,1,10.1080/21606544.2022.2138980
Mark Buntaine,1,1,10.1257/aer.20221215
Mark Engelbert,1,1,10.1257/pandp.20201017
Mark Rider,1,1,10.1093/ej/uead102
Mark Shepard,1,1,10.3386/w30740
Markus Anderljung,1,1,10.48550/arxiv.2305.07153
Markus Baer,1,1,10.3386/w26752
Markus Goldstein,1,1,10.3386/w28106
Marshall Burke,1,1,10.3386/w32450
Marta Götz,1,1,10.3386/w23928
Martin Bækgaard,1,1,10.2139/ssrn.4154000
Martin Förster,1,1,10.3386/w31272
Martin Hedlund,1,1,10.3386/w26752
Martin J. Field,1,1,10.3386/w28106
Martin Obschonka,1,1,10.3386/w23928
Martin Schindler,1,1,10.3386/w23928
Martina Bisello,1,1,10.3386/w23928
Martina Kirchberger,1,1,10.3386/w23929
Marvin Gleue,1,1,10.2139/ssrn.3938994
Mary Merva,1,1,10.3386/w23928
Maryanne Schretzman,1,1,10.2139/ssrn.4154000
María Eugenia Sanin,1,1,10.3386/w31137
María José Escartí Fabra,1,1,10.3386/w23928
María Mendoza Michilot,1,1,10.3386/w23928
María Montoya-Aguirre,1,1,10.1093/ej/uead102
María T. Soto-Sanfiel,1,1,10.3386/w23928
María de la Iglesia-Vayá,1,1,10.3386/w23928
Masamine Jimba,1,1,10.3386/w28726
Massimiliano Caporin,1,1,10.3386/w31137
Mateusz Smoter,1,1,10.1093/ej/uead102
Mathieu Decuyper,1,1,10.21203/rs.3.rs-3235955/v1
Mathieu Guigourez,1,1,10.3386/w32073
Mathilde Pak,1,1,10.3386/w23928
Matilde Bombardini,1,1,10.3386/w32728
Matilde Giaccherini,1,1,10.3386/w30740
Matt Boyd,1,1,10.1016/j.ijdrr.2022.102798
Matt Goldman,1,1,10.3386/w28726
Matt Sutton,1,1,10.3386/w30011
Matt Taddy,1,1,10.3386/w28726
Matteo Crosignani,1,1,10.3386/w31137
Matthew A. Turner,1,1,10.1257/aeri.20230431
Matthew Bird,1,1,10.2139/ssrn.4154000
Matthew Freedman,1,1,10.2139/ssrn.4154000
Matthew Gustafson,1,1,10.3386/w31137
Matthew Mitchell,1,1,10.1093/ej/uead102
Matthew Ridley,1,1,10.3386/w28106
Matí­as Busso,1,1,10.3386/w30624
Maurizio Bussolo,1,1,10.3386/w28726
Maurizio Zanardi,1,1,10.1093/ej/uead102
Mauro Mazzocut,1,1,10.3386/w26752
Max Alexander Matthey,1,1,10.1257/pandp.20201017
Max Berg,1,1,10.3386/w30011
Max Kleinebrahm,1,1,10.3386/w32450
Maximilian Lackner,1,1,10.1016/j.ijdrr.2022.102798
Maximilian Maier,1,1,10.1016/j.cognition.2021.104941
Maximilian Maydanchik,1,1,10.3386/w32728
Maximilian Mihm,1,1,10.3386/w31663
Maya B Mathur,1,1,10.2139/ssrn.3938994
Md Noman Hossain,1,1,10.3386/w31137
Md Rajib Kamal,1,1,10.3386/w31137
Md. Ahasan Habib,1,1,10.3386/w30835
Md. Mir Abu Raihan,1,1,10.3386/w30835
Meagan Pilar,1,1,10.3386/w28726
Meaghan Stacy,1,1,10.3386/w28106
Meera Mahadevan,1,1,10.1257/aeri.20230431
Megan Lang,1,1,10.3386/w28106
Mehdi Raissi,1,1,10.3386/w32450
Mehmet Akif Destek,1,1,10.3386/w23928
Mehran Ullah,1,1,10.48550/arxiv.2305.07153
Mei-e Xie,1,1,10.3386/w23928
Meilin Jin,1,1,10.1257/aer.20221215
Melanie I. Stefan,1,1,10.3386/w26752
Melina Moleskis,1,1,10.2139/ssrn.4154000
Melissa Graboyes,1,1,10.3386/w28726
Meltem Ikinci,1,1,10.2139/ssrn.4154000
Meng Du,1,1,10.3386/w23928
Mengmeng Xie,1,1,10.3386/w23928
Mengting Chen,1,1,10.3386/w32728
Mengxia Yang,1,1,10.3386/w31899
Mengxu Li,1,1,10.1257/aer.20221215
Merter Mert,1,1,10.3386/w23928
Miaomiao Liu,1,1,10.1257/aer.20221215
Michael Aird,1,1,10.48550/arxiv.2305.07153
Michael B. Fisher,1,1,10.1093/wbro/lkae010
Michael Cuna,1,1,10.3386/w32093
Michael Gofman,1,1,10.3386/w23928
Michael Greene,1,1,10.2139/ssrn.4154000
Michael Kubach,1,1,10.3386/w23928
Michael Mies,1,1,10.3386/w31137
Michael Park,1,1,10.3386/w26752
Michael R. Carter,1,1,10.1257/aeri.20210612
Michael Ricks,1,1,10.3386/w32728
Michael Rochlitz,1,1,10.3386/w33018
Michael Siegrist,1,1,10.2139/ssrn.3938994
Michael Urselmann,1,1,10.1287/mnsc.2020.00596
Michael Zaehringer,1,1,10.3386/w32450
Michal Bauer,1,1,10.3386/w28726
Michal Usowicz,1,1,10.3386/w30835
Micheal Ainomugisha,1,1,10.3386/w31208
Michele Veldsman,1,1,10.3386/w26752
Michelle Cherian,1,1,10.3386/w30835
Michelle G. Craske,1,1,10.3386/w30011
Michelle Lee,1,1,10.3386/w31554
Miguel Clavero,1,1,10.1111/conl.13077
Miguel I. Gómez,1,1,10.1257/pandp.20201017
Miguel Martínez‐Ramos,1,1,10.21203/rs.3.rs-3235955/v1
Miguel Székely,1,1,10.1257/pandp.20201017
Mihaï Tivadar,1,1,10.3386/w31554
Mika Kunieda,1,1,10.3386/w28726
Mikel Berdud,1,1,10.1257/pandp.20201017
Mikita Balesni,1,1,10.48550/arxiv.2305.07153
Milena Bainduri,1,1,10.1093/wbro/lkae010
Milojko Arsić,1,1,10.3386/w23928
Milton Calderón,1,1,10.3386/w31208
Min Hu,1,1,10.3386/w30011
Min Sok Lee,1,1,10.3386/w23929
Min Song,1,1,10.1257/aer.20221215
Min Zheng,1,1,10.3386/w23928
Minchun Han,1,1,10.3386/w23928
Ming Chen,1,1,10.1257/aer.20221215
Ming Li,1,1,10.3386/w23929
Ming Zhang,1,1,10.1257/aer.20221215
Mingchuan Yu,1,1,10.3386/w23928
Mingming Jiang,1,1,10.1257/aer.20221215
Mingxiao Dai,1,1,10.1257/aer.20221215
Minhao Chen,1,1,10.1257/aer.20221215
Mireia Jofre‐Bonet,1,1,10.1257/pandp.20201017
Miriam Gade,1,1,10.3386/w30011
Miriam Marra,1,1,10.3386/w31137
Miriam Sequeira,1,1,10.1257/aeri.20210612
Miriam Wüst,1,1,10.3386/w31162
Mitchell Hoffman,1,1,10.3386/w23928
Mohamed Ali Trabelsi,1,1,10.3386/w23928
Mohamed Wahbi,1,1,10.3386/w23928
Mohammad Abdul Awal Miah,1,1,10.3386/w28106
Mohammad Ali Al-Afeef,1,1,10.3386/w28106
Mohammad M. Herzallah,1,1,10.3386/w30011
Mohammed Akallouch,1,1,10.3386/w23928
Mohammed Ben Ahmed,1,1,10.3386/w23928
Mohammed Mohsin,1,1,10.3386/w28106
Mohit Sood,1,1,10.3386/w30011
Moitshepi Matsheng,1,1,10.3386/w31208
Molly Frazer,1,1,10.1257/pandp.20201017
Monica Singhal,1,1,10.3386/w32093
Monika K. Rabarison,1,1,10.3386/w31137
Mosa Moshabela,1,1,10.3386/w28726
Moshe Tennenholtz,1,1,10.3386/w23928
Mouhcine Guettabi,1,1,10.2139/ssrn.4154000
Muhammad Awais Akbar,1,1,10.48550/arxiv.2305.07153
Muhammad Omar,1,1,10.3386/w23928
Muhammad Ramzan Kalhoro,1,1,10.3386/w31137
Muhammad Waleed Younas,1,1,10.3386/w23928
Muhammad Waqas Khan,1,1,10.3386/w23928
Musharraf Cyan,1,1,10.1093/ej/uead102
Myles Wagner,1,1,10.3386/w30740
Mylène Lagarde,1,1,10.3386/w28726
Nagendra P. Luitel,1,1,10.3386/w30011
Najmedin Meshkati,1,1,10.3386/w32450
Namdeo Dongare,1,1,10.3386/w30011
Nanxu Chen,1,1,10.3386/w23928
Naoki Kondo,1,1,10.3386/w28726
Nargess Golshan,1,1,10.3386/w31137
Natalia G. Vovchenko,1,1,10.3386/w23928
Natalia Rigol,1,1,10.3386/w31162
Natalya Martynova,1,1,10.3386/w31137
Natasha C. Allard,1,1,10.2139/ssrn.3938994
Natcha Connot,1,1,10.3386/w28106
Nathaniel Gundersen,1,1,10.3386/w32450
Nathaniel Jensen,1,1,10.1257/aeri.20210612
Naureen Karachiwalla,1,1,10.3386/w28106
Naveed Abbas,1,1,10.3386/w23928
Nayantara Sarma,1,1,10.3386/w28726
Neale Mahoney,1,1,10.2139/ssrn.4154000
Neil George Cherian,1,1,10.1257/pandp.20201017
Neil Stewart,1,1,10.3386/w30740
Nele Jensen,1,1,10.3386/w26775
Nelson C. Mark,1,1,10.3386/w32450
Nestor Gregorio,1,1,10.21203/rs.3.rs-3235955/v1
Newsha Ardalani,1,1,10.3386/w23928
Nguyễn Đức Trung,1,1,10.3386/w23928
Niall MacKenzie,1,1,10.3386/w23928
Nichola J. Davis,1,1,10.2139/ssrn.4154000
Nicholas Apergis,1,1,10.3386/w31137
Nicholas Calbraith Owsley,1,1,10.3386/w28106
Nicholas Miller,1,1,10.1093/wbro/lkae010
Nick Tsivanidis,1,1,10.3386/w23929
Nico Wunderling,1,1,10.1016/j.ijdrr.2022.102798
Nico Zengeler,1,1,10.3386/w23928
Nicola Ranger,1,1,10.3386/w31137
Nicolas Longuet Marx,1,1,10.3386/w32728
Nicole Darmon,1,1,10.3386/w30740
Nicolette J. Sullivan,1,1,10.2139/ssrn.3938994
Niels Strange,1,1,10.3386/w31137
Nikolas Bernaola,1,1,10.3386/w23928
Nils Grashof,1,1,10.3386/w23928
Nina Ashley O. Dela Cruz,1,1,10.3386/w23929
Nina de la Cruz,1,1,10.3386/w23929
Ning An,1,1,10.3386/w30011
Ning Jia,1,1,10.3386/w28726
Ning Neil Yu,1,1,10.3386/w28726
Ning Zhang,1,1,10.1257/aer.20221215
Niroshan Siva,1,1,10.1016/j.ijdrr.2022.102798
Nisha Nadesan-Reddy,1,1,10.3386/w28726
Nityasri Sankha Narasimhamurti,1,1,10.3386/w30011
Noah Spencer,1,1,10.3386/w31208
Noam Yuchtman,1,1,10.3386/w33018
Noelle Greenwood,1,1,10.1257/pandp.20201017
Noemi Dreksler,1,1,10.48550/arxiv.2305.07153
Nolan E. Ramer,1,1,10.2139/ssrn.3938994
Noori Park,1,1,10.3386/w23928
Nozha Erragcha,1,1,10.3386/w23928
Noémi Berlin,1,1,10.3386/w30740
Nripendra P. Rana,1,1,10.3386/w23928
Nul Loren Oh,1,1,10.1257/aeri.20210612
Nuno Crato,1,1,10.3386/w31208
O.I. LAIKO,1,1,10.1257/aeri.20210612
OECD,1,1,10.3386/w26775
Ohid Yaqub,1,1,10.3386/w31409
Ola Kheir,1,1,10.3386/w31208
Olakunle Alonge,1,1,10.3386/w28726
Olayinka Aremu,1,1,10.3386/w31354
Oleg Tolstoguzov,1,1,10.3386/w32450
Olga Andreeva,1,1,10.3386/w23928
Olga Chiappinelli,1,1,10.1257/pandp.20201017
Olga Namen,1,1,10.3386/w31208
Oliver G. Spalt,1,1,10.3386/w32073
Oliver Hauser,1,1,10.2139/ssrn.4154000
Oliver Quiring,1,1,10.1093/ej/uead102
Olivia Keiser,1,1,10.3386/w28106
Olivia Zhao,1,1,10.1257/pandp.20201017
Olivier Wang,1,1,10.3386/w31137
Oluwafemi Folarin,1,1,10.3386/w23928
Oluwakemi Christiana Abikoye,1,1,10.3386/w23928
Omar Al‐Ubaydli,1,1,10.3386/w23929
Omini B. Iferi,1,1,10.1111/conl.13077
Orestis Troumpounis,1,1,10.1093/ej/uead102
Orlando Gomes,1,1,10.3386/w23928
Oscar M Díaz-Botía,1,1,10.3386/w31162
Osea Giuntella,1,1,10.3386/w23928
Owen Kay,1,1,10.3386/w32728
Owen O’Donnell,1,1,10.2139/ssrn.4154000
Oğuzhan Çepni,1,1,10.3386/w31137
P L Wang,1,1,10.3386/w26752
P. L. Ghosh,1,1,10.3386/w23928
P. Turner,1,1,10.2139/ssrn.4154000
P.-Z. Li,1,1,10.3386/w31137
Pablo Barredo,1,1,10.3386/w26752
Pablo Zoido,1,1,10.3386/w31208
Pantelis Koutroumpis,1,1,10.3386/w23928
Pantelis Solomou,1,1,10.2139/ssrn.4154000
Paola Isaacs‐Cubides,1,1,10.21203/rs.3.rs-3235955/v1
Paolo Bocchini,1,1,10.3386/w32450
Paolo Pertile,1,1,10.3386/w31272
Paolo Santori,1,1,10.3386/w32073
Paravee Maneejuk,1,1,10.3386/w23928
Patricia Ruffing-Straube,1,1,10.3386/w31137
Patrick Agte,1,1,10.3386/w31162
Patrick Bolton,1,1,10.3386/w32450
Patrick Bond,1,1,10.3386/w32450
Patrick Chanda,1,1,10.3386/w28106
Patrick Gaulé,1,1,10.1257/pandp.20201017
Patrick Illien,1,1,10.3386/w31354
Patrick Levermore,1,1,10.48550/arxiv.2305.07153
Patrick Prémand,1,1,10.3386/w28106
Patrick R. Heck,1,1,10.2139/ssrn.4154000
Patrick S. Forscher,1,1,10.3386/w28106
Patrick Turner,1,1,10.2139/ssrn.4154000
Patrick W. Heck,1,1,10.2139/ssrn.4154000
Paul Clements,1,1,10.3386/w32450
Paul E. Carrillo,1,1,10.3386/w30624
Paul Goldsmith-Pinkham,1,1,10.3386/w28726
Paul Lohmann,1,1,10.3386/w30740
Paul Seabright,1,1,10.3386/w31663
Paul Watters,1,1,10.48550/arxiv.2305.07153
Pauline Castaing,1,1,10.3386/w30835
Pavan Kumar,1,1,10.3386/w32450
Pedro A. Oliboni,1,1,10.1016/j.ijdrr.2022.102798
Pedro C. Vicente,1,1,10.3386/w28726
Pedro H. S. Brancalion,1,1,10.21203/rs.3.rs-3235955/v1
Pedro Pereira,1,1,10.3386/w31354
Pei Li,1,1,10.1257/aer.20221215
Pei Xu,1,1,10.1257/aer.20221215
Peibiao Liu,1,1,10.1257/aer.20221215
Peng Lü,1,1,10.1257/aer.20221215
Peng Zhang,1,1,10.1257/aer.20221215
Pengfei Lei,1,1,10.1257/aer.20221215
Penghu Zhu,1,1,10.1257/aer.20221215
Per Andersson,1,1,10.2139/ssrn.3938994
Periklis Terlixidis,1,1,10.3386/w23928
Peter A. Raymond,1,1,10.3386/w26775
Peter Bergman,1,1,10.3386/w31208
Peter Cramton,1,1,10.1257/pandp.20201017
Peter Eibich,1,1,10.1257/aeri.20210612
Peter H. Howard,1,1,10.3386/w32450
Peter Hangoma,1,1,10.3386/w28726
Peter Iliev,1,1,10.3386/w31137
Peter J. Winch,1,1,10.1093/wbro/lkae010
Peter John,1,1,10.3386/w30740
Peter Kyveryga,1,1,10.3386/w26752
Peter Svensson,1,1,10.3386/w26752
Peter Van Der Windt,1,1,10.3386/w28106
Peter Ventevogel,1,1,10.3386/w28106
Peter Warren,1,1,10.1257/pandp.20201017
Peter Werner,1,1,10.2139/ssrn.3938994
Peterson K Ozili,1,1,10.3386/w23928
Peter‐Jan Engelen,1,1,10.1257/pandp.20201017
Petre Caraiani,1,1,10.3386/w31137
Philip G. Pardey,1,1,10.1257/pandp.20201017
Philip H. S. Torr,1,1,10.48550/arxiv.2305.07153
Philip J. Landrigan,1,1,10.1093/wbro/lkae010
Philip Jefferies,1,1,10.1257/aeri.20210612
Philip Oreopoulos,1,1,10.3386/w31208
Philipp Koralus,1,1,10.3386/w30740
Philipp Scharner,1,1,10.3386/w31137
Philipp Schoenegger,1,1,10.1016/j.cognition.2021.104941
Philippe Aghion,1,1,10.3386/w23928
Phillip Cassey,1,1,10.1111/conl.13077
Phuoc Tran,1,1,10.3386/w23928
Pierre Azoulay,1,1,10.3386/w31409
Pierre-Luc Vautrey,1,1,10.3386/w28726
Pierre‐Alain Pionnier,1,1,10.3386/w23928
Pieter Abbeel,1,1,10.48550/arxiv.2305.07153
Pieter Hooimeijer,1,1,10.1257/aer.20221215
Pietro Bonetti,1,1,10.1257/aer.20221215
Pijus Krūminas,1,1,10.3386/w31899
Ping Chen,1,1,10.3386/w23928
Ping Qin,1,1,10.3386/w32728
Pinghan Liang,1,1,10.1257/aer.20221215
Pingping Ma,1,1,10.1257/aer.20221215
Pingyi Lou,1,1,10.3386/w31137
Piotr Dworczak,1,1,10.1257/pandp.20201017
Piotr Lewandowski,1,1,10.1093/ej/uead102
Ponlachart Chotikarn,1,1,10.3386/w32450
Pradeep K. Chintagunta,1,1,10.3386/w28726
Pradip Poudel,1,1,10.1016/j.ijdrr.2022.102798
Prakashan Chellattan Veettil,1,1,10.1257/aeri.20230431
Prasad Naik Hamsavath,1,1,10.3386/w23928
Prasenjit Makur,1,1,10.3386/w23928
Prashant Bharadwaj,1,1,10.3386/w28106
Prashant Sharma,1,1,10.3386/w30011
Pratik Khanal,1,1,10.1257/aeri.20210612
Priscila B. Cano,1,1,10.3386/w26752
Prosun Bhattacharya,1,1,10.3386/w30835
Provash Kumer Sarker,1,1,10.3386/w23928
Péter Szécsi,1,1,10.2139/ssrn.4154000
Qian Liu,1,1,10.3386/w31137
Qianqian Guo,1,1,10.3386/w23928
Qiaoqiao Zhu,1,1,10.1257/aer.20221215
Qiaozhu Mei,1,1,10.3386/w23928
Qingfu Liu,1,1,10.3386/w31137
Qingjiang Han,1,1,10.3386/w23928
Qingyang Wu,1,1,10.3386/w23928
Qinlei Jing,1,1,10.1257/aer.20221215
Qiong Wu,1,1,10.1257/aer.20221215
Qiqi Gao,1,1,10.48550/arxiv.2305.07153
Qiqiao Lang,1,1,10.3386/w31137
Qiucen Ma,1,1,10.1257/aer.20221215
Qunli Wang,1,1,10.3386/w23928
R Fior,1,1,10.3386/w28726
R Liu,1,1,10.1257/aer.20221215
R. A. Kane,1,1,10.3386/w32728
R. K. Amit,1,1,10.1257/pandp.20201017
R.A. Farrokhnia,1,1,10.2139/ssrn.4154000
RA Farrokhnia,1,1,10.2139/ssrn.4154000
RM Ammar Zahid,1,1,10.3386/w23928
Raad Z. Homod,1,1,10.3386/w30835
Rabah Arezki,1,1,10.3386/w32450
Rachel Glennerster,1,1,10.3386/w26775
Rachel Heath,1,1,10.3386/w23929
Rachel Peletz,1,1,10.3386/w30835
Rachel Silverman,1,1,10.1257/pandp.20201017
Rachid Saadane,1,1,10.3386/w23928
Radosław Stupak,1,1,10.3386/w28106
Radu Vranceanu,1,1,10.3386/w26752
Rafael Valdece Sousa Bastos,1,1,10.1016/j.cognition.2021.104941
Raian Ali,1,1,10.3386/w23928
Rakesh Singh,1,1,10.1257/aeri.20210612
Ralph Essem Nordjo,1,1,10.3386/w31208
Ram Eirik Glomseth,1,1,10.1016/j.ijdrr.2022.102798
Ramin Mojtabai,1,1,10.2139/ssrn.4154000
Randall Akee,1,1,10.3386/w28106
Rangan Gupta,1,1,10.3386/w31137
Ranjan Aneja,1,1,10.3386/w23928
Ranjan Chaudhuri,1,1,10.3386/w23928
Ranjiv Khush,1,1,10.3386/w30835
Raoul van Maarseveen,1,1,10.3386/w23929
Raphael Anammasiya Ayambire,1,1,10.3386/w32450
Raphaela Roeder,1,1,10.3386/w31137
Ravi Gurumurthy,1,1,10.1257/pandp.20201017
Ravindra Agrawal,1,1,10.3386/w30011
Raymond Kluender,1,1,10.2139/ssrn.4154000
Raúl Duarte,1,1,10.3386/w28726
Rebecca Brough,1,1,10.2139/ssrn.4154000
Rebecca Miller,1,1,10.3386/w28106
Rebekah J. Walker,1,1,10.2139/ssrn.4154000
Rei Goto,1,1,10.3386/w31162
Renato Crouzeilles,1,1,10.21203/rs.3.rs-3235955/v1
Rene Marlon Panti,1,1,10.3386/w31208
Reshma Kodumuru,1,1,10.3386/w23928
Ricardo Rodríguez,1,1,10.3386/w26752
Richard B. Freeman,1,1,10.3386/w26752
Richard Berner,1,1,10.3386/w31137
Richard Grieve,1,1,10.3386/w28726
Richard J. Sexton,1,1,10.3386/w30740
Richard Mihigo,1,1,10.1257/pandp.20201017
Richard Moulange,1,1,10.48550/arxiv.2305.07153
Richard Noske,1,1,10.1111/conl.13077
Richard Rogerson,1,1,10.3386/w23929
Richard S.J. Tol,1,1,10.3386/w32450
Richard von Maydell,1,1,10.3386/w23928
Rick van der Ploeg,1,1,10.3386/w32450
Rients Galema,1,1,10.3386/w31137
Rima-Maria Rahal,1,1,10.2139/ssrn.3938994
Rino Rappuoli,1,1,10.1257/pandp.20201017
Riya Wadhwa,1,1,10.3386/w23928
Rob Bailis,1,1,10.3386/w32450
Robayo Adriana,1,1,10.1257/pandp.20201017
Robb Willer,1,1,10.3386/w23928
Robert Elliott,1,1,10.1257/aer.20221215
Robert F. Engle,1,1,10.3386/w31137
Robert Koopman,1,1,10.1257/pandp.20201017
Robert M. Townsend,1,1,10.3386/w23929
Robert Metcalfe,1,1,10.3386/w32728
Robert Townsend,1,1,10.3386/w23929
Robert Wilson,1,1,10.1257/pandp.20201017
Roberto Cantoni,1,1,10.3386/w32450
Roberto Tinoco,1,1,10.48550/arxiv.2305.07153
Robin Nusslock,1,1,10.3386/w30011
Robin P. G. Tech,1,1,10.3386/w23928
Robin Schimmelpfennig,1,1,10.3386/w28726
Robizon Tsiklauri,1,1,10.1093/wbro/lkae010
Rodolphe Durand,1,1,10.1287/mnsc.2023.4846
Rodrigo Riera,1,1,10.3386/w26752
Rodrigo Sanchez Sienra,1,1,10.1257/aeri.20210612
Roee Levy,1,1,10.1257/aeri.20210612
Roham Rezaei,1,1,10.3386/w31899
Rohit Bansal,1,1,10.3386/w23928
Roland Seifert,1,1,10.3386/w26752
Romain Boulongne,1,1,10.1287/mnsc.2023.4846
Ronald B. Davies,1,1,10.3386/w23928
Rong Yu,1,1,10.1257/aer.20221215
Rongrong Li,1,1,10.3386/w23928
Roni Michaely,1,1,10.1257/aer.20221215
Roseline Oluwaseun Ogundokun,1,1,10.3386/w23928
Rosella Levaggi,1,1,10.3386/w31272
Roshan Sutar,1,1,10.3386/w28106
Ross Gruetzemacher,1,1,10.3386/w23928
Ru-Yu Xu,1,1,10.3386/w23928
Ruchir Shiromani,1,1,10.3386/w23928
Rui Chen,1,1,10.3386/w23928
Ruibing Ji,1,1,10.3386/w23928
Ruijia Yang,1,1,10.1257/aer.20221215
Run Zhu,1,1,10.1257/aer.20221215
Rusli Mahadi,1,1,10.3386/w28106
Russ Burnett,1,1,10.3386/w28726
Russell Smyth,1,1,10.1257/aer.20221215
Ryan Cory-Wright,1,1,10.3386/w26752
Ryan G. Johnson,1,1,10.3386/w23928
Ryan M. Hynes,1,1,10.3386/w23928
Ryunosuke Goto,1,1,10.3386/w28726
Rıza Demirer,1,1,10.3386/w31137
S. Baran,1,1,10.3386/w23928
S. Farooq,1,1,10.48550/arxiv.2305.07153
S. Nageeb Ali,1,1,10.3386/w31663
S. Sarkar,1,1,10.3386/w23928
S. V. Subramanian,1,1,10.3386/w28726
S.S. Khanna,1,1,10.1257/aeri.20230431
Saad Alghamdi,1,1,10.3386/w28726
Sabine Wiesmüller,1,1,10.3386/w23928
Sabriya L. Linton,1,1,10.2139/ssrn.4154000
Sadaf Sadat Rafati,1,1,10.1093/wbro/lkae010
Saeid Ashraf Vaghefi,1,1,10.3386/w31137
Sai Pramod Bathena,1,1,10.3386/w31208
Salauddin Tauseef,1,1,10.3386/w28106
Salman Arif,1,1,10.3386/w31137
Samantha Lily Kumar,1,1,10.2139/ssrn.4154000
Samia Chehbi Gamoura,1,1,10.3386/w23928
Samuel Adomako,1,1,10.3386/w26752
Samuel B. Schlesinger,1,1,10.3386/w32450
Samuel Fankhauser,1,1,10.3386/w31137
Samuel Fosso Wamba,1,1,10.3386/w23928
Samuel Jung,1,1,10.3386/w23928
Samuel Kembou Nzalé,1,1,10.2139/ssrn.4154000
Samuel Lormel,1,1,10.3386/w31554
Samuel Marshall,1,1,10.3386/w23929
Samuel Norris,1,1,10.3386/w32093
Samuel Salia,1,1,10.3386/w23928
Samuel Schoeb,1,1,10.3386/w28726
Samuel Schöb,1,1,10.3386/w28726
Sanchayan Banerjee,1,1,10.3386/w30740
Sandip Agarwal,1,1,10.3386/w28106
Sandip Sukhtankar,1,1,10.3386/w32093
Sandra Dow,1,1,10.3386/w32450
Sandra Lavorel,1,1,10.3386/w31554
Sandrine Péneau,1,1,10.3386/w30740
Sanem Ozen,1,1,10.3386/w28106
Sanja Blažević Burić,1,1,10.3386/w23928
Sanjay Misra,1,1,10.3386/w23928
Sanjeeb Dash,1,1,10.3386/w26752
Sanjida Khan,1,1,10.3386/w28106
Santanu Kundu,1,1,10.3386/w31137
Sanya Carley,1,1,10.3386/w26775
Sara Carter,1,1,10.3386/w23928
Sara Constantino,1,1,10.3386/w32450
Sarah E. Anderson,1,1,10.1257/aer.20221215
Sarah E. Bolton,1,1,10.1080/21606544.2022.2138980
Sarah Eichmeyer,1,1,10.1093/ej/uead102
Sarah Gillespie,1,1,10.3386/w28106
Sarah Gultom,1,1,10.1093/ej/uead102
Saravana Ravindran,1,1,10.3386/w23929
Sarim Zafar,1,1,10.3386/w28106
Sarosh Nagar,1,1,10.1257/pandp.20201017
Sasa Yang,1,1,10.3386/w23928
Satish Kumar,1,1,10.3386/w31137
Satoshi Hoshino,1,1,10.3386/w23929
Saurabh Singhal,1,1,10.3386/w28106
Saverio Olivito,1,1,10.3386/w31137
Scott Duke Kominers,1,1,10.3386/w26775
Scott Webster,1,1,10.1257/pandp.20201017
Sean Low,1,1,10.1257/pandp.20201017
Sebastian Bauhoff,1,1,10.3386/w28726
Sebastian Gerth,1,1,10.3386/w23928
Sebastian Linde,1,1,10.2139/ssrn.4154000
Sebastian Utz,1,1,10.3386/w31137
Sebastián Espinoza,1,1,10.3386/w32450
Sebastián Vollmer,1,1,10.3386/w28726
Sefi Roth,1,1,10.3386/w32728
Sen Chai,1,1,10.3386/w26752
Sendhil Mullainathan,1,1,10.3386/w23928
Seongmin Jeon,1,1,10.3386/w23928
Serena Cocciolo,1,1,10.3386/w30835
Serge-Lopez Wamba-Taguimdje,1,1,10.3386/w23928
Sergey Gavrilets,1,1,10.3386/w31663
Sergey Tishkov,1,1,10.3386/w32450
Seth Ariel Green,1,1,10.2139/ssrn.3938994
Sevgi Soylemezgil,1,1,10.3386/w31137
Shabnam Anne,1,1,10.3386/w28106
Shafaq Irshad,1,1,10.3386/w32450
Shahabaldin Rezania,1,1,10.3386/w30835
Shai Shalev‐Shwartz,1,1,10.48550/arxiv.2305.07153
Shailesh Sakalle,1,1,10.3386/w30011
Shalini Singh,1,1,10.3386/w23928
Shan Jin,1,1,10.3386/w23928
Shan-Heng Fu,1,1,10.3386/w32450
Shannen Wafflart,1,1,10.1111/conl.13077
Shaoqi Ma,1,1,10.3386/w23928
Sharad Tiwari,1,1,10.3386/w30011
Sharon Belenzon,1,1,10.3386/w31899
Sharon Goldfeld,1,1,10.3386/w28726
Sharon Locke,1,1,10.3386/w28106
Sharon Wolf,1,1,10.2139/ssrn.4154000
Shaul Shalvi,1,1,10.2139/ssrn.3938994
Sheer Lia,1,1,10.3386/w31899
Sheila A. McIlraith,1,1,10.48550/arxiv.2305.07153
Sheila O’Donohoe,1,1,10.3386/w31137
Shengling Zhang,1,1,10.3386/w23928
Shengming Hu,1,1,10.3386/w23928
Shibin David,1,1,10.3386/w23928
Shifneen Rasheed,1,1,10.3386/w32450
Shihan Feng,1,1,10.1257/aer.20221215
Shilan Feng,1,1,10.1257/aer.20221215
Shinya Uryu,1,1,10.1111/conl.13077
Shiwei Fan,1,1,10.1257/aer.20221215
Shruti Rajagopalan,1,1,10.1257/pandp.20201017
Shu Tian,1,1,10.1257/aer.20221215
Shuai Ling,1,1,10.3386/w28726
Shuaijun Guo,1,1,10.3386/w28726
Shuang Zhang,1,1,10.3386/w26752
Shuanglei Wu,1,1,10.3386/w26752
Shubhanker Yadav,1,1,10.3386/w23928
Shubo Zhang,1,1,10.1257/aer.20221215
Shulei Cheng,1,1,10.1257/aer.20221215
Shuzhong Ma,1,1,10.3386/w23928
Shwetlena Sabarwal,1,1,10.3386/w31208
Sicily Fiennes,1,1,10.1111/conl.13077
Sifan Zhou,1,1,10.3386/w26752
Sihong Li,1,1,10.3386/w23928
Sijia Tao,1,1,10.3386/w23928
Silvia Prina,1,1,10.3386/w28726
Silvio Vismara,1,1,10.3386/w23928
Simeon Campos,1,1,10.1016/j.ijdrr.2022.102798
Simiao Chen,1,1,10.3386/w26775
Simon Blouin,1,1,10.1016/j.ijdrr.2022.102798
Simon Bunel,1,1,10.3386/w23928
Simon Fritzsch,1,1,10.3386/w31137
Simon Quinn,1,1,10.3386/w28726
Simon Scheidegger,1,1,10.3386/w31137
Simona Abis,1,1,10.3386/w23928
Simona Cosma,1,1,10.3386/w31137
Simona Costagli,1,1,10.3386/w23928
Simona Gamba,1,1,10.3386/w31272
Simone Schaner,1,1,10.3386/w23929
Siyi Wang,1,1,10.3386/w23928
Snehil Gupta,1,1,10.3386/w28106
Sofía Amaral,1,1,10.3386/w28726
Sofía López‐Cubillos,1,1,10.21203/rs.3.rs-3235955/v1
Solomon Minyila,1,1,10.1093/wbro/lkae010
Somaia Abdulrazzak,1,1,10.3386/w31208
Song Xiaoming,1,1,10.3386/w23928
Songül Tolan,1,1,10.3386/w23928
Sonja Harken,1,1,10.1287/mnsc.2020.00596
Sonja Vogt,1,1,10.3386/w28726
Sophia Kazinnik,1,1,10.3386/w23928
Sophus zu Ermgassen,1,1,10.3386/w31137
Soufyane Ayanouz,1,1,10.3386/w23928
Spyridon Karageorgos,1,1,10.2139/ssrn.4154000
Sreeja Jaiswal,1,1,10.3386/w23929
Srinivasan Kasinathan,1,1,10.21203/rs.3.rs-3235955/v1
Staša Milojević,1,1,10.3386/w26752
Stefan Brunnhuber,1,1,10.3386/w23928
Stefan Gaillard,1,1,10.3386/w26752
Stefan Lewellen,1,1,10.1257/aer.20221215
Stefan Schaltegger,1,1,10.21203/rs.3.rs-3235955/v1
Stefan Schubert,1,1,10.1016/j.cognition.2021.104941
Stefanie Hoehl,1,1,10.3386/w30011
Stefano Cosma,1,1,10.3386/w31137
Stefano Giglio,1,1,10.3386/w31137
Steffen Farny,1,1,10.21203/rs.3.rs-3235955/v1
Stephan Küster,1,1,10.3386/w31137
Stephanie Wang,1,1,10.3386/w23928
Stephen Norman,1,1,10.1257/aer.20221215
Stephen O’Neill,1,1,10.3386/w28726
Stephen P. Luby,1,1,10.1093/wbro/lkae010
Stephen Roper,1,1,10.3386/w31899
Steven Bond‐Smith,1,1,10.3386/w23928
Steven Ongena,1,1,10.3386/w31137
Steven Tadelis,1,1,10.3386/w23928
Steven Wooding,1,1,10.3386/w31409
Stuart Feldman,1,1,10.3386/w31409
Stuart L. Pimm,1,1,10.1257/pandp.20201017
Stéphanie Khoury,1,1,10.3386/w28106
Su-Mei Gan,1,1,10.3386/w23928
Suad Altaei,1,1,10.3386/w23928
Sudarshan RSA,1,1,10.1257/aeri.20230431
Sue A. Kaplan,1,1,10.2139/ssrn.4154000
Sugandha Srivastav,1,1,10.3386/w32450
Sukrit Pal,1,1,10.1287/mnsc.2023.4846
Sumana Chaudhuri,1,1,10.3386/w23928
Sumi Mehta,1,1,10.3386/w32450
Sumit Agarwal,1,1,10.2139/ssrn.4154000
Sung Jun Jo,1,1,10.3386/w23928
Sung‐Eun Cho,1,1,10.3386/w23929
Supreet Kaur,1,1,10.3386/w23929
Suresh Dalpath,1,1,10.3386/w28726
Suresh Naidu,1,1,10.3386/w32728
Suryanto Suryanto,1,1,10.3386/w23928
Susan G. W. Laurance,1,1,10.21203/rs.3.rs-3235955/v1
Susan Martin,1,1,10.3386/w26775
Susana Cipriano Dias Raffaelli,1,1,10.3386/w26752
Susann Fiedler,1,1,10.2139/ssrn.3938994
Sutinee Sinutok,1,1,10.3386/w32450
Suzanne Oosterwijk,1,1,10.2139/ssrn.3938994
Suárez Carolina,1,1,10.1257/pandp.20201017
Sven Hartlieb,1,1,10.3386/w31137
Sven Wunder,1,1,10.3386/w31137
Svetlana V. Lobova,1,1,10.3386/w23928
Svitlana Bilan,1,1,10.3386/w23928
Sydney Costantini,1,1,10.3386/w30011
Syed Habib Ullah Shah,1,1,10.3386/w23928
Syedah Aroob Iqbal,1,1,10.3386/w31208
Sónia Sofia Lopes Pereira,1,1,10.3386/w23928
Sönke Ehret,1,1,10.3386/w28726
Sören Mindermann,1,1,10.48550/arxiv.2305.07153
T. R. Shankar Raman,1,1,10.21203/rs.3.rs-3235955/v1
T.J. Wong,1,1,10.1257/aer.20221215
Tabaré Capitán,1,1,10.3386/w30624
Tae‐Kyun Kim,1,1,10.3386/w23928
Taiga Kunishima,1,1,10.1111/conl.13077
Taisuke Imai,1,1,10.2139/ssrn.3938994
Talal Fawzi Alruwaili,1,1,10.3386/w23928
Talib E. Butt,1,1,10.1016/j.ijdrr.2022.102798
Tamar Jankhoteli,1,1,10.1093/wbro/lkae010
Tamkinat Rauf,1,1,10.2139/ssrn.4154000
Tamma Carleton,1,1,10.3386/w32728
Tania Barham,1,1,10.3386/w31162
Tania M. Lincoln,1,1,10.3386/w30011
Tanisha Mittal,1,1,10.3386/w23928
Tanveer Ahmed,1,1,10.3386/w23928
Tao Hong,1,1,10.3386/w23928
Tao Tao,1,1,10.1257/aer.20221215
Tao Ye,1,1,10.1257/aer.20221215
Taoyuan Wei,1,1,10.1257/aer.20221215
Tara N. Mather,1,1,10.1016/j.ijdrr.2022.102798
Tara van Viegen,1,1,10.3386/w26752
Tarek R. Besold,1,1,10.48550/arxiv.2305.07153
Tarun Sharma,1,1,10.3386/w30011
Tasneem H. Alshareef,1,1,10.3386/w30835
Taylor Corcoran,1,1,10.1257/pandp.20201017
Tegan Maharaj,1,1,10.48550/arxiv.2305.07153
Teng Ye,1,1,10.3386/w23928
Teng Zhong,1,1,10.1257/aer.20221215
Teo Sušnjak,1,1,10.48550/arxiv.2305.07153
Teresa Molina,1,1,10.3386/w31162
Thanh Thuy Le,1,1,10.3386/w31137
Themistoklis Tzimas,1,1,10.3386/w23928
Theodoros Zachariadis,1,1,10.2139/ssrn.4154000
Theodoros Ν. Sergentanis,1,1,10.3386/w31899
Theresa Kuchler,1,1,10.3386/w31137
Thomas Bossuroy,1,1,10.3386/w28106
Thomas Dirkmaat,1,1,10.2139/ssrn.3938994
Thomas Franke,1,1,10.3386/w30011
Thomas J. Bollyky,1,1,10.3386/w26775
Thomas Johnston,1,1,10.1257/pandp.20201017
Thomas Kubiak,1,1,10.3386/w30011
Thomas Lundhede,1,1,10.3386/w31137
Thomas Pfeiffer,1,1,10.3386/w23928
Thomas R. Berry‐Stölzle,1,1,10.3386/w31137
Thomas Sterner,1,1,10.3386/w32450
Thorben Sandmeier,1,1,10.3386/w32450
Thorsten Quandt,1,1,10.1093/ej/uead102
Tian Wu,1,1,10.1257/aer.20221215
Tianding Zhang,1,1,10.3386/w23928
Tianlei Pi,1,1,10.3386/w31137
Tianshu Li,1,1,10.1257/aer.20221215
Tianyu Wei,1,1,10.1257/aer.20221215
Tianyu Zhang,1,1,10.1257/aer.20221215
Tim Marczylo,1,1,10.1093/wbro/lkae010
Tim Sullivan,1,1,10.3386/w31208
Timothy Powell‐Jackson,1,1,10.3386/w28726
Timothy R. McIntosh,1,1,10.48550/arxiv.2305.07153
Tina Prodromou,1,1,10.3386/w31137
Ting-Ting Sun,1,1,10.3386/w23928
Tingting Sun,1,1,10.3386/w23928
Tingting Xie,1,1,10.1257/aer.20221215
Tobias Bergmann,1,1,10.3386/w23928
Tobias Huber,1,1,10.3386/w31137
Tobias Steindl,1,1,10.3386/w31137
Todd Pugatch,1,1,10.3386/w30835
Tom L. Osborn,1,1,10.3386/w28106
Tom Mahin,1,1,10.3386/w30835
Tom Nicholas,1,1,10.3386/w23928
Tom Wein,1,1,10.3386/w28106
Tomas Baležentis,1,1,10.1257/aer.20221215
Tomasz Gajderowicz,1,1,10.3386/w31208
Tomiwa V. Oluwajuwon,1,1,10.21203/rs.3.rs-3235955/v1
Tommaso Ciarli,1,1,10.3386/w26752
Tong Fu,1,1,10.1257/aer.20221215
Tong Liu,1,1,10.48550/arxiv.2305.07153
Tony Hey,1,1,10.3386/w26752
Torben S. D. Johansen,1,1,10.3386/w31162
Toru Kitagawa,1,1,10.3386/w28726
Tushar Manekar,1,1,10.3386/w31137
Tyler H. McCormick,1,1,10.3386/w23929
Tâm Phan Huy,1,1,10.3386/w23928
U. Neumann,1,1,10.3386/w26775
Ufuk Akcigit,1,1,10.3386/w23928
Uma Thapa,1,1,10.3386/w31208
Umair Khalil,1,1,10.1093/ej/uead102
Umakrishnan Kollamparambil,1,1,10.3386/w23928
Umer Sahil Maqsood,1,1,10.3386/w23928
Unni Pillai,1,1,10.3386/w23928
Urvi Desai,1,1,10.3386/w26775
Uttam Golder,1,1,10.3386/w23928
Uwe Handmann,1,1,10.3386/w23928
Uyen Trang Nguyen,1,1,10.3386/w31137
Uzaib Saya,1,1,10.3386/w28726
Uzma Afzal,1,1,10.3386/w28726
V. V. Mironov,1,1,10.3386/w23928
Valentina Cafarelli,1,1,10.2139/ssrn.4154000
Valentina Karginova-Gubinova,1,1,10.3386/w32450
Valeria D. Dmitrieva,1,1,10.3386/w23928
Valeria S. Kaptsova,1,1,10.3386/w23928
Valerii Osetskyi,1,1,10.3386/w23928
Valery I. Bezrukov,1,1,10.3386/w23928
Vandana Shukla,1,1,10.3386/w30011
Vandana Vinayak,1,1,10.3386/w30835
Vanessa Mertins,1,1,10.1287/mnsc.2020.00596
Varun Dutt,1,1,10.3386/w28726
Varun Parepally,1,1,10.3386/w23928
Venkat Narayana Rao T.,1,1,10.3386/w23928
Veronica Martinez,1,1,10.1287/mnsc.2023.4846
Veronika Belikova-Gerth,1,1,10.3386/w23928
Veronika Karnowski,1,1,10.1093/ej/uead102
Vicky M. Temperton,1,1,10.21203/rs.3.rs-3235955/v1
Vicky Pryce,1,1,10.3386/w32450
Victor Chernozhukov,1,1,10.3386/w28726
Victor Jaeck,1,1,10.1016/j.ijdrr.2022.102798
Victor Mwapasa,1,1,10.3386/w28726
Victoria Oubiña,1,1,10.3386/w31208
Victoria Strokova,1,1,10.3386/w23929
Vidya Diwakar,1,1,10.3386/w28106
Vijay Mohan,1,1,10.3386/w23928
Vijender Singh,1,1,10.3386/w28106
Vilas Dhar,1,1,10.3386/w31409
Vincent Somville,1,1,10.3386/w28106
Vinícius Amorim Sobreiro,1,1,10.3386/w23928
Viral V. Acharya,1,1,10.3386/w31137
Virgilio Hermoso,1,1,10.1111/conl.13077
Vitaly Tambovtsev,1,1,10.3386/w31663
Vitor Hadad,1,1,10.3386/w28726
Vladimir Kozlov,1,1,10.2139/ssrn.4154000
Vojtěch Bartoš,1,1,10.3386/w28726
Vânia Zuin Zeidler,1,1,10.21203/rs.3.rs-3235955/v1
Víctor Giménez,1,1,10.3386/w26752
Víctor Orozco-Olvera,1,1,10.1093/ej/uead102
W. J. Wouter Botzen,1,1,10.3386/w32450
W. Kent Brown,1,1,10.21203/rs.3.rs-3235955/v1
Walter Yuan,1,1,10.3386/w23928
Wan-Jiun Paul Chiou,1,1,10.3386/w32450
Wang Hao,1,1,10.1257/aer.20221215
Wang Jin,1,1,10.1257/aer.20221215
Wang Jinnan,1,1,10.1257/aer.20221215
Wang Juan,1,1,10.3386/w23928
Wang Wen,1,1,10.1257/aer.20221215
Wang Yong-xing,1,1,10.3386/w23928
Wang-Sheng Lee,1,1,10.1093/ej/uead102
Wei Der Tsai,1,1,10.3386/w32450
Wei Dou,1,1,10.3386/w23928
Wei Huang,1,1,10.1257/aer.20221215
Wei Lin,1,1,10.3386/w23929
Wei Shen,1,1,10.3386/w23928
Wei Tang,1,1,10.3386/w31899
Wei Xiao,1,1,10.3386/w23929
Wei Xiong,1,1,10.3386/w31137
Weifen Lin,1,1,10.3386/w23928
Weihua Qu,1,1,10.1257/aer.20221215
Weiwei Fu,1,1,10.3386/w31137
Weiwei Hu,1,1,10.3386/w31137
Weixiang Xu,1,1,10.1257/aer.20221215
Weizhu Hou,1,1,10.1257/aer.20221215
Wen Jiang,1,1,10.1257/aer.20221215
Wen Lin,1,1,10.1257/aer.20221215
Wen Liu,1,1,10.3386/w31137
Wencong Lu,1,1,10.1257/aer.20221215
Wendi Xiao,1,1,10.3386/w23928
Wendy Wong,1,1,10.3386/w28726
Wenguang Zhang,1,1,10.1257/aer.20221215
Wenhao Wu,1,1,10.3386/w32450
Wenhao Yang,1,1,10.3386/w23928
Wenhua Liu,1,1,10.3386/w23929
Wenjie Luo,1,1,10.1257/aer.20221215
Wenqi Duan,1,1,10.1257/aer.20221215
Wenshi Wei,1,1,10.3386/w23928
Wentao Zhang,1,1,10.3386/w23928
Wenyuan Hua,1,1,10.1257/aer.20221215
Wesley Greenblatt,1,1,10.3386/w31409
Wesley Yin,1,1,10.2139/ssrn.4154000
Wil de Jong,1,1,10.21203/rs.3.rs-3235955/v1
William Copeland,1,1,10.3386/w28106
William F. Maloney,1,1,10.3386/w23928
William Mbanyele,1,1,10.1257/aer.20221215
William Parienté,1,1,10.3386/w28106
Wills Daniel,1,1,10.1257/pandp.20201017
Wilmer Marín,1,1,10.21203/rs.3.rs-3235955/v1
Winfried Rief,1,1,10.3386/w30011
Winnie Mughogho,1,1,10.3386/w28106
Witold Więcek,1,1,10.3386/w26775
Wolf Fïchtner,1,1,10.3386/w32450
Wolfram Schlenker,1,1,10.3386/w32450
Wonjoon Kim,1,1,10.3386/w23928
Woraphon Yamaka,1,1,10.3386/w23928
Wu Zhong,1,1,10.3386/w23928
Wyatt Brooks,1,1,10.3386/w23929
X. Liu,1,1,10.1257/aer.20221215
Xi Chen,1,1,10.1257/aer.20221215
Xi Lin,1,1,10.3386/w23928
Xi Yang,1,1,10.3386/w23928
Xia Lei,1,1,10.3386/w23928
Xianghua Wu,1,1,10.1257/aer.20221215
Xiangjing Chen,1,1,10.1257/pandp.20201017
Xiangjun Zhou,1,1,10.3386/w23928
Xiangyang Yang,1,1,10.1257/aer.20221215
Xiao Li Zhao,1,1,10.1257/aer.20221215
Xiaofeng Zhao,1,1,10.1257/aer.20221215
Xiaohu Luo,1,1,10.1257/aer.20221215
Xiaohua Wang,1,1,10.3386/w30011
Xiaohua Yang,1,1,10.3386/w23928
Xiaojun Wu,1,1,10.3386/w23928
Xiaolong Xue,1,1,10.3386/w23928
Xiaolu Zhao,1,1,10.1257/aer.20221215
Xiaomeng Zhao,1,1,10.1257/aer.20221215
Xiaomeng Zhou,1,1,10.1257/aer.20221215
Xiaoming Bai,1,1,10.3386/w23928
Xiaoping Wu HKU,1,1,10.1257/aer.20221215
Xiaosheng Qin,1,1,10.1257/aer.20221215
Xiaoxi Wang,1,1,10.3386/w32728
Xiaoxue Zhao,1,1,10.1257/aer.20221215
Xichen Lyu,1,1,10.3386/w23928
Xilang Shen,1,1,10.1257/aer.20221215
Xin Hu,1,1,10.1257/aer.20221215
Xin Li,1,1,10.1257/aer.20221215
Xin Liu,1,1,10.1257/aer.20221215
Xing Zhao,1,1,10.3386/w23928
Xinghua Wang,1,1,10.3386/w28726
Xinglin Li,1,1,10.3386/w31137
Xinxin Wang,1,1,10.3386/w23928
Xinyue Fan,1,1,10.1257/aer.20221215
Xinzheng Shi,1,1,10.1257/aer.20221215
Xiulian Chen,1,1,10.3386/w23928
Xiuwu Zhang,1,1,10.3386/w23928
Xiuying Xin,1,1,10.3386/w28726
Xiuzhen Li,1,1,10.3386/w23928
Xu Chen,1,1,10.1257/aer.20221215
Xu Zhang,1,1,10.3386/w28726
Xuan Ye,1,1,10.3386/w23928
Xudong Ren,1,1,10.1257/aer.20221215
Xue Lan,1,1,10.48550/arxiv.2305.07153
Xue Ru,1,1,10.1257/aer.20221215
Xuesen Cheng,1,1,10.48550/arxiv.2107.06476
Xueyin Song,1,1,10.3386/w23928
Xueyuan Gao,1,1,10.3386/w23928
Xunyi Jiang,1,1,10.48550/arxiv.2107.06476
Xunyong Xiang,1,1,10.1257/aer.20221215
Xuran Zeng,1,1,10.3386/w31137
Y Ishida,1,1,10.3386/w31208
Y. Jaya Krishna,1,1,10.3386/w23928
Y. V. Pavan Kumar,1,1,10.3386/w32450
Y. Wan,1,1,10.3386/w28726
Ya Tan,1,1,10.1257/aer.20221215
Ya-Qin Zhang,1,1,10.48550/arxiv.2305.07153
Yahaya Alhassan,1,1,10.3386/w23928
Yamuna Mundru,1,1,10.3386/w31208
Yan Lou,1,1,10.1257/aer.20221215
Yan Song,1,1,10.1257/aer.20221215
Yan Xia,1,1,10.3386/w23928
Yanan Wu,1,1,10.3386/w23928
Yanfang Jin,1,1,10.1257/aer.20221215
Yang Lian,1,1,10.3386/w23928
Yang Shen,1,1,10.3386/w23928
Yang Yue,1,1,10.3386/w23929
Yangyang Xu,1,1,10.3386/w32450
Yanliu Lin,1,1,10.1257/aer.20221215
Yanqiu Lu,1,1,10.1257/aer.20221215
Yanqiu Wang,1,1,10.3386/w23928
Yanyan Shen,1,1,10.1257/aer.20221215
Yanying Wang,1,1,10.3386/w23928
Yao Yao,1,1,10.1257/aer.20221215
Yao Zhang,1,1,10.1257/aer.20221215
Yaobin Liu,1,1,10.1257/aer.20221215
Yasir Ahmad,1,1,10.48550/arxiv.2305.07153
Yaya Li,1,1,10.1257/aer.20221215
Yazhou Liu,1,1,10.1257/aer.20221215
Ye Shu,1,1,10.1257/aer.20221215
Ye.V. Hirnyk,1,1,10.3386/w23928
Yejie Zheng,1,1,10.3386/w23928
Yejin Park,1,1,10.3386/w23928
Yelin Fu,1,1,10.1257/aer.20221215
Yi Deng,1,1,10.1257/aer.20221215
Yi He,1,1,10.3386/w32450
Yi Lu,1,1,10.1257/aer.20221215
Yi Qu,1,1,10.3386/w23928
Yi Shi,1,1,10.1257/aer.20221215
Yi Song,1,1,10.1257/aer.20221215
Yibing Ding,1,1,10.3386/w23928
Yifan Wu,1,1,10.3386/w23928
Yifang Ma,1,1,10.48550/arxiv.2107.06476
Yifei Quan,1,1,10.3386/w32728
Yihao Zhao,1,1,10.3386/w31137
Yihua Yu,1,1,10.3386/w23928
Yile Jiang,1,1,10.1257/aer.20221215
Yimin Wang,1,1,10.1257/pandp.20201017
Yiming Tang,1,1,10.3386/w30011
Yiming Yuan,1,1,10.3386/w23928
Yin Da,1,1,10.3386/w23928
Ying Jiang,1,1,10.3386/w32450
Ying Liu,1,1,10.1257/aer.20221215
Ying Tuan Lo,1,1,10.3386/w23928
Yingchun Xing,1,1,10.3386/w23928
Yingjia Zhai,1,1,10.1257/aer.20221215
Yingjie Xu,1,1,10.3386/w23928
Yingming Zhu,1,1,10.1257/aer.20221215
Yingnan Zhai,1,1,10.3386/w23928
Yingshui Yao,1,1,10.3386/w31899
Yingtong Chen,1,1,10.3386/w31137
Yingxue Sun,1,1,10.1257/aer.20221215
Yingying Hu,1,1,10.1257/aer.20221215
Yingying Xu,1,1,10.3386/w23928
Yinhe Liang,1,1,10.1257/aer.20221215
Yining Zhang,1,1,10.3386/w23928
Yinna Chen,1,1,10.1257/aer.20221215
Yiwen Sun,1,1,10.3386/w23928
Yixin Dai,1,1,10.1257/aer.20221215
Yixin Liu,1,1,10.3386/w23928
Yogesh K. Dwivedi,1,1,10.3386/w23928
Yogita Shamdasani,1,1,10.3386/w23929
Yoko Ibuka,1,1,10.3386/w31162
Yong Qin,1,1,10.3386/w23928
Yong Sun,1,1,10.1257/aer.20221215
Yong Zhao,1,1,10.3386/w23928
Yongping Wei,1,1,10.3386/w26752
Yongsheng Xu,1,1,10.3386/w31137
Yongwei Chen,1,1,10.3386/w23928
Yongzeng Lai,1,1,10.1257/aer.20221215
Yoon Ah Shin,1,1,10.3386/w32450
Yoshua Bengio,1,1,10.48550/arxiv.2305.07153
Youjia Liang,1,1,10.3386/w31137
Young‐Eun Kim,1,1,10.3386/w23928
Young‐Min Lee,1,1,10.3386/w23929
Youwei Li,1,1,10.3386/w23928
Yu Diao,1,1,10.1257/aer.20221215
Yu Hao,1,1,10.3386/w23928
Yu Long,1,1,10.3386/w23928
Yu Luo,1,1,10.3386/w31554
Yu Peng,1,1,10.3386/w23928
Yu Sang Chang,1,1,10.3386/w23928
Yu Shui,1,1,10.3386/w23928
Yu Xie,1,1,10.1257/aer.20221215
Yuanyuan Yi,1,1,10.21203/rs.3.rs-3235955/v1
Yue Li,1,1,10.1257/aer.20221215
Yue Lv,1,1,10.3386/w23928
Yuechuan Zhao,1,1,10.1257/aer.20221215
Yugang He,1,1,10.3386/w23928
Yuhan Zhou,1,1,10.3386/w31137
Yujie Liu,1,1,10.1257/aer.20221215
Yujing Ma,1,1,10.1257/aer.20221215
Yujun Huang,1,1,10.3386/w31137
Yukun Shi,1,1,10.3386/w32450
Yuling Hu,1,1,10.3386/w23928
Yuming Zhai,1,1,10.3386/w23928
Yun Zhang,1,1,10.3386/w23928
Yunhong Lyu,1,1,10.3386/w31554
Yunqian Cheng,1,1,10.1257/aer.20221215
Yurui Huang,1,1,10.48550/arxiv.2107.06476
Yusuf Neggers,1,1,10.3386/w23929
Yuta J. Masuda,1,1,10.1257/aer.20221215
Yuting Shen,1,1,10.3386/w23928
Yutong Xie,1,1,10.3386/w23928
Yuval Noah Harari,1,1,10.48550/arxiv.2305.07153
Yuxuan Wang,1,1,10.3386/w23928
Yuyu Chen,1,1,10.3386/w23929
Yves Schaeffer,1,1,10.3386/w31554
Zacharias Sautner,1,1,10.3386/w31137
Zafar Fatmi,1,1,10.1093/wbro/lkae010
Zafeer Ravat,1,1,10.1257/pandp.20201017
Zakaria Seidu,1,1,10.1093/wbro/lkae010
Zarif Bin Akhtar,1,1,10.48550/arxiv.2305.07153
Zeeshan Khan,1,1,10.3386/w23928
Zehua Chen,1,1,10.1257/aer.20221215
Zehui Bu,1,1,10.1257/aer.20221215
Zelalem Terfa,1,1,10.3386/w28726
Zenghui Li,1,1,10.1257/aer.20221215
Zeshui Xu,1,1,10.3386/w23928
Zeynep Karaş,1,1,10.3386/w23928
Zhanzhong Shi,1,1,10.3386/w23928
Zhao Jin,1,1,10.3386/w23928
Zhao Liu,1,1,10.1257/aer.20221215
Zhehong Xu,1,1,10.1257/aer.20221215
Zhen Li,1,1,10.1257/aer.20221215
Zhen Pang,1,1,10.3386/w23928
Zheng Ji,1,1,10.3386/w23928
Zhenhua Wu,1,1,10.1257/aer.20221215
Zhenzhong Zeng,1,1,10.1257/aer.20221215
Zhichen Huang,1,1,10.1257/aer.20221215
Zhidan Yang,1,1,10.3386/w23928
Zhifang Su,1,1,10.3386/w23928
Zhijiu Yang,1,1,10.1257/aer.20221215
Zhiqiang Zhang,1,1,10.1257/aer.20221215
Zhiqiao Xiong,1,1,10.1257/aer.20221215
Zhirong Zheng,1,1,10.1257/aer.20221215
Zhiwei Tang,1,1,10.3386/w23928
Zhiyi Liu,1,1,10.3386/w23928
Zhiyuan Chen,1,1,10.1257/aer.20221215
Zhizhuo Li,1,1,10.3386/w23928
Zhonghua Cheng,1,1,10.3386/w23928
Zhongjian Lin,1,1,10.3386/w28726
Zhou Jian-ping,1,1,10.1257/aer.20221215
Zhu Yi,1,1,10.3386/w23928
Zhuo Wu,1,1,10.1257/aer.20221215
Zijun Li,1,1,10.1257/aer.20221215
Zishen Tang,1,1,10.1257/aer.20221215
Ziyan Zhang,1,1,10.3386/w26752
Zoe Cremer,1,1,10.1016/j.cognition.2021.104941
Zuoxiang Zhao,1,1,10.1257/aer.20221215
Zuraidah Sulaiman,1,1,10.3386/w23928
Zwetelina Iliewa,1,1,10.3386/w32073
nasir khan khattak,1,1,10.3386/w31137
Álvaro Choi,1,1,10.3386/w23928
Élisabeth Sadoulet,1,1,10.3386/w28726
Éric Maurin,1,1,10.3386/w23928
Óscar Vicente-Chirivella,1,1,10.3386/w31899
Önder Nomaler,1,1,10.3386/w23928
Đông Đỗ Thị,1,1,10.3386/w23928
İrem Erten,1,1,10.3386/w31137
Łukasz Gajewski,1,1,10.1016/j.ijdrr.2022.102798
Željko Tekić,1,1,10.3386/w23928
Εvanthia Sakellari,1,1,10.3386/w31899
Κωνσταντίνα Κανελλοπούλου,1,1,10.3386/w23928
Ірина Дьогтєва,1,1,10.3386/w31409
Анатолій Антонович Шиян,1,1,10.3386/w31409
В. М. Семенова,1,1,10.3386/w28726
Венелин Терзиев,1,1,10.3386/w23928
Е. Г. Ильин,1,1,10.1016/j.ijdrr.2022.102798
Е.В. Шамалова,1,1,10.3386/w23928
Рубен Ениколопов,1,1,10.3386/w33018
Сергій Жарінов,1,1,10.3386/w31409
海立 刘,1,1,10.3386/w23928
辰史 山形,1,1,10.1257/pandp.20201017
