author,seed_doi,seed_title,seed_short_title,n_seed_dois_cited_by_author,n_citing_works_by_author
Esther Duflo,10.1257/aeri.20210612,Cognitive Behavioral Therapy among Ghana's Rural Poor Is Effective Regardless of Baseline Mental Distress,Cognitive Behavioral Therapy among Ghana's Rural Poor Is Effective Regardless…,4,5
Esther Duflo,10.3386/w28726,Selecting the Most Effective Nudge: Evidence from a Large-Scale Experiment on Immunization,Selecting the Most Effective Nudge,4,5
Esther Duflo,10.3386/w30011,"The Long-Run Effects of Psychotherapy on Depression, Beliefs, and Economic Outcomes","The Long-Run Effects of Psychotherapy on Depression, Beliefs, and Economic…",4,5
Esther Duflo,10.3386/w32728,A Welfare Analysis of Policies Impacting Climate Change,A Welfare Analysis of Policies Impacting Climate Change,4,5
Julian Jamison,10.1257/aeri.20210612,Cognitive Behavioral Therapy among Ghana's Rural Poor Is Effective Regardless of Baseline Mental Distress,Cognitive Behavioral Therapy among Ghana's Rural Poor Is Effective Regardless…,4,5
Julian Jamison,10.2139/ssrn.4154000,How Effective Is (More) Money? Randomizing Unconditional Cash Transfer Amounts in the US,How Effective Is (More) Money? Randomizing Unconditional Cash Transfer Amounts…,4,5
Julian Jamison,10.3386/w28726,Selecting the Most Effective Nudge: Evidence from a Large-Scale Experiment on Immunization,Selecting the Most Effective Nudge,4,5
Julian Jamison,10.3386/w30011,"The Long-Run Effects of Psychotherapy on Depression, Beliefs, and Economic Outcomes","The Long-Run Effects of Psychotherapy on Depression, Beliefs, and Economic…",4,5
Berk Özler,10.2139/ssrn.4154000,How Effective Is (More) Money? Randomizing Unconditional Cash Transfer Amounts in the US,How Effective Is (More) Money? Randomizing Unconditional Cash Transfer Amounts…,4,3
Berk Özler,10.3386/w23929,Effects of Emigration on Rural Labor Markets,Effects of Emigration on Rural Labor Markets,4,3
Berk Özler,10.3386/w28726,Selecting the Most Effective Nudge: Evidence from a Large-Scale Experiment on Immunization,Selecting the Most Effective Nudge,4,3
Berk Özler,10.3386/w30011,"The Long-Run Effects of Psychotherapy on Depression, Beliefs, and Economic Outcomes","The Long-Run Effects of Psychotherapy on Depression, Beliefs, and Economic…",4,3
Johannes Haushofer,10.1257/aeri.20210612,Cognitive Behavioral Therapy among Ghana's Rural Poor Is Effective Regardless of Baseline Mental Distress,Cognitive Behavioral Therapy among Ghana's Rural Poor Is Effective Regardless…,3,10
Johannes Haushofer,10.3386/w28106,The Comparative Impact of Cash Transfers and a Psychotherapy Program on Psychological and Economic Well-being,The Comparative Impact of Cash Transfers and a Psychotherapy Program…,3,10
Johannes Haushofer,10.3386/w30011,"The Long-Run Effects of Psychotherapy on Depression, Beliefs, and Economic Outcomes","The Long-Run Effects of Psychotherapy on Depression, Beliefs, and Economic…",3,10
Ahmed Mushfiq Mobarak,10.3386/w23929,Effects of Emigration on Rural Labor Markets,Effects of Emigration on Rural Labor Markets,3,8
Ahmed Mushfiq Mobarak,10.3386/w28726,Selecting the Most Effective Nudge: Evidence from a Large-Scale Experiment on Immunization,Selecting the Most Effective Nudge,3,8
Ahmed Mushfiq Mobarak,10.3386/w30011,"The Long-Run Effects of Psychotherapy on Depression, Beliefs, and Economic Outcomes","The Long-Run Effects of Psychotherapy on Depression, Beliefs, and Economic…",3,8
Dean Karlan,10.1257/aeri.20210612,Cognitive Behavioral Therapy among Ghana's Rural Poor Is Effective Regardless of Baseline Mental Distress,Cognitive Behavioral Therapy among Ghana's Rural Poor Is Effective Regardless…,3,7
Dean Karlan,10.3386/w28106,The Comparative Impact of Cash Transfers and a Psychotherapy Program on Psychological and Economic Well-being,The Comparative Impact of Cash Transfers and a Psychotherapy Program…,3,7
Dean Karlan,10.3386/w28726,Selecting the Most Effective Nudge: Evidence from a Large-Scale Experiment on Immunization,Selecting the Most Effective Nudge,3,7
Vikram Patel,10.1257/aeri.20210612,Cognitive Behavioral Therapy among Ghana's Rural Poor Is Effective Regardless of Baseline Mental Distress,Cognitive Behavioral Therapy among Ghana's Rural Poor Is Effective Regardless…,3,6
Vikram Patel,10.3386/w28106,The Comparative Impact of Cash Transfers and a Psychotherapy Program on Psychological and Economic Well-being,The Comparative Impact of Cash Transfers and a Psychotherapy Program…,3,6
Vikram Patel,10.3386/w30011,"The Long-Run Effects of Psychotherapy on Depression, Beliefs, and Economic Outcomes","The Long-Run Effects of Psychotherapy on Depression, Beliefs, and Economic…",3,6
Abhijit Banerjee,10.1257/aeri.20210612,Cognitive Behavioral Therapy among Ghana's Rural Poor Is Effective Regardless of Baseline Mental Distress,Cognitive Behavioral Therapy among Ghana's Rural Poor Is Effective Regardless…,3,5
Abhijit Banerjee,10.3386/w28726,Selecting the Most Effective Nudge: Evidence from a Large-Scale Experiment on Immunization,Selecting the Most Effective Nudge,3,5
Abhijit Banerjee,10.3386/w30011,"The Long-Run Effects of Psychotherapy on Depression, Beliefs, and Economic Outcomes","The Long-Run Effects of Psychotherapy on Depression, Beliefs, and Economic…",3,5
Asad Islam,10.1257/aeri.20210612,Cognitive Behavioral Therapy among Ghana's Rural Poor Is Effective Regardless of Baseline Mental Distress,Cognitive Behavioral Therapy among Ghana's Rural Poor Is Effective Regardless…,3,5
Asad Islam,10.3386/w28106,The Comparative Impact of Cash Transfers and a Psychotherapy Program on Psychological and Economic Well-being,The Comparative Impact of Cash Transfers and a Psychotherapy Program…,3,5
Asad Islam,10.3386/w30011,"The Long-Run Effects of Psychotherapy on Depression, Beliefs, and Economic Outcomes","The Long-Run Effects of Psychotherapy on Depression, Beliefs, and Economic…",3,5
David E. Bloom,10.1257/pandp.20201017,Advance Market Commitments: Insights from Theory and Experience,Advance Market Commitments,3,5
David E. Bloom,10.3386/w26775,Advance Market Commitments: Insights from Theory and Experience,Advance Market Commitments,3,5
David E. Bloom,10.3386/w30202,Economic vs. Epidemiological Approaches to Measuring the Human Capital Impacts of Infectious Disease Elimination,Economic vs. Epidemiological Approaches to Measuring the Human Capital Impacts…,3,5
David Manheim,10.1257/pandp.20201017,Advance Market Commitments: Insights from Theory and Experience,Advance Market Commitments,3,5
David Manheim,10.3386/w23928,Artificial Intelligence and Economic Growth,Artificial Intelligence and Economic Growth,3,5
David Manheim,10.48550/arxiv.2305.07153,Towards best practices in AGI safety and governance: A survey of expert opinion,Towards best practices in AGI safety and governance,3,5
Gharad Bryan,10.3386/w23929,Effects of Emigration on Rural Labor Markets,Effects of Emigration on Rural Labor Markets,3,5
Gharad Bryan,10.3386/w28106,The Comparative Impact of Cash Transfers and a Psychotherapy Program on Psychological and Economic Well-being,The Comparative Impact of Cash Transfers and a Psychotherapy Program…,3,5
Gharad Bryan,10.3386/w28726,Selecting the Most Effective Nudge: Evidence from a Large-Scale Experiment on Immunization,Selecting the Most Effective Nudge,3,5
Kate Orkin,10.1257/aeri.20210612,Cognitive Behavioral Therapy among Ghana's Rural Poor Is Effective Regardless of Baseline Mental Distress,Cognitive Behavioral Therapy among Ghana's Rural Poor Is Effective Regardless…,3,5
Kate Orkin,10.3386/w28106,The Comparative Impact of Cash Transfers and a Psychotherapy Program on Psychological and Economic Well-being,The Comparative Impact of Cash Transfers and a Psychotherapy Program…,3,5
Kate Orkin,10.3386/w30011,"The Long-Run Effects of Psychotherapy on Depression, Beliefs, and Economic Outcomes","The Long-Run Effects of Psychotherapy on Depression, Beliefs, and Economic…",3,5
Tabassum Rahman,10.1257/aeri.20210612,Cognitive Behavioral Therapy among Ghana's Rural Poor Is Effective Regardless of Baseline Mental Distress,Cognitive Behavioral Therapy among Ghana's Rural Poor Is Effective Regardless…,3,5
Tabassum Rahman,10.3386/w28106,The Comparative Impact of Cash Transfers and a Psychotherapy Program on Psychological and Economic Well-being,The Comparative Impact of Cash Transfers and a Psychotherapy Program…,3,5
Tabassum Rahman,10.3386/w30011,"The Long-Run Effects of Psychotherapy on Depression, Beliefs, and Economic Outcomes","The Long-Run Effects of Psychotherapy on Depression, Beliefs, and Economic…",3,5
Christopher Blattman,10.1257/aeri.20210612,Cognitive Behavioral Therapy among Ghana's Rural Poor Is Effective Regardless of Baseline Mental Distress,Cognitive Behavioral Therapy among Ghana's Rural Poor Is Effective Regardless…,3,4
Christopher Blattman,10.2139/ssrn.4154000,How Effective Is (More) Money? Randomizing Unconditional Cash Transfer Amounts in the US,How Effective Is (More) Money? Randomizing Unconditional Cash Transfer Amounts…,3,4
Christopher Blattman,10.3386/w30011,"The Long-Run Effects of Psychotherapy on Depression, Beliefs, and Economic Outcomes","The Long-Run Effects of Psychotherapy on Depression, Beliefs, and Economic…",3,4
Crick Lund,10.1257/aeri.20210612,Cognitive Behavioral Therapy among Ghana's Rural Poor Is Effective Regardless of Baseline Mental Distress,Cognitive Behavioral Therapy among Ghana's Rural Poor Is Effective Regardless…,3,4
Crick Lund,10.3386/w28106,The Comparative Impact of Cash Transfers and a Psychotherapy Program on Psychological and Economic Well-being,The Comparative Impact of Cash Transfers and a Psychotherapy Program…,3,4
Crick Lund,10.3386/w30011,"The Long-Run Effects of Psychotherapy on Depression, Beliefs, and Economic Outcomes","The Long-Run Effects of Psychotherapy on Depression, Beliefs, and Economic…",3,4
Judith Bass,10.1257/aeri.20210612,Cognitive Behavioral Therapy among Ghana's Rural Poor Is Effective Regardless of Baseline Mental Distress,Cognitive Behavioral Therapy among Ghana's Rural Poor Is Effective Regardless…,3,4
Judith Bass,10.3386/w28106,The Comparative Impact of Cash Transfers and a Psychotherapy Program on Psychological and Economic Well-being,The Comparative Impact of Cash Transfers and a Psychotherapy Program…,3,4
Judith Bass,10.3386/w30011,"The Long-Run Effects of Psychotherapy on Depression, Beliefs, and Economic Outcomes","The Long-Run Effects of Psychotherapy on Depression, Beliefs, and Economic…",3,4
Margaret A. Sheridan,10.1257/aeri.20210612,Cognitive Behavioral Therapy among Ghana's Rural Poor Is Effective Regardless of Baseline Mental Distress,Cognitive Behavioral Therapy among Ghana's Rural Poor Is Effective Regardless…,3,4
Margaret A. Sheridan,10.2139/ssrn.4154000,How Effective Is (More) Money? Randomizing Unconditional Cash Transfer Amounts in the US,How Effective Is (More) Money? Randomizing Unconditional Cash Transfer Amounts…,3,4
Margaret A. Sheridan,10.3386/w30011,"The Long-Run Effects of Psychotherapy on Depression, Beliefs, and Economic Outcomes","The Long-Run Effects of Psychotherapy on Depression, Beliefs, and Economic…",3,4
Nathan Barker,10.1257/aeri.20210612,Cognitive Behavioral Therapy among Ghana's Rural Poor Is Effective Regardless of Baseline Mental Distress,Cognitive Behavioral Therapy among Ghana's Rural Poor Is Effective Regardless…,3,4
Nathan Barker,10.3386/w23929,Effects of Emigration on Rural Labor Markets,Effects of Emigration on Rural Labor Markets,3,4
Nathan Barker,10.3386/w28106,The Comparative Impact of Cash Transfers and a Psychotherapy Program on Psychological and Economic Well-being,The Comparative Impact of Cash Transfers and a Psychotherapy Program…,3,4
Wietse A. Tol,10.1257/aeri.20210612,Cognitive Behavioral Therapy among Ghana's Rural Poor Is Effective Regardless of Baseline Mental Distress,Cognitive Behavioral Therapy among Ghana's Rural Poor Is Effective Regardless…,3,4
Wietse A. Tol,10.3386/w28106,The Comparative Impact of Cash Transfers and a Psychotherapy Program on Psychological and Economic Well-being,The Comparative Impact of Cash Transfers and a Psychotherapy Program…,3,4
Wietse A. Tol,10.3386/w30011,"The Long-Run Effects of Psychotherapy on Depression, Beliefs, and Economic Outcomes","The Long-Run Effects of Psychotherapy on Depression, Beliefs, and Economic…",3,4
Abu Bakkar Siddique,10.1257/aeri.20210612,Cognitive Behavioral Therapy among Ghana's Rural Poor Is Effective Regardless of Baseline Mental Distress,Cognitive Behavioral Therapy among Ghana's Rural Poor Is Effective Regardless…,3,3
Abu Bakkar Siddique,10.3386/w28106,The Comparative Impact of Cash Transfers and a Psychotherapy Program on Psychological and Economic Well-being,The Comparative Impact of Cash Transfers and a Psychotherapy Program…,3,3
Abu Bakkar Siddique,10.3386/w30011,"The Long-Run Effects of Psychotherapy on Depression, Beliefs, and Economic Outcomes","The Long-Run Effects of Psychotherapy on Depression, Beliefs, and Economic…",3,3
David Reinstein,10.1257/pandp.20201017,Advance Market Commitments: Insights from Theory and Experience,Advance Market Commitments,3,3
David Reinstein,10.3386/w23929,Effects of Emigration on Rural Labor Markets,Effects of Emigration on Rural Labor Markets,3,3
David Reinstein,10.3386/w30740,"When do ""Nudges"" Increase Welfare?","When do ""Nudges"" Increase Welfare?",3,3
Frank Schilbach,10.1257/aeri.20210612,Cognitive Behavioral Therapy among Ghana's Rural Poor Is Effective Regardless of Baseline Mental Distress,Cognitive Behavioral Therapy among Ghana's Rural Poor Is Effective Regardless…,3,3
Frank Schilbach,10.3386/w28106,The Comparative Impact of Cash Transfers and a Psychotherapy Program on Psychological and Economic Well-being,The Comparative Impact of Cash Transfers and a Psychotherapy Program…,3,3
Frank Schilbach,10.3386/w30011,"The Long-Run Effects of Psychotherapy on Depression, Beliefs, and Economic Outcomes","The Long-Run Effects of Psychotherapy on Depression, Beliefs, and Economic…",3,3
John A. List,10.3386/w23929,Effects of Emigration on Rural Labor Markets,Effects of Emigration on Rural Labor Markets,3,3
John A. List,10.3386/w30740,"When do ""Nudges"" Increase Welfare?","When do ""Nudges"" Increase Welfare?",3,3
John A. List,10.3386/w32093,Cash Transfers for Child Development: Experimental Evidence from India,Cash Transfers for Child Development,3,3
John R. Walker,10.1257/aeri.20210612,Cognitive Behavioral Therapy among Ghana's Rural Poor Is Effective Regardless of Baseline Mental Distress,Cognitive Behavioral Therapy among Ghana's Rural Poor Is Effective Regardless…,3,3
John R. Walker,10.3386/w28106,The Comparative Impact of Cash Transfers and a Psychotherapy Program on Psychological and Economic Well-being,The Comparative Impact of Cash Transfers and a Psychotherapy Program…,3,3
John R. Walker,10.3386/w30011,"The Long-Run Effects of Psychotherapy on Depression, Beliefs, and Economic Outcomes","The Long-Run Effects of Psychotherapy on Depression, Beliefs, and Economic…",3,3
Laura Murray,10.1257/aeri.20210612,Cognitive Behavioral Therapy among Ghana's Rural Poor Is Effective Regardless of Baseline Mental Distress,Cognitive Behavioral Therapy among Ghana's Rural Poor Is Effective Regardless…,3,3
Laura Murray,10.3386/w28106,The Comparative Impact of Cash Transfers and a Psychotherapy Program on Psychological and Economic Well-being,The Comparative Impact of Cash Transfers and a Psychotherapy Program…,3,3
Laura Murray,10.3386/w30011,"The Long-Run Effects of Psychotherapy on Depression, Beliefs, and Economic Outcomes","The Long-Run Effects of Psychotherapy on Depression, Beliefs, and Economic…",3,3
Mahreen Mahmud,10.1257/aeri.20210612,Cognitive Behavioral Therapy among Ghana's Rural Poor Is Effective Regardless of Baseline Mental Distress,Cognitive Behavioral Therapy among Ghana's Rural Poor Is Effective Regardless…,3,3
Mahreen Mahmud,10.3386/w28726,Selecting the Most Effective Nudge: Evidence from a Large-Scale Experiment on Immunization,Selecting the Most Effective Nudge,3,3
Mahreen Mahmud,10.3386/w30011,"The Long-Run Effects of Psychotherapy on Depression, Beliefs, and Economic Outcomes","The Long-Run Effects of Psychotherapy on Depression, Beliefs, and Economic…",3,3
Marc Witte,10.1257/aeri.20210612,Cognitive Behavioral Therapy among Ghana's Rural Poor Is Effective Regardless of Baseline Mental Distress,Cognitive Behavioral Therapy among Ghana's Rural Poor Is Effective Regardless…,3,3
Marc Witte,10.3386/w28106,The Comparative Impact of Cash Transfers and a Psychotherapy Program on Psychological and Economic Well-being,The Comparative Impact of Cash Transfers and a Psychotherapy Program…,3,3
Marc Witte,10.3386/w30011,"The Long-Run Effects of Psychotherapy on Depression, Beliefs, and Economic Outcomes","The Long-Run Effects of Psychotherapy on Depression, Beliefs, and Economic…",3,3
Sarah M. Murray,10.1257/aeri.20210612,Cognitive Behavioral Therapy among Ghana's Rural Poor Is Effective Regardless of Baseline Mental Distress,Cognitive Behavioral Therapy among Ghana's Rural Poor Is Effective Regardless…,3,3
Sarah M. Murray,10.3386/w28106,The Comparative Impact of Cash Transfers and a Psychotherapy Program on Psychological and Economic Well-being,The Comparative Impact of Cash Transfers and a Psychotherapy Program…,3,3
Sarah M. Murray,10.3386/w30011,"The Long-Run Effects of Psychotherapy on Depression, Beliefs, and Economic Outcomes","The Long-Run Effects of Psychotherapy on Depression, Beliefs, and Economic…",3,3
Thandi Davies,10.1257/aeri.20210612,Cognitive Behavioral Therapy among Ghana's Rural Poor Is Effective Regardless of Baseline Mental Distress,Cognitive Behavioral Therapy among Ghana's Rural Poor Is Effective Regardless…,3,3
Thandi Davies,10.3386/w28106,The Comparative Impact of Cash Transfers and a Psychotherapy Program on Psychological and Economic Well-being,The Comparative Impact of Cash Transfers and a Psychotherapy Program…,3,3
Thandi Davies,10.3386/w30011,"The Long-Run Effects of Psychotherapy on Depression, Beliefs, and Economic Outcomes","The Long-Run Effects of Psychotherapy on Depression, Beliefs, and Economic…",3,3
Francesco Capozza,10.2139/ssrn.3938994,Information Avoidance and Moral Behavior: Experimental Evidence from Food Choices,Information Avoidance and Moral Behavior,3,2
Francesco Capozza,10.3386/w28106,The Comparative Impact of Cash Transfers and a Psychotherapy Program on Psychological and Economic Well-being,The Comparative Impact of Cash Transfers and a Psychotherapy Program…,3,2
Francesco Capozza,10.3386/w30011,"The Long-Run Effects of Psychotherapy on Depression, Beliefs, and Economic Outcomes","The Long-Run Effects of Psychotherapy on Depression, Beliefs, and Economic…",3,2
Luca Parisotto,10.2139/ssrn.4154000,How Effective Is (More) Money? Randomizing Unconditional Cash Transfer Amounts in the US,How Effective Is (More) Money? Randomizing Unconditional Cash Transfer Amounts…,3,2
Luca Parisotto,10.3386/w28726,Selecting the Most Effective Nudge: Evidence from a Large-Scale Experiment on Immunization,Selecting the Most Effective Nudge,3,2
Luca Parisotto,10.3386/w30011,"The Long-Run Effects of Psychotherapy on Depression, Beliefs, and Economic Outcomes","The Long-Run Effects of Psychotherapy on Depression, Beliefs, and Economic…",3,2
Sarah Baird,10.2139/ssrn.4154000,How Effective Is (More) Money? Randomizing Unconditional Cash Transfer Amounts in the US,How Effective Is (More) Money? Randomizing Unconditional Cash Transfer Amounts…,3,2
Sarah Baird,10.3386/w23929,Effects of Emigration on Rural Labor Markets,Effects of Emigration on Rural Labor Markets,3,2
Sarah Baird,10.3386/w30011,"The Long-Run Effects of Psychotherapy on Depression, Beliefs, and Economic Outcomes","The Long-Run Effects of Psychotherapy on Depression, Beliefs, and Economic…",3,2
Michael Mulford,10.1257/aeri.20210612,Cognitive Behavioral Therapy among Ghana's Rural Poor Is Effective Regardless of Baseline Mental Distress,Cognitive Behavioral Therapy among Ghana's Rural Poor Is Effective Regardless…,3,1
Michael Mulford,10.3386/w28106,The Comparative Impact of Cash Transfers and a Psychotherapy Program on Psychological and Economic Well-being,The Comparative Impact of Cash Transfers and a Psychotherapy Program…,3,1
Michael Mulford,10.3386/w30011,"The Long-Run Effects of Psychotherapy on Depression, Beliefs, and Economic Outcomes","The Long-Run Effects of Psychotherapy on Depression, Beliefs, and Economic…",3,1
Ugo Gentilini,10.2139/ssrn.4154000,How Effective Is (More) Money? Randomizing Unconditional Cash Transfer Amounts in the US,How Effective Is (More) Money? Randomizing Unconditional Cash Transfer Amounts…,2,18
Ugo Gentilini,10.3386/w28106,The Comparative Impact of Cash Transfers and a Psychotherapy Program on Psychological and Economic Well-being,The Comparative Impact of Cash Transfers and a Psychotherapy Program…,2,18
David Denkenberger,10.1016/j.ijdrr.2022.102798,Long term cost-effectiveness of resilient foods for global catastrophes compared to artificial general intelligence safety,Long term cost-effectiveness of resilient foods for global catastrophes compared…,2,9
David Denkenberger,10.31219/osf.io/vrmpf,Long Term Cost-Effectiveness of Resilient Foods for Global Catastrophes Compared to Artificial General Intelligence Safety,Long Term Cost-Effectiveness of Resilient Foods for Global Catastrophes Compared…,2,9
Matthew O. Jackson,10.3386/w23928,Artificial Intelligence and Economic Growth,Artificial Intelligence and Economic Growth,2,7
Matthew O. Jackson,10.3386/w28726,Selecting the Most Effective Nudge: Evidence from a Large-Scale Experiment on Immunization,Selecting the Most Effective Nudge,2,7
Christopher B. Barrett,10.1257/aeri.20230431,Money (Not) to Burn: Payments for Ecosystem Services to Reduce Crop Residue Burning,Money (Not) to Burn,2,6
Christopher B. Barrett,10.1257/pandp.20201017,Advance Market Commitments: Insights from Theory and Experience,Advance Market Commitments,2,6
Corey Vernot,10.3386/w23929,Effects of Emigration on Rural Labor Markets,Effects of Emigration on Rural Labor Markets,2,5
Corey Vernot,10.3386/w30011,"The Long-Run Effects of Psychotherapy on Depression, Beliefs, and Economic Outcomes","The Long-Run Effects of Psychotherapy on Depression, Beliefs, and Economic…",2,5
Joshua M. Pearce,10.1016/j.ijdrr.2022.102798,Long term cost-effectiveness of resilient foods for global catastrophes compared to artificial general intelligence safety,Long term cost-effectiveness of resilient foods for global catastrophes compared…,2,5
Joshua M. Pearce,10.31219/osf.io/vrmpf,Long Term Cost-Effectiveness of Resilient Foods for Global Catastrophes Compared to Artificial General Intelligence Safety,Long Term Cost-Effectiveness of Resilient Foods for Global Catastrophes Compared…,2,5
Nicolas Treich,10.1080/21606544.2022.2138980,The animal welfare cost of meat: evidence from a survey of hypothetical scenarios among Belgian consumers,The animal welfare cost of meat,2,5
Nicolas Treich,10.2139/ssrn.3938994,Information Avoidance and Moral Behavior: Experimental Evidence from Food Choices,Information Avoidance and Moral Behavior,2,5
Romain Espinosa,10.1080/21606544.2022.2138980,The animal welfare cost of meat: evidence from a survey of hypothetical scenarios among Belgian consumers,The animal welfare cost of meat,2,5
Romain Espinosa,10.2139/ssrn.3938994,Information Avoidance and Moral Behavior: Experimental Evidence from Food Choices,Information Avoidance and Moral Behavior,2,5
Ross Tieman,10.1016/j.ijdrr.2022.102798,Long term cost-effectiveness of resilient foods for global catastrophes compared to artificial general intelligence safety,Long term cost-effectiveness of resilient foods for global catastrophes compared…,2,5
Ross Tieman,10.31219/osf.io/vrmpf,Long Term Cost-Effectiveness of Resilient Foods for Global Catastrophes Compared to Artificial General Intelligence Safety,Long Term Cost-Effectiveness of Resilient Foods for Global Catastrophes Compared…,2,5
Erin Kelley,10.3386/w23929,Effects of Emigration on Rural Labor Markets,Effects of Emigration on Rural Labor Markets,2,4
Erin Kelley,10.3386/w30011,"The Long-Run Effects of Psychotherapy on Depression, Beliefs, and Economic Outcomes","The Long-Run Effects of Psychotherapy on Depression, Beliefs, and Economic…",2,4
Giovanna D’Adda,10.2139/ssrn.3938994,Information Avoidance and Moral Behavior: Experimental Evidence from Food Choices,Information Avoidance and Moral Behavior,2,4
Giovanna D’Adda,10.3386/w28726,Selecting the Most Effective Nudge: Evidence from a Large-Scale Experiment on Immunization,Selecting the Most Effective Nudge,2,4
Olivier Sterck,10.3386/w23929,Effects of Emigration on Rural Labor Markets,Effects of Emigration on Rural Labor Markets,2,4
Olivier Sterck,10.3386/w28726,Selecting the Most Effective Nudge: Evidence from a Large-Scale Experiment on Immunization,Selecting the Most Effective Nudge,2,4
Christopher Udry,10.1257/aeri.20210612,Cognitive Behavioral Therapy among Ghana's Rural Poor Is Effective Regardless of Baseline Mental Distress,Cognitive Behavioral Therapy among Ghana's Rural Poor Is Effective Regardless…,2,3
Christopher Udry,10.3386/w28106,The Comparative Impact of Cash Transfers and a Psychotherapy Program on Psychological and Economic Well-being,The Comparative Impact of Cash Transfers and a Psychotherapy Program…,2,3
Dennis Egger,10.3386/w23929,Effects of Emigration on Rural Labor Markets,Effects of Emigration on Rural Labor Markets,2,3
Dennis Egger,10.3386/w30011,"The Long-Run Effects of Psychotherapy on Depression, Beliefs, and Economic Outcomes","The Long-Run Effects of Psychotherapy on Depression, Beliefs, and Economic…",2,3
Emily Breza,10.3386/w23929,Effects of Emigration on Rural Labor Markets,Effects of Emigration on Rural Labor Markets,2,3
Emily Breza,10.3386/w28726,Selecting the Most Effective Nudge: Evidence from a Large-Scale Experiment on Immunization,Selecting the Most Effective Nudge,2,3
Fatima Zahra,10.3386/w23929,Effects of Emigration on Rural Labor Markets,Effects of Emigration on Rural Labor Markets,2,3
Fatima Zahra,10.3386/w30011,"The Long-Run Effects of Psychotherapy on Depression, Beliefs, and Economic Outcomes","The Long-Run Effects of Psychotherapy on Depression, Beliefs, and Economic…",2,3
Gaurav Khanna,10.3386/w23929,Effects of Emigration on Rural Labor Markets,Effects of Emigration on Rural Labor Markets,2,3
Gaurav Khanna,10.3386/w28106,The Comparative Impact of Cash Transfers and a Psychotherapy Program on Psychological and Economic Well-being,The Comparative Impact of Cash Transfers and a Psychotherapy Program…,2,3
Gregory Lane,10.3386/w23929,Effects of Emigration on Rural Labor Markets,Effects of Emigration on Rural Labor Markets,2,3
Gregory Lane,10.3386/w30011,"The Long-Run Effects of Psychotherapy on Depression, Beliefs, and Economic Outcomes","The Long-Run Effects of Psychotherapy on Depression, Beliefs, and Economic…",2,3
Howard White,10.1257/pandp.20201017,Advance Market Commitments: Insights from Theory and Experience,Advance Market Commitments,2,3
Howard White,10.3386/w23929,Effects of Emigration on Rural Labor Markets,Effects of Emigration on Rural Labor Markets,2,3
Jenny C. Aker,10.3386/w28726,Selecting the Most Effective Nudge: Evidence from a Large-Scale Experiment on Immunization,Selecting the Most Effective Nudge,2,3
Jenny C. Aker,10.3386/w31208,Building Resilient Education Systems: Evidence from Large-Scale Randomized Trials in Five Countries,Building Resilient Education Systems,2,3
Jessica Leight,10.3386/w28106,The Comparative Impact of Cash Transfers and a Psychotherapy Program on Psychological and Economic Well-being,The Comparative Impact of Cash Transfers and a Psychotherapy Program…,2,3
Jessica Leight,10.3386/w28726,Selecting the Most Effective Nudge: Evidence from a Large-Scale Experiment on Immunization,Selecting the Most Effective Nudge,2,3
Joël Cariolle,10.3386/w28726,Selecting the Most Effective Nudge: Evidence from a Large-Scale Experiment on Immunization,Selecting the Most Effective Nudge,2,3
Joël Cariolle,10.3386/w31208,Building Resilient Education Systems: Evidence from Large-Scale Randomized Trials in Five Countries,Building Resilient Education Systems,2,3
Liu Yong,10.3386/w23928,Artificial Intelligence and Economic Growth,Artificial Intelligence and Economic Growth,2,3
Liu Yong,10.3386/w23929,Effects of Emigration on Rural Labor Markets,Effects of Emigration on Rural Labor Markets,2,3
Maarten Voors,10.3386/w28106,The Comparative Impact of Cash Transfers and a Psychotherapy Program on Psychological and Economic Well-being,The Comparative Impact of Cash Transfers and a Psychotherapy Program…,2,3
Maarten Voors,10.3386/w30011,"The Long-Run Effects of Psychotherapy on Depression, Beliefs, and Economic Outcomes","The Long-Run Effects of Psychotherapy on Depression, Beliefs, and Economic…",2,3
Massimo Tavoni,10.2139/ssrn.3938994,Information Avoidance and Moral Behavior: Experimental Evidence from Food Choices,Information Avoidance and Moral Behavior,2,3
Massimo Tavoni,10.3386/w28726,Selecting the Most Effective Nudge: Evidence from a Large-Scale Experiment on Immunization,Selecting the Most Effective Nudge,2,3
Patricio Domínguez,10.3386/w28106,The Comparative Impact of Cash Transfers and a Psychotherapy Program on Psychological and Economic Well-being,The Comparative Impact of Cash Transfers and a Psychotherapy Program…,2,3
Patricio Domínguez,10.3386/w28726,Selecting the Most Effective Nudge: Evidence from a Large-Scale Experiment on Immunization,Selecting the Most Effective Nudge,2,3
Reshmaan Hussam,10.3386/w23929,Effects of Emigration on Rural Labor Markets,Effects of Emigration on Rural Labor Markets,2,3
Reshmaan Hussam,10.3386/w30011,"The Long-Run Effects of Psychotherapy on Depression, Beliefs, and Economic Outcomes","The Long-Run Effects of Psychotherapy on Depression, Beliefs, and Economic…",2,3
Santiago M. Perez‐Vincent,10.3386/w28106,The Comparative Impact of Cash Transfers and a Psychotherapy Program on Psychological and Economic Well-being,The Comparative Impact of Cash Transfers and a Psychotherapy Program…,2,3
Santiago M. Perez‐Vincent,10.3386/w28726,Selecting the Most Effective Nudge: Evidence from a Large-Scale Experiment on Immunization,Selecting the Most Effective Nudge,2,3
Sebastián Chaskel,10.1257/aeri.20210612,Cognitive Behavioral Therapy among Ghana's Rural Poor Is Effective Regardless of Baseline Mental Distress,Cognitive Behavioral Therapy among Ghana's Rural Poor Is Effective Regardless…,2,3
Sebastián Chaskel,10.3386/w30011,"The Long-Run Effects of Psychotherapy on Depression, Beliefs, and Economic Outcomes","The Long-Run Effects of Psychotherapy on Depression, Beliefs, and Economic…",2,3
Thanh Lê,10.3386/w23928,Artificial Intelligence and Economic Growth,Artificial Intelligence and Economic Growth,2,3
Thanh Lê,10.3386/w31137,Biodiversity Risk,Biodiversity Risk,2,3
Vincent Reina,10.2139/ssrn.4154000,How Effective Is (More) Money? Randomizing Unconditional Cash Transfer Amounts in the US,How Effective Is (More) Money? Randomizing Unconditional Cash Transfer Amounts…,2,3
Vincent Reina,10.3386/w28106,The Comparative Impact of Cash Transfers and a Psychotherapy Program on Psychological and Economic Well-being,The Comparative Impact of Cash Transfers and a Psychotherapy Program…,2,3
Wim Naudé,10.3386/w23928,Artificial Intelligence and Economic Growth,Artificial Intelligence and Economic Growth,2,3
Wim Naudé,10.3386/w26752,Stagnation and Scientific Incentives,Stagnation and Scientific Incentives,2,3
Лілія Нікіфорова,10.3386/w26752,Stagnation and Scientific Incentives,Stagnation and Scientific Incentives,2,3
Лілія Нікіфорова,10.3386/w31409,Choose Your Moments: Peer Review and Scientific Risk Taking,Choose Your Moments,2,3
Anatoliy A. Shiyan,10.3386/w26752,Stagnation and Scientific Incentives,Stagnation and Scientific Incentives,2,2
Anatoliy A. Shiyan,10.3386/w31409,Choose Your Moments: Peer Review and Scientific Risk Taking,Choose Your Moments,2,2
Anonymous Anonymous,10.3386/w30624,Legalizing Entrepreneurship,Legalizing Entrepreneurship,2,2
Anonymous Anonymous,10.3386/w30740,"When do ""Nudges"" Increase Welfare?","When do ""Nudges"" Increase Welfare?",2,2
Anton Korinek,10.3386/w23928,Artificial Intelligence and Economic Growth,Artificial Intelligence and Economic Growth,2,2
Anton Korinek,10.48550/arxiv.2305.07153,Towards best practices in AGI safety and governance: A survey of expert opinion,Towards best practices in AGI safety and governance,2,2
Bei Liu,10.1257/aer.20221215,Does the Squeaky Wheel Get More Grease? The Direct and Indirect Effects of Citizen Participation on Environmental Governance in China,Does the Squeaky Wheel Get More Grease? The Direct and…,2,2
Bei Liu,10.3386/w23928,Artificial Intelligence and Economic Growth,Artificial Intelligence and Economic Growth,2,2
Caroline Flammer,10.1287/mnsc.2023.4846,The Governance of Nonprofits and Their Social Impact: Evidence from a Randomized Program in Healthcare in the Democratic Republic of Congo,The Governance of Nonprofits and Their Social Impact,2,2
Caroline Flammer,10.3386/w31137,Biodiversity Risk,Biodiversity Risk,2,2
Christopher M. Snyder,10.1257/pandp.20201017,Advance Market Commitments: Insights from Theory and Experience,Advance Market Commitments,2,2
Christopher M. Snyder,10.3386/w26775,Advance Market Commitments: Insights from Theory and Experience,Advance Market Commitments,2,2
Daniel Salicath,10.1257/aeri.20210612,Cognitive Behavioral Therapy among Ghana's Rural Poor Is Effective Regardless of Baseline Mental Distress,Cognitive Behavioral Therapy among Ghana's Rural Poor Is Effective Regardless…,2,2
Daniel Salicath,10.3386/w30011,"The Long-Run Effects of Psychotherapy on Depression, Beliefs, and Economic Outcomes","The Long-Run Effects of Psychotherapy on Depression, Beliefs, and Economic…",2,2
Dayong Zhang,10.1257/aer.20221215,Does the Squeaky Wheel Get More Grease? The Direct and Indirect Effects of Citizen Participation on Environmental Governance in China,Does the Squeaky Wheel Get More Grease? The Direct and…,2,2
Dayong Zhang,10.3386/w31137,Biodiversity Risk,Biodiversity Risk,2,2
Dimitrios Gouglas,10.1257/pandp.20201017,Advance Market Commitments: Insights from Theory and Experience,Advance Market Commitments,2,2
Dimitrios Gouglas,10.3386/w26775,Advance Market Commitments: Insights from Theory and Experience,Advance Market Commitments,2,2
Elisa M. Maffioli,10.3386/w28726,Selecting the Most Effective Nudge: Evidence from a Large-Scale Experiment on Immunization,Selecting the Most Effective Nudge,2,2
Elisa M. Maffioli,10.3386/w30835,Water Treatment And Child Mortality: A Meta-Analysis And Cost-effectiveness Analysis,Water Treatment And Child Mortality,2,2
Erin Grela,10.1257/aeri.20210612,Cognitive Behavioral Therapy among Ghana's Rural Poor Is Effective Regardless of Baseline Mental Distress,Cognitive Behavioral Therapy among Ghana's Rural Poor Is Effective Regardless…,2,2
Erin Grela,10.3386/w30011,"The Long-Run Effects of Psychotherapy on Depression, Beliefs, and Economic Outcomes","The Long-Run Effects of Psychotherapy on Depression, Beliefs, and Economic…",2,2
Felix Stein,10.1257/pandp.20201017,Advance Market Commitments: Insights from Theory and Experience,Advance Market Commitments,2,2
Felix Stein,10.3386/w26775,Advance Market Commitments: Insights from Theory and Experience,Advance Market Commitments,2,2
Francisco Gallego,10.3386/w28106,The Comparative Impact of Cash Transfers and a Psychotherapy Program on Psychological and Economic Well-being,The Comparative Impact of Cash Transfers and a Psychotherapy Program…,2,2
Francisco Gallego,10.3386/w31208,Building Resilient Education Systems: Evidence from Large-Scale Randomized Trials in Five Countries,Building Resilient Education Systems,2,2
Frederico Finan,10.3386/w28726,Selecting the Most Effective Nudge: Evidence from a Large-Scale Experiment on Immunization,Selecting the Most Effective Nudge,2,2
Frederico Finan,10.3386/w32728,A Welfare Analysis of Policies Impacting Climate Change,A Welfare Analysis of Policies Impacting Climate Change,2,2
Garima Sharma,10.1257/aeri.20210612,Cognitive Behavioral Therapy among Ghana's Rural Poor Is Effective Regardless of Baseline Mental Distress,Cognitive Behavioral Therapy among Ghana's Rural Poor Is Effective Regardless…,2,2
Garima Sharma,10.3386/w30011,"The Long-Run Effects of Psychotherapy on Depression, Beliefs, and Economic Outcomes","The Long-Run Effects of Psychotherapy on Depression, Beliefs, and Economic…",2,2
Girija Vaidyanathan,10.1257/aeri.20210612,Cognitive Behavioral Therapy among Ghana's Rural Poor Is Effective Regardless of Baseline Mental Distress,Cognitive Behavioral Therapy among Ghana's Rural Poor Is Effective Regardless…,2,2
Girija Vaidyanathan,10.3386/w30011,"The Long-Run Effects of Psychotherapy on Depression, Beliefs, and Economic Outcomes","The Long-Run Effects of Psychotherapy on Depression, Beliefs, and Economic…",2,2
Hitoshi Shigeoka,10.1257/aeri.20210612,Cognitive Behavioral Therapy among Ghana's Rural Poor Is Effective Regardless of Baseline Mental Distress,Cognitive Behavioral Therapy among Ghana's Rural Poor Is Effective Regardless…,2,2
Hitoshi Shigeoka,10.3386/w31554,Urban Forests: Environmental Health Values and Risks,Urban Forests,2,2
Jules Gazeaud,10.3386/w23929,Effects of Emigration on Rural Labor Markets,Effects of Emigration on Rural Labor Markets,2,2
Jules Gazeaud,10.3386/w30835,Water Treatment And Child Mortality: A Meta-Analysis And Cost-effectiveness Analysis,Water Treatment And Child Mortality,2,2
Kelsey Wright,10.1257/aeri.20210612,Cognitive Behavioral Therapy among Ghana's Rural Poor Is Effective Regardless of Baseline Mental Distress,Cognitive Behavioral Therapy among Ghana's Rural Poor Is Effective Regardless…,2,2
Kelsey Wright,10.3386/w28106,The Comparative Impact of Cash Transfers and a Psychotherapy Program on Psychological and Economic Well-being,The Comparative Impact of Cash Transfers and a Psychotherapy Program…,2,2
Kendall Hoyt,10.1257/pandp.20201017,Advance Market Commitments: Insights from Theory and Experience,Advance Market Commitments,2,2
Kendall Hoyt,10.3386/w26775,Advance Market Commitments: Insights from Theory and Experience,Advance Market Commitments,2,2
Klaus Prettner,10.1257/pandp.20201017,Advance Market Commitments: Insights from Theory and Experience,Advance Market Commitments,2,2
Klaus Prettner,10.3386/w26775,Advance Market Commitments: Insights from Theory and Experience,Advance Market Commitments,2,2
Luke Kemp,10.1016/j.cognition.2021.104941,Population ethical intuitions,Population ethical intuitions,2,2
Luke Kemp,10.1016/j.ijdrr.2022.102798,Long term cost-effectiveness of resilient foods for global catastrophes compared to artificial general intelligence safety,Long term cost-effectiveness of resilient foods for global catastrophes compared…,2,2
Madeline McKelway,10.1257/aeri.20210612,Cognitive Behavioral Therapy among Ghana's Rural Poor Is Effective Regardless of Baseline Mental Distress,Cognitive Behavioral Therapy among Ghana's Rural Poor Is Effective Regardless…,2,2
Madeline McKelway,10.3386/w30011,"The Long-Run Effects of Psychotherapy on Depression, Beliefs, and Economic Outcomes","The Long-Run Effects of Psychotherapy on Depression, Beliefs, and Economic…",2,2
Marcella Alsan,10.1093/ej/uead102,Do Celebrity Endorsements Matter? A Twitter Experiment Promoting Vaccination in Indonesia,Do Celebrity Endorsements Matter? A Twitter Experiment Promoting Vaccination in…,2,2
Marcella Alsan,10.3386/w28726,Selecting the Most Effective Nudge: Evidence from a Large-Scale Experiment on Immunization,Selecting the Most Effective Nudge,2,2
Mark J. D. Jordans,10.1257/aeri.20210612,Cognitive Behavioral Therapy among Ghana's Rural Poor Is Effective Regardless of Baseline Mental Distress,Cognitive Behavioral Therapy among Ghana's Rural Poor Is Effective Regardless…,2,2
Mark J. D. Jordans,10.3386/w30011,"The Long-Run Effects of Psychotherapy on Depression, Beliefs, and Economic Outcomes","The Long-Run Effects of Psychotherapy on Depression, Beliefs, and Economic…",2,2
Maryam Kouchaki,10.1016/j.cognition.2021.104941,Population ethical intuitions,Population ethical intuitions,2,2
Maryam Kouchaki,10.3386/w28106,The Comparative Impact of Cash Transfers and a Psychotherapy Program on Psychological and Economic Well-being,The Comparative Impact of Cash Transfers and a Psychotherapy Program…,2,2
Matthew J. Kotchen,10.3386/w26775,Advance Market Commitments: Insights from Theory and Experience,Advance Market Commitments,2,2
Matthew J. Kotchen,10.3386/w32728,A Welfare Analysis of Policies Impacting Climate Change,A Welfare Analysis of Policies Impacting Climate Change,2,2
Matthias Kalkuhl,10.3386/w23928,Artificial Intelligence and Economic Growth,Artificial Intelligence and Economic Growth,2,2
Matthias Kalkuhl,10.3386/w32450,The Macroeconomic Impact of Climate Change: Global vs. Local Temperature,The Macroeconomic Impact of Climate Change,2,2
Matthias Rodemeier,10.3386/w30740,"When do ""Nudges"" Increase Welfare?","When do ""Nudges"" Increase Welfare?",2,2
Matthias Rodemeier,10.3386/w31137,Biodiversity Risk,Biodiversity Risk,2,2
Maulik Jagnani,10.1257/aeri.20230431,Money (Not) to Burn: Payments for Ecosystem Services to Reduce Crop Residue Burning,Money (Not) to Burn,2,2
Maulik Jagnani,10.3386/w23929,Effects of Emigration on Rural Labor Markets,Effects of Emigration on Rural Labor Markets,2,2
Michael Kremer,10.1257/pandp.20201017,Advance Market Commitments: Insights from Theory and Experience,Advance Market Commitments,2,2
Michael Kremer,10.3386/w26775,Advance Market Commitments: Insights from Theory and Experience,Advance Market Commitments,2,2
Michael Kühn,10.1257/pandp.20201017,Advance Market Commitments: Insights from Theory and Experience,Advance Market Commitments,2,2
Michael Kühn,10.3386/w26775,Advance Market Commitments: Insights from Theory and Experience,Advance Market Commitments,2,2
Mika Akesaka,10.1257/aeri.20210612,Cognitive Behavioral Therapy among Ghana's Rural Poor Is Effective Regardless of Baseline Mental Distress,Cognitive Behavioral Therapy among Ghana's Rural Poor Is Effective Regardless…,2,2
Mika Akesaka,10.3386/w31554,Urban Forests: Environmental Health Values and Risks,Urban Forests,2,2
Ming‐ang Zhang,10.1257/aer.20221215,Does the Squeaky Wheel Get More Grease? The Direct and Indirect Effects of Citizen Participation on Environmental Governance in China,Does the Squeaky Wheel Get More Grease? The Direct and…,2,2
Ming‐ang Zhang,10.3386/w31554,Urban Forests: Environmental Health Values and Risks,Urban Forests,2,2
Nikita Zakharov,10.2139/ssrn.4154000,How Effective Is (More) Money? Randomizing Unconditional Cash Transfer Amounts in the US,How Effective Is (More) Money? Randomizing Unconditional Cash Transfer Amounts…,2,2
Nikita Zakharov,10.3386/w33018,Misperceptions and Demand for Democracy under Authoritarianism,Misperceptions and Demand for Democracy under Authoritarianism,2,2
Peter Schwardmann,10.2139/ssrn.3938994,Information Avoidance and Moral Behavior: Experimental Evidence from Food Choices,Information Avoidance and Moral Behavior,2,2
Peter Schwardmann,10.3386/w30011,"The Long-Run Effects of Psychotherapy on Depression, Beliefs, and Economic Outcomes","The Long-Run Effects of Psychotherapy on Depression, Beliefs, and Economic…",2,2
Qiang Ji,10.1257/aer.20221215,Does the Squeaky Wheel Get More Grease? The Direct and Indirect Effects of Citizen Participation on Environmental Governance in China,Does the Squeaky Wheel Get More Grease? The Direct and…,2,2
Qiang Ji,10.3386/w31137,Biodiversity Risk,Biodiversity Risk,2,2
Qiang Wang,10.3386/w23928,Artificial Intelligence and Economic Growth,Artificial Intelligence and Economic Growth,2,2
Qiang Wang,10.3386/w31137,Biodiversity Risk,Biodiversity Risk,2,2
Richard Sedlmayr,10.1257/aeri.20210612,Cognitive Behavioral Therapy among Ghana's Rural Poor Is Effective Regardless of Baseline Mental Distress,Cognitive Behavioral Therapy among Ghana's Rural Poor Is Effective Regardless…,2,2
Richard Sedlmayr,10.3386/w30011,"The Long-Run Effects of Psychotherapy on Depression, Beliefs, and Economic Outcomes","The Long-Run Effects of Psychotherapy on Depression, Beliefs, and Economic…",2,2
Rob Garlick,10.1257/aeri.20210612,Cognitive Behavioral Therapy among Ghana's Rural Poor Is Effective Regardless of Baseline Mental Distress,Cognitive Behavioral Therapy among Ghana's Rural Poor Is Effective Regardless…,2,2
Rob Garlick,10.3386/w30011,"The Long-Run Effects of Psychotherapy on Depression, Beliefs, and Economic Outcomes","The Long-Run Effects of Psychotherapy on Depression, Beliefs, and Economic…",2,2
Rohini Pande,10.3386/w23929,Effects of Emigration on Rural Labor Markets,Effects of Emigration on Rural Labor Markets,2,2
Rohini Pande,10.3386/w31162,Intergenerational Child Mortality Impacts of Deworming: Experimental Evidence from Two Decades of the Kenya Life Panel Survey,Intergenerational Child Mortality Impacts of Deworming,2,2
Samantha Kassirer,10.1016/j.cognition.2021.104941,Population ethical intuitions,Population ethical intuitions,2,2
Samantha Kassirer,10.3386/w28106,The Comparative Impact of Cash Transfers and a Psychotherapy Program on Psychological and Economic Well-being,The Comparative Impact of Cash Transfers and a Psychotherapy Program…,2,2
Seán Ó hÉigeartaigh,10.3386/w26752,Stagnation and Scientific Incentives,Stagnation and Scientific Incentives,2,2
Seán Ó hÉigeartaigh,10.48550/arxiv.2305.07153,Towards best practices in AGI safety and governance: A survey of expert opinion,Towards best practices in AGI safety and governance,2,2
Shuangyan Li,10.1257/aer.20221215,Does the Squeaky Wheel Get More Grease? The Direct and Indirect Effects of Citizen Participation on Environmental Governance in China,Does the Squeaky Wheel Get More Grease? The Direct and…,2,2
Shuangyan Li,10.3386/w23928,Artificial Intelligence and Economic Growth,Artificial Intelligence and Economic Growth,2,2
Siddhartha Roy,10.1093/wbro/lkae010,The Effect of Lead Exposure on Children’s Learning in the Developing World: A Meta-Analysis,The Effect of Lead Exposure on Children’s Learning in the…,2,2
Siddhartha Roy,10.3386/w26752,Stagnation and Scientific Incentives,Stagnation and Scientific Incentives,2,2
Sihan Zhang,10.1257/aer.20221215,Does the Squeaky Wheel Get More Grease? The Direct and Indirect Effects of Citizen Participation on Environmental Governance in China,Does the Squeaky Wheel Get More Grease? The Direct and…,2,2
Sihan Zhang,10.3386/w31554,Urban Forests: Environmental Health Values and Risks,Urban Forests,2,2
Sofia Amaral,10.3386/w28106,The Comparative Impact of Cash Transfers and a Psychotherapy Program on Psychological and Economic Well-being,The Comparative Impact of Cash Transfers and a Psychotherapy Program…,2,2
Sofia Amaral,10.3386/w28726,Selecting the Most Effective Nudge: Evidence from a Large-Scale Experiment on Immunization,Selecting the Most Effective Nudge,2,2
Stefan Dercon,10.1257/aeri.20210612,Cognitive Behavioral Therapy among Ghana's Rural Poor Is Effective Regardless of Baseline Mental Distress,Cognitive Behavioral Therapy among Ghana's Rural Poor Is Effective Regardless…,2,2
Stefan Dercon,10.3386/w30011,"The Long-Run Effects of Psychotherapy on Depression, Beliefs, and Economic Outcomes","The Long-Run Effects of Psychotherapy on Depression, Beliefs, and Economic…",2,2
Stuart Russell,10.3386/w23928,Artificial Intelligence and Economic Growth,Artificial Intelligence and Economic Growth,2,2
Stuart Russell,10.48550/arxiv.2305.07153,Towards best practices in AGI safety and governance: A survey of expert opinion,Towards best practices in AGI safety and governance,2,2
Susan Athey,10.3386/w26775,Advance Market Commitments: Insights from Theory and Experience,Advance Market Commitments,2,2
Susan Athey,10.3386/w28726,Selecting the Most Effective Nudge: Evidence from a Large-Scale Experiment on Immunization,Selecting the Most Effective Nudge,2,2
Sutanuka Roy,10.3386/w30740,"When do ""Nudges"" Increase Welfare?","When do ""Nudges"" Increase Welfare?",2,2
Sutanuka Roy,10.3386/w32093,Cash Transfers for Child Development: Experimental Evidence from India,Cash Transfers for Child Development,2,2
Tanvir Ahmed Mozumder,10.1257/aeri.20210612,Cognitive Behavioral Therapy among Ghana's Rural Poor Is Effective Regardless of Baseline Mental Distress,Cognitive Behavioral Therapy among Ghana's Rural Poor Is Effective Regardless…,2,2
Tanvir Ahmed Mozumder,10.3386/w30011,"The Long-Run Effects of Psychotherapy on Depression, Beliefs, and Economic Outcomes","The Long-Run Effects of Psychotherapy on Depression, Beliefs, and Economic…",2,2
Tanvir Shatil,10.1257/aeri.20210612,Cognitive Behavioral Therapy among Ghana's Rural Poor Is Effective Regardless of Baseline Mental Distress,Cognitive Behavioral Therapy among Ghana's Rural Poor Is Effective Regardless…,2,2
Tanvir Shatil,10.3386/w30011,"The Long-Run Effects of Psychotherapy on Depression, Beliefs, and Economic Outcomes","The Long-Run Effects of Psychotherapy on Depression, Beliefs, and Economic…",2,2
Xinze Li,10.1257/aer.20221215,Does the Squeaky Wheel Get More Grease? The Direct and Indirect Effects of Citizen Participation on Environmental Governance in China,Does the Squeaky Wheel Get More Grease? The Direct and…,2,2
Xinze Li,10.3386/w23929,Effects of Emigration on Rural Labor Markets,Effects of Emigration on Rural Labor Markets,2,2
Bingqian Tu,10.1257/aer.20221215,Does the Squeaky Wheel Get More Grease? The Direct and Indirect Effects of Citizen Participation on Environmental Governance in China,Does the Squeaky Wheel Get More Grease? The Direct and…,2,1
Bingqian Tu,10.3386/w31554,Urban Forests: Environmental Health Values and Risks,Urban Forests,2,1
Björn Nilsson,10.1257/aeri.20210612,Cognitive Behavioral Therapy among Ghana's Rural Poor Is Effective Regardless of Baseline Mental Distress,Cognitive Behavioral Therapy among Ghana's Rural Poor Is Effective Regardless…,2,1
Björn Nilsson,10.3386/w30011,"The Long-Run Effects of Psychotherapy on Depression, Beliefs, and Economic Outcomes","The Long-Run Effects of Psychotherapy on Depression, Beliefs, and Economic…",2,1
Chiara Dell’Aira,10.2139/ssrn.4154000,How Effective Is (More) Money? Randomizing Unconditional Cash Transfer Amounts in the US,How Effective Is (More) Money? Randomizing Unconditional Cash Transfer Amounts…,2,1
Chiara Dell’Aira,10.3386/w30011,"The Long-Run Effects of Psychotherapy on Depression, Beliefs, and Economic Outcomes","The Long-Run Effects of Psychotherapy on Depression, Beliefs, and Economic…",2,1
Clémence Pougué Biyong,10.1257/aeri.20210612,Cognitive Behavioral Therapy among Ghana's Rural Poor Is Effective Regardless of Baseline Mental Distress,Cognitive Behavioral Therapy among Ghana's Rural Poor Is Effective Regardless…,2,1
Clémence Pougué Biyong,10.3386/w30011,"The Long-Run Effects of Psychotherapy on Depression, Beliefs, and Economic Outcomes","The Long-Run Effects of Psychotherapy on Depression, Beliefs, and Economic…",2,1
Daniel Bennett,10.3386/w28106,The Comparative Impact of Cash Transfers and a Psychotherapy Program on Psychological and Economic Well-being,The Comparative Impact of Cash Transfers and a Psychotherapy Program…,2,1
Daniel Bennett,10.3386/w30011,"The Long-Run Effects of Psychotherapy on Depression, Beliefs, and Economic Outcomes","The Long-Run Effects of Psychotherapy on Depression, Beliefs, and Economic…",2,1
Danish Us-Salam,10.2139/ssrn.4154000,How Effective Is (More) Money? Randomizing Unconditional Cash Transfer Amounts in the US,How Effective Is (More) Money? Randomizing Unconditional Cash Transfer Amounts…,2,1
Danish Us-Salam,10.3386/w30011,"The Long-Run Effects of Psychotherapy on Depression, Beliefs, and Economic Outcomes","The Long-Run Effects of Psychotherapy on Depression, Beliefs, and Economic…",2,1
Debayan Pakrashi,10.1257/aeri.20210612,Cognitive Behavioral Therapy among Ghana's Rural Poor Is Effective Regardless of Baseline Mental Distress,Cognitive Behavioral Therapy among Ghana's Rural Poor Is Effective Regardless…,2,1
Debayan Pakrashi,10.3386/w28106,The Comparative Impact of Cash Transfers and a Psychotherapy Program on Psychological and Economic Well-being,The Comparative Impact of Cash Transfers and a Psychotherapy Program…,2,1
Ebenezer Kwabena Tetteh,10.1257/pandp.20201017,Advance Market Commitments: Insights from Theory and Experience,Advance Market Commitments,2,1
Ebenezer Kwabena Tetteh,10.3386/w26775,Advance Market Commitments: Insights from Theory and Experience,Advance Market Commitments,2,1
Firoz Ahmed,10.1257/aeri.20210612,Cognitive Behavioral Therapy among Ghana's Rural Poor Is Effective Regardless of Baseline Mental Distress,Cognitive Behavioral Therapy among Ghana's Rural Poor Is Effective Regardless…,2,1
Firoz Ahmed,10.3386/w28106,The Comparative Impact of Cash Transfers and a Psychotherapy Program on Psychological and Economic Well-being,The Comparative Impact of Cash Transfers and a Psychotherapy Program…,2,1
George Lin,10.2139/ssrn.4154000,How Effective Is (More) Money? Randomizing Unconditional Cash Transfer Amounts in the US,How Effective Is (More) Money? Randomizing Unconditional Cash Transfer Amounts…,2,1
George Lin,10.3386/w28106,The Comparative Impact of Cash Transfers and a Psychotherapy Program on Psychological and Economic Well-being,The Comparative Impact of Cash Transfers and a Psychotherapy Program…,2,1
Jingqi Dang,10.1257/aer.20221215,Does the Squeaky Wheel Get More Grease? The Direct and Indirect Effects of Citizen Participation on Environmental Governance in China,Does the Squeaky Wheel Get More Grease? The Direct and…,2,1
Jingqi Dang,10.3386/w31554,Urban Forests: Environmental Health Values and Risks,Urban Forests,2,1
Lina Meng,10.3386/w29357,The Environmental Effects of Economic Production: Evidence from Ecological Observations,The Environmental Effects of Economic Production,2,1
Lina Meng,10.3386/w31137,Biodiversity Risk,Biodiversity Risk,2,1
Manuela Angelucci,10.3386/w28106,The Comparative Impact of Cash Transfers and a Psychotherapy Program on Psychological and Economic Well-being,The Comparative Impact of Cash Transfers and a Psychotherapy Program…,2,1
Manuela Angelucci,10.3386/w30011,"The Long-Run Effects of Psychotherapy on Depression, Beliefs, and Economic Outcomes","The Long-Run Effects of Psychotherapy on Depression, Beliefs, and Economic…",2,1
Matthew Z. Fowle,10.2139/ssrn.4154000,How Effective Is (More) Money? Randomizing Unconditional Cash Transfer Amounts in the US,How Effective Is (More) Money? Randomizing Unconditional Cash Transfer Amounts…,2,1
Matthew Z. Fowle,10.3386/w28106,The Comparative Impact of Cash Transfers and a Psychotherapy Program on Psychological and Economic Well-being,The Comparative Impact of Cash Transfers and a Psychotherapy Program…,2,1
Michael Vlassopoulos,10.1257/aeri.20210612,Cognitive Behavioral Therapy among Ghana's Rural Poor Is Effective Regardless of Baseline Mental Distress,Cognitive Behavioral Therapy among Ghana's Rural Poor Is Effective Regardless…,2,1
Michael Vlassopoulos,10.3386/w28106,The Comparative Impact of Cash Transfers and a Psychotherapy Program on Psychological and Economic Well-being,The Comparative Impact of Cash Transfers and a Psychotherapy Program…,2,1
Michelle Acampora,10.3386/w28106,The Comparative Impact of Cash Transfers and a Psychotherapy Program on Psychological and Economic Well-being,The Comparative Impact of Cash Transfers and a Psychotherapy Program…,2,1
Michelle Acampora,10.3386/w30011,"The Long-Run Effects of Psychotherapy on Depression, Beliefs, and Economic Outcomes","The Long-Run Effects of Psychotherapy on Depression, Beliefs, and Economic…",2,1
Pengfei Liu,10.3386/w29357,The Environmental Effects of Economic Production: Evidence from Ecological Observations,The Environmental Effects of Economic Production,2,1
Pengfei Liu,10.3386/w31137,Biodiversity Risk,Biodiversity Risk,2,1
Ru Yan,10.1257/aer.20221215,Does the Squeaky Wheel Get More Grease? The Direct and Indirect Effects of Citizen Participation on Environmental Governance in China,Does the Squeaky Wheel Get More Grease? The Direct and…,2,1
Ru Yan,10.3386/w31554,Urban Forests: Environmental Health Values and Risks,Urban Forests,2,1
Sara R. Jaffee,10.2139/ssrn.4154000,How Effective Is (More) Money? Randomizing Unconditional Cash Transfer Amounts in the US,How Effective Is (More) Money? Randomizing Unconditional Cash Transfer Amounts…,2,1
Sara R. Jaffee,10.3386/w28106,The Comparative Impact of Cash Transfers and a Psychotherapy Program on Psychological and Economic Well-being,The Comparative Impact of Cash Transfers and a Psychotherapy Program…,2,1
Vahid Moghani,10.3386/w28106,The Comparative Impact of Cash Transfers and a Psychotherapy Program on Psychological and Economic Well-being,The Comparative Impact of Cash Transfers and a Psychotherapy Program…,2,1
Vahid Moghani,10.3386/w30011,"The Long-Run Effects of Psychotherapy on Depression, Beliefs, and Economic Outcomes","The Long-Run Effects of Psychotherapy on Depression, Beliefs, and Economic…",2,1
Yufei Li,10.3386/w29357,The Environmental Effects of Economic Production: Evidence from Ecological Observations,The Environmental Effects of Economic Production,2,1
Yufei Li,10.3386/w31137,Biodiversity Risk,Biodiversity Risk,2,1
Erik Brynjolfsson,10.3386/w23928,Artificial Intelligence and Economic Growth,Artificial Intelligence and Economic Growth,1,6
Jeffrey Yi‐Lin Forrest,10.3386/w23928,Artificial Intelligence and Economic Growth,Artificial Intelligence and Economic Growth,1,6
Florian Ulrich Jehn,10.1016/j.ijdrr.2022.102798,Long term cost-effectiveness of resilient foods for global catastrophes compared to artificial general intelligence safety,Long term cost-effectiveness of resilient foods for global catastrophes compared…,1,5
Hideki Nakamura,10.3386/w23928,Artificial Intelligence and Economic Growth,Artificial Intelligence and Economic Growth,1,5
Juan B. García Martínez,10.1016/j.ijdrr.2022.102798,Long term cost-effectiveness of resilient foods for global catastrophes compared to artificial general intelligence safety,Long term cost-effectiveness of resilient foods for global catastrophes compared…,1,5
Julia M. Puaschunder,10.3386/w23928,Artificial Intelligence and Economic Growth,Artificial Intelligence and Economic Growth,1,5
Lisa A. Gennetian,10.2139/ssrn.4154000,How Effective Is (More) Money? Randomizing Unconditional Cash Transfer Amounts in the US,How Effective Is (More) Money? Randomizing Unconditional Cash Transfer Amounts…,1,5
Aleena Asfa Durrani,10.2139/ssrn.4154000,How Effective Is (More) Money? Randomizing Unconditional Cash Transfer Amounts in the US,How Effective Is (More) Money? Randomizing Unconditional Cash Transfer Amounts…,1,4
Aleksandra Gracheva,10.2139/ssrn.4154000,How Effective Is (More) Money? Randomizing Unconditional Cash Transfer Amounts in the US,How Effective Is (More) Money? Randomizing Unconditional Cash Transfer Amounts…,1,4
Alexandra Symeonidou,10.2139/ssrn.4154000,How Effective Is (More) Money? Randomizing Unconditional Cash Transfer Amounts in the US,How Effective Is (More) Money? Randomizing Unconditional Cash Transfer Amounts…,1,4
Arun G. Chandrasekhar,10.3386/w28726,Selecting the Most Effective Nudge: Evidence from a Large-Scale Experiment on Immunization,Selecting the Most Effective Nudge,1,4
Ashleigh Messenger,10.2139/ssrn.4154000,How Effective Is (More) Money? Randomizing Unconditional Cash Transfer Amounts in the US,How Effective Is (More) Money? Randomizing Unconditional Cash Transfer Amounts…,1,4
Barbora Doubravová,10.2139/ssrn.4154000,How Effective Is (More) Money? Randomizing Unconditional Cash Transfer Amounts in the US,How Effective Is (More) Money? Randomizing Unconditional Cash Transfer Amounts…,1,4
Christian Gomes,10.2139/ssrn.4154000,How Effective Is (More) Money? Randomizing Unconditional Cash Transfer Amounts in the US,How Effective Is (More) Money? Randomizing Unconditional Cash Transfer Amounts…,1,4
Christos Makridis,10.3386/w23928,Artificial Intelligence and Economic Growth,Artificial Intelligence and Economic Growth,1,4
Clara Amanda Hu,10.2139/ssrn.4154000,How Effective Is (More) Money? Randomizing Unconditional Cash Transfer Amounts in the US,How Effective Is (More) Money? Randomizing Unconditional Cash Transfer Amounts…,1,4
Daria Stefania Pascu,10.2139/ssrn.4154000,How Effective Is (More) Money? Randomizing Unconditional Cash Transfer Amounts in the US,How Effective Is (More) Money? Randomizing Unconditional Cash Transfer Amounts…,1,4
Deniz Mısra Gürol,10.2139/ssrn.4154000,How Effective Is (More) Money? Randomizing Unconditional Cash Transfer Amounts in the US,How Effective Is (More) Money? Randomizing Unconditional Cash Transfer Amounts…,1,4
Eduardo García‐Garzón,10.2139/ssrn.4154000,How Effective Is (More) Money? Randomizing Unconditional Cash Transfer Amounts in the US,How Effective Is (More) Money? Randomizing Unconditional Cash Transfer Amounts…,1,4
Etienne Fize,10.2139/ssrn.4154000,How Effective Is (More) Money? Randomizing Unconditional Cash Transfer Amounts in the US,How Effective Is (More) Money? Randomizing Unconditional Cash Transfer Amounts…,1,4
Fredrik Nilsson,10.2139/ssrn.4154000,How Effective Is (More) Money? Randomizing Unconditional Cash Transfer Amounts in the US,How Effective Is (More) Money? Randomizing Unconditional Cash Transfer Amounts…,1,4
Harry Anthony Patrinos,10.3386/w31208,Building Resilient Education Systems: Evidence from Large-Scale Randomized Trials in Five Countries,Building Resilient Education Systems,1,4
J. Boehm,10.2139/ssrn.4154000,How Effective Is (More) Money? Randomizing Unconditional Cash Transfer Amounts in the US,How Effective Is (More) Money? Randomizing Unconditional Cash Transfer Amounts…,1,4
Jennifer Chen,10.2139/ssrn.4154000,How Effective Is (More) Money? Randomizing Unconditional Cash Transfer Amounts in the US,How Effective Is (More) Money? Randomizing Unconditional Cash Transfer Amounts…,1,4
Julia Marie Oberschulte,10.2139/ssrn.4154000,How Effective Is (More) Money? Randomizing Unconditional Cash Transfer Amounts in the US,How Effective Is (More) Money? Randomizing Unconditional Cash Transfer Amounts…,1,4
Justine Li,10.2139/ssrn.4154000,How Effective Is (More) Money? Randomizing Unconditional Cash Transfer Amounts in the US,How Effective Is (More) Money? Randomizing Unconditional Cash Transfer Amounts…,1,4
Kai Ruggeri,10.2139/ssrn.4154000,How Effective Is (More) Money? Randomizing Unconditional Cash Transfer Amounts in the US,How Effective Is (More) Money? Randomizing Unconditional Cash Transfer Amounts…,1,4
Katherine Bibilouri,10.2139/ssrn.4154000,How Effective Is (More) Money? Randomizing Unconditional Cash Transfer Amounts in the US,How Effective Is (More) Money? Randomizing Unconditional Cash Transfer Amounts…,1,4
Katherinne Rabanal,10.2139/ssrn.4154000,How Effective Is (More) Money? Randomizing Unconditional Cash Transfer Amounts in the US,How Effective Is (More) Money? Randomizing Unconditional Cash Transfer Amounts…,1,4
Maksymilian Pyrkowski,10.2139/ssrn.4154000,How Effective Is (More) Money? Randomizing Unconditional Cash Transfer Amounts in the US,How Effective Is (More) Money? Randomizing Unconditional Cash Transfer Amounts…,1,4
Mathias Houe Andersen,10.2139/ssrn.4154000,How Effective Is (More) Money? Randomizing Unconditional Cash Transfer Amounts in the US,How Effective Is (More) Money? Randomizing Unconditional Cash Transfer Amounts…,1,4
Maximilian Kasy,10.2139/ssrn.4154000,How Effective Is (More) Money? Randomizing Unconditional Cash Transfer Amounts in the US,How Effective Is (More) Money? Randomizing Unconditional Cash Transfer Amounts…,1,4
Milica Vdović,10.2139/ssrn.4154000,How Effective Is (More) Money? Randomizing Unconditional Cash Transfer Amounts in the US,How Effective Is (More) Money? Randomizing Unconditional Cash Transfer Amounts…,1,4
Narjes Al-Zahli,10.2139/ssrn.4154000,How Effective Is (More) Money? Randomizing Unconditional Cash Transfer Amounts in the US,How Effective Is (More) Money? Randomizing Unconditional Cash Transfer Amounts…,1,4
Natalia Alexander,10.2139/ssrn.4154000,How Effective Is (More) Money? Randomizing Unconditional Cash Transfer Amounts in the US,How Effective Is (More) Money? Randomizing Unconditional Cash Transfer Amounts…,1,4
Neža Grilc,10.2139/ssrn.4154000,How Effective Is (More) Money? Randomizing Unconditional Cash Transfer Amounts in the US,How Effective Is (More) Money? Randomizing Unconditional Cash Transfer Amounts…,1,4
Nicholas Dutra,10.2139/ssrn.4154000,How Effective Is (More) Money? Randomizing Unconditional Cash Transfer Amounts in the US,How Effective Is (More) Money? Randomizing Unconditional Cash Transfer Amounts…,1,4
Olivia Symone Tutuska,10.2139/ssrn.4154000,How Effective Is (More) Money? Randomizing Unconditional Cash Transfer Amounts in the US,How Effective Is (More) Money? Randomizing Unconditional Cash Transfer Amounts…,1,4
Pascual Restrepo,10.3386/w23928,Artificial Intelligence and Economic Growth,Artificial Intelligence and Economic Growth,1,4
Pika Ranc,10.2139/ssrn.4154000,How Effective Is (More) Money? Randomizing Unconditional Cash Transfer Amounts in the US,How Effective Is (More) Money? Randomizing Unconditional Cash Transfer Amounts…,1,4
Qihang Yuan,10.2139/ssrn.4154000,How Effective Is (More) Money? Randomizing Unconditional Cash Transfer Amounts in the US,How Effective Is (More) Money? Randomizing Unconditional Cash Transfer Amounts…,1,4
Rachel Krasner,10.2139/ssrn.4154000,How Effective Is (More) Money? Randomizing Unconditional Cash Transfer Amounts in the US,How Effective Is (More) Money? Randomizing Unconditional Cash Transfer Amounts…,1,4
Romy Levin,10.2139/ssrn.4154000,How Effective Is (More) Money? Randomizing Unconditional Cash Transfer Amounts in the US,How Effective Is (More) Money? Randomizing Unconditional Cash Transfer Amounts…,1,4
Sarah Ashcroft-Jones,10.2139/ssrn.4154000,How Effective Is (More) Money? Randomizing Unconditional Cash Transfer Amounts in the US,How Effective Is (More) Money? Randomizing Unconditional Cash Transfer Amounts…,1,4
Sofia Pelica,10.2139/ssrn.4154000,How Effective Is (More) Money? Randomizing Unconditional Cash Transfer Amounts in the US,How Effective Is (More) Money? Randomizing Unconditional Cash Transfer Amounts…,1,4
Sun Young Park,10.2139/ssrn.4154000,How Effective Is (More) Money? Randomizing Unconditional Cash Transfer Amounts in the US,How Effective Is (More) Money? Randomizing Unconditional Cash Transfer Amounts…,1,4
Takahiro Kubo,10.1111/conl.13077,Banning Wildlife Trade Can Boost the Unregulated Trade of Threatened Species,Banning Wildlife Trade Can Boost the Unregulated Trade of Threatened…,1,4
Takashi Obi,10.2139/ssrn.4154000,How Effective Is (More) Money? Randomizing Unconditional Cash Transfer Amounts in the US,How Effective Is (More) Money? Randomizing Unconditional Cash Transfer Amounts…,1,4
Tatianna Dugué,10.2139/ssrn.4154000,How Effective Is (More) Money? Randomizing Unconditional Cash Transfer Amounts in the US,How Effective Is (More) Money? Randomizing Unconditional Cash Transfer Amounts…,1,4
Xavier Jaravel,10.2139/ssrn.4154000,How Effective Is (More) Money? Randomizing Unconditional Cash Transfer Amounts in the US,How Effective Is (More) Money? Randomizing Unconditional Cash Transfer Amounts…,1,4
Zoe Heidenry,10.2139/ssrn.4154000,How Effective Is (More) Money? Randomizing Unconditional Cash Transfer Amounts in the US,How Effective Is (More) Money? Randomizing Unconditional Cash Transfer Amounts…,1,4
Žiga Mekiš Recek,10.2139/ssrn.4154000,How Effective Is (More) Money? Randomizing Unconditional Cash Transfer Amounts in the US,How Effective Is (More) Money? Randomizing Unconditional Cash Transfer Amounts…,1,4
Adam Osman,10.3386/w28726,Selecting the Most Effective Nudge: Evidence from a Large-Scale Experiment on Immunization,Selecting the Most Effective Nudge,1,3
Alesha Miller,10.1257/pandp.20201017,Advance Market Commitments: Insights from Theory and Experience,Advance Market Commitments,1,3
Alexander Mathys,10.1257/pandp.20201017,Advance Market Commitments: Insights from Theory and Experience,Advance Market Commitments,1,3
Andrew G. Mude,10.1257/pandp.20201017,Advance Market Commitments: Insights from Theory and Experience,Advance Market Commitments,1,3
Bing Zhang,10.1257/aer.20221215,Does the Squeaky Wheel Get More Grease? The Direct and Indirect Effects of Citizen Participation on Environmental Governance in China,Does the Squeaky Wheel Get More Grease? The Direct and…,1,3
Claire Cullen,10.3386/w31208,Building Resilient Education Systems: Evidence from Large-Scale Randomized Trials in Five Countries,Building Resilient Education Systems,1,3
Claire Song,10.1257/pandp.20201017,Advance Market Commitments: Insights from Theory and Experience,Advance Market Commitments,1,3
Colin Crossley,10.3386/w31208,Building Resilient Education Systems: Evidence from Large-Scale Randomized Trials in Five Countries,Building Resilient Education Systems,1,3
Cynthia Mathys,10.1257/pandp.20201017,Advance Market Commitments: Insights from Theory and Experience,Advance Market Commitments,1,3
Daniel L. Tortorice,10.1257/pandp.20201017,Advance Market Commitments: Insights from Theory and Experience,Advance Market Commitments,1,3
Daniel Mason-D’Croz,10.1257/pandp.20201017,Advance Market Commitments: Insights from Theory and Experience,Advance Market Commitments,1,3
Daron Acemoğlu,10.3386/w23928,Artificial Intelligence and Economic Growth,Artificial Intelligence and Economic Growth,1,3
Edward S. Buckler,10.1257/pandp.20201017,Advance Market Commitments: Insights from Theory and Experience,Advance Market Commitments,1,3
Elana Safran,10.3386/w28726,Selecting the Most Effective Nudge: Evidence from a Large-Scale Experiment on Immunization,Selecting the Most Effective Nudge,1,3
Elizabeth Bageant,10.1257/pandp.20201017,Advance Market Commitments: Insights from Theory and Experience,Advance Market Commitments,1,3
Enrique Ide,10.3386/w23928,Artificial Intelligence and Economic Growth,Artificial Intelligence and Economic Growth,1,3
Giampaolo Abate Romero Landini,10.2139/ssrn.4154000,How Effective Is (More) Money? Randomizing Unconditional Cash Transfer Amounts in the US,How Effective Is (More) Money? Randomizing Unconditional Cash Transfer Amounts…,1,3
H. Luke Shaefer,10.2139/ssrn.4154000,How Effective Is (More) Money? Randomizing Unconditional Cash Transfer Amounts in the US,How Effective Is (More) Money? Randomizing Unconditional Cash Transfer Amounts…,1,3
Hai Hong Trinh,10.3386/w31137,Biodiversity Risk,Biodiversity Risk,1,3
Isabella Culotta,10.1257/pandp.20201017,Advance Market Commitments: Insights from Theory and Experience,Advance Market Commitments,1,3
Isabelle Augenstein,10.3386/w26752,Stagnation and Scientific Incentives,Stagnation and Scientific Incentives,1,3
Jason Kerwin,10.3386/w28726,Selecting the Most Effective Nudge: Evidence from a Large-Scale Experiment on Immunization,Selecting the Most Effective Nudge,1,3
Jessica Fanzo,10.1257/pandp.20201017,Advance Market Commitments: Insights from Theory and Experience,Advance Market Commitments,1,3
Jiali Liu,10.1257/pandp.20201017,Advance Market Commitments: Insights from Theory and Experience,Advance Market Commitments,1,3
Jianbo Shen,10.1257/pandp.20201017,Advance Market Commitments: Insights from Theory and Experience,Advance Market Commitments,1,3
Joseph P. Kaboski,10.3386/w23929,Effects of Emigration on Rural Labor Markets,Effects of Emigration on Rural Labor Markets,1,3
Joël J. van der Weele,10.2139/ssrn.3938994,Information Avoidance and Moral Behavior: Experimental Evidence from Food Choices,Information Avoidance and Moral Behavior,1,3
Juan F. Jimeno,10.3386/w23928,Artificial Intelligence and Economic Growth,Artificial Intelligence and Economic Growth,1,3
Kai Li,10.3386/w31137,Biodiversity Risk,Biodiversity Risk,1,3
Kamakhya Misra,10.1257/pandp.20201017,Advance Market Commitments: Insights from Theory and Experience,Advance Market Commitments,1,3
Karen Cooper,10.1257/pandp.20201017,Advance Market Commitments: Insights from Theory and Experience,Advance Market Commitments,1,3
Katherine Michelmore,10.2139/ssrn.4154000,How Effective Is (More) Money? Randomizing Unconditional Cash Transfer Amounts in the US,How Effective Is (More) Money? Randomizing Unconditional Cash Transfer Amounts…,1,3
Laté Lawson-Lartego,10.1257/pandp.20201017,Advance Market Commitments: Insights from Theory and Experience,Advance Market Commitments,1,3
Laura Derksen,10.3386/w28726,Selecting the Most Effective Nudge: Evidence from a Large-Scale Experiment on Immunization,Selecting the Most Effective Nudge,1,3
Lindiwe Majele Sibanda,10.1257/pandp.20201017,Advance Market Commitments: Insights from Theory and Experience,Advance Market Commitments,1,3
Liu Jun,10.3386/w23928,Artificial Intelligence and Economic Growth,Artificial Intelligence and Economic Growth,1,3
Mario Herrero,10.1257/pandp.20201017,Advance Market Commitments: Insights from Theory and Experience,Advance Market Commitments,1,3
Mark L. Kahn,10.1257/pandp.20201017,Advance Market Commitments: Insights from Theory and Experience,Advance Market Commitments,1,3
Markus Leippold,10.3386/w31137,Biodiversity Risk,Biodiversity Risk,1,3
Mattie Toma,10.3386/w28726,Selecting the Most Effective Nudge: Evidence from a Large-Scale Experiment on Immunization,Selecting the Most Effective Nudge,1,3
Michael Hinge,10.1016/j.ijdrr.2022.102798,Long term cost-effectiveness of resilient foods for global catastrophes compared to artificial general intelligence safety,Long term cost-effectiveness of resilient foods for global catastrophes compared…,1,3
Moumita Koley,10.3386/w26752,Stagnation and Scientific Incentives,Stagnation and Scientific Incentives,1,3
Natalia Ordaz Reynoso,10.3386/w28726,Selecting the Most Effective Nudge: Evidence from a Large-Scale Experiment on Immunization,Selecting the Most Effective Nudge,1,3
Natasha Pilkauskas,10.2139/ssrn.4154000,How Effective Is (More) Money? Randomizing Unconditional Cash Transfer Amounts in the US,How Effective Is (More) Money? Randomizing Unconditional Cash Transfer Amounts…,1,3
Noam Angrist,10.3386/w31208,Building Resilient Education Systems: Evidence from Large-Scale Randomized Trials in Five Countries,Building Resilient Education Systems,1,3
Philip K. Thornton,10.1257/pandp.20201017,Advance Market Commitments: Insights from Theory and Experience,Advance Market Commitments,1,3
Pompa Debroy,10.3386/w28726,Selecting the Most Effective Nudge: Evidence from a Large-Scale Experiment on Immunization,Selecting the Most Effective Nudge,1,3
Quinn Marshall,10.1257/pandp.20201017,Advance Market Commitments: Insights from Theory and Experience,Advance Market Commitments,1,3
Rebecca Nelson,10.1257/pandp.20201017,Advance Market Commitments: Insights from Theory and Experience,Advance Market Commitments,1,3
Rikin Gandhi,10.1257/pandp.20201017,Advance Market Commitments: Insights from Theory and Experience,Advance Market Commitments,1,3
Roy Steiner,10.1257/pandp.20201017,Advance Market Commitments: Insights from Theory and Experience,Advance Market Commitments,1,3
Ruchir Agarwal,10.1257/pandp.20201017,Advance Market Commitments: Insights from Theory and Experience,Advance Market Commitments,1,3
Russell J. Funk,10.3386/w26752,Stagnation and Scientific Incentives,Stagnation and Scientific Incentives,1,3
Sarah Halpern‐Meekin,10.2139/ssrn.4154000,How Effective Is (More) Money? Randomizing Unconditional Cash Transfer Amounts in the US,How Effective Is (More) Money? Randomizing Unconditional Cash Transfer Amounts…,1,3
Shenggen Fan,10.1257/pandp.20201017,Advance Market Commitments: Insights from Theory and Experience,Advance Market Commitments,1,3
Stephen A. Wood,10.1257/pandp.20201017,Advance Market Commitments: Insights from Theory and Experience,Advance Market Commitments,1,3
Steven James,10.1257/pandp.20201017,Advance Market Commitments: Insights from Theory and Experience,Advance Market Commitments,1,3
Tim G. Benton,10.1257/pandp.20201017,Advance Market Commitments: Insights from Theory and Experience,Advance Market Commitments,1,3
Vasco Amaral Grilo,10.1016/j.ijdrr.2022.102798,Long term cost-effectiveness of resilient foods for global catastrophes compared to artificial general intelligence safety,Long term cost-effectiveness of resilient foods for global catastrophes compared…,1,3
Veronica Mazariegos-Anastassiou,10.1257/pandp.20201017,Advance Market Commitments: Insights from Theory and Experience,Advance Market Commitments,1,3
A. K. Pan,10.2139/ssrn.4154000,How Effective Is (More) Money? Randomizing Unconditional Cash Transfer Amounts in the US,How Effective Is (More) Money? Randomizing Unconditional Cash Transfer Amounts…,1,2
Aarne Mämmelä,10.3386/w26752,Stagnation and Scientific Incentives,Stagnation and Scientific Incentives,1,2
Adrian Towse,10.1257/pandp.20201017,Advance Market Commitments: Insights from Theory and Experience,Advance Market Commitments,1,2
Adrien Bécue,10.3386/w23928,Artificial Intelligence and Economic Growth,Artificial Intelligence and Economic Growth,1,2
Alessandra Voena,10.3386/w28106,The Comparative Impact of Cash Transfers and a Psychotherapy Program on Psychological and Economic Well-being,The Comparative Impact of Cash Transfers and a Psychotherapy Program…,1,2
Alessandro Belmonte,10.3386/w28726,Selecting the Most Effective Nudge: Evidence from a Large-Scale Experiment on Immunization,Selecting the Most Effective Nudge,1,2
Alexandra Prisznyák,10.3386/w23928,Artificial Intelligence and Economic Growth,Artificial Intelligence and Economic Growth,1,2
Alexandra Scacco,10.3386/w30011,"The Long-Run Effects of Psychotherapy on Depression, Beliefs, and Economic Outcomes","The Long-Run Effects of Psychotherapy on Depression, Beliefs, and Economic…",1,2
Amani Matabaro,10.3386/w30011,"The Long-Run Effects of Psychotherapy on Depression, Beliefs, and Economic Outcomes","The Long-Run Effects of Psychotherapy on Depression, Beliefs, and Economic…",1,2
Amanuel Alemu Abajobir,10.3386/w30011,"The Long-Run Effects of Psychotherapy on Depression, Beliefs, and Economic Outcomes","The Long-Run Effects of Psychotherapy on Depression, Beliefs, and Economic…",1,2
Andrés Moya,10.3386/w30011,"The Long-Run Effects of Psychotherapy on Depression, Beliefs, and Economic Outcomes","The Long-Run Effects of Psychotherapy on Depression, Beliefs, and Economic…",1,2
Angus C. Chu,10.3386/w23928,Artificial Intelligence and Economic Growth,Artificial Intelligence and Economic Growth,1,2
Anicet Munyehirwe,10.3386/w23929,Effects of Emigration on Rural Labor Markets,Effects of Emigration on Rural Labor Markets,1,2
Anna Rogers,10.3386/w26752,Stagnation and Scientific Incentives,Stagnation and Scientific Incentives,1,2
Anthony DeFusco,10.2139/ssrn.4154000,How Effective Is (More) Money? Randomizing Unconditional Cash Transfer Amounts in the US,How Effective Is (More) Money? Randomizing Unconditional Cash Transfer Amounts…,1,2
Anton Bogs,10.1257/aer.20221215,Does the Squeaky Wheel Get More Grease? The Direct and Indirect Effects of Citizen Participation on Environmental Governance in China,Does the Squeaky Wheel Get More Grease? The Direct and…,1,2
Antonin Bergeaud,10.3386/w23928,Artificial Intelligence and Economic Growth,Artificial Intelligence and Economic Growth,1,2
Arjun Kharel,10.3386/w30011,"The Long-Run Effects of Psychotherapy on Depression, Beliefs, and Economic Outcomes","The Long-Run Effects of Psychotherapy on Depression, Beliefs, and Economic…",1,2
Ashish Shenoy,10.3386/w23929,Effects of Emigration on Rural Labor Markets,Effects of Emigration on Rural Labor Markets,1,2
Ashrita Saran,10.3386/w23929,Effects of Emigration on Rural Labor Markets,Effects of Emigration on Rural Labor Markets,1,2
Axel Ockenfels,10.1257/pandp.20201017,Advance Market Commitments: Insights from Theory and Experience,Advance Market Commitments,1,2
Bao-Min Gan,10.1111/conl.13077,Banning Wildlife Trade Can Boost the Unregulated Trade of Threatened Species,Banning Wildlife Trade Can Boost the Unregulated Trade of Threatened…,1,2
Benjamin Fabian,10.3386/w23928,Artificial Intelligence and Economic Growth,Artificial Intelligence and Economic Growth,1,2
Benjamin J. Keys,10.2139/ssrn.4154000,How Effective Is (More) Money? Randomizing Unconditional Cash Transfer Amounts in the US,How Effective Is (More) Money? Randomizing Unconditional Cash Transfer Amounts…,1,2
Bernd Beber,10.3386/w30011,"The Long-Run Effects of Psychotherapy on Depression, Beliefs, and Economic Outcomes","The Long-Run Effects of Psychotherapy on Depression, Beliefs, and Economic…",1,2
Bettina Rockenbach,10.3386/w28726,Selecting the Most Effective Nudge: Evidence from a Large-Scale Experiment on Immunization,Selecting the Most Effective Nudge,1,2
Brian M. Lucey,10.3386/w31137,Biodiversity Risk,Biodiversity Risk,1,2
C. Austin Davis,10.3386/w23929,Effects of Emigration on Rural Labor Markets,Effects of Emigration on Rural Labor Markets,1,2
Caroline Ratcliffe,10.2139/ssrn.4154000,How Effective Is (More) Money? Randomizing Unconditional Cash Transfer Amounts in the US,How Effective Is (More) Money? Randomizing Unconditional Cash Transfer Amounts…,1,2
Carolyn Nekesa,10.3386/w30011,"The Long-Run Effects of Psychotherapy on Depression, Beliefs, and Economic Outcomes","The Long-Run Effects of Psychotherapy on Depression, Beliefs, and Economic…",1,2
Cass R. Sunstein,10.3386/w30740,"When do ""Nudges"" Increase Welfare?","When do ""Nudges"" Increase Welfare?",1,2
Chad P. Bown,10.3386/w26775,Advance Market Commitments: Insights from Theory and Experience,Advance Market Commitments,1,2
Chad Syverson,10.3386/w23928,Artificial Intelligence and Economic Growth,Artificial Intelligence and Economic Growth,1,2
Chenxin Ding,10.1257/aer.20221215,Does the Squeaky Wheel Get More Grease? The Direct and Indirect Effects of Citizen Participation on Environmental Governance in China,Does the Squeaky Wheel Get More Grease? The Direct and…,1,2
Chiara Colesanti Senni,10.3386/w31137,Biodiversity Risk,Biodiversity Risk,1,2
Chia‐Hsuan Hsu,10.1111/conl.13077,Banning Wildlife Trade Can Boost the Unregulated Trade of Threatened Species,Banning Wildlife Trade Can Boost the Unregulated Trade of Threatened…,1,2
Chih-Hsing Liao,10.3386/w23928,Artificial Intelligence and Economic Growth,Artificial Intelligence and Economic Growth,1,2
Christodoulos Louca,10.3386/w23928,Artificial Intelligence and Economic Growth,Artificial Intelligence and Economic Growth,1,2
Corinne Low,10.3386/w28106,The Comparative Impact of Cash Transfers and a Psychotherapy Program on Psychological and Economic Well-being,The Comparative Impact of Cash Transfers and a Psychotherapy Program…,1,2
Cynthia Kinnan,10.3386/w28726,Selecting the Most Effective Nudge: Evidence from a Large-Scale Experiment on Immunization,Selecting the Most Effective Nudge,1,2
Daifu Yang,10.1257/aer.20221215,Does the Squeaky Wheel Get More Grease? The Direct and Indirect Effects of Citizen Participation on Environmental Governance in China,Does the Squeaky Wheel Get More Grease? The Direct and…,1,2
Daniel Rock,10.3386/w23928,Artificial Intelligence and Economic Growth,Artificial Intelligence and Economic Growth,1,2
David Bishai,10.3386/w26775,Advance Market Commitments: Insights from Theory and Experience,Advance Market Commitments,1,2
David Lagakos,10.3386/w23929,Effects of Emigration on Rural Labor Markets,Effects of Emigration on Rural Labor Markets,1,2
David M. Silverman,10.2139/ssrn.4154000,How Effective Is (More) Money? Randomizing Unconditional Cash Transfer Amounts in the US,How Effective Is (More) Money? Randomizing Unconditional Cash Transfer Amounts…,1,2
David Phillips,10.2139/ssrn.4154000,How Effective Is (More) Money? Randomizing Unconditional Cash Transfer Amounts in the US,How Effective Is (More) Money? Randomizing Unconditional Cash Transfer Amounts…,1,2
David Yokum,10.3386/w28726,Selecting the Most Effective Nudge: Evidence from a Large-Scale Experiment on Immunization,Selecting the Most Effective Nudge,1,2
Denny John,10.3386/w23929,Effects of Emigration on Rural Labor Markets,Effects of Emigration on Rural Labor Markets,1,2
Derek Foster,10.1257/pandp.20201017,Advance Market Commitments: Insights from Theory and Experience,Advance Market Commitments,1,2
Dillon Bowen,10.3386/w28726,Selecting the Most Effective Nudge: Evidence from a Large-Scale Experiment on Immunization,Selecting the Most Effective Nudge,1,2
Divyangana Rakesh,10.2139/ssrn.4154000,How Effective Is (More) Money? Randomizing Unconditional Cash Transfer Amounts in the US,How Effective Is (More) Money? Randomizing Unconditional Cash Transfer Amounts…,1,2
Dongmei Mu,10.1257/aer.20221215,Does the Squeaky Wheel Get More Grease? The Direct and Indirect Effects of Citizen Participation on Environmental Governance in China,Does the Squeaky Wheel Get More Grease? The Direct and…,1,2
Douglas Gollin,10.3386/w23929,Effects of Emigration on Rural Labor Markets,Effects of Emigration on Rural Labor Markets,1,2
Eduard Talamàs,10.3386/w23928,Artificial Intelligence and Economic Growth,Artificial Intelligence and Economic Growth,1,2
Edward Miguel,10.3386/w28726,Selecting the Most Effective Nudge: Evidence from a Large-Scale Experiment on Immunization,Selecting the Most Effective Nudge,1,2
Elena Kalotychou,10.3386/w23928,Artificial Intelligence and Economic Growth,Artificial Intelligence and Economic Growth,1,2
Ella Beveridge,10.3386/w23929,Effects of Emigration on Rural Labor Markets,Effects of Emigration on Rural Labor Markets,1,2
Elle Tibbitts,10.2139/ssrn.4154000,How Effective Is (More) Money? Randomizing Unconditional Cash Transfer Amounts in the US,How Effective Is (More) Money? Randomizing Unconditional Cash Transfer Amounts…,1,2
Eric Ochieng,10.3386/w30011,"The Long-Run Effects of Psychotherapy on Depression, Beliefs, and Economic Outcomes","The Long-Run Effects of Psychotherapy on Depression, Beliefs, and Economic…",1,2
Erica R.H. Fuchs,10.1257/pandp.20201017,Advance Market Commitments: Insights from Theory and Experience,Advance Market Commitments,1,2
Erwin Bulte,10.3386/w23929,Effects of Emigration on Rural Labor Markets,Effects of Emigration on Rural Labor Markets,1,2
Farah Said,10.3386/w28726,Selecting the Most Effective Nudge: Evidence from a Large-Scale Experiment on Immunization,Selecting the Most Effective Nudge,1,2
Farrah Jasmine Dingal,10.1016/j.ijdrr.2022.102798,Long term cost-effectiveness of resilient foods for global catastrophes compared to artificial general intelligence safety,Long term cost-effectiveness of resilient foods for global catastrophes compared…,1,2
Filippo Bertani,10.3386/w23928,Artificial Intelligence and Economic Growth,Artificial Intelligence and Economic Growth,1,2
Francisco Buera,10.3386/w23929,Effects of Emigration on Rural Labor Markets,Effects of Emigration on Rural Labor Markets,1,2
Friederike Stock,10.2139/ssrn.4154000,How Effective Is (More) Money? Randomizing Unconditional Cash Transfer Amounts in the US,How Effective Is (More) Money? Randomizing Unconditional Cash Transfer Amounts…,1,2
Gabriel Reyes,10.2139/ssrn.4154000,How Effective Is (More) Money? Randomizing Unconditional Cash Transfer Amounts in the US,How Effective Is (More) Money? Randomizing Unconditional Cash Transfer Amounts…,1,2
Gauri Kartini Shastry,10.1257/pandp.20201017,Advance Market Commitments: Insights from Theory and Experience,Advance Market Commitments,1,2
Gilbert Cette,10.3386/w23928,Artificial Intelligence and Economic Growth,Artificial Intelligence and Economic Growth,1,2
Greg J. Duncan,10.2139/ssrn.4154000,How Effective Is (More) Money? Randomizing Unconditional Cash Transfer Amounts in the US,How Effective Is (More) Money? Randomizing Unconditional Cash Transfer Amounts…,1,2
Guangyu Cao,10.1257/aer.20221215,Does the Squeaky Wheel Get More Grease? The Direct and Indirect Effects of Citizen Participation on Environmental Governance in China,Does the Squeaky Wheel Get More Grease? The Direct and…,1,2
Guido Cozzi,10.3386/w23928,Artificial Intelligence and Economic Growth,Artificial Intelligence and Economic Growth,1,2
Hanming Fang,10.3386/w28726,Selecting the Most Effective Nudge: Evidence from a Large-Scale Experiment on Immunization,Selecting the Most Effective Nudge,1,2
Harrison Mitchell,10.3386/w23929,Effects of Emigration on Rural Labor Markets,Effects of Emigration on Rural Labor Markets,1,2
Harry Pickard,10.3386/w28726,Selecting the Most Effective Nudge: Evidence from a Large-Scale Experiment on Immunization,Selecting the Most Effective Nudge,1,2
Heather Barry Kappes,10.3386/w28726,Selecting the Most Effective Nudge: Evidence from a Large-Scale Experiment on Immunization,Selecting the Most Effective Nudge,1,2
Hengchen Dai,10.3386/w28726,Selecting the Most Effective Nudge: Evidence from a Large-Scale Experiment on Immunization,Selecting the Most Effective Nudge,1,2
Henrique S. Basso,10.3386/w23928,Artificial Intelligence and Economic Growth,Artificial Intelligence and Economic Growth,1,2
Hirokazu Yoshikawa,10.2139/ssrn.4154000,How Effective Is (More) Money? Randomizing Unconditional Cash Transfer Amounts in the US,How Effective Is (More) Money? Randomizing Unconditional Cash Transfer Amounts…,1,2
Hui Mao,10.3386/w23928,Artificial Intelligence and Economic Growth,Artificial Intelligence and Economic Growth,1,2
Hui Sun,10.1257/aer.20221215,Does the Squeaky Wheel Get More Grease? The Direct and Indirect Effects of Citizen Participation on Environmental Governance in China,Does the Squeaky Wheel Get More Grease? The Direct and…,1,2
Huihong Chang,10.3386/w23928,Artificial Intelligence and Economic Growth,Artificial Intelligence and Economic Growth,1,2
Huong Ha,10.3386/w28726,Selecting the Most Effective Nudge: Evidence from a Large-Scale Experiment on Immunization,Selecting the Most Effective Nudge,1,2
Ilana Brody,10.3386/w28726,Selecting the Most Effective Nudge: Evidence from a Large-Scale Experiment on Immunization,Selecting the Most Effective Nudge,1,2
Ishita Ghai,10.3386/w30835,Water Treatment And Child Mortality: A Meta-Analysis And Cost-effectiveness Analysis,Water Treatment And Child Mortality,1,2
Javier Mayoral Sánchez,10.3386/w23928,Artificial Intelligence and Economic Growth,Artificial Intelligence and Economic Growth,1,2
Jianhao Lin,10.1257/aer.20221215,Does the Squeaky Wheel Get More Grease? The Direct and Indirect Effects of Citizen Participation on Environmental Governance in China,Does the Squeaky Wheel Get More Grease? The Direct and…,1,2
Jianxian Wu,10.1257/aer.20221215,Does the Squeaky Wheel Get More Grease? The Direct and Indirect Effects of Citizen Participation on Environmental Governance in China,Does the Squeaky Wheel Get More Grease? The Direct and…,1,2
Jiasong Xie,10.1257/aer.20221215,Does the Squeaky Wheel Get More Grease? The Direct and Indirect Effects of Citizen Participation on Environmental Governance in China,Does the Squeaky Wheel Get More Grease? The Direct and…,1,2
Jim Leitzel,10.2139/ssrn.3938994,Information Avoidance and Moral Behavior: Experimental Evidence from Food Choices,Information Avoidance and Moral Behavior,1,2
Johannes Stroebel,10.3386/w31137,Biodiversity Risk,Biodiversity Risk,1,2
John Eric Humphries,10.2139/ssrn.4154000,How Effective Is (More) Money? Randomizing Unconditional Cash Transfer Amounts in the US,How Effective Is (More) Money? Randomizing Unconditional Cash Transfer Amounts…,1,2
John Eyers,10.3386/w23929,Effects of Emigration on Rural Labor Markets,Effects of Emigration on Rural Labor Markets,1,2
João Gama,10.3386/w23928,Artificial Intelligence and Economic Growth,Artificial Intelligence and Economic Growth,1,2
Jun Liu,10.3386/w23928,Artificial Intelligence and Economic Growth,Artificial Intelligence and Economic Growth,1,2
Jörg Peters,10.3386/w23929,Effects of Emigration on Rural Labor Markets,Effects of Emigration on Rural Labor Markets,1,2
Kaizhao Guo,10.3386/w23928,Artificial Intelligence and Economic Growth,Artificial Intelligence and Economic Growth,1,2
Karim Naguib,10.3386/w23929,Effects of Emigration on Rural Labor Markets,Effects of Emigration on Rural Labor Markets,1,2
Katharina Büsch,10.2139/ssrn.4154000,How Effective Is (More) Money? Randomizing Unconditional Cash Transfer Amounts in the US,How Effective Is (More) Money? Randomizing Unconditional Cash Transfer Amounts…,1,2
Katharina de Cruppe,10.3386/w23928,Artificial Intelligence and Economic Growth,Artificial Intelligence and Economic Growth,1,2
Katherine Dai,10.3386/w30011,"The Long-Run Effects of Psychotherapy on Depression, Beliefs, and Economic Outcomes","The Long-Run Effects of Psychotherapy on Depression, Beliefs, and Economic…",1,2
Katherine Magnuson,10.2139/ssrn.4154000,How Effective Is (More) Money? Randomizing Unconditional Cash Transfer Amounts in the US,How Effective Is (More) Money? Randomizing Unconditional Cash Transfer Amounts…,1,2
Kazi Iqbal,10.3386/w23929,Effects of Emigration on Rural Labor Markets,Effects of Emigration on Rural Labor Markets,1,2
Khánh Hoàng,10.3386/w31137,Biodiversity Risk,Biodiversity Risk,1,2
Kimberly G. Noble,10.2139/ssrn.4154000,How Effective Is (More) Money? Randomizing Unconditional Cash Transfer Amounts in the US,How Effective Is (More) Money? Randomizing Unconditional Cash Transfer Amounts…,1,2
King King Li,10.3386/w28726,Selecting the Most Effective Nudge: Evidence from a Large-Scale Experiment on Immunization,Selecting the Most Effective Nudge,1,2
Kris‐Stella Trump,10.3386/w28726,Selecting the Most Effective Nudge: Evidence from a Large-Scale Experiment on Immunization,Selecting the Most Effective Nudge,1,2
Kun Duan,10.3386/w23928,Artificial Intelligence and Economic Growth,Artificial Intelligence and Economic Growth,1,2
Lelys Dinarte,10.3386/w28726,Selecting the Most Effective Nudge: Evidence from a Large-Scale Experiment on Immunization,Selecting the Most Effective Nudge,1,2
Leon Mait,10.3386/w28106,The Comparative Impact of Cash Transfers and a Psychotherapy Program on Psychological and Economic Well-being,The Comparative Impact of Cash Transfers and a Psychotherapy Program…,1,2
Lian Zhou,10.1257/aer.20221215,Does the Squeaky Wheel Get More Grease? The Direct and Indirect Effects of Citizen Participation on Environmental Governance in China,Does the Squeaky Wheel Get More Grease? The Direct and…,1,2
Liudmila D. Konovalova,10.3386/w23928,Artificial Intelligence and Economic Growth,Artificial Intelligence and Economic Growth,1,2
Lorenz Göette,10.3386/w28726,Selecting the Most Effective Nudge: Evidence from a Large-Scale Experiment on Immunization,Selecting the Most Effective Nudge,1,2
Lorenzo Lorenzo‐Luaces,10.3386/w28106,The Comparative Impact of Cash Transfers and a Psychotherapy Program on Psychological and Economic Well-being,The Comparative Impact of Cash Transfers and a Psychotherapy Program…,1,2
Lucas Kleine-Stegemann,10.3386/w23928,Artificial Intelligence and Economic Growth,Artificial Intelligence and Economic Growth,1,2
Lucian A. Taylor,10.3386/w31137,Biodiversity Risk,Biodiversity Risk,1,2
Maarit Olkkola,10.3386/w28726,Selecting the Most Effective Nudge: Evidence from a Large-Scale Experiment on Immunization,Selecting the Most Effective Nudge,1,2
Magdalena Larreboure,10.3386/w28106,The Comparative Impact of Cash Transfers and a Psychotherapy Program on Psychological and Economic Well-being,The Comparative Impact of Cash Transfers and a Psychotherapy Program…,1,2
Mahfoudh Hussein Mgammal,10.3386/w23928,Artificial Intelligence and Economic Growth,Artificial Intelligence and Economic Growth,1,2
Mai Vu,10.3386/w23928,Artificial Intelligence and Economic Growth,Artificial Intelligence and Economic Growth,1,2
Maira Emy Reimão,10.3386/w23929,Effects of Emigration on Rural Labor Markets,Effects of Emigration on Rural Labor Markets,1,2
Manisha Shah,10.3386/w28106,The Comparative Impact of Cash Transfers and a Psychotherapy Program on Psychological and Economic Well-being,The Comparative Impact of Cash Transfers and a Psychotherapy Program…,1,2
Marcel Fafchamps,10.3386/w28726,Selecting the Most Effective Nudge: Evidence from a Large-Scale Experiment on Immunization,Selecting the Most Effective Nudge,1,2
Margaret Kyle,10.1257/pandp.20201017,Advance Market Commitments: Insights from Theory and Experience,Advance Market Commitments,1,2
Margaret McMillan,10.3386/w28726,Selecting the Most Effective Nudge: Evidence from a Large-Scale Experiment on Immunization,Selecting the Most Effective Nudge,1,2
Marinko Škare,10.3386/w23928,Artificial Intelligence and Economic Growth,Artificial Intelligence and Economic Growth,1,2
Mary Steffel,10.3386/w28726,Selecting the Most Effective Nudge: Evidence from a Large-Scale Experiment on Immunization,Selecting the Most Effective Nudge,1,2
Maryam Mottaghi,10.1016/j.ijdrr.2022.102798,Long term cost-effectiveness of resilient foods for global catastrophes compared to artificial general intelligence safety,Long term cost-effectiveness of resilient foods for global catastrophes compared…,1,2
Masakatsu Nakamura,10.3386/w23928,Artificial Intelligence and Economic Growth,Artificial Intelligence and Economic Growth,1,2
Matthias Sutter,10.3386/w28726,Selecting the Most Effective Nudge: Evidence from a Large-Scale Experiment on Immunization,Selecting the Most Effective Nudge,1,2
Matthijs M. Maas,10.48550/arxiv.2305.07153,Towards best practices in AGI safety and governance: A survey of expert opinion,Towards best practices in AGI safety and governance,1,2
Maureen Ebben,10.3386/w23928,Artificial Intelligence and Economic Growth,Artificial Intelligence and Economic Growth,1,2
Maximiliane Sievert,10.3386/w23929,Effects of Emigration on Rural Labor Markets,Effects of Emigration on Rural Labor Markets,1,2
Md Nahid Ferdous Pabon,10.3386/w23929,Effects of Emigration on Rural Labor Markets,Effects of Emigration on Rural Labor Markets,1,2
Melika Miralem,10.2139/ssrn.4154000,How Effective Is (More) Money? Randomizing Unconditional Cash Transfer Amounts in the US,How Effective Is (More) Money? Randomizing Unconditional Cash Transfer Amounts…,1,2
Meng Liu,10.3386/w23928,Artificial Intelligence and Economic Growth,Artificial Intelligence and Economic Growth,1,2
Mengdi Liu,10.1257/aer.20221215,Does the Squeaky Wheel Get More Grease? The Direct and Indirect Effects of Citizen Participation on Environmental Governance in China,Does the Squeaky Wheel Get More Grease? The Direct and…,1,2
Meriah Lee DeJoseph,10.2139/ssrn.4154000,How Effective Is (More) Money? Randomizing Unconditional Cash Transfer Amounts in the US,How Effective Is (More) Money? Randomizing Unconditional Cash Transfer Amounts…,1,2
Mia Ellis,10.3386/w28726,Selecting the Most Effective Nudge: Evidence from a Large-Scale Experiment on Immunization,Selecting the Most Effective Nudge,1,2
Michael Rieser,10.3386/w28726,Selecting the Most Effective Nudge: Evidence from a Large-Scale Experiment on Immunization,Selecting the Most Effective Nudge,1,2
Michael Walker,10.3386/w30011,"The Long-Run Effects of Psychotherapy on Depression, Beliefs, and Economic Outcomes","The Long-Run Effects of Psychotherapy on Depression, Beliefs, and Economic…",1,2
Michael Waugh,10.3386/w23929,Effects of Emigration on Rural Labor Markets,Effects of Emigration on Rural Labor Markets,1,2
Michael Y. Roleda,10.1016/j.ijdrr.2022.102798,Long term cost-effectiveness of resilient foods for global catastrophes compared to artificial general intelligence safety,Long term cost-effectiveness of resilient foods for global catastrophes compared…,1,2
Mingwei Xu,10.1257/aer.20221215,Does the Squeaky Wheel Get More Grease? The Direct and Indirect Effects of Citizen Participation on Environmental Governance in China,Does the Squeaky Wheel Get More Grease? The Direct and…,1,2
Mohammad Rezoanul Hoque,10.3386/w23929,Effects of Emigration on Rural Labor Markets,Effects of Emigration on Rural Labor Markets,1,2
Monica E Ellwood-Lowe,10.2139/ssrn.4154000,How Effective Is (More) Money? Randomizing Unconditional Cash Transfer Amounts in the US,How Effective Is (More) Money? Randomizing Unconditional Cash Transfer Amounts…,1,2
Montse Fernández,10.3386/w23928,Artificial Intelligence and Economic Growth,Artificial Intelligence and Economic Growth,1,2
Moti Shatner,10.3386/w26752,Stagnation and Scientific Incentives,Stagnation and Scientific Incentives,1,2
Mélissa Hidrobo,10.3386/w28106,The Comparative Impact of Cash Transfers and a Psychotherapy Program on Psychological and Economic Well-being,The Comparative Impact of Cash Transfers and a Psychotherapy Program…,1,2
Nahian Azad Shashi,10.3386/w23929,Effects of Emigration on Rural Labor Markets,Effects of Emigration on Rural Labor Markets,1,2
Nan Jia,10.3386/w23928,Artificial Intelligence and Economic Growth,Artificial Intelligence and Economic Growth,1,2
Natalie Bau,10.3386/w28106,The Comparative Impact of Cash Transfers and a Psychotherapy Program on Psychological and Economic Well-being,The Comparative Impact of Cash Transfers and a Psychotherapy Program…,1,2
Nathan A. Fox,10.2139/ssrn.4154000,How Effective Is (More) Money? Randomizing Unconditional Cash Transfer Amounts in the US,How Effective Is (More) Money? Randomizing Unconditional Cash Transfer Amounts…,1,2
Nathan Fiala,10.3386/w23929,Effects of Emigration on Rural Labor Markets,Effects of Emigration on Rural Labor Markets,1,2
Niccolò F. Meriggi,10.3386/w30011,"The Long-Run Effects of Psychotherapy on Depression, Beliefs, and Economic Outcomes","The Long-Run Effects of Psychotherapy on Depression, Beliefs, and Economic…",1,2
Nicole Kovski,10.2139/ssrn.4154000,How Effective Is (More) Money? Randomizing Unconditional Cash Transfer Amounts in the US,How Effective Is (More) Money? Randomizing Unconditional Cash Transfer Amounts…,1,2
Nikhil Kalathil,10.1257/pandp.20201017,Advance Market Commitments: Insights from Theory and Experience,Advance Market Commitments,1,2
Nina Blöndal,10.3386/w23929,Effects of Emigration on Rural Labor Markets,Effects of Emigration on Rural Labor Markets,1,2
Nneka Osadolor,10.3386/w30835,Water Treatment And Child Mortality: A Meta-Analysis And Cost-effectiveness Analysis,Water Treatment And Child Mortality,1,2
Nuole Chen,10.3386/w28726,Selecting the Most Effective Nudge: Evidence from a Large-Scale Experiment on Immunization,Selecting the Most Effective Nudge,1,2
Nursena Aksünger,10.3386/w30011,"The Long-Run Effects of Psychotherapy on Depression, Beliefs, and Economic Outcomes","The Long-Run Effects of Psychotherapy on Depression, Beliefs, and Economic…",1,2
Ottmar Edenhofer,10.3386/w32450,The Macroeconomic Impact of Climate Change: Global vs. Local Temperature,The Macroeconomic Impact of Climate Change,1,2
Paula López-Peña,10.3386/w23929,Effects of Emigration on Rural Labor Markets,Effects of Emigration on Rural Labor Markets,1,2
Pedro Quelhas Brito,10.3386/w23928,Artificial Intelligence and Economic Growth,Artificial Intelligence and Economic Growth,1,2
Peiyao Shen,10.3386/w28726,Selecting the Most Effective Nudge: Evidence from a Large-Scale Experiment on Immunization,Selecting the Most Effective Nudge,1,2
Peter Buxmann,10.3386/w23928,Artificial Intelligence and Economic Growth,Artificial Intelligence and Economic Growth,1,2
Pheliciah Mwachofi,10.3386/w30011,"The Long-Run Effects of Psychotherapy on Depression, Beliefs, and Economic Outcomes","The Long-Run Effects of Psychotherapy on Depression, Beliefs, and Economic…",1,2
Philipp Barteska,10.3386/w28726,Selecting the Most Effective Nudge: Evidence from a Large-Scale Experiment on Immunization,Selecting the Most Effective Nudge,1,2
Post Raj Pokharel,10.3386/w31137,Biodiversity Risk,Biodiversity Risk,1,2
R. Amirikas,10.3386/w23928,Artificial Intelligence and Economic Growth,Artificial Intelligence and Economic Growth,1,2
Rachit Dhiman,10.3386/w23928,Artificial Intelligence and Economic Growth,Artificial Intelligence and Economic Growth,1,2
Rebecca Johnson,10.3386/w28726,Selecting the Most Effective Nudge: Evidence from a Large-Scale Experiment on Immunization,Selecting the Most Effective Nudge,1,2
Rebecca Littman,10.3386/w30011,"The Long-Run Effects of Psychotherapy on Depression, Beliefs, and Economic Outcomes","The Long-Run Effects of Psychotherapy on Depression, Beliefs, and Economic…",1,2
Rekha Balu,10.3386/w28726,Selecting the Most Effective Nudge: Evidence from a Large-Scale Experiment on Immunization,Selecting the Most Effective Nudge,1,2
Robert Collinson,10.2139/ssrn.4154000,How Effective Is (More) Money? Randomizing Unconditional Cash Transfer Amounts in the US,How Effective Is (More) Money? Randomizing Unconditional Cash Transfer Amounts…,1,2
Robert F. Stambaugh,10.3386/w31137,Biodiversity Risk,Biodiversity Risk,1,2
Robin L. Chazdon,10.21203/rs.3.rs-3235955/v1,The global potential for natural regeneration in deforested tropical regions,The global potential for natural regeneration in deforested tropical regions,1,2
Russell Burnett,10.3386/w28726,Selecting the Most Effective Nudge: Evidence from a Large-Scale Experiment on Immunization,Selecting the Most Effective Nudge,1,2
Russell Golman,10.2139/ssrn.3938994,Information Avoidance and Moral Behavior: Experimental Evidence from Food Choices,Information Avoidance and Moral Behavior,1,2
Rémy Lecat,10.3386/w23928,Artificial Intelligence and Economic Growth,Artificial Intelligence and Economic Growth,1,2
Saad B. Omer,10.3386/w28726,Selecting the Most Effective Nudge: Evidence from a Large-Scale Experiment on Immunization,Selecting the Most Effective Nudge,1,2
Sabina Shaikh,10.2139/ssrn.3938994,Information Avoidance and Moral Behavior: Experimental Evidence from Food Choices,Information Avoidance and Moral Behavior,1,2
Sara Lowes,10.3386/w28106,The Comparative Impact of Cash Transfers and a Psychotherapy Program on Psychological and Economic Well-being,The Comparative Impact of Cash Transfers and a Psychotherapy Program…,1,2
Sarah Shaukat,10.3386/w28726,Selecting the Most Effective Nudge: Evidence from a Large-Scale Experiment on Immunization,Selecting the Most Effective Nudge,1,2
Saurabh Mishra,10.3386/w23928,Artificial Intelligence and Economic Growth,Artificial Intelligence and Economic Growth,1,2
Seong‐Jin Park,10.3386/w23928,Artificial Intelligence and Economic Growth,Artificial Intelligence and Economic Growth,1,2
Seth Benzell,10.3386/w23928,Artificial Intelligence and Economic Growth,Artificial Intelligence and Economic Growth,1,2
Shalini Roy,10.3386/w28106,The Comparative Impact of Cash Transfers and a Psychotherapy Program on Psychological and Economic Well-being,The Comparative Impact of Cash Transfers and a Psychotherapy Program…,1,2
Shaojian Chen,10.3386/w23928,Artificial Intelligence and Economic Growth,Artificial Intelligence and Economic Growth,1,2
Sheshadri Chatterjee,10.3386/w23928,Artificial Intelligence and Economic Growth,Artificial Intelligence and Economic Growth,1,2
Shih-Chi Ma,10.3386/w23928,Artificial Intelligence and Economic Growth,Artificial Intelligence and Economic Growth,1,2
Shi‐Sheng Liu,10.1111/conl.13077,Banning Wildlife Trade Can Boost the Unregulated Trade of Threatened Species,Banning Wildlife Trade Can Boost the Unregulated Trade of Threatened…,1,2
Shmuel San,10.3386/w23928,Artificial Intelligence and Economic Growth,Artificial Intelligence and Economic Growth,1,2
Siliang Tong,10.3386/w23928,Artificial Intelligence and Economic Growth,Artificial Intelligence and Economic Growth,1,2
Silvia Saccardo,10.3386/w28726,Selecting the Most Effective Nudge: Evidence from a Large-Scale Experiment on Immunization,Selecting the Most Effective Nudge,1,2
Sin-Tung Choi,10.1111/conl.13077,Banning Wildlife Trade Can Boost the Unregulated Trade of Threatened Species,Banning Wildlife Trade Can Boost the Unregulated Trade of Threatened…,1,2
Sofia Miteff,10.3386/w23928,Artificial Intelligence and Economic Growth,Artificial Intelligence and Economic Growth,1,2
Sonia Parratt Fernández,10.3386/w23928,Artificial Intelligence and Economic Growth,Artificial Intelligence and Economic Growth,1,2
Sonja Dobkowitz,10.3386/w28726,Selecting the Most Effective Nudge: Evidence from a Large-Scale Experiment on Immunization,Selecting the Most Effective Nudge,1,2
Sreyashi Sharmin,10.3386/w28106,The Comparative Impact of Cash Transfers and a Psychotherapy Program on Psychological and Economic Well-being,The Comparative Impact of Cash Transfers and a Psychotherapy Program…,1,2
Stephanie Bonds,10.3386/w30835,Water Treatment And Child Mortality: A Meta-Analysis And Cost-effectiveness Analysis,Water Treatment And Child Mortality,1,2
Steven McCabe,10.3386/w32450,The Macroeconomic Impact of Climate Change: Global vs. Local Temperature,The Macroeconomic Impact of Climate Change,1,2
Suchi Kapoor Malhotra,10.3386/w23929,Effects of Emigration on Rural Labor Markets,Effects of Emigration on Rural Labor Markets,1,2
Suwen Ge,10.2139/ssrn.4154000,How Effective Is (More) Money? Randomizing Unconditional Cash Transfer Amounts in the US,How Effective Is (More) Money? Randomizing Unconditional Cash Transfer Amounts…,1,2
Sylvie Borau,10.2139/ssrn.3938994,Information Avoidance and Moral Behavior: Experimental Evidence from Food Choices,Information Avoidance and Moral Behavior,1,2
Thang Ngoc Bach,10.3386/w31137,Biodiversity Risk,Biodiversity Risk,1,2
Thato Letsomo,10.3386/w31208,Building Resilient Education Systems: Evidence from Large-Scale Randomized Trials in Five Countries,Building Resilient Education Systems,1,2
Theresa K. Meyer,10.1016/j.ijdrr.2022.102798,Long term cost-effectiveness of resilient foods for global catastrophes compared to artificial general intelligence safety,Long term cost-effectiveness of resilient foods for global catastrophes compared…,1,2
Thomas Giroux,10.3386/w31137,Biodiversity Risk,Biodiversity Risk,1,2
Thorsten Staake,10.3386/w28726,Selecting the Most Effective Nudge: Evidence from a Large-Scale Experiment on Immunization,Selecting the Most Effective Nudge,1,2
Tingwei Luo,10.1257/aer.20221215,Does the Squeaky Wheel Get More Grease? The Direct and Indirect Effects of Citizen Participation on Environmental Governance in China,Does the Squeaky Wheel Get More Grease? The Direct and…,1,2
Tingyu Yu,10.3386/w31137,Biodiversity Risk,Biodiversity Risk,1,2
Tobias Kollmann,10.3386/w23928,Artificial Intelligence and Economic Growth,Artificial Intelligence and Economic Growth,1,2
Tobias Schimanski,10.3386/w31137,Biodiversity Risk,Biodiversity Risk,1,2
Tomas Folke,10.2139/ssrn.4154000,How Effective Is (More) Money? Randomizing Unconditional Cash Transfer Amounts in the US,How Effective Is (More) Money? Randomizing Unconditional Cash Transfer Amounts…,1,2
Tomohiko Endo,10.1111/conl.13077,Banning Wildlife Trade Can Boost the Unregulated Trade of Threatened Species,Banning Wildlife Trade Can Boost the Unregulated Trade of Threatened…,1,2
Tristan Reed,10.1257/pandp.20201017,Advance Market Commitments: Insights from Theory and Experience,Advance Market Commitments,1,2
Tzu‐Pi Chen,10.1111/conl.13077,Banning Wildlife Trade Can Boost the Unregulated Trade of Threatened Species,Banning Wildlife Trade Can Boost the Unregulated Trade of Threatened…,1,2
Uri Schattner,10.3386/w26752,Stagnation and Scientific Incentives,Stagnation and Scientific Incentives,1,2
V. Mironov,10.3386/w23928,Artificial Intelligence and Economic Growth,Artificial Intelligence and Economic Growth,1,2
Verena Tiefenbeck,10.3386/w28726,Selecting the Most Effective Nudge: Evidence from a Large-Scale Experiment on Immunization,Selecting the Most Effective Nudge,1,2
Veronika Cheplygina,10.3386/w26752,Stagnation and Scientific Incentives,Stagnation and Scientific Incentives,1,2
Vis Taraz,10.3386/w23929,Effects of Emigration on Rural Labor Markets,Effects of Emigration on Rural Labor Markets,1,2
Wei Zhang,10.1257/aer.20221215,Does the Squeaky Wheel Get More Grease? The Direct and Indirect Effects of Citizen Participation on Environmental Governance in China,Does the Squeaky Wheel Get More Grease? The Direct and…,1,2
Wei‐Ting Chen,10.1111/conl.13077,Banning Wildlife Trade Can Boost the Unregulated Trade of Threatened Species,Banning Wildlife Trade Can Boost the Unregulated Trade of Threatened…,1,2
Wenbiao Sha,10.1257/aer.20221215,Does the Squeaky Wheel Get More Grease? The Direct and Indirect Effects of Citizen Participation on Environmental Governance in China,Does the Squeaky Wheel Get More Grease? The Direct and…,1,2
Wendy Janssens,10.3386/w30011,"The Long-Run Effects of Psychotherapy on Depression, Beliefs, and Economic Outcomes","The Long-Run Effects of Psychotherapy on Depression, Beliefs, and Economic…",1,2
Willem E. Frankenhuis,10.2139/ssrn.4154000,How Effective Is (More) Money? Randomizing Unconditional Cash Transfer Amounts in the US,How Effective Is (More) Money? Randomizing Unconditional Cash Transfer Amounts…,1,2
Winnie van Dijk,10.2139/ssrn.4154000,How Effective Is (More) Money? Randomizing Unconditional Cash Transfer Amounts in the US,How Effective Is (More) Money? Randomizing Unconditional Cash Transfer Amounts…,1,2
Xi Weng,10.1257/aer.20221215,Does the Squeaky Wheel Get More Grease? The Direct and Indirect Effects of Citizen Participation on Environmental Governance in China,Does the Squeaky Wheel Get More Grease? The Direct and…,1,2
Xianfeng Zhang,10.1257/aer.20221215,Does the Squeaky Wheel Get More Grease? The Direct and Indirect Effects of Citizen Participation on Environmental Governance in China,Does the Squeaky Wheel Get More Grease? The Direct and…,1,2
Xiang Hui,10.3386/w23928,Artificial Intelligence and Economic Growth,Artificial Intelligence and Economic Growth,1,2
Xiaoyu Chen,10.1257/aer.20221215,Does the Squeaky Wheel Get More Grease? The Direct and Indirect Effects of Citizen Participation on Environmental Governance in China,Does the Squeaky Wheel Get More Grease? The Direct and…,1,2
Ximeng Fang,10.3386/w28726,Selecting the Most Effective Nudge: Evidence from a Large-Scale Experiment on Immunization,Selecting the Most Effective Nudge,1,2
Xinyi Lv,10.1257/aer.20221215,Does the Squeaky Wheel Get More Grease? The Direct and Indirect Effects of Citizen Participation on Environmental Governance in China,Does the Squeaky Wheel Get More Grease? The Direct and…,1,2
Xueming Luo,10.3386/w23928,Artificial Intelligence and Economic Growth,Artificial Intelligence and Economic Growth,1,2
Xueping Liang,10.1257/aer.20221215,Does the Squeaky Wheel Get More Grease? The Direct and Indirect Effects of Citizen Participation on Environmental Governance in China,Does the Squeaky Wheel Get More Grease? The Direct and…,1,2
Yacov Tsur,10.1257/aer.20221215,Does the Squeaky Wheel Get More Grease? The Direct and Indirect Effects of Citizen Participation on Environmental Governance in China,Does the Squeaky Wheel Get More Grease? The Direct and…,1,2
Yi Li,10.3386/w23928,Artificial Intelligence and Economic Growth,Artificial Intelligence and Economic Growth,1,2
Yu Gao,10.2139/ssrn.3938994,Information Avoidance and Moral Behavior: Experimental Evidence from Food Choices,Information Avoidance and Moral Behavior,1,2
Yu Qian,10.3386/w23928,Artificial Intelligence and Economic Growth,Artificial Intelligence and Economic Growth,1,2
Yuan Zhi Seah,10.3386/w28726,Selecting the Most Effective Nudge: Evidence from a Large-Scale Experiment on Immunization,Selecting the Most Effective Nudge,1,2
Yuancheng Wang,10.3386/w23928,Artificial Intelligence and Economic Growth,Artificial Intelligence and Economic Growth,1,2
Yuichi Furukawa,10.3386/w23928,Artificial Intelligence and Economic Growth,Artificial Intelligence and Economic Growth,1,2
Yvonne van Dalen,10.3386/w30011,"The Long-Run Effects of Psychotherapy on Depression, Beliefs, and Economic Outcomes","The Long-Run Effects of Psychotherapy on Depression, Beliefs, and Economic…",1,2
Zachary Wagner,10.3386/w30835,Water Treatment And Child Mortality: A Meta-Analysis And Cost-effectiveness Analysis,Water Treatment And Child Mortality,1,2
Zafer Kanik,10.3386/w23928,Artificial Intelligence and Economic Growth,Artificial Intelligence and Economic Growth,1,2
Zhaoxuan Qiu,10.1257/aer.20221215,Does the Squeaky Wheel Get More Grease? The Direct and Indirect Effects of Citizen Participation on Environmental Governance in China,Does the Squeaky Wheel Get More Grease? The Direct and…,1,2
Zheng Fang,10.3386/w23928,Artificial Intelligence and Economic Growth,Artificial Intelligence and Economic Growth,1,2
Zhiwei Wang,10.1257/aer.20221215,Does the Squeaky Wheel Get More Grease? The Direct and Indirect Effects of Citizen Participation on Environmental Governance in China,Does the Squeaky Wheel Get More Grease? The Direct and…,1,2
Ľuboš Pástor,10.3386/w31137,Biodiversity Risk,Biodiversity Risk,1,2
A R T Hidayat,10.3386/w23929,Effects of Emigration on Rural Labor Markets,Effects of Emigration on Rural Labor Markets,1,1
A. K. Chaurasia,10.3386/w31137,Biodiversity Risk,Biodiversity Risk,1,1
A. Rani Elwy,10.3386/w28726,Selecting the Most Effective Nudge: Evidence from a Large-Scale Experiment on Immunization,Selecting the Most Effective Nudge,1,1
A. Yu. Kolpakov,10.3386/w32450,The Macroeconomic Impact of Climate Change: Global vs. Local Temperature,The Macroeconomic Impact of Climate Change,1,1
A. de Ruyter,10.3386/w32450,The Macroeconomic Impact of Climate Change: Global vs. Local Temperature,The Macroeconomic Impact of Climate Change,1,1
A.C. Sim,10.1093/ej/uead102,Do Celebrity Endorsements Matter? A Twitter Experiment Promoting Vaccination in Indonesia,Do Celebrity Endorsements Matter? A Twitter Experiment Promoting Vaccination in…,1,1
Aaron S. Kesselheim,10.1257/pandp.20201017,Advance Market Commitments: Insights from Theory and Experience,Advance Market Commitments,1,1
Aaron Salzberg,10.1093/wbro/lkae010,The Effect of Lead Exposure on Children’s Learning in the Developing World: A Meta-Analysis,The Effect of Lead Exposure on Children’s Learning in the…,1,1
Abdelaziz Abdalla Alowais,10.3386/w31354,The Benefits and Costs of Guest Worker Programs: Experimental Evidence from the India-UAE Migration Corridor,The Benefits and Costs of Guest Worker Programs,1,1
Abdullah M. Baabdullah,10.3386/w23928,Artificial Intelligence and Economic Growth,Artificial Intelligence and Economic Growth,1,1
Abeba N. Turi,10.3386/w23928,Artificial Intelligence and Economic Growth,Artificial Intelligence and Economic Growth,1,1
Abel Lucena,10.3386/w31899,The Effect of Public Science on Corporate R&amp;D,The Effect of Public Science on Corporate R&amp;D,1,1
Abhishek Gupta,10.48550/arxiv.2305.07153,Towards best practices in AGI safety and governance: A survey of expert opinion,Towards best practices in AGI safety and governance,1,1
Abideen Salako,10.3386/w30835,Water Treatment And Child Mortality: A Meta-Analysis And Cost-effectiveness Analysis,Water Treatment And Child Mortality,1,1
Abraham Loeb,10.48550/arxiv.2305.07153,Towards best practices in AGI safety and governance: A survey of expert opinion,Towards best practices in AGI safety and governance,1,1
Abu Shonchoy,10.3386/w23929,Effects of Emigration on Rural Labor Markets,Effects of Emigration on Rural Labor Markets,1,1
Abubakr Suliman,10.3386/w31354,The Benefits and Costs of Guest Worker Programs: Experimental Evidence from the India-UAE Migration Corridor,The Benefits and Costs of Guest Worker Programs,1,1
Achim Wambach,10.3386/w26775,Advance Market Commitments: Insights from Theory and Experience,Advance Market Commitments,1,1
Adam Laycock,10.1093/wbro/lkae010,The Effect of Lead Exposure on Children’s Learning in the Developing World: A Meta-Analysis,The Effect of Lead Exposure on Children’s Learning in the…,1,1
Adam McCloskey,10.3386/w28726,Selecting the Most Effective Nudge: Evidence from a Large-Scale Experiment on Immunization,Selecting the Most Effective Nudge,1,1
Adam Rose,10.3386/w32450,The Macroeconomic Impact of Climate Change: Global vs. Local Temperature,The Macroeconomic Impact of Climate Change,1,1
Adeline Delavande,10.3386/w28726,Selecting the Most Effective Nudge: Evidence from a Large-Scale Experiment on Immunization,Selecting the Most Effective Nudge,1,1
Adeyinka Tella,10.3386/w23928,Artificial Intelligence and Economic Growth,Artificial Intelligence and Economic Growth,1,1
Adrian Stoian,10.3386/w23928,Artificial Intelligence and Economic Growth,Artificial Intelligence and Economic Growth,1,1
Adriana Ibiti,10.3386/w23928,Artificial Intelligence and Economic Growth,Artificial Intelligence and Economic Growth,1,1
Adrien Bilal,10.3386/w32450,The Macroeconomic Impact of Climate Change: Global vs. Local Temperature,The Macroeconomic Impact of Climate Change,1,1
Adélaïde Fadhuile,10.3386/w30740,"When do ""Nudges"" Increase Welfare?","When do ""Nudges"" Increase Welfare?",1,1
Aelita Sargsyan,10.1093/wbro/lkae010,The Effect of Lead Exposure on Children’s Learning in the Developing World: A Meta-Analysis,The Effect of Lead Exposure on Children’s Learning in the…,1,1
Afaf Bouhoute,10.3386/w23928,Artificial Intelligence and Economic Growth,Artificial Intelligence and Economic Growth,1,1
Afshan Naseem,10.48550/arxiv.2305.07153,Towards best practices in AGI safety and governance: A survey of expert opinion,Towards best practices in AGI safety and governance,1,1
Agnė Paliokaitė,10.3386/w31899,The Effect of Public Science on Corporate R&amp;D,The Effect of Public Science on Corporate R&amp;D,1,1
Agudelo Nicolás,10.1257/pandp.20201017,Advance Market Commitments: Insights from Theory and Experience,Advance Market Commitments,1,1
Aguilar David,10.1257/pandp.20201017,Advance Market Commitments: Insights from Theory and Experience,Advance Market Commitments,1,1
Ahmed Karmaoui,10.3386/w23928,Artificial Intelligence and Economic Growth,Artificial Intelligence and Economic Growth,1,1
Ahmed M. Fallatah,10.3386/w30835,Water Treatment And Child Mortality: A Meta-Analysis And Cost-effectiveness Analysis,Water Treatment And Child Mortality,1,1
Ahsan Alam,10.3386/w28106,The Comparative Impact of Cash Transfers and a Psychotherapy Program on Psychological and Economic Well-being,The Comparative Impact of Cash Transfers and a Psychotherapy Program…,1,1
Aidan Coville,10.1093/ej/uead102,Do Celebrity Endorsements Matter? A Twitter Experiment Promoting Vaccination in Indonesia,Do Celebrity Endorsements Matter? A Twitter Experiment Promoting Vaccination in…,1,1
Aidan Hollis,10.1257/pandp.20201017,Advance Market Commitments: Insights from Theory and Experience,Advance Market Commitments,1,1
Aikaterini Taka,10.2139/ssrn.4154000,How Effective Is (More) Money? Randomizing Unconditional Cash Transfer Amounts in the US,How Effective Is (More) Money? Randomizing Unconditional Cash Transfer Amounts…,1,1
Aishwarya Atluri,10.3386/w30835,Water Treatment And Child Mortality: A Meta-Analysis And Cost-effectiveness Analysis,Water Treatment And Child Mortality,1,1
Ajay Pillarisetti,10.3386/w32450,The Macroeconomic Impact of Climate Change: Global vs. Local Temperature,The Macroeconomic Impact of Climate Change,1,1
Akash R. Wasil,10.3386/w28106,The Comparative Impact of Cash Transfers and a Psychotherapy Program on Psychological and Economic Well-being,The Comparative Impact of Cash Transfers and a Psychotherapy Program…,1,1
Akhter Ahmed,10.3386/w28106,The Comparative Impact of Cash Transfers and a Psychotherapy Program on Psychological and Economic Well-being,The Comparative Impact of Cash Transfers and a Psychotherapy Program…,1,1
Akimitsu Hirota,10.3386/w23928,Artificial Intelligence and Economic Growth,Artificial Intelligence and Economic Growth,1,1
Akshay Kotak,10.3386/w26752,Stagnation and Scientific Incentives,Stagnation and Scientific Incentives,1,1
Alain Quinet,10.3386/w23928,Artificial Intelligence and Economic Growth,Artificial Intelligence and Economic Growth,1,1
Alain de Janvry,10.3386/w28726,Selecting the Most Effective Nudge: Evidence from a Large-Scale Experiment on Immunization,Selecting the Most Effective Nudge,1,1
Alan Chan,10.48550/arxiv.2305.07153,Towards best practices in AGI safety and governance: A survey of expert opinion,Towards best practices in AGI safety and governance,1,1
Alan de Brauw,10.3386/w23929,Effects of Emigration on Rural Labor Markets,Effects of Emigration on Rural Labor Markets,1,1
Albert Quek,10.3386/w23928,Artificial Intelligence and Economic Growth,Artificial Intelligence and Economic Growth,1,1
Alberto Binetti,10.3386/w32073,"Ends versus Means: Kantians, Utilitarians, and Moral Decisions",Ends versus Means,1,1
Alberto Ciancio,10.3386/w28726,Selecting the Most Effective Nudge: Evidence from a Large-Scale Experiment on Immunization,Selecting the Most Effective Nudge,1,1
Alberto Costantiello,10.3386/w23928,Artificial Intelligence and Economic Growth,Artificial Intelligence and Economic Growth,1,1
Alberto Garcı́a,10.3386/w31554,Urban Forests: Environmental Health Values and Risks,Urban Forests,1,1
Alberto González‐García,10.3386/w31554,Urban Forests: Environmental Health Values and Risks,Urban Forests,1,1
Aleida March,10.3386/w28106,The Comparative Impact of Cash Transfers and a Psychotherapy Program on Psychological and Economic Well-being,The Comparative Impact of Cash Transfers and a Psychotherapy Program…,1,1
Alejandro Ganimian,10.3386/w31208,Building Resilient Education Systems: Evidence from Large-Scale Randomized Trials in Five Countries,Building Resilient Education Systems,1,1
Aleksandr Christenko,10.3386/w31899,The Effect of Public Science on Corporate R&amp;D,The Effect of Public Science on Corporate R&amp;D,1,1
Aleksei V. Bogoviz,10.3386/w23928,Artificial Intelligence and Economic Growth,Artificial Intelligence and Economic Growth,1,1
Alessandra Calvo–Friedman,10.2139/ssrn.4154000,How Effective Is (More) Money? Randomizing Unconditional Cash Transfer Amounts in the US,How Effective Is (More) Money? Randomizing Unconditional Cash Transfer Amounts…,1,1
Alessandro Palma,10.3386/w30740,"When do ""Nudges"" Increase Welfare?","When do ""Nudges"" Increase Welfare?",1,1
Alex Tabarrok,10.3386/w26775,Advance Market Commitments: Insights from Theory and Experience,Advance Market Commitments,1,1
Alexander F. Wagner,10.3386/w31137,Biodiversity Risk,Biodiversity Risk,1,1
Alexander Kopka,10.3386/w23928,Artificial Intelligence and Economic Growth,Artificial Intelligence and Economic Growth,1,1
Alexander Pfaff,10.1257/pandp.20201017,Advance Market Commitments: Insights from Theory and Experience,Advance Market Commitments,1,1
Alexandr V. Lukashin,10.3386/w23928,Artificial Intelligence and Economic Growth,Artificial Intelligence and Economic Growth,1,1
Alexandra Hartman,10.1257/aeri.20210612,Cognitive Behavioral Therapy among Ghana's Rural Poor Is Effective Regardless of Baseline Mental Distress,Cognitive Behavioral Therapy among Ghana's Rural Poor Is Effective Regardless…,1,1
Alexandra Sadler,10.3386/w31137,Biodiversity Risk,Biodiversity Risk,1,1
Alexandre Alahi,10.48550/arxiv.2305.07153,Towards best practices in AGI safety and governance: A survey of expert opinion,Towards best practices in AGI safety and governance,1,1
Alexandre Garel,10.3386/w31137,Biodiversity Risk,Biodiversity Risk,1,1
Alexandre Sollaci,10.3386/w32450,The Macroeconomic Impact of Climate Change: Global vs. Local Temperature,The Macroeconomic Impact of Climate Change,1,1
Alexey Makarin,10.1257/aeri.20210612,Cognitive Behavioral Therapy among Ghana's Rural Poor Is Effective Regardless of Baseline Mental Distress,Cognitive Behavioral Therapy among Ghana's Rural Poor Is Effective Regardless…,1,1
Alexis Poindron,10.3386/w28726,Selecting the Most Effective Nudge: Evidence from a Large-Scale Experiment on Immunization,Selecting the Most Effective Nudge,1,1
Alfonso Sousa‐Poza,10.3386/w30202,Economic vs. Epidemiological Approaches to Measuring the Human Capital Impacts of Infectious Disease Elimination,Economic vs. Epidemiological Approaches to Measuring the Human Capital Impacts…,1,1
Alfredo Burlando,10.3386/w28726,Selecting the Most Effective Nudge: Evidence from a Large-Scale Experiment on Immunization,Selecting the Most Effective Nudge,1,1
Alice Dominici,10.3386/w28726,Selecting the Most Effective Nudge: Evidence from a Large-Scale Experiment on Immunization,Selecting the Most Effective Nudge,1,1
Alina Fahrenwaldt,10.2139/ssrn.3938994,Information Avoidance and Moral Behavior: Experimental Evidence from Food Choices,Information Avoidance and Moral Behavior,1,1
Alireza Ghassemi Toussi,10.1093/wbro/lkae010,The Effect of Lead Exposure on Children’s Learning in the Developing World: A Meta-Analysis,The Effect of Lead Exposure on Children’s Learning in the…,1,1
Alison Karasz,10.3386/w28106,The Comparative Impact of Cash Transfers and a Psychotherapy Program on Psychological and Economic Well-being,The Comparative Impact of Cash Transfers and a Psychotherapy Program…,1,1
Alissa Kleinnijenhuis,10.3386/w32450,The Macroeconomic Impact of Climate Change: Global vs. Local Temperature,The Macroeconomic Impact of Climate Change,1,1
Allison Witman,10.2139/ssrn.4154000,How Effective Is (More) Money? Randomizing Unconditional Cash Transfer Amounts in the US,How Effective Is (More) Money? Randomizing Unconditional Cash Transfer Amounts…,1,1
Altuğ Günar,10.3386/w23928,Artificial Intelligence and Economic Growth,Artificial Intelligence and Economic Growth,1,1
Alvin E. Roth,10.1257/pandp.20201017,Advance Market Commitments: Insights from Theory and Experience,Advance Market Commitments,1,1
Alvin Kuowei Tay,10.3386/w28106,The Comparative Impact of Cash Transfers and a Psychotherapy Program on Psychological and Economic Well-being,The Comparative Impact of Cash Transfers and a Psychotherapy Program…,1,1
Alyas Widita,10.1093/ej/uead102,Do Celebrity Endorsements Matter? A Twitter Experiment Promoting Vaccination in Indonesia,Do Celebrity Endorsements Matter? A Twitter Experiment Promoting Vaccination in…,1,1
Amanda Johnson,10.2139/ssrn.4154000,How Effective Is (More) Money? Randomizing Unconditional Cash Transfer Amounts in the US,How Effective Is (More) Money? Randomizing Unconditional Cash Transfer Amounts…,1,1
Amanda Lenhardt,10.3386/w28106,The Comparative Impact of Cash Transfers and a Psychotherapy Program on Psychological and Economic Well-being,The Comparative Impact of Cash Transfers and a Psychotherapy Program…,1,1
Amar Rao,10.3386/w31137,Biodiversity Risk,Biodiversity Risk,1,1
Amber van Druten,10.2139/ssrn.3938994,Information Avoidance and Moral Behavior: Experimental Evidence from Food Choices,Information Avoidance and Moral Behavior,1,1
Amel Gacem,10.3386/w30835,Water Treatment And Child Mortality: A Meta-Analysis And Cost-effectiveness Analysis,Water Treatment And Child Mortality,1,1
Amelia Clarke,10.3386/w32450,The Macroeconomic Impact of Climate Change: Global vs. Local Temperature,The Macroeconomic Impact of Climate Change,1,1
Amir Jina,10.3386/w30011,"The Long-Run Effects of Psychotherapy on Depression, Beliefs, and Economic Outcomes","The Long-Run Effects of Psychotherapy on Depression, Beliefs, and Economic…",1,1
Amitrajeet A. Batabyal,10.1257/aeri.20230431,Money (Not) to Burn: Payments for Ecosystem Services to Reduce Crop Residue Burning,Money (Not) to Burn,1,1
Amrita Ahuja,10.3386/w26775,Advance Market Commitments: Insights from Theory and Experience,Advance Market Commitments,1,1
Amrita Singh,10.3386/w31137,Biodiversity Risk,Biodiversity Risk,1,1
Amy Freeman,10.2139/ssrn.4154000,How Effective Is (More) Money? Randomizing Unconditional Cash Transfer Amounts in the US,How Effective Is (More) Money? Randomizing Unconditional Cash Transfer Amounts…,1,1
Amy McQueen,10.2139/ssrn.3938994,Information Avoidance and Moral Behavior: Experimental Evidence from Food Choices,Information Avoidance and Moral Behavior,1,1
Amy Ogan,10.2139/ssrn.4154000,How Effective Is (More) Money? Randomizing Unconditional Cash Transfer Amounts in the US,How Effective Is (More) Money? Randomizing Unconditional Cash Transfer Amounts…,1,1
Améline Vallet,10.3386/w31554,Urban Forests: Environmental Health Values and Risks,Urban Forests,1,1
Ana Julia Paula Carcedo,10.3386/w26752,Stagnation and Scientific Incentives,Stagnation and Scientific Incentives,1,1
Ana Paula Cusolito,10.3386/w23928,Artificial Intelligence and Economic Growth,Artificial Intelligence and Economic Growth,1,1
Ana-Maria Boromisa,10.3386/w32450,The Macroeconomic Impact of Climate Change: Global vs. Local Temperature,The Macroeconomic Impact of Climate Change,1,1
Anand M. Osuri,10.21203/rs.3.rs-3235955/v1,The global potential for natural regeneration in deforested tropical regions,The global potential for natural regeneration in deforested tropical regions,1,1
Anand Nair,10.1287/mnsc.2023.4846,The Governance of Nonprofits and Their Social Impact: Evidence from a Randomized Program in Healthcare in the Democratic Republic of Congo,The Governance of Nonprofits and Their Social Impact,1,1
Anant Bhan,10.3386/w30011,"The Long-Run Effects of Psychotherapy on Depression, Beliefs, and Economic Outcomes","The Long-Run Effects of Psychotherapy on Depression, Beliefs, and Economic…",1,1
Anastasia Spartinou,10.2139/ssrn.4154000,How Effective Is (More) Money? Randomizing Unconditional Cash Transfer Amounts in the US,How Effective Is (More) Money? Randomizing Unconditional Cash Transfer Amounts…,1,1
Anazélia M. Tedesco,10.21203/rs.3.rs-3235955/v1,The global potential for natural regeneration in deforested tropical regions,The global potential for natural regeneration in deforested tropical regions,1,1
Anca Balietti,10.3386/w23929,Effects of Emigration on Rural Labor Markets,Effects of Emigration on Rural Labor Markets,1,1
Anca D. Dragan,10.48550/arxiv.2305.07153,Towards best practices in AGI safety and governance: A survey of expert opinion,Towards best practices in AGI safety and governance,1,1
Anders Bach‐Mortensen,10.3386/w28106,The Comparative Impact of Cash Transfers and a Psychotherapy Program on Psychological and Economic Well-being,The Comparative Impact of Cash Transfers and a Psychotherapy Program…,1,1
Anders H. Lund,10.3386/w26752,Stagnation and Scientific Incentives,Stagnation and Scientific Incentives,1,1
Anders Kjelsrud,10.3386/w28106,The Comparative Impact of Cash Transfers and a Psychotherapy Program on Psychological and Economic Well-being,The Comparative Impact of Cash Transfers and a Psychotherapy Program…,1,1
Anders Kärnä,10.3386/w26752,Stagnation and Scientific Incentives,Stagnation and Scientific Incentives,1,1
Anders Sandberg,10.31219/osf.io/vrmpf,Long Term Cost-Effectiveness of Resilient Foods for Global Catastrophes Compared to Artificial General Intelligence Safety,Long Term Cost-Effectiveness of Resilient Foods for Global Catastrophes Compared…,1,1
Andrea Prieto,10.3386/w31208,Building Resilient Education Systems: Evidence from Large-Scale Randomized Trials in Five Countries,Building Resilient Education Systems,1,1
Andrea Repetto,10.3386/w28106,The Comparative Impact of Cash Transfers and a Psychotherapy Program on Psychological and Economic Well-being,The Comparative Impact of Cash Transfers and a Psychotherapy Program…,1,1
Andrea Sauchelli,10.1016/j.cognition.2021.104941,Population ethical intuitions,Population ethical intuitions,1,1
Andrea Teglio,10.3386/w23928,Artificial Intelligence and Economic Growth,Artificial Intelligence and Economic Growth,1,1
Andrea Éltető,10.3386/w23928,Artificial Intelligence and Economic Growth,Artificial Intelligence and Economic Growth,1,1
Andreas G. F. Hoepner,10.3386/w31137,Biodiversity Risk,Biodiversity Risk,1,1
Andreas Kjær Stage,10.3386/w31409,Choose Your Moments: Peer Review and Scientific Risk Taking,Choose Your Moments,1,1
Andreas Kotsadam,10.3386/w28106,The Comparative Impact of Cash Transfers and a Psychotherapy Program on Psychological and Economic Well-being,The Comparative Impact of Cash Transfers and a Psychotherapy Program…,1,1
Andreas Löschel,10.2139/ssrn.3938994,Information Avoidance and Moral Behavior: Experimental Evidence from Food Choices,Information Avoidance and Moral Behavior,1,1
Andreas Mokros,10.3386/w30011,"The Long-Run Effects of Psychotherapy on Depression, Beliefs, and Economic Outcomes","The Long-Run Effects of Psychotherapy on Depression, Beliefs, and Economic…",1,1
Andreas Richter,10.3386/w31137,Biodiversity Risk,Biodiversity Risk,1,1
Andreas T. Schmidt,10.1016/j.cognition.2021.104941,Population ethical intuitions,Population ethical intuitions,1,1
Andreas de Barros,10.3386/w31208,Building Resilient Education Systems: Evidence from Large-Scale Randomized Trials in Five Countries,Building Resilient Education Systems,1,1
Andrew Balmford,10.1111/conl.13077,Banning Wildlife Trade Can Boost the Unregulated Trade of Threatened Species,Banning Wildlife Trade Can Boost the Unregulated Trade of Threatened…,1,1
Andrew Barry,10.3386/w26775,Advance Market Commitments: Insights from Theory and Experience,Advance Market Commitments,1,1
Andrew Chi-Chih Yao,10.48550/arxiv.2305.07153,Towards best practices in AGI safety and governance: A survey of expert opinion,Towards best practices in AGI safety and governance,1,1
Andrew Huey Ping Tan,10.3386/w23928,Artificial Intelligence and Economic Growth,Artificial Intelligence and Economic Growth,1,1
Andrew J. McDonald,10.1257/aeri.20230431,Money (Not) to Burn: Payments for Ecosystem Services to Reduce Crop Residue Burning,Money (Not) to Burn,1,1
Andrew Laitha,10.3386/w31354,The Benefits and Costs of Guest Worker Programs: Experimental Evidence from the India-UAE Migration Corridor,The Benefits and Costs of Guest Worker Programs,1,1
Andrew Simon,10.3386/w32093,Cash Transfers for Child Development: Experimental Evidence from India,Cash Transfers for Child Development,1,1
Andrew Urquhart,10.3386/w31137,Biodiversity Risk,Biodiversity Risk,1,1
Andrii Vitrenko,10.3386/w23928,Artificial Intelligence and Economic Growth,Artificial Intelligence and Economic Growth,1,1
André Jungmittag,10.3386/w23928,Artificial Intelligence and Economic Growth,Artificial Intelligence and Economic Growth,1,1
Andrés Felipe Suárez‐Castro,10.21203/rs.3.rs-3235955/v1,The global potential for natural regeneration in deforested tropical regions,The global potential for natural regeneration in deforested tropical regions,1,1
Andrés José Morales Pantoja,10.3386/w23928,Artificial Intelligence and Economic Growth,Artificial Intelligence and Economic Growth,1,1
Andy Gray,10.1257/pandp.20201017,Advance Market Commitments: Insights from Theory and Experience,Advance Market Commitments,1,1
Angela Duckworth,10.2139/ssrn.4154000,How Effective Is (More) Money? Randomizing Unconditional Cash Transfer Amounts in the US,How Effective Is (More) Money? Randomizing Unconditional Cash Transfer Amounts…,1,1
Angela Ofori-Atta,10.3386/w28106,The Comparative Impact of Cash Transfers and a Psychotherapy Program on Psychological and Economic Well-being,The Comparative Impact of Cash Transfers and a Psychotherapy Program…,1,1
Angelo Leogrande,10.3386/w23928,Artificial Intelligence and Economic Growth,Artificial Intelligence and Economic Growth,1,1
Angelos Theodorakopoulos,10.3386/w23928,Artificial Intelligence and Economic Growth,Artificial Intelligence and Economic Growth,1,1
Angélica M. Almeyda Zambrano,10.21203/rs.3.rs-3235955/v1,The global potential for natural regeneration in deforested tropical regions,The global potential for natural regeneration in deforested tropical regions,1,1
Anil Cacodcar,10.1257/pandp.20201017,Advance Market Commitments: Insights from Theory and Experience,Advance Market Commitments,1,1
Anirudh Sankar,10.3386/w28726,Selecting the Most Effective Nudge: Evidence from a Large-Scale Experiment on Immunization,Selecting the Most Effective Nudge,1,1
Anja Groth,10.3386/w26752,Stagnation and Scientific Incentives,Stagnation and Scientific Incentives,1,1
Anjali Kapoor,10.3386/w23928,Artificial Intelligence and Economic Growth,Artificial Intelligence and Economic Growth,1,1
Anjana Singh,10.3386/w23928,Artificial Intelligence and Economic Growth,Artificial Intelligence and Economic Growth,1,1
Anjini Kochar,10.1257/pandp.20201017,Advance Market Commitments: Insights from Theory and Experience,Advance Market Commitments,1,1
Anju Mishra,10.3386/w23928,Artificial Intelligence and Economic Growth,Artificial Intelligence and Economic Growth,1,1
Ankai Xu,10.1257/pandp.20201017,Advance Market Commitments: Insights from Theory and Experience,Advance Market Commitments,1,1
Anke Haberkamp,10.3386/w30011,"The Long-Run Effects of Psychotherapy on Depression, Beliefs, and Economic Outcomes","The Long-Run Effects of Psychotherapy on Depression, Beliefs, and Economic…",1,1
Ann H. Kelly,10.3386/w26775,Advance Market Commitments: Insights from Theory and Experience,Advance Market Commitments,1,1
Ann P. Kinzig,10.3386/w32450,The Macroeconomic Impact of Climate Change: Global vs. Local Temperature,The Macroeconomic Impact of Climate Change,1,1
Anna Cretì,10.3386/w31137,Biodiversity Risk,Biodiversity Risk,1,1
Anna Fabry,10.3386/w31354,The Benefits and Costs of Guest Worker Programs: Experimental Evidence from the India-UAE Migration Corridor,The Benefits and Costs of Guest Worker Programs,1,1
Anna Gassman‐Pines,10.2139/ssrn.4154000,How Effective Is (More) Money? Randomizing Unconditional Cash Transfer Amounts in the US,How Effective Is (More) Money? Randomizing Unconditional Cash Transfer Amounts…,1,1
Anna Reuter,10.3386/w28726,Selecting the Most Effective Nudge: Evidence from a Large-Scale Experiment on Immunization,Selecting the Most Effective Nudge,1,1
Anna Schrimpf,10.3386/w28726,Selecting the Most Effective Nudge: Evidence from a Large-Scale Experiment on Immunization,Selecting the Most Effective Nudge,1,1
Anna Tompsett,10.3386/w30835,Water Treatment And Child Mortality: A Meta-Analysis And Cost-effectiveness Analysis,Water Treatment And Child Mortality,1,1
Annan Khampeera,10.3386/w32450,The Macroeconomic Impact of Climate Change: Global vs. Local Temperature,The Macroeconomic Impact of Climate Change,1,1
Anne Bartsch,10.1093/ej/uead102,Do Celebrity Endorsements Matter? A Twitter Experiment Promoting Vaccination in Indonesia,Do Celebrity Endorsements Matter? A Twitter Experiment Promoting Vaccination in…,1,1
Anne Karing,10.3386/w28726,Selecting the Most Effective Nudge: Evidence from a Large-Scale Experiment on Immunization,Selecting the Most Effective Nudge,1,1
Anne de Saint Martin,10.3386/w23928,Artificial Intelligence and Economic Growth,Artificial Intelligence and Economic Growth,1,1
Anson Ho,10.3386/w23928,Artificial Intelligence and Economic Growth,Artificial Intelligence and Economic Growth,1,1
Anthony J. Pavlo,10.3386/w28106,The Comparative Impact of Cash Transfers and a Psychotherapy Program on Psychological and Economic Well-being,The Comparative Impact of Cash Transfers and a Psychotherapy Program…,1,1
Antoine Nebout,10.3386/w30740,"When do ""Nudges"" Increase Welfare?","When do ""Nudges"" Increase Welfare?",1,1
Antonio Gaitán Torres,10.1016/j.cognition.2021.104941,Population ethical intuitions,Population ethical intuitions,1,1
Anujit Chakraborty,10.3386/w32073,"Ends versus Means: Kantians, Utilitarians, and Moral Decisions",Ends versus Means,1,1
Anushka Patel,10.3386/w30011,"The Long-Run Effects of Psychotherapy on Depression, Beliefs, and Economic Outcomes","The Long-Run Effects of Psychotherapy on Depression, Beliefs, and Economic…",1,1
Aparna Gomes,10.3386/w26775,Advance Market Commitments: Insights from Theory and Experience,Advance Market Commitments,1,1
Aras Canipek,10.3386/w31137,Biodiversity Risk,Biodiversity Risk,1,1
Arben Asllani,10.3386/w23928,Artificial Intelligence and Economic Growth,Artificial Intelligence and Economic Growth,1,1
Areti Lagiou,10.3386/w31899,The Effect of Public Science on Corporate R&amp;D,The Effect of Public Science on Corporate R&amp;D,1,1
Areti-Dimitra Koulouvari,10.3386/w31899,The Effect of Public Science on Corporate R&amp;D,The Effect of Public Science on Corporate R&amp;D,1,1
Arezou Harraf,10.3386/w23928,Artificial Intelligence and Economic Growth,Artificial Intelligence and Economic Growth,1,1
Ariadna Angulo-Brunet,10.3386/w23928,Artificial Intelligence and Economic Growth,Artificial Intelligence and Economic Growth,1,1
Arianna Martinelli,10.3386/w23928,Artificial Intelligence and Economic Growth,Artificial Intelligence and Economic Growth,1,1
Arief Anshory Yusuf,10.3386/w23928,Artificial Intelligence and Economic Growth,Artificial Intelligence and Economic Growth,1,1
Arielle Bernhardt,10.3386/w31162,Intergenerational Child Mortality Impacts of Deworming: Experimental Evidence from Two Decades of the Kenya Life Panel Survey,Intergenerational Child Mortality Impacts of Deworming,1,1
Arjun Goyal,10.3386/w23928,Artificial Intelligence and Economic Growth,Artificial Intelligence and Economic Growth,1,1
Arkodipta Sarkar,10.1257/aer.20221215,Does the Squeaky Wheel Get More Grease? The Direct and Indirect Effects of Citizen Participation on Environmental Governance in China,Does the Squeaky Wheel Get More Grease? The Direct and…,1,1
Armin Mertens,10.3386/w23928,Artificial Intelligence and Economic Growth,Artificial Intelligence and Economic Growth,1,1
Arnab Acharya,10.1257/pandp.20201017,Advance Market Commitments: Insights from Theory and Experience,Advance Market Commitments,1,1
Arndt Reichert,10.1093/ej/uead102,Do Celebrity Endorsements Matter? A Twitter Experiment Promoting Vaccination in Indonesia,Do Celebrity Endorsements Matter? A Twitter Experiment Promoting Vaccination in…,1,1
Arregocés Leonardo,10.1257/pandp.20201017,Advance Market Commitments: Insights from Theory and Experience,Advance Market Commitments,1,1
Arthur Baker,10.3386/w26775,Advance Market Commitments: Insights from Theory and Experience,Advance Market Commitments,1,1
Arthur Moonga,10.3386/w28106,The Comparative Impact of Cash Transfers and a Psychotherapy Program on Psychological and Economic Well-being,The Comparative Impact of Cash Transfers and a Psychotherapy Program…,1,1
Arthur Romec,10.3386/w31137,Biodiversity Risk,Biodiversity Risk,1,1
Arti Singh,10.3386/w23928,Artificial Intelligence and Economic Growth,Artificial Intelligence and Economic Growth,1,1
Asbjørn Andersen,10.3386/w28106,The Comparative Impact of Cash Transfers and a Psychotherapy Program on Psychological and Economic Well-being,The Comparative Impact of Cash Transfers and a Psychotherapy Program…,1,1
Asha Sundaram,10.3386/w23928,Artificial Intelligence and Economic Growth,Artificial Intelligence and Economic Growth,1,1
Ashish Arora,10.3386/w31899,The Effect of Public Science on Corporate R&amp;D,The Effect of Public Science on Corporate R&amp;D,1,1
Ashley V. Whillans,10.3386/w28106,The Comparative Impact of Cash Transfers and a Psychotherapy Program on Psychological and Economic Well-being,The Comparative Impact of Cash Transfers and a Psychotherapy Program…,1,1
Ashwin Acharya,10.48550/arxiv.2305.07153,Towards best practices in AGI safety and governance: A survey of expert opinion,Towards best practices in AGI safety and governance,1,1
Asif Ali Laghari,10.3386/w23928,Artificial Intelligence and Economic Growth,Artificial Intelligence and Economic Growth,1,1
Asuman Ozdaglar,10.3386/w23928,Artificial Intelligence and Economic Growth,Artificial Intelligence and Economic Growth,1,1
Atheendar Venkataramani,10.3386/w28106,The Comparative Impact of Cash Transfers and a Psychotherapy Program on Psychological and Economic Well-being,The Comparative Impact of Cash Transfers and a Psychotherapy Program…,1,1
Atılım Güneş Baydin,10.48550/arxiv.2305.07153,Towards best practices in AGI safety and governance: A survey of expert opinion,Towards best practices in AGI safety and governance,1,1
Audun Langørgen,10.3386/w28726,Selecting the Most Effective Nudge: Evidence from a Large-Scale Experiment on Immunization,Selecting the Most Effective Nudge,1,1
Aurika Mundrytė,10.3386/w23928,Artificial Intelligence and Economic Growth,Artificial Intelligence and Economic Growth,1,1
Aurinta Elenskė,10.3386/w31899,The Effect of Public Science on Corporate R&amp;D,The Effect of Public Science on Corporate R&amp;D,1,1
Aurélien Baillon,10.2139/ssrn.3938994,Information Avoidance and Moral Behavior: Experimental Evidence from Food Choices,Information Avoidance and Moral Behavior,1,1
Aviv Ovadya,10.48550/arxiv.2305.07153,Towards best practices in AGI safety and governance: A survey of expert opinion,Towards best practices in AGI safety and governance,1,1
Awais Khan Jumani,10.3386/w23928,Artificial Intelligence and Economic Growth,Artificial Intelligence and Economic Growth,1,1
Ayman Abdalmajeed Alsmadi,10.3386/w28106,The Comparative Impact of Cash Transfers and a Psychotherapy Program on Psychological and Economic Well-being,The Comparative Impact of Cash Transfers and a Psychotherapy Program…,1,1
Ayoub Saei,10.1093/wbro/lkae010,The Effect of Lead Exposure on Children’s Learning in the Developing World: A Meta-Analysis,The Effect of Lead Exposure on Children’s Learning in the…,1,1
B Shrestha,10.3386/w31208,Building Resilient Education Systems: Evidence from Large-Scale Randomized Trials in Five Countries,Building Resilient Education Systems,1,1
B. Akomolafe,10.3386/w32450,The Macroeconomic Impact of Climate Change: Global vs. Local Temperature,The Macroeconomic Impact of Climate Change,1,1
B. Dhillon,10.1257/aeri.20230431,Money (Not) to Burn: Payments for Ecosystem Services to Reduce Crop Residue Burning,Money (Not) to Burn,1,1
B. Kelsey Jack,10.3386/w32728,A Welfare Analysis of Policies Impacting Climate Change,A Welfare Analysis of Policies Impacting Climate Change,1,1
B. N. Lakshmi Narayan,10.3386/w23928,Artificial Intelligence and Economic Growth,Artificial Intelligence and Economic Growth,1,1
B. N. Porfiriev,10.3386/w32450,The Macroeconomic Impact of Climate Change: Global vs. Local Temperature,The Macroeconomic Impact of Climate Change,1,1
B. S. Karky,10.3386/w31137,Biodiversity Risk,Biodiversity Risk,1,1
B. Wang,10.3386/w32450,The Macroeconomic Impact of Climate Change: Global vs. Local Temperature,The Macroeconomic Impact of Climate Change,1,1
B.V.E. Hyde,10.1016/j.cognition.2021.104941,Population ethical intuitions,Population ethical intuitions,1,1
Babatunde Adewale,10.3386/w30835,Water Treatment And Child Mortality: A Meta-Analysis And Cost-effectiveness Analysis,Water Treatment And Child Mortality,1,1
Babatunde Lawal Salako,10.3386/w30835,Water Treatment And Child Mortality: A Meta-Analysis And Cost-effectiveness Analysis,Water Treatment And Child Mortality,1,1
Bachir El Khadir,10.3386/w26752,Stagnation and Scientific Incentives,Stagnation and Scientific Incentives,1,1
Baihui Pan,10.2139/ssrn.4154000,How Effective Is (More) Money? Randomizing Unconditional Cash Transfer Amounts in the US,How Effective Is (More) Money? Randomizing Unconditional Cash Transfer Amounts…,1,1
Baizhen Zhang,10.3386/w23928,Artificial Intelligence and Economic Growth,Artificial Intelligence and Economic Growth,1,1
Balasubramani Ravindran,10.3386/w30835,Water Treatment And Child Mortality: A Meta-Analysis And Cost-effectiveness Analysis,Water Treatment And Child Mortality,1,1
Balusu Nandini,10.3386/w23928,Artificial Intelligence and Economic Growth,Artificial Intelligence and Economic Growth,1,1
Baohua Yang,10.3386/w23928,Artificial Intelligence and Economic Growth,Artificial Intelligence and Economic Growth,1,1
Barnabás Szászi,10.2139/ssrn.4154000,How Effective Is (More) Money? Randomizing Unconditional Cash Transfer Amounts in the US,How Effective Is (More) Money? Randomizing Unconditional Cash Transfer Amounts…,1,1
Bart Verspagen,10.3386/w23928,Artificial Intelligence and Economic Growth,Artificial Intelligence and Economic Growth,1,1
Bashiru Yachori,10.3386/w30835,Water Treatment And Child Mortality: A Meta-Analysis And Cost-effectiveness Analysis,Water Treatment And Child Mortality,1,1
Bassirou Karimou,10.3386/w28106,The Comparative Impact of Cash Transfers and a Psychotherapy Program on Psychological and Economic Well-being,The Comparative Impact of Cash Transfers and a Psychotherapy Program…,1,1
Bastian Schnabel,10.3386/w30835,Water Treatment And Child Mortality: A Meta-Analysis And Cost-effectiveness Analysis,Water Treatment And Child Mortality,1,1
Bastien Kolt,10.3386/w28106,The Comparative Impact of Cash Transfers and a Psychotherapy Program on Psychological and Economic Well-being,The Comparative Impact of Cash Transfers and a Psychotherapy Program…,1,1
Battista Biggio,10.48550/arxiv.2305.07153,Towards best practices in AGI safety and governance: A survey of expert opinion,Towards best practices in AGI safety and governance,1,1
Bauyrzhan Yedgenov,10.1093/ej/uead102,Do Celebrity Endorsements Matter? A Twitter Experiment Promoting Vaccination in Indonesia,Do Celebrity Endorsements Matter? A Twitter Experiment Promoting Vaccination in…,1,1
Beatriz Elena Marín Ochoa,10.3386/w23928,Artificial Intelligence and Economic Growth,Artificial Intelligence and Economic Growth,1,1
Bella Tonkonogy,10.3386/w26775,Advance Market Commitments: Insights from Theory and Experience,Advance Market Commitments,1,1
Ben Bucknall,10.48550/arxiv.2305.07153,Towards best practices in AGI safety and governance: A survey of expert opinion,Towards best practices in AGI safety and governance,1,1
Ben Garfinkel,10.48550/arxiv.2305.07153,Towards best practices in AGI safety and governance: A survey of expert opinion,Towards best practices in AGI safety and governance,1,1
Bence Pálfi,10.2139/ssrn.4154000,How Effective Is (More) Money? Randomizing Unconditional Cash Transfer Amounts in the US,How Effective Is (More) Money? Randomizing Unconditional Cash Transfer Amounts…,1,1
Benjamin Collier,10.3386/w31137,Biodiversity Risk,Biodiversity Risk,1,1
Benjamin Dennis,10.3386/w31137,Biodiversity Risk,Biodiversity Risk,1,1
Benjamin Faber,10.3386/w23929,Effects of Emigration on Rural Labor Markets,Effects of Emigration on Rural Labor Markets,1,1
Benjamin Golub,10.3386/w28726,Selecting the Most Effective Nudge: Evidence from a Large-Scale Experiment on Immunization,Selecting the Most Effective Nudge,1,1
Benjamin K. Sovacool,10.1257/pandp.20201017,Advance Market Commitments: Insights from Theory and Experience,Advance Market Commitments,1,1
Benjamin Ly Serena,10.3386/w30011,"The Long-Run Effects of Psychotherapy on Depression, Beliefs, and Economic Outcomes","The Long-Run Effects of Psychotherapy on Depression, Beliefs, and Economic…",1,1
Benjamin Lê Cook,10.2139/ssrn.4154000,How Effective Is (More) Money? Randomizing Unconditional Cash Transfer Amounts in the US,How Effective Is (More) Money? Randomizing Unconditional Cash Transfer Amounts…,1,1
Benjamin Olken,10.3386/w28726,Selecting the Most Effective Nudge: Evidence from a Large-Scale Experiment on Immunization,Selecting the Most Effective Nudge,1,1
Benjamin Wall,10.3386/w26752,Stagnation and Scientific Incentives,Stagnation and Scientific Incentives,1,1
Benny Smith,10.2139/ssrn.3938994,Information Avoidance and Moral Behavior: Experimental Evidence from Food Choices,Information Avoidance and Moral Behavior,1,1
Bernardo A. Bastien-Olvera,10.3386/w29357,The Environmental Effects of Economic Production: Evidence from Ecological Observations,The Environmental Effects of Economic Production,1,1
Bernardo Buarque,10.3386/w23928,Artificial Intelligence and Economic Growth,Artificial Intelligence and Economic Growth,1,1
Berta Martín‐López,10.21203/rs.3.rs-3235955/v1,The global potential for natural regeneration in deforested tropical regions,The global potential for natural regeneration in deforested tropical regions,1,1
Bertin Martens,10.3386/w23928,Artificial Intelligence and Economic Growth,Artificial Intelligence and Economic Growth,1,1
Bertrand Garbinti,10.3386/w23928,Artificial Intelligence and Economic Growth,Artificial Intelligence and Economic Growth,1,1
Bethany Springer,10.2139/ssrn.4154000,How Effective Is (More) Money? Randomizing Unconditional Cash Transfer Amounts in the US,How Effective Is (More) Money? Randomizing Unconditional Cash Transfer Amounts…,1,1
Beverley Nielsen,10.3386/w32450,The Macroeconomic Impact of Climate Change: Global vs. Local Temperature,The Macroeconomic Impact of Climate Change,1,1
Beáta Gavurová,10.3386/w23928,Artificial Intelligence and Economic Growth,Artificial Intelligence and Economic Growth,1,1
Bharat R. Hazari,10.3386/w23928,Artificial Intelligence and Economic Growth,Artificial Intelligence and Economic Growth,1,1
Bhattacharjee Suchiradipta,10.3386/w26752,Stagnation and Scientific Incentives,Stagnation and Scientific Incentives,1,1
Bhaven N. Sampat,10.1257/pandp.20201017,Advance Market Commitments: Insights from Theory and Experience,Advance Market Commitments,1,1
Bianca Vandresen,10.1080/21606544.2022.2138980,The animal welfare cost of meat: evidence from a survey of hypothetical scenarios among Belgian consumers,The animal welfare cost of meat,1,1
Bill Schultz,10.3386/w28726,Selecting the Most Effective Nudge: Evidence from a Large-Scale Experiment on Immunization,Selecting the Most Effective Nudge,1,1
Bin Guo,10.3386/w23928,Artificial Intelligence and Economic Growth,Artificial Intelligence and Economic Growth,1,1
Bin Sang,10.3386/w23928,Artificial Intelligence and Economic Growth,Artificial Intelligence and Economic Growth,1,1
Bing Zheng,10.3386/w23928,Artificial Intelligence and Economic Growth,Artificial Intelligence and Economic Growth,1,1
Binghan Jiang,10.3386/w31137,Biodiversity Risk,Biodiversity Risk,1,1
Bingjian Zhao,10.3386/w23928,Artificial Intelligence and Economic Growth,Artificial Intelligence and Economic Growth,1,1
Bingnan Guo,10.1257/aer.20221215,Does the Squeaky Wheel Get More Grease? The Direct and Indirect Effects of Citizen Participation on Environmental Governance in China,Does the Squeaky Wheel Get More Grease? The Direct and…,1,1
Bingqin Li,10.3386/w23928,Artificial Intelligence and Economic Growth,Artificial Intelligence and Economic Growth,1,1
Bingrui Gao,10.1257/aer.20221215,Does the Squeaky Wheel Get More Grease? The Direct and Indirect Effects of Citizen Participation on Environmental Governance in China,Does the Squeaky Wheel Get More Grease? The Direct and…,1,1
Birgit Stark,10.1093/ej/uead102,Do Celebrity Endorsements Matter? A Twitter Experiment Promoting Vaccination in Indonesia,Do Celebrity Endorsements Matter? A Twitter Experiment Promoting Vaccination in…,1,1
Bo Jellesmark Thorsen,10.3386/w31137,Biodiversity Risk,Biodiversity Risk,1,1
Bo Zhang,10.1257/aer.20221215,Does the Squeaky Wheel Get More Grease? The Direct and Indirect Effects of Citizen Participation on Environmental Governance in China,Does the Squeaky Wheel Get More Grease? The Direct and…,1,1
Bob Fischer,10.1080/21606544.2022.2138980,The animal welfare cost of meat: evidence from a survey of hypothetical scenarios among Belgian consumers,The animal welfare cost of meat,1,1
Bohua Yang,10.3386/w23928,Artificial Intelligence and Economic Growth,Artificial Intelligence and Economic Growth,1,1
Bohui Zhang,10.1257/aer.20221215,Does the Squeaky Wheel Get More Grease? The Direct and Indirect Effects of Citizen Participation on Environmental Governance in China,Does the Squeaky Wheel Get More Grease? The Direct and…,1,1
Bongani Andy Mabaso,10.3386/w23928,Artificial Intelligence and Economic Growth,Artificial Intelligence and Economic Growth,1,1
Bouchra Al Mawla,10.3386/w23928,Artificial Intelligence and Economic Growth,Artificial Intelligence and Economic Growth,1,1
Boudhir Anouar Abdelhakim,10.3386/w23928,Artificial Intelligence and Economic Growth,Artificial Intelligence and Economic Growth,1,1
Bowen Guan,10.3386/w23929,Effects of Emigration on Rural Labor Markets,Effects of Emigration on Rural Labor Markets,1,1
Brad Wong,10.3386/w31208,Building Resilient Education Systems: Evidence from Large-Scale Randomized Trials in Five Countries,Building Resilient Education Systems,1,1
Brajesh Tripathi,10.3386/w30011,"The Long-Run Effects of Psychotherapy on Depression, Beliefs, and Economic Outcomes","The Long-Run Effects of Psychotherapy on Depression, Beliefs, and Economic…",1,1
Brandon Joel Tan,10.3386/w26775,Advance Market Commitments: Insights from Theory and Experience,Advance Market Commitments,1,1
Branko Katalinić,10.3386/w23928,Artificial Intelligence and Economic Growth,Artificial Intelligence and Economic Growth,1,1
Brian Beckage,10.3386/w32450,The Macroeconomic Impact of Climate Change: Global vs. Local Temperature,The Macroeconomic Impact of Climate Change,1,1
Brian C. Albrecht,10.1257/pandp.20201017,Advance Market Commitments: Insights from Theory and Experience,Advance Market Commitments,1,1
Brian Jabarian,10.3386/w23928,Artificial Intelligence and Economic Growth,Artificial Intelligence and Economic Growth,1,1
Brian Jacob,10.2139/ssrn.4154000,How Effective Is (More) Money? Randomizing Unconditional Cash Transfer Amounts in the US,How Effective Is (More) Money? Randomizing Unconditional Cash Transfer Amounts…,1,1
Brian O’Callaghan,10.3386/w31137,Biodiversity Risk,Biodiversity Risk,1,1
Brittney Sandler,10.3386/w28726,Selecting the Most Effective Nudge: Evidence from a Large-Scale Experiment on Immunization,Selecting the Most Effective Nudge,1,1
Brooke Williams,10.21203/rs.3.rs-3235955/v1,The global potential for natural regeneration in deforested tropical regions,The global potential for natural regeneration in deforested tropical regions,1,1
Bruce P. Lanphear,10.1093/wbro/lkae010,The Effect of Lead Exposure on Children’s Learning in the Developing World: A Meta-Analysis,The Effect of Lead Exposure on Children’s Learning in the…,1,1
Bryan Le,10.3386/w23928,Artificial Intelligence and Economic Growth,Artificial Intelligence and Economic Growth,1,1
Bryan Patenaude,10.3386/w30011,"The Long-Run Effects of Psychotherapy on Depression, Beliefs, and Economic Outcomes","The Long-Run Effects of Psychotherapy on Depression, Beliefs, and Economic…",1,1
Busara Lab Busara Lab,10.3386/w28106,The Comparative Impact of Cash Transfers and a Psychotherapy Program on Psychological and Economic Well-being,The Comparative Impact of Cash Transfers and a Psychotherapy Program…,1,1
Béatrice Roussillon,10.3386/w30740,"When do ""Nudges"" Increase Welfare?","When do ""Nudges"" Increase Welfare?",1,1
C. D. West,10.3386/w28106,The Comparative Impact of Cash Transfers and a Psychotherapy Program on Psychological and Economic Well-being,The Comparative Impact of Cash Transfers and a Psychotherapy Program…,1,1
C. Felicia Lyu,10.3386/w23928,Artificial Intelligence and Economic Growth,Artificial Intelligence and Economic Growth,1,1
Canice Prendergast,10.3386/w26775,Advance Market Commitments: Insights from Theory and Experience,Advance Market Commitments,1,1
Cao Truong Son,10.3386/w30835,Water Treatment And Child Mortality: A Meta-Analysis And Cost-effectiveness Analysis,Water Treatment And Child Mortality,1,1
Carl Johan Lagerkvist,10.3386/w31137,Biodiversity Risk,Biodiversity Risk,1,1
Carl Shulman,10.1016/j.cognition.2021.104941,Population ethical intuitions,Population ethical intuitions,1,1
Carlo Drago,10.3386/w23928,Artificial Intelligence and Economic Growth,Artificial Intelligence and Economic Growth,1,1
Carlos A. Ibarra,10.3386/w23928,Artificial Intelligence and Economic Growth,Artificial Intelligence and Economic Growth,1,1
Carlos Alberto Dória,10.3386/w31208,Building Resilient Education Systems: Evidence from Large-Scale Randomized Trials in Five Countries,Building Resilient Education Systems,1,1
Carlos Fanjul Peyró,10.3386/w23928,Artificial Intelligence and Economic Growth,Artificial Intelligence and Economic Growth,1,1
Carlos Gould,10.3386/w32450,The Macroeconomic Impact of Climate Change: Global vs. Local Temperature,The Macroeconomic Impact of Climate Change,1,1
Carlos Hernández,10.3386/w26752,Stagnation and Scientific Incentives,Stagnation and Scientific Incentives,1,1
Carlos Riumalló‐Herl,10.3386/w28726,Selecting the Most Effective Nudge: Evidence from a Large-Scale Experiment on Immunization,Selecting the Most Effective Nudge,1,1
Carlos Torres,10.3386/w28726,Selecting the Most Effective Nudge: Evidence from a Large-Scale Experiment on Immunization,Selecting the Most Effective Nudge,1,1
Carly Molloy,10.3386/w28726,Selecting the Most Effective Nudge: Evidence from a Large-Scale Experiment on Immunization,Selecting the Most Effective Nudge,1,1
Caroline Delaire,10.3386/w30835,Water Treatment And Child Mortality: A Meta-Analysis And Cost-effectiveness Analysis,Water Treatment And Child Mortality,1,1
Caroline Theoharides,10.3386/w23929,Effects of Emigration on Rural Labor Markets,Effects of Emigration on Rural Labor Markets,1,1
Carolyn A. Berry,10.2139/ssrn.4154000,How Effective Is (More) Money? Randomizing Unconditional Cash Transfer Amounts in the US,How Effective Is (More) Money? Randomizing Unconditional Cash Transfer Amounts…,1,1
Carson Ezell,10.48550/arxiv.2305.07153,Towards best practices in AGI safety and governance: A survey of expert opinion,Towards best practices in AGI safety and governance,1,1
Carter Walter Bloch,10.3386/w31409,Choose Your Moments: Peer Review and Scientific Risk Taking,Choose Your Moments,1,1
Caspar Kaiser,10.3386/w28106,The Comparative Impact of Cash Transfers and a Psychotherapy Program on Psychological and Economic Well-being,The Comparative Impact of Cash Transfers and a Psychotherapy Program…,1,1
Catarina C. Jakovac,10.21203/rs.3.rs-3235955/v1,The global potential for natural regeneration in deforested tropical regions,The global potential for natural regeneration in deforested tropical regions,1,1
Catherine H. Tinsley,10.3386/w28106,The Comparative Impact of Cash Transfers and a Psychotherapy Program on Psychological and Economic Well-being,The Comparative Impact of Cash Transfers and a Psychotherapy Program…,1,1
Catherine Thomas,10.3386/w28106,The Comparative Impact of Cash Transfers and a Psychotherapy Program on Psychological and Economic Well-being,The Comparative Impact of Cash Transfers and a Psychotherapy Program…,1,1
Cecilia Castaldo,10.3386/w30740,"When do ""Nudges"" Increase Welfare?","When do ""Nudges"" Increase Welfare?",1,1
Cecilia Springer,10.1257/aer.20221215,Does the Squeaky Wheel Get More Grease? The Direct and Indirect Effects of Citizen Participation on Environmental Governance in China,Does the Squeaky Wheel Get More Grease? The Direct and…,1,1
Celestina Heepen,10.3386/w31354,The Benefits and Costs of Guest Worker Programs: Experimental Evidence from the India-UAE Migration Corridor,The Benefits and Costs of Guest Worker Programs,1,1
Celso Brunetti,10.3386/w31137,Biodiversity Risk,Biodiversity Risk,1,1
Cem Yavuz,10.1257/pandp.20201017,Advance Market Commitments: Insights from Theory and Experience,Advance Market Commitments,1,1
Cemre YILDIZ,10.3386/w23928,Artificial Intelligence and Economic Growth,Artificial Intelligence and Economic Growth,1,1
Ceren Arslan Kazan,10.3386/w23928,Artificial Intelligence and Economic Growth,Artificial Intelligence and Economic Growth,1,1
Chad M. Baum,10.1257/pandp.20201017,Advance Market Commitments: Insights from Theory and Experience,Advance Market Commitments,1,1
Chadwick Curtis,10.3386/w32450,The Macroeconomic Impact of Climate Change: Global vs. Local Temperature,The Macroeconomic Impact of Climate Change,1,1
Chaehee Shin,10.3386/w31137,Biodiversity Risk,Biodiversity Risk,1,1
Chan Seob Nam,10.3386/w28106,The Comparative Impact of Cash Transfers and a Psychotherapy Program on Psychological and Economic Well-being,The Comparative Impact of Cash Transfers and a Psychotherapy Program…,1,1
Chang Hwan Choi,10.3386/w23928,Artificial Intelligence and Economic Growth,Artificial Intelligence and Economic Growth,1,1
Changbiao Zhong,10.3386/w23928,Artificial Intelligence and Economic Growth,Artificial Intelligence and Economic Growth,1,1
Chao Fang,10.3386/w23928,Artificial Intelligence and Economic Growth,Artificial Intelligence and Economic Growth,1,1
Chao Yin,10.1257/aer.20221215,Does the Squeaky Wheel Get More Grease? The Direct and Indirect Effects of Citizen Participation on Environmental Governance in China,Does the Squeaky Wheel Get More Grease? The Direct and…,1,1
Chaolin Tian,10.48550/arxiv.2107.06476,Adaptability and the Pivot Penalty in Science,Adaptability and the Pivot Penalty in Science,1,1
Charity Troyer Moore,10.3386/w23929,Effects of Emigration on Rural Labor Markets,Effects of Emigration on Rural Labor Markets,1,1
Charles A. Emogor,10.1111/conl.13077,Banning Wildlife Trade Can Boost the Unregulated Trade of Threatened Species,Banning Wildlife Trade Can Boost the Unregulated Trade of Threatened…,1,1
Charles Efferson,10.3386/w28726,Selecting the Most Effective Nudge: Evidence from a Large-Scale Experiment on Immunization,Selecting the Most Effective Nudge,1,1
Charles Harper,10.3386/w26775,Advance Market Commitments: Insights from Theory and Experience,Advance Market Commitments,1,1
Charles T. Anderson,10.1016/j.ijdrr.2022.102798,Long term cost-effectiveness of resilient foods for global catastrophes compared to artificial general intelligence safety,Long term cost-effectiveness of resilient foods for global catastrophes compared…,1,1
Charles‐Albert Lehalle,10.3386/w23928,Artificial Intelligence and Economic Growth,Artificial Intelligence and Economic Growth,1,1
Charlie A. Davidson,10.3386/w28106,The Comparative Impact of Cash Transfers and a Psychotherapy Program on Psychological and Economic Well-being,The Comparative Impact of Cash Transfers and a Psychotherapy Program…,1,1
Charlie Giattino,10.3386/w23928,Artificial Intelligence and Economic Growth,Artificial Intelligence and Economic Growth,1,1
Charlotte H. Chang,10.1257/aer.20221215,Does the Squeaky Wheel Get More Grease? The Direct and Indirect Effects of Citizen Participation on Environmental Governance in China,Does the Squeaky Wheel Get More Grease? The Direct and…,1,1
Charlotte Stix,10.48550/arxiv.2305.07153,Towards best practices in AGI safety and governance: A survey of expert opinion,Towards best practices in AGI safety and governance,1,1
Charlotte Süring,10.3386/w31137,Biodiversity Risk,Biodiversity Risk,1,1
Chayce R. Baldwin,10.2139/ssrn.4154000,How Effective Is (More) Money? Randomizing Unconditional Cash Transfer Amounts in the US,How Effective Is (More) Money? Randomizing Unconditional Cash Transfer Amounts…,1,1
Chen Ye,10.1287/mnsc.2023.4846,The Governance of Nonprofits and Their Social Impact: Evidence from a Randomized Program in Healthcare in the Democratic Republic of Congo,The Governance of Nonprofits and Their Social Impact,1,1
Chen Zeming,10.1257/aer.20221215,Does the Squeaky Wheel Get More Grease? The Direct and Indirect Effects of Citizen Participation on Environmental Governance in China,Does the Squeaky Wheel Get More Grease? The Direct and…,1,1
Chengyan Xu,10.2139/ssrn.3938994,Information Avoidance and Moral Behavior: Experimental Evidence from Food Choices,Information Avoidance and Moral Behavior,1,1
Chengying He,10.3386/w23928,Artificial Intelligence and Economic Growth,Artificial Intelligence and Economic Growth,1,1
Chengzhang Wang,10.3386/w23928,Artificial Intelligence and Economic Growth,Artificial Intelligence and Economic Growth,1,1
Chenhui Ding,10.3386/w23928,Artificial Intelligence and Economic Growth,Artificial Intelligence and Economic Growth,1,1
Chenxiao Wang,10.3386/w23928,Artificial Intelligence and Economic Growth,Artificial Intelligence and Economic Growth,1,1
Chenyu Li,10.3386/w31137,Biodiversity Risk,Biodiversity Risk,1,1
Chiara Criscuolo,10.3386/w23928,Artificial Intelligence and Economic Growth,Artificial Intelligence and Economic Growth,1,1
Chia‐Hui Lu,10.3386/w23928,Artificial Intelligence and Economic Growth,Artificial Intelligence and Economic Growth,1,1
Chie Hanaoka,10.1257/aeri.20210612,Cognitive Behavioral Therapy among Ghana's Rural Poor Is Effective Regardless of Baseline Mental Distress,Cognitive Behavioral Therapy among Ghana's Rural Poor Is Effective Regardless…,1,1
Chin-Leei Cham,10.3386/w23928,Artificial Intelligence and Economic Growth,Artificial Intelligence and Economic Growth,1,1
Chisangu Matome,10.3386/w28106,The Comparative Impact of Cash Transfers and a Psychotherapy Program on Psychological and Economic Well-being,The Comparative Impact of Cash Transfers and a Psychotherapy Program…,1,1
Chong Zhuo,10.1257/aer.20221215,Does the Squeaky Wheel Get More Grease? The Direct and Indirect Effects of Citizen Participation on Environmental Governance in China,Does the Squeaky Wheel Get More Grease? The Direct and…,1,1
Choo‐Yee Ting,10.3386/w23928,Artificial Intelligence and Economic Growth,Artificial Intelligence and Economic Growth,1,1
Chris Emmanuel Tchatchouang Wanko,10.3386/w23928,Artificial Intelligence and Economic Growth,Artificial Intelligence and Economic Growth,1,1
Chris R. Shepherd,10.1111/conl.13077,Banning Wildlife Trade Can Boost the Unregulated Trade of Threatened Species,Banning Wildlife Trade Can Boost the Unregulated Trade of Threatened…,1,1
Chris Snyder,10.3386/w26775,Advance Market Commitments: Insights from Theory and Experience,Advance Market Commitments,1,1
Chrispus Mayora,10.3386/w26775,Advance Market Commitments: Insights from Theory and Experience,Advance Market Commitments,1,1
Christian J. Merz,10.3386/w30011,"The Long-Run Effects of Psychotherapy on Depression, Beliefs, and Economic Outcomes","The Long-Run Effects of Psychotherapy on Depression, Beliefs, and Economic…",1,1
Christian Leuz,10.1257/aer.20221215,Does the Squeaky Wheel Get More Grease? The Direct and Indirect Effects of Citizen Participation on Environmental Governance in China,Does the Squeaky Wheel Get More Grease? The Direct and…,1,1
Christian M. Dahl,10.3386/w31162,Intergenerational Child Mortality Impacts of Deworming: Experimental Evidence from Two Decades of the Kenya Life Panel Survey,Intergenerational Child Mortality Impacts of Deworming,1,1
Christian Montag,10.3386/w23928,Artificial Intelligence and Economic Growth,Artificial Intelligence and Economic Growth,1,1
Christian Pentzold,10.1093/ej/uead102,Do Celebrity Endorsements Matter? A Twitter Experiment Promoting Vaccination in Indonesia,Do Celebrity Endorsements Matter? A Twitter Experiment Promoting Vaccination in…,1,1
Christian Schemer,10.1093/ej/uead102,Do Celebrity Endorsements Matter? A Twitter Experiment Promoting Vaccination in Indonesia,Do Celebrity Endorsements Matter? A Twitter Experiment Promoting Vaccination in…,1,1
Christian Schmid,10.3386/w28106,The Comparative Impact of Cash Transfers and a Psychotherapy Program on Psychological and Economic Well-being,The Comparative Impact of Cash Transfers and a Psychotherapy Program…,1,1
Christina Gravert,10.3386/w30740,"When do ""Nudges"" Increase Welfare?","When do ""Nudges"" Increase Welfare?",1,1
Christina Hartmann,10.2139/ssrn.3938994,Information Avoidance and Moral Behavior: Experimental Evidence from Food Choices,Information Avoidance and Moral Behavior,1,1
Christina Strauss,10.3386/w23928,Artificial Intelligence and Economic Growth,Artificial Intelligence and Economic Growth,1,1
Christina Then-Bergh,10.3386/w23928,Artificial Intelligence and Economic Growth,Artificial Intelligence and Economic Growth,1,1
Christoph Feldhaus,10.2139/ssrn.3938994,Information Avoidance and Moral Behavior: Experimental Evidence from Food Choices,Information Avoidance and Moral Behavior,1,1
Christoph Nedopil,10.1257/aer.20221215,Does the Squeaky Wheel Get More Grease? The Direct and Indirect Effects of Citizen Participation on Environmental Governance in China,Does the Squeaky Wheel Get More Grease? The Direct and…,1,1
Christoph Neuberger,10.1093/ej/uead102,Do Celebrity Endorsements Matter? A Twitter Experiment Promoting Vaccination in Indonesia,Do Celebrity Endorsements Matter? A Twitter Experiment Promoting Vaccination in…,1,1
Christoph Winter,10.48550/arxiv.2305.07153,Towards best practices in AGI safety and governance: A survey of expert opinion,Towards best practices in AGI safety and governance,1,1
Christopher A. Hartwell,10.3386/w23928,Artificial Intelligence and Economic Growth,Artificial Intelligence and Economic Growth,1,1
Christopher Avery,10.1257/pandp.20201017,Advance Market Commitments: Insights from Theory and Experience,Advance Market Commitments,1,1
Christopher Dye,10.3386/w28726,Selecting the Most Effective Nudge: Evidence from a Large-Scale Experiment on Immunization,Selecting the Most Effective Nudge,1,1
Christopher Gan,10.3386/w23928,Artificial Intelligence and Economic Growth,Artificial Intelligence and Economic Growth,1,1
Christopher Roth,10.3386/w30011,"The Long-Run Effects of Psychotherapy on Depression, Beliefs, and Economic Outcomes","The Long-Run Effects of Psychotherapy on Depression, Beliefs, and Economic…",1,1
Christopher Yan-Chak Chan,10.1016/j.ijdrr.2022.102798,Long term cost-effectiveness of resilient foods for global catastrophes compared to artificial general intelligence safety,Long term cost-effectiveness of resilient foods for global catastrophes compared…,1,1
Christos Batsis,10.2139/ssrn.4154000,How Effective Is (More) Money? Randomizing Unconditional Cash Transfer Amounts in the US,How Effective Is (More) Money? Randomizing Unconditional Cash Transfer Amounts…,1,1
Chuanhao Wen,10.3386/w23928,Artificial Intelligence and Economic Growth,Artificial Intelligence and Economic Growth,1,1
Chuanjie Wang,10.3386/w31137,Biodiversity Risk,Biodiversity Risk,1,1
Chuanwang Sun,10.1257/aer.20221215,Does the Squeaky Wheel Get More Grease? The Direct and Indirect Effects of Citizen Participation on Environmental Governance in China,Does the Squeaky Wheel Get More Grease? The Direct and…,1,1
Chuntian Lu,10.1257/aer.20221215,Does the Squeaky Wheel Get More Grease? The Direct and Indirect Effects of Citizen Participation on Environmental Governance in China,Does the Squeaky Wheel Get More Grease? The Direct and…,1,1
Chunyuan Zhang,10.3386/w23928,Artificial Intelligence and Economic Growth,Artificial Intelligence and Economic Growth,1,1
Chunzhi Li,10.3386/w23929,Effects of Emigration on Rural Labor Markets,Effects of Emigration on Rural Labor Markets,1,1
Cihan Uzmanoglu,10.3386/w31137,Biodiversity Risk,Biodiversity Risk,1,1
Claire Mackevicius,10.3386/w23929,Effects of Emigration on Rural Labor Markets,Effects of Emigration on Rural Labor Markets,1,1
Claudette Salinas,10.48550/arxiv.2305.07153,Towards best practices in AGI safety and governance: A survey of expert opinion,Towards best practices in AGI safety and governance,1,1
Claudia Liceth Fajardo Hoyos,10.3386/w23928,Artificial Intelligence and Economic Growth,Artificial Intelligence and Economic Growth,1,1
Claudio Guillermo Rosell Arce,10.3386/w23928,Artificial Intelligence and Economic Growth,Artificial Intelligence and Economic Growth,1,1
Claudio Rizzi,10.3386/w31137,Biodiversity Risk,Biodiversity Risk,1,1
Clemens Breisinger,10.3386/w28726,Selecting the Most Effective Nudge: Evidence from a Large-Scale Experiment on Immunization,Selecting the Most Effective Nudge,1,1
Clevo Wilson,10.1111/conl.13077,Banning Wildlife Trade Can Boost the Unregulated Trade of Threatened Species,Banning Wildlife Trade Can Boost the Unregulated Trade of Threatened…,1,1
Clíodhna Ní Ghuidhir,10.48550/arxiv.2305.07153,Towards best practices in AGI safety and governance: A survey of expert opinion,Towards best practices in AGI safety and governance,1,1
Cole Hooley,10.3386/w28726,Selecting the Most Effective Nudge: Evidence from a Large-Scale Experiment on Immunization,Selecting the Most Effective Nudge,1,1
Colin Vance,10.3386/w32728,A Welfare Analysis of Policies Impacting Climate Change,A Welfare Analysis of Policies Impacting Climate Change,1,1
Congming Ding,10.1257/aer.20221215,Does the Squeaky Wheel Get More Grease? The Direct and Indirect Effects of Citizen Participation on Environmental Governance in China,Does the Squeaky Wheel Get More Grease? The Direct and…,1,1
Connie Susilawati,10.1111/conl.13077,Banning Wildlife Trade Can Boost the Unregulated Trade of Threatened Species,Banning Wildlife Trade Can Boost the Unregulated Trade of Threatened…,1,1
Constantin Arnscheidt,10.1016/j.ijdrr.2022.102798,Long term cost-effectiveness of resilient foods for global catastrophes compared to artificial general intelligence safety,Long term cost-effectiveness of resilient foods for global catastrophes compared…,1,1
Constantin Grywatz,10.1257/pandp.20201017,Advance Market Commitments: Insights from Theory and Experience,Advance Market Commitments,1,1
Constantin W. Arnscheidt,10.1016/j.ijdrr.2022.102798,Long term cost-effectiveness of resilient foods for global catastrophes compared to artificial general intelligence safety,Long term cost-effectiveness of resilient foods for global catastrophes compared…,1,1
Constantina Skanavis,10.3386/w31899,The Effect of Public Science on Corporate R&amp;D,The Effect of Public Science on Corporate R&amp;D,1,1
Corinthias P. M. Sianipar,10.3386/w23929,Effects of Emigration on Rural Labor Markets,Effects of Emigration on Rural Labor Markets,1,1
Cornelia Niessen,10.3386/w30011,"The Long-Run Effects of Psychotherapy on Depression, Beliefs, and Economic Outcomes","The Long-Run Effects of Psychotherapy on Depression, Beliefs, and Economic…",1,1
Cristian A. Cruz-Rodríguez,10.21203/rs.3.rs-3235955/v1,The global potential for natural regeneration in deforested tropical regions,The global potential for natural regeneration in deforested tropical regions,1,1
Cristian Larroulet Philippi,10.3386/w28106,The Comparative Impact of Cash Transfers and a Psychotherapy Program on Psychological and Economic Well-being,The Comparative Impact of Cash Transfers and a Psychotherapy Program…,1,1
Cristina Cornelio,10.3386/w26752,Stagnation and Scientific Incentives,Stagnation and Scientific Incentives,1,1
Cuihong Long,10.3386/w23929,Effects of Emigration on Rural Labor Markets,Effects of Emigration on Rural Labor Markets,1,1
Cuong Nguyen Thanh,10.3386/w23928,Artificial Intelligence and Economic Growth,Artificial Intelligence and Economic Growth,1,1
Cyrille Schwellnus,10.3386/w23928,Artificial Intelligence and Economic Growth,Artificial Intelligence and Economic Growth,1,1
Cátia Batista,10.3386/w28726,Selecting the Most Effective Nudge: Evidence from a Large-Scale Experiment on Immunization,Selecting the Most Effective Nudge,1,1
Céline Antonin,10.3386/w23928,Artificial Intelligence and Economic Growth,Artificial Intelligence and Economic Growth,1,1
D Fetters Michael,10.3386/w31208,Building Resilient Education Systems: Evidence from Large-Scale Randomized Trials in Five Countries,Building Resilient Education Systems,1,1
Da Zhang,10.1257/aer.20221215,Does the Squeaky Wheel Get More Grease? The Direct and Indirect Effects of Citizen Participation on Environmental Governance in China,Does the Squeaky Wheel Get More Grease? The Direct and…,1,1
Daixin He,10.3386/w28726,Selecting the Most Effective Nudge: Evidence from a Large-Scale Experiment on Immunization,Selecting the Most Effective Nudge,1,1
Damien Besancenot,10.3386/w26752,Stagnation and Scientific Incentives,Stagnation and Scientific Incentives,1,1
Damilola S. Olawuyi,10.3386/w31137,Biodiversity Risk,Biodiversity Risk,1,1
Dan Braun,10.48550/arxiv.2305.07153,Towards best practices in AGI safety and governance: A survey of expert opinion,Towards best practices in AGI safety and governance,1,1
Dan Salmon,10.3386/w26775,Advance Market Commitments: Insights from Theory and Experience,Advance Market Commitments,1,1
Dana Miller‐Cotto,10.2139/ssrn.4154000,How Effective Is (More) Money? Randomizing Unconditional Cash Transfer Amounts in the US,How Effective Is (More) Money? Randomizing Unconditional Cash Transfer Amounts…,1,1
Dana Suskind,10.3386/w23929,Effects of Emigration on Rural Labor Markets,Effects of Emigration on Rural Labor Markets,1,1
Daniel Brisson,10.3386/w28106,The Comparative Impact of Cash Transfers and a Psychotherapy Program on Psychological and Economic Well-being,The Comparative Impact of Cash Transfers and a Psychotherapy Program…,1,1
Daniel C. Esty,10.3386/w26775,Advance Market Commitments: Insights from Theory and Experience,Advance Market Commitments,1,1
Daniel Cohen,10.3386/w23928,Artificial Intelligence and Economic Growth,Artificial Intelligence and Economic Growth,1,1
Daniel Darbyshire,10.2139/ssrn.4154000,How Effective Is (More) Money? Randomizing Unconditional Cash Transfer Amounts in the US,How Effective Is (More) Money? Randomizing Unconditional Cash Transfer Amounts…,1,1
Daniel Ershov,10.1093/ej/uead102,Do Celebrity Endorsements Matter? A Twitter Experiment Promoting Vaccination in Indonesia,Do Celebrity Endorsements Matter? A Twitter Experiment Promoting Vaccination in…,1,1
Daniel Garcia-Macia,10.3386/w32450,The Macroeconomic Impact of Climate Change: Global vs. Local Temperature,The Macroeconomic Impact of Climate Change,1,1
Daniel Graeber,10.3386/w28106,The Comparative Impact of Cash Transfers and a Psychotherapy Program on Psychological and Economic Well-being,The Comparative Impact of Cash Transfers and a Psychotherapy Program…,1,1
Daniel J. Ingram,10.1111/conl.13077,Banning Wildlife Trade Can Boost the Unregulated Trade of Threatened Species,Banning Wildlife Trade Can Boost the Unregulated Trade of Threatened…,1,1
Daniel Kahneman,10.48550/arxiv.2305.07153,Towards best practices in AGI safety and governance: A survey of expert opinion,Towards best practices in AGI safety and governance,1,1
Daniel Kwaah,10.3386/w30835,Water Treatment And Child Mortality: A Meta-Analysis And Cost-effectiveness Analysis,Water Treatment And Child Mortality,1,1
Daniel Llerena,10.3386/w30740,"When do ""Nudges"" Increase Welfare?","When do ""Nudges"" Increase Welfare?",1,1
Daniel P. Gross,10.1257/pandp.20201017,Advance Market Commitments: Insights from Theory and Experience,Advance Market Commitments,1,1
Daniel R. Richards,10.3386/w31554,Urban Forests: Environmental Health Values and Risks,Urban Forests,1,1
Daniel Schäffer,10.3386/w23929,Effects of Emigration on Rural Labor Markets,Effects of Emigration on Rural Labor Markets,1,1
Daniel W. Phillips,10.1257/pandp.20201017,Advance Market Commitments: Insights from Theory and Experience,Advance Market Commitments,1,1
Daniela Fazio,10.2139/ssrn.4154000,How Effective Is (More) Money? Randomizing Unconditional Cash Transfer Amounts in the US,How Effective Is (More) Money? Randomizing Unconditional Cash Transfer Amounts…,1,1
Daniela Pennetta,10.3386/w31137,Biodiversity Risk,Biodiversity Risk,1,1
Danny Cassimon,10.1257/pandp.20201017,Advance Market Commitments: Insights from Theory and Experience,Advance Market Commitments,1,1
Danxia Xie,10.3386/w23928,Artificial Intelligence and Economic Growth,Artificial Intelligence and Economic Growth,1,1
Daojun Li,10.3386/w23928,Artificial Intelligence and Economic Growth,Artificial Intelligence and Economic Growth,1,1
Daqian Shi,10.1257/aer.20221215,Does the Squeaky Wheel Get More Grease? The Direct and Indirect Effects of Citizen Participation on Environmental Governance in China,Does the Squeaky Wheel Get More Grease? The Direct and…,1,1
Dave Donaldson,10.3386/w23929,Effects of Emigration on Rural Labor Markets,Effects of Emigration on Rural Labor Markets,1,1
Dave Nellesen,10.3386/w26775,Advance Market Commitments: Insights from Theory and Experience,Advance Market Commitments,1,1
David B. Audretsch,10.3386/w23928,Artificial Intelligence and Economic Growth,Artificial Intelligence and Economic Growth,1,1
David C. Phillips,10.2139/ssrn.4154000,How Effective Is (More) Money? Randomizing Unconditional Cash Transfer Amounts in the US,How Effective Is (More) Money? Randomizing Unconditional Cash Transfer Amounts…,1,1
David Casagrande,10.3386/w32450,The Macroeconomic Impact of Climate Change: Global vs. Local Temperature,The Macroeconomic Impact of Climate Change,1,1
David Chipanta,10.3386/w28106,The Comparative Impact of Cash Transfers and a Psychotherapy Program on Psychological and Economic Well-being,The Comparative Impact of Cash Transfers and a Psychotherapy Program…,1,1
David Doloreux,10.3386/w23928,Artificial Intelligence and Economic Growth,Artificial Intelligence and Economic Growth,1,1
David Gonzalez-Jimenez,10.2139/ssrn.3938994,Information Avoidance and Moral Behavior: Experimental Evidence from Food Choices,Information Avoidance and Moral Behavior,1,1
David Hume,10.3386/w30740,"When do ""Nudges"" Increase Welfare?","When do ""Nudges"" Increase Welfare?",1,1
David J. Abson,10.21203/rs.3.rs-3235955/v1,The global potential for natural regeneration in deforested tropical regions,The global potential for natural regeneration in deforested tropical regions,1,1
David J. Kupfer,10.3386/w23928,Artificial Intelligence and Economic Growth,Artificial Intelligence and Economic Growth,1,1
David K. Evans,10.1257/pandp.20201017,Advance Market Commitments: Insights from Theory and Experience,Advance Market Commitments,1,1
David Krueger,10.48550/arxiv.2305.07153,Towards best practices in AGI safety and governance: A survey of expert opinion,Towards best practices in AGI safety and governance,1,1
David Kwon,10.3386/w26752,Stagnation and Scientific Incentives,Stagnation and Scientific Incentives,1,1
David McAdams,10.1257/pandp.20201017,Advance Market Commitments: Insights from Theory and Experience,Advance Market Commitments,1,1
David McKenzie,10.3386/w23929,Effects of Emigration on Rural Labor Markets,Effects of Emigration on Rural Labor Markets,1,1
David Mhlanga,10.3386/w23928,Artificial Intelligence and Economic Growth,Artificial Intelligence and Economic Growth,1,1
David Piachaud,10.3386/w23928,Artificial Intelligence and Economic Growth,Artificial Intelligence and Economic Growth,1,1
David Proudman,10.3386/w26775,Advance Market Commitments: Insights from Theory and Experience,Advance Market Commitments,1,1
David Rhys Bernard,10.3386/w28106,The Comparative Impact of Cash Transfers and a Psychotherapy Program on Psychological and Economic Well-being,The Comparative Impact of Cash Transfers and a Psychotherapy Program…,1,1
Davide Cantoni,10.3386/w33018,Misperceptions and Demand for Democracy under Authoritarianism,Misperceptions and Demand for Democracy under Authoritarianism,1,1
Davide D. Pace,10.2139/ssrn.3938994,Information Avoidance and Moral Behavior: Experimental Evidence from Food Choices,Information Avoidance and Moral Behavior,1,1
Dawn Song,10.48550/arxiv.2305.07153,Towards best practices in AGI safety and governance: A survey of expert opinion,Towards best practices in AGI safety and governance,1,1
Dean Yang,10.3386/w23929,Effects of Emigration on Rural Labor Markets,Effects of Emigration on Rural Labor Markets,1,1
Debapriya Mondal,10.1093/wbro/lkae010,The Effect of Lead Exposure on Children’s Learning in the Developing World: A Meta-Analysis,The Effect of Lead Exposure on Children’s Learning in the…,1,1
Debasish Sur,10.3386/w23928,Artificial Intelligence and Economic Growth,Artificial Intelligence and Economic Growth,1,1
Decheng Fan,10.3386/w23928,Artificial Intelligence and Economic Growth,Artificial Intelligence and Economic Growth,1,1
Demetris Vrontis,10.3386/w23928,Artificial Intelligence and Economic Growth,Artificial Intelligence and Economic Growth,1,1
Denisse Piérola,10.2139/ssrn.4154000,How Effective Is (More) Money? Randomizing Unconditional Cash Transfer Amounts in the US,How Effective Is (More) Money? Randomizing Unconditional Cash Transfer Amounts…,1,1
Dennis Wesselbaum,10.3386/w23928,Artificial Intelligence and Economic Growth,Artificial Intelligence and Economic Growth,1,1
Deqiu Chen,10.1257/aer.20221215,Does the Squeaky Wheel Get More Grease? The Direct and Indirect Effects of Citizen Participation on Environmental Governance in China,Does the Squeaky Wheel Get More Grease? The Direct and…,1,1
Dequn Teng,10.1287/mnsc.2023.4846,The Governance of Nonprofits and Their Social Impact: Evidence from a Randomized Program in Healthcare in the Democratic Republic of Congo,The Governance of Nonprofits and Their Social Impact,1,1
Derrick Silove,10.3386/w28106,The Comparative Impact of Cash Transfers and a Psychotherapy Program on Psychological and Economic Well-being,The Comparative Impact of Cash Transfers and a Psychotherapy Program…,1,1
Desheng Wu,10.1257/aer.20221215,Does the Squeaky Wheel Get More Grease? The Direct and Indirect Effects of Citizen Participation on Environmental Governance in China,Does the Squeaky Wheel Get More Grease? The Direct and…,1,1
Desmond McNeill,10.1257/pandp.20201017,Advance Market Commitments: Insights from Theory and Experience,Advance Market Commitments,1,1
Dev Patel,10.3386/w28726,Selecting the Most Effective Nudge: Evidence from a Large-Scale Experiment on Immunization,Selecting the Most Effective Nudge,1,1
Devesh Singh,10.3386/w23928,Artificial Intelligence and Economic Growth,Artificial Intelligence and Economic Growth,1,1
Diala Hajal,10.3386/w31208,Building Resilient Education Systems: Evidence from Large-Scale Randomized Trials in Five Countries,Building Resilient Education Systems,1,1
Dianna Amasino,10.2139/ssrn.3938994,Information Avoidance and Moral Behavior: Experimental Evidence from Food Choices,Information Avoidance and Moral Behavior,1,1
Didier Blanchet,10.3386/w23928,Artificial Intelligence and Economic Growth,Artificial Intelligence and Economic Growth,1,1
Didier Lebert,10.3386/w28726,Selecting the Most Effective Nudge: Evidence from a Large-Scale Experiment on Immunization,Selecting the Most Effective Nudge,1,1
Diego Bastos,10.21203/rs.3.rs-3235955/v1,The global potential for natural regeneration in deforested tropical regions,The global potential for natural regeneration in deforested tropical regions,1,1
Diego R. Känzig,10.3386/w32450,The Macroeconomic Impact of Climate Change: Global vs. Local Temperature,The Macroeconomic Impact of Climate Change,1,1
Dieter F. Kogler,10.3386/w23928,Artificial Intelligence and Economic Growth,Artificial Intelligence and Economic Growth,1,1
Dimitrios Kourouklis,10.1257/pandp.20201017,Advance Market Commitments: Insights from Theory and Experience,Advance Market Commitments,1,1
Dimitrios P. Tsomocos,10.3386/w26752,Stagnation and Scientific Incentives,Stagnation and Scientific Incentives,1,1
Dimitrios Xefteris,10.1093/ej/uead102,Do Celebrity Endorsements Matter? A Twitter Experiment Promoting Vaccination in Indonesia,Do Celebrity Endorsements Matter? A Twitter Experiment Promoting Vaccination in…,1,1
Dirk Gerritsen,10.3386/w31137,Biodiversity Risk,Biodiversity Risk,1,1
Divya Mudappa,10.21203/rs.3.rs-3235955/v1,The global potential for natural regeneration in deforested tropical regions,The global potential for natural regeneration in deforested tropical regions,1,1
Divya Solomon,10.1257/aeri.20230431,Money (Not) to Burn: Payments for Ecosystem Services to Reduce Crop Residue Burning,Money (Not) to Burn,1,1
Diyi Yang,10.3386/w23928,Artificial Intelligence and Economic Growth,Artificial Intelligence and Economic Growth,1,1
Dmitri Kofanov,10.2139/ssrn.4154000,How Effective Is (More) Money? Randomizing Unconditional Cash Transfer Amounts in the US,How Effective Is (More) Money? Randomizing Unconditional Cash Transfer Amounts…,1,1
Dmitry Namiot,10.48550/arxiv.2305.07153,Towards best practices in AGI safety and governance: A survey of expert opinion,Towards best practices in AGI safety and governance,1,1
Dominic Chalmers,10.3386/w23928,Artificial Intelligence and Economic Growth,Artificial Intelligence and Economic Growth,1,1
Dominic S. Ogu,10.1111/conl.13077,Banning Wildlife Trade Can Boost the Unregulated Trade of Threatened Species,Banning Wildlife Trade Can Boost the Unregulated Trade of Threatened…,1,1
Dominik Hangartner,10.1257/aeri.20210612,Cognitive Behavioral Therapy among Ghana's Rural Poor Is Effective Regardless of Baseline Mental Distress,Cognitive Behavioral Therapy among Ghana's Rural Poor Is Effective Regardless…,1,1
Dominique Goux,10.3386/w23928,Artificial Intelligence and Economic Growth,Artificial Intelligence and Economic Growth,1,1
Donald P. Morgan,10.3386/w31137,Biodiversity Risk,Biodiversity Risk,1,1
Douglas Glandon,10.1257/pandp.20201017,Advance Market Commitments: Insights from Theory and Experience,Advance Market Commitments,1,1
Dovilė Ruplienė,10.3386/w23928,Artificial Intelligence and Economic Growth,Artificial Intelligence and Economic Growth,1,1
Drew H. Bailey,10.2139/ssrn.4154000,How Effective Is (More) Money? Randomizing Unconditional Cash Transfer Amounts in the US,How Effective Is (More) Money? Randomizing Unconditional Cash Transfer Amounts…,1,1
Drupad Nair,10.3386/w28106,The Comparative Impact of Cash Transfers and a Psychotherapy Program on Psychological and Economic Well-being,The Comparative Impact of Cash Transfers and a Psychotherapy Program…,1,1
Duan Biggs,10.1111/conl.13077,Banning Wildlife Trade Can Boost the Unregulated Trade of Threatened Species,Banning Wildlife Trade Can Boost the Unregulated Trade of Threatened…,1,1
Duc Dung Le,10.3386/w31162,Intergenerational Child Mortality Impacts of Deworming: Experimental Evidence from Two Decades of the Kenya Life Panel Survey,Intergenerational Child Mortality Impacts of Deworming,1,1
Duncan A.Q. Moore,10.3386/w31409,Choose Your Moments: Peer Review and Scientific Risk Taking,Choose Your Moments,1,1
Dunigan Parker Folk,10.3386/w28106,The Comparative Impact of Cash Transfers and a Psychotherapy Program on Psychological and Economic Well-being,The Comparative Impact of Cash Transfers and a Psychotherapy Program…,1,1
Duo Xu,10.3386/w23928,Artificial Intelligence and Economic Growth,Artificial Intelligence and Economic Growth,1,1
Durgadas Menon,10.1257/pandp.20201017,Advance Market Commitments: Insights from Theory and Experience,Advance Market Commitments,1,1
Dylan Hogan,10.3386/w32450,The Macroeconomic Impact of Climate Change: Global vs. Local Temperature,The Macroeconomic Impact of Climate Change,1,1
E. A. Lazeeva,10.3386/w32450,The Macroeconomic Impact of Climate Change: Global vs. Local Temperature,The Macroeconomic Impact of Climate Change,1,1
E. Richard Gold,10.3386/w26752,Stagnation and Scientific Incentives,Stagnation and Scientific Incentives,1,1
Ea Høg Utoft,10.3386/w31409,Choose Your Moments: Peer Review and Scientific Risk Taking,Choose Your Moments,1,1
Eben N. Broadbent,10.21203/rs.3.rs-3235955/v1,The global potential for natural regeneration in deforested tropical regions,The global potential for natural regeneration in deforested tropical regions,1,1
Ed Noyons,10.3386/w26752,Stagnation and Scientific Incentives,Stagnation and Scientific Incentives,1,1
Edmund W. Cheng,10.1257/aer.20221215,Does the Squeaky Wheel Get More Grease? The Direct and Indirect Effects of Citizen Participation on Environmental Governance in China,Does the Squeaky Wheel Get More Grease? The Direct and…,1,1
Edward Glaeser,10.3386/w23929,Effects of Emigration on Rural Labor Markets,Effects of Emigration on Rural Labor Markets,1,1
Edward H. Soule,10.3386/w28106,The Comparative Impact of Cash Transfers and a Psychotherapy Program on Psychological and Economic Well-being,The Comparative Impact of Cash Transfers and a Psychotherapy Program…,1,1
Edward Kong,10.1257/pandp.20201017,Advance Market Commitments: Insights from Theory and Experience,Advance Market Commitments,1,1
Egon Tripodi,10.3386/w30011,"The Long-Run Effects of Psychotherapy on Depression, Beliefs, and Economic Outcomes","The Long-Run Effects of Psychotherapy on Depression, Beliefs, and Economic…",1,1
Ehsan Azarmsa,10.3386/w31137,Biodiversity Risk,Biodiversity Risk,1,1
Ehsan Valavi,10.3386/w23928,Artificial Intelligence and Economic Growth,Artificial Intelligence and Economic Growth,1,1
Eirini Trachanatzi,10.2139/ssrn.4154000,How Effective Is (More) Money? Randomizing Unconditional Cash Transfer Amounts in the US,How Effective Is (More) Money? Randomizing Unconditional Cash Transfer Amounts…,1,1
Ekaterina A. Shlapeko,10.3386/w32450,The Macroeconomic Impact of Climate Change: Global vs. Local Temperature,The Macroeconomic Impact of Climate Change,1,1
Ekaterina Khmelnitskaya,10.1257/pandp.20201017,Advance Market Commitments: Insights from Theory and Experience,Advance Market Commitments,1,1
Ekaterina Levitskaya,10.3386/w26752,Stagnation and Scientific Incentives,Stagnation and Scientific Incentives,1,1
Ekaterine Ruadze,10.1093/wbro/lkae010,The Effect of Lead Exposure on Children’s Learning in the Developing World: A Meta-Analysis,The Effect of Lead Exposure on Children’s Learning in the…,1,1
Eleftherios Andreadis,10.3386/w23928,Artificial Intelligence and Economic Growth,Artificial Intelligence and Economic Growth,1,1
Elena Grinza,10.3386/w23928,Artificial Intelligence and Economic Growth,Artificial Intelligence and Economic Growth,1,1
Elena V. Lukashina,10.3386/w23928,Artificial Intelligence and Economic Growth,Artificial Intelligence and Economic Growth,1,1
Eleni Tasika,10.2139/ssrn.4154000,How Effective Is (More) Money? Randomizing Unconditional Cash Transfer Amounts in the US,How Effective Is (More) Money? Randomizing Unconditional Cash Transfer Amounts…,1,1
Elham Einafshar,10.1093/wbro/lkae010,The Effect of Lead Exposure on Children’s Learning in the Developing World: A Meta-Analysis,The Effect of Lead Exposure on Children’s Learning in the…,1,1
Elia Apostolopoulou,10.3386/w32450,The Macroeconomic Impact of Climate Change: Global vs. Local Temperature,The Macroeconomic Impact of Climate Change,1,1
Elira Hoxha,10.3386/w23928,Artificial Intelligence and Economic Growth,Artificial Intelligence and Economic Growth,1,1
Elisa F Long,10.1257/pandp.20201017,Advance Market Commitments: Insights from Theory and Experience,Advance Market Commitments,1,1
Elisabeth Gsottbauer,10.3386/w30740,"When do ""Nudges"" Increase Welfare?","When do ""Nudges"" Increase Welfare?",1,1
Elisabeth Kempf,10.3386/w32073,"Ends versus Means: Kantians, Utilitarians, and Moral Decisions",Ends versus Means,1,1
Elisabetta Aurino,10.3386/w31208,Building Resilient Education Systems: Evidence from Large-Scale Randomized Trials in Five Countries,Building Resilient Education Systems,1,1
Elizabeth Losos,10.1257/pandp.20201017,Advance Market Commitments: Insights from Theory and Experience,Advance Market Commitments,1,1
Elizabeth Rhodes,10.2139/ssrn.4154000,How Effective Is (More) Money? Randomizing Unconditional Cash Transfer Amounts in the US,How Effective Is (More) Money? Randomizing Unconditional Cash Transfer Amounts…,1,1
Elizabeth Seger,10.48550/arxiv.2305.07153,Towards best practices in AGI safety and governance: A survey of expert opinion,Towards best practices in AGI safety and governance,1,1
Elizabeth W. Dunn,10.3386/w28106,The Comparative Impact of Cash Transfers and a Psychotherapy Program on Psychological and Economic Well-being,The Comparative Impact of Cash Transfers and a Psychotherapy Program…,1,1
Elkin Alexi Noguera Urbano,10.21203/rs.3.rs-3235955/v1,The global potential for natural regeneration in deforested tropical regions,The global potential for natural regeneration in deforested tropical regions,1,1
Ellen Matthies,10.3386/w30011,"The Long-Run Effects of Psychotherapy on Depression, Beliefs, and Economic Outcomes","The Long-Run Effects of Psychotherapy on Depression, Beliefs, and Economic…",1,1
Ellen V. Muir,10.1257/pandp.20201017,Advance Market Commitments: Insights from Theory and Experience,Advance Market Commitments,1,1
Elliott Thornley,10.1016/j.cognition.2021.104941,Population ethical intuitions,Population ethical intuitions,1,1
Elmar Veenendaal,10.21203/rs.3.rs-3235955/v1,The global potential for natural regeneration in deforested tropical regions,The global potential for natural regeneration in deforested tropical regions,1,1
Elona Toska,10.3386/w28106,The Comparative Impact of Cash Transfers and a Psychotherapy Program on Psychological and Economic Well-being,The Comparative Impact of Cash Transfers and a Psychotherapy Program…,1,1
Elvin Geng,10.3386/w28726,Selecting the Most Effective Nudge: Evidence from a Large-Scale Experiment on Immunization,Selecting the Most Effective Nudge,1,1
Elvis Korku Avenyo,10.3386/w23928,Artificial Intelligence and Economic Growth,Artificial Intelligence and Economic Growth,1,1
Emil N. Sørensen,10.3386/w31162,Intergenerational Child Mortality Impacts of Deworming: Experimental Evidence from Two Decades of the Kenya Life Panel Survey,Intergenerational Child Mortality Impacts of Deworming,1,1
Emilia Simeonova,10.3386/w28106,The Comparative Impact of Cash Transfers and a Psychotherapy Program on Psychological and Economic Well-being,The Comparative Impact of Cash Transfers and a Psychotherapy Program…,1,1
Emiliana Vegas,10.3386/w31208,Building Resilient Education Systems: Evidence from Large-Scale Randomized Trials in Five Countries,Building Resilient Education Systems,1,1
Emilio Bisetti,10.1257/aer.20221215,Does the Squeaky Wheel Get More Grease? The Direct and Indirect Effects of Citizen Participation on Environmental Governance in China,Does the Squeaky Wheel Get More Grease? The Direct and…,1,1
Emilio Esguerra,10.1093/ej/uead102,Do Celebrity Endorsements Matter? A Twitter Experiment Promoting Vaccination in Indonesia,Do Celebrity Endorsements Matter? A Twitter Experiment Promoting Vaccination in…,1,1
Emily Dardaman,10.48550/arxiv.2305.07153,Towards best practices in AGI safety and governance: A survey of expert opinion,Towards best practices in AGI safety and governance,1,1
Emily Hoppe,10.3386/w28726,Selecting the Most Effective Nudge: Evidence from a Large-Scale Experiment on Immunization,Selecting the Most Effective Nudge,1,1
Emir Murathanoglu,10.3386/w23929,Effects of Emigration on Rural Labor Markets,Effects of Emigration on Rural Labor Markets,1,1
Emma Bluemke,10.48550/arxiv.2305.07153,Towards best practices in AGI safety and governance: A survey of expert opinion,Towards best practices in AGI safety and governance,1,1
Emma Levine,10.1016/j.cognition.2021.104941,Population ethical intuitions,Population ethical intuitions,1,1
Emma Näslund-Hadley,10.3386/w31208,Building Resilient Education Systems: Evidence from Large-Scale Randomized Trials in Five Countries,Building Resilient Education Systems,1,1
Emmanouil Chatzikonstantinou,10.3386/w23928,Artificial Intelligence and Economic Growth,Artificial Intelligence and Economic Growth,1,1
Emmanuel Kemel,10.3386/w30740,"When do ""Nudges"" Increase Welfare?","When do ""Nudges"" Increase Welfare?",1,1
Emmanuel Orkoh,10.3386/w23929,Effects of Emigration on Rural Labor Markets,Effects of Emigration on Rural Labor Markets,1,1
Emmanuel Paroissien,10.3386/w30740,"When do ""Nudges"" Increase Welfare?","When do ""Nudges"" Increase Welfare?",1,1
Emmanuel Tumusiime,10.3386/w28106,The Comparative Impact of Cash Transfers and a Psychotherapy Program on Psychological and Economic Well-being,The Comparative Impact of Cash Transfers and a Psychotherapy Program…,1,1
Enola K. Proctor,10.3386/w28726,Selecting the Most Effective Nudge: Evidence from a Large-Scale Experiment on Immunization,Selecting the Most Effective Nudge,1,1
Enrique Fernández‐Macías,10.3386/w23928,Artificial Intelligence and Economic Growth,Artificial Intelligence and Economic Growth,1,1
Enze Zhang,10.1257/aer.20221215,Does the Squeaky Wheel Get More Grease? The Direct and Indirect Effects of Citizen Participation on Environmental Governance in China,Does the Squeaky Wheel Get More Grease? The Direct and…,1,1
Eoghan Stafford,10.48550/arxiv.2305.07153,Towards best practices in AGI safety and governance: A survey of expert opinion,Towards best practices in AGI safety and governance,1,1
Eran Bendavid,10.1093/wbro/lkae010,The Effect of Lead Exposure on Children’s Learning in the Developing World: A Meta-Analysis,The Effect of Lead Exposure on Children’s Learning in the…,1,1
Eric Budish,10.3386/w26775,Advance Market Commitments: Insights from Theory and Experience,Advance Market Commitments,1,1
Eric Mvukiyehe,10.3386/w23929,Effects of Emigration on Rural Labor Markets,Effects of Emigration on Rural Labor Markets,1,1
Eric Reinhart,10.3386/w28106,The Comparative Impact of Cash Transfers and a Psychotherapy Program on Psychological and Economic Well-being,The Comparative Impact of Cash Transfers and a Psychotherapy Program…,1,1
Eric Schwitzgebel,10.1016/j.cognition.2021.104941,Population ethical intuitions,Population ethical intuitions,1,1
Erica Field,10.3386/w31162,Intergenerational Child Mortality Impacts of Deworming: Experimental Evidence from Two Decades of the Kenya Life Panel Survey,Intergenerational Child Mortality Impacts of Deworming,1,1
Erica L. Plambeck,10.1093/wbro/lkae010,The Effect of Lead Exposure on Children’s Learning in the Developing World: A Meta-Analysis,The Effect of Lead Exposure on Children’s Learning in the…,1,1
Erica T. Warner,10.3386/w28726,Selecting the Most Effective Nudge: Evidence from a Large-Scale Experiment on Immunization,Selecting the Most Effective Nudge,1,1
Erik Engberg,10.3386/w26752,Stagnation and Scientific Incentives,Stagnation and Scientific Incentives,1,1
Erika A. Waters,10.2139/ssrn.3938994,Information Avoidance and Moral Behavior: Experimental Evidence from Food Choices,Information Avoidance and Moral Behavior,1,1
Erin L. Connolly,10.1016/j.ijdrr.2022.102798,Long term cost-effectiveness of resilient foods for global catastrophes compared to artificial general intelligence safety,Long term cost-effectiveness of resilient foods for global catastrophes compared…,1,1
Erin Leahey,10.3386/w26752,Stagnation and Scientific Incentives,Stagnation and Scientific Incentives,1,1
Erkki Mervaala,10.3386/w32450,The Macroeconomic Impact of Climate Change: Global vs. Local Temperature,The Macroeconomic Impact of Climate Change,1,1
Ernest Owusu Boakye,10.3386/w31137,Biodiversity Risk,Biodiversity Risk,1,1
Espinosa Oscar,10.1257/pandp.20201017,Advance Market Commitments: Insights from Theory and Experience,Advance Market Commitments,1,1
Estibaliz Díaz,10.1111/conl.13077,Banning Wildlife Trade Can Boost the Unregulated Trade of Threatened Species,Banning Wildlife Trade Can Boost the Unregulated Trade of Threatened…,1,1
Eugen Dimant,10.3386/w28726,Selecting the Most Effective Nudge: Evidence from a Large-Scale Experiment on Immunization,Selecting the Most Effective Nudge,1,1
Eva Steiner,10.3386/w31137,Biodiversity Risk,Biodiversity Risk,1,1
Eva Vivalt,10.3386/w28106,The Comparative Impact of Cash Transfers and a Psychotherapy Program on Psychological and Economic Well-being,The Comparative Impact of Cash Transfers and a Psychotherapy Program…,1,1
Evan C. Storms,10.3386/w28726,Selecting the Most Effective Nudge: Evidence from a Large-Scale Experiment on Immunization,Selecting the Most Effective Nudge,1,1
Evangelia Georgia Kostaki,10.3386/w31899,The Effect of Public Science on Corporate R&amp;D,The Effect of Public Science on Corporate R&amp;D,1,1
Eva‐Marie Meemken,10.3386/w31354,The Benefits and Costs of Guest Worker Programs: Experimental Evidence from the India-UAE Migration Corridor,The Benefits and Costs of Guest Worker Programs,1,1
Evelien van de Veer,10.2139/ssrn.3938994,Information Avoidance and Moral Behavior: Experimental Evidence from Food Choices,Information Avoidance and Moral Behavior,1,1
Evelina Gavrilova,10.3386/w28726,Selecting the Most Effective Nudge: Evidence from a Large-Scale Experiment on Immunization,Selecting the Most Effective Nudge,1,1
F. T. Wu,10.1257/aer.20221215,Does the Squeaky Wheel Get More Grease? The Direct and Indirect Effects of Citizen Participation on Environmental Governance in China,Does the Squeaky Wheel Get More Grease? The Direct and…,1,1
Fabian Stephany,10.3386/w23928,Artificial Intelligence and Economic Growth,Artificial Intelligence and Economic Growth,1,1
Fabio Manca,10.3386/w23928,Artificial Intelligence and Economic Growth,Artificial Intelligence and Economic Growth,1,1
Fabrice Lenseigne,10.3386/w23928,Artificial Intelligence and Economic Growth,Artificial Intelligence and Economic Growth,1,1
Facundo Albornoz,10.3386/w31208,Building Resilient Education Systems: Evidence from Large-Scale Randomized Trials in Five Countries,Building Resilient Education Systems,1,1
Fahad K. Alkhaldi,10.3386/w23928,Artificial Intelligence and Economic Growth,Artificial Intelligence and Economic Growth,1,1
Fahmida Tofail,10.3386/w28106,The Comparative Impact of Cash Transfers and a Psychotherapy Program on Psychological and Economic Well-being,The Comparative Impact of Cash Transfers and a Psychotherapy Program…,1,1
Fang Zhang,10.3386/w23928,Artificial Intelligence and Economic Growth,Artificial Intelligence and Economic Growth,1,1
Fangjie Si,10.1257/aer.20221215,Does the Squeaky Wheel Get More Grease? The Direct and Indirect Effects of Citizen Participation on Environmental Governance in China,Does the Squeaky Wheel Get More Grease? The Direct and…,1,1
Fangwen Lu,10.3386/w28726,Selecting the Most Effective Nudge: Evidence from a Large-Scale Experiment on Immunization,Selecting the Most Effective Nudge,1,1
Fanlue Li,10.1257/aer.20221215,Does the Squeaky Wheel Get More Grease? The Direct and Indirect Effects of Citizen Participation on Environmental Governance in China,Does the Squeaky Wheel Get More Grease? The Direct and…,1,1
Farheen Khan,10.3386/w28106,The Comparative Impact of Cash Transfers and a Psychotherapy Program on Psychological and Economic Well-being,The Comparative Impact of Cash Transfers and a Psychotherapy Program…,1,1
Fatima Cody Stanford,10.3386/w28726,Selecting the Most Effective Nudge: Evidence from a Large-Scale Experiment on Immunization,Selecting the Most Effective Nudge,1,1
Fattreza Ihsan,10.1111/conl.13077,Banning Wildlife Trade Can Boost the Unregulated Trade of Threatened Species,Banning Wildlife Trade Can Boost the Unregulated Trade of Threatened…,1,1
Federico Ciliberto,10.1257/pandp.20201017,Advance Market Commitments: Insights from Theory and Experience,Advance Market Commitments,1,1
Federico Gómez,10.3386/w26752,Stagnation and Scientific Incentives,Stagnation and Scientific Incentives,1,1
Federico Niccoló Daverio Occhini,10.1093/ej/uead102,Do Celebrity Endorsements Matter? A Twitter Experiment Promoting Vaccination in Indonesia,Do Celebrity Endorsements Matter? A Twitter Experiment Promoting Vaccination in…,1,1
Fei Teng,10.3386/w32450,The Macroeconomic Impact of Climate Change: Global vs. Local Temperature,The Macroeconomic Impact of Climate Change,1,1
Fei Wu,10.3386/w31137,Biodiversity Risk,Biodiversity Risk,1,1
Feifan Liu,10.3386/w26752,Stagnation and Scientific Incentives,Stagnation and Scientific Incentives,1,1
Feiran Wang,10.1257/aer.20221215,Does the Squeaky Wheel Get More Grease? The Direct and Indirect Effects of Citizen Participation on Environmental Governance in China,Does the Squeaky Wheel Get More Grease? The Direct and…,1,1
Feiyi Wang,10.3386/w26752,Stagnation and Scientific Incentives,Stagnation and Scientific Incentives,1,1
Felipe González,10.3386/w33018,Misperceptions and Demand for Democracy under Authoritarianism,Misperceptions and Demand for Democracy under Authoritarianism,1,1
Felix Tintelnot,10.3386/w32728,A Welfare Analysis of Policies Impacting Climate Change,A Welfare Analysis of Policies Impacting Climate Change,1,1
Feng Guo,10.1257/aer.20221215,Does the Squeaky Wheel Get More Grease? The Direct and Indirect Effects of Citizen Participation on Environmental Governance in China,Does the Squeaky Wheel Get More Grease? The Direct and…,1,1
Feng He,10.1257/aer.20221215,Does the Squeaky Wheel Get More Grease? The Direct and Indirect Effects of Citizen Participation on Environmental Governance in China,Does the Squeaky Wheel Get More Grease? The Direct and…,1,1
Feng Huang,10.1257/aer.20221215,Does the Squeaky Wheel Get More Grease? The Direct and Indirect Effects of Citizen Participation on Environmental Governance in China,Does the Squeaky Wheel Get More Grease? The Direct and…,1,1
Feng Zhang,10.3386/w31899,The Effect of Public Science on Corporate R&amp;D,The Effect of Public Science on Corporate R&amp;D,1,1
Fernanda Bravo,10.1257/pandp.20201017,Advance Market Commitments: Insights from Theory and Experience,Advance Market Commitments,1,1
Fernando Aguiar,10.1016/j.cognition.2021.104941,Population ethical intuitions,Population ethical intuitions,1,1
Fernando Martínez‐Plumed,10.3386/w26752,Stagnation and Scientific Incentives,Stagnation and Scientific Incentives,1,1
Finn Tarp,10.3386/w28106,The Comparative Impact of Cash Transfers and a Psychotherapy Program on Psychological and Economic Well-being,The Comparative Impact of Cash Transfers and a Psychotherapy Program…,1,1
Fiona Burlig,10.3386/w30011,"The Long-Run Effects of Psychotherapy on Depression, Beliefs, and Economic Outcomes","The Long-Run Effects of Psychotherapy on Depression, Beliefs, and Economic…",1,1
Fionnuala Seiferth,10.2139/ssrn.4154000,How Effective Is (More) Money? Randomizing Unconditional Cash Transfer Amounts in the US,How Effective Is (More) Money? Randomizing Unconditional Cash Transfer Amounts…,1,1
Flavio Calvino,10.3386/w23928,Artificial Intelligence and Economic Growth,Artificial Intelligence and Economic Growth,1,1
Florence Aketch,10.3386/w28726,Selecting the Most Effective Nudge: Evidence from a Large-Scale Experiment on Immunization,Selecting the Most Effective Nudge,1,1
Florent Vieux,10.3386/w30740,"When do ""Nudges"" Increase Welfare?","When do ""Nudges"" Increase Welfare?",1,1
Florian E. Dorner,10.3386/w23928,Artificial Intelligence and Economic Growth,Artificial Intelligence and Economic Growth,1,1
Florian Habermacher,10.3386/w30740,"When do ""Nudges"" Increase Welfare?","When do ""Nudges"" Increase Welfare?",1,1
Floris Zoutman,10.3386/w28726,Selecting the Most Effective Nudge: Evidence from a Large-Scale Experiment on Immunization,Selecting the Most Effective Nudge,1,1
Flávio Barboza,10.3386/w23928,Artificial Intelligence and Economic Growth,Artificial Intelligence and Economic Growth,1,1
Forhad Shilpi,10.3386/w23929,Effects of Emigration on Rural Labor Markets,Effects of Emigration on Rural Labor Markets,1,1
Frances C. Moore,10.3386/w29357,The Environmental Effects of Economic Production: Evidence from Ecological Observations,The Environmental Effects of Economic Production,1,1
Francesco Bilotta,10.3386/w32073,"Ends versus Means: Kantians, Utilitarians, and Moral Decisions",Ends versus Means,1,1
Francesco Di Gioia,10.1016/j.ijdrr.2022.102798,Long term cost-effectiveness of resilient foods for global catastrophes compared to artificial general intelligence safety,Long term cost-effectiveness of resilient foods for global catastrophes compared…,1,1
Francesco Rentocchini,10.3386/w23928,Artificial Intelligence and Economic Growth,Artificial Intelligence and Economic Growth,1,1
Francesco Trebbi,10.3386/w32728,A Welfare Analysis of Policies Impacting Climate Change,A Welfare Analysis of Policies Impacting Climate Change,1,1
Francine Loza,10.3386/w28726,Selecting the Most Effective Nudge: Evidence from a Large-Scale Experiment on Immunization,Selecting the Most Effective Nudge,1,1
Francis Wong,10.2139/ssrn.4154000,How Effective Is (More) Money? Randomizing Unconditional Cash Transfer Amounts in the US,How Effective Is (More) Money? Randomizing Unconditional Cash Transfer Amounts…,1,1
Francisco Blanco‐Garrido,10.1111/conl.13077,Banning Wildlife Trade Can Boost the Unregulated Trade of Threatened Species,Banning Wildlife Trade Can Boost the Unregulated Trade of Threatened…,1,1
Francisco Del Villar,10.1257/pandp.20201017,Advance Market Commitments: Insights from Theory and Experience,Advance Market Commitments,1,1
Francisco Estrada,10.3386/w32450,The Macroeconomic Impact of Climate Change: Global vs. Local Temperature,The Macroeconomic Impact of Climate Change,1,1
Francisco Muñoz,10.3386/w33018,Misperceptions and Demand for Democracy under Authoritarianism,Misperceptions and Demand for Democracy under Authoritarianism,1,1
Frank Gyimah Sackey,10.3386/w23929,Effects of Emigration on Rural Labor Markets,Effects of Emigration on Rural Labor Markets,1,1
Frank Hutter,10.48550/arxiv.2305.07153,Towards best practices in AGI safety and governance: A survey of expert opinion,Towards best practices in AGI safety and governance,1,1
Frans Bongers,10.21203/rs.3.rs-3235955/v1,The global potential for natural regeneration in deforested tropical regions,The global potential for natural regeneration in deforested tropical regions,1,1
François Legendre,10.3386/w23928,Artificial Intelligence and Economic Growth,Artificial Intelligence and Economic Growth,1,1
François Sémécurbe,10.3386/w23928,Artificial Intelligence and Economic Growth,Artificial Intelligence and Economic Growth,1,1
Fred D’Agostino,10.3386/w26752,Stagnation and Scientific Incentives,Stagnation and Scientific Incentives,1,1
Frederic Hanusch,10.1016/j.ijdrr.2022.102798,Long term cost-effectiveness of resilient foods for global catastrophes compared to artificial general intelligence safety,Long term cost-effectiveness of resilient foods for global catastrophes compared…,1,1
Fukang Chen,10.1257/aer.20221215,Does the Squeaky Wheel Get More Grease? The Direct and Indirect Effects of Citizen Participation on Environmental Governance in China,Does the Squeaky Wheel Get More Grease? The Direct and…,1,1
Fulvia Marotta,10.3386/w31137,Biodiversity Risk,Biodiversity Risk,1,1
Fusuo Zhang,10.1257/aer.20221215,Does the Squeaky Wheel Get More Grease? The Direct and Indirect Effects of Citizen Participation on Environmental Governance in China,Does the Squeaky Wheel Get More Grease? The Direct and…,1,1
Fırat Şahin,10.3386/w23928,Artificial Intelligence and Economic Growth,Artificial Intelligence and Economic Growth,1,1
G. J. Lane,10.3386/w30011,"The Long-Run Effects of Psychotherapy on Depression, Beliefs, and Economic Outcomes","The Long-Run Effects of Psychotherapy on Depression, Beliefs, and Economic…",1,1
Gabriel Andrade,10.1016/j.cognition.2021.104941,Population ethical intuitions,Population ethical intuitions,1,1
Gabriella M. McLoughlin,10.3386/w28726,Selecting the Most Effective Nudge: Evidence from a Large-Scale Experiment on Immunization,Selecting the Most Effective Nudge,1,1
Gail E. Austen,10.1111/conl.13077,Banning Wildlife Trade Can Boost the Unregulated Trade of Threatened Species,Banning Wildlife Trade Can Boost the Unregulated Trade of Threatened…,1,1
Gangdong Peng,10.3386/w23928,Artificial Intelligence and Economic Growth,Artificial Intelligence and Economic Growth,1,1
Ganjar Cahyadi,10.1111/conl.13077,Banning Wildlife Trade Can Boost the Unregulated Trade of Threatened Species,Banning Wildlife Trade Can Boost the Unregulated Trade of Threatened…,1,1
Gaurab Aryal,10.1257/pandp.20201017,Advance Market Commitments: Insights from Theory and Experience,Advance Market Commitments,1,1
Gautam Anand,10.3386/w30835,Water Treatment And Child Mortality: A Meta-Analysis And Cost-effectiveness Analysis,Water Treatment And Child Mortality,1,1
Gautam Rao,10.3386/w28106,The Comparative Impact of Cash Transfers and a Psychotherapy Program on Psychological and Economic Well-being,The Comparative Impact of Cash Transfers and a Psychotherapy Program…,1,1
Gaël Varoquaux,10.3386/w26752,Stagnation and Scientific Incentives,Stagnation and Scientific Incentives,1,1
Gbenga Adamolekun,10.3386/w31137,Biodiversity Risk,Biodiversity Risk,1,1
Ge Zhang,10.1257/aer.20221215,Does the Squeaky Wheel Get More Grease? The Direct and Indirect Effects of Citizen Participation on Environmental Governance in China,Does the Squeaky Wheel Get More Grease? The Direct and…,1,1
Geeta Soohinda,10.1257/aeri.20210612,Cognitive Behavioral Therapy among Ghana's Rural Poor Is Effective Regardless of Baseline Mental Distress,Cognitive Behavioral Therapy among Ghana's Rural Poor Is Effective Regardless…,1,1
Gelson Tembo,10.3386/w28106,The Comparative Impact of Cash Transfers and a Psychotherapy Program on Psychological and Economic Well-being,The Comparative Impact of Cash Transfers and a Psychotherapy Program…,1,1
Geneviève Savoie‐Dansereau,10.3386/w23928,Artificial Intelligence and Economic Growth,Artificial Intelligence and Economic Growth,1,1
Geng Huang,10.3386/w23928,Artificial Intelligence and Economic Growth,Artificial Intelligence and Economic Growth,1,1
Genia Kostka,10.1257/aer.20221215,Does the Squeaky Wheel Get More Grease? The Direct and Indirect Effects of Citizen Participation on Environmental Governance in China,Does the Squeaky Wheel Get More Grease? The Direct and…,1,1
Geoffrey E. Hinton,10.48550/arxiv.2305.07153,Towards best practices in AGI safety and governance: A survey of expert opinion,Towards best practices in AGI safety and governance,1,1
Geoffrey Heal,10.3386/w31137,Biodiversity Risk,Biodiversity Risk,1,1
Geoffrey Wood,10.1257/aer.20221215,Does the Squeaky Wheel Get More Grease? The Direct and Indirect Effects of Citizen Participation on Environmental Governance in China,Does the Squeaky Wheel Get More Grease? The Direct and…,1,1
George Giannakopoulos,10.3386/w23928,Artificial Intelligence and Economic Growth,Artificial Intelligence and Economic Growth,1,1
George Notas,10.2139/ssrn.4154000,How Effective Is (More) Money? Randomizing Unconditional Cash Transfer Amounts in the US,How Effective Is (More) Money? Randomizing Unconditional Cash Transfer Amounts…,1,1
George Psacharopoulos,10.3386/w31208,Building Resilient Education Systems: Evidence from Large-Scale Randomized Trials in Five Countries,Building Resilient Education Systems,1,1
Georgia D. Tourassi,10.3386/w26752,Stagnation and Scientific Incentives,Stagnation and Scientific Incentives,1,1
Gerrit von Zedlitz,10.3386/w31137,Biodiversity Risk,Biodiversity Risk,1,1
Gesa Hartwigsen,10.3386/w30011,"The Long-Run Effects of Psychotherapy on Depression, Beliefs, and Economic Outcomes","The Long-Run Effects of Psychotherapy on Depression, Beliefs, and Economic…",1,1
Geyi Zheng,10.1257/aeri.20210612,Cognitive Behavioral Therapy among Ghana's Rural Poor Is Effective Regardless of Baseline Mental Distress,Cognitive Behavioral Therapy among Ghana's Rural Poor Is Effective Regardless…,1,1
Ghislain Bisimwa,10.3386/w28106,The Comparative Impact of Cash Transfers and a Psychotherapy Program on Psychological and Economic Well-being,The Comparative Impact of Cash Transfers and a Psychotherapy Program…,1,1
Giacomo Manferdini,10.3386/w32073,"Ends versus Means: Kantians, Utilitarians, and Moral Decisions",Ends versus Means,1,1
Giacomo Pallante,10.3386/w30740,"When do ""Nudges"" Increase Welfare?","When do ""Nudges"" Increase Welfare?",1,1
Giampaolo Abate Romero Ladini,10.2139/ssrn.4154000,How Effective Is (More) Money? Randomizing Unconditional Cash Transfer Amounts in the US,How Effective Is (More) Money? Randomizing Unconditional Cash Transfer Amounts…,1,1
Giancarlo Spagnolo,10.1257/pandp.20201017,Advance Market Commitments: Insights from Theory and Experience,Advance Market Commitments,1,1
Gideon Ndubuisi,10.3386/w23928,Artificial Intelligence and Economic Growth,Artificial Intelligence and Economic Growth,1,1
Gillian K. Hadfield,10.48550/arxiv.2305.07153,Towards best practices in AGI safety and governance: A survey of expert opinion,Towards best practices in AGI safety and governance,1,1
Gillian Sawyer,10.3386/w26775,Advance Market Commitments: Insights from Theory and Experience,Advance Market Commitments,1,1
Ginger Zhe Jin,10.3386/w23929,Effects of Emigration on Rural Labor Markets,Effects of Emigration on Rural Labor Markets,1,1
Giovanna Michelon,10.1257/aer.20221215,Does the Squeaky Wheel Get More Grease? The Direct and Indirect Effects of Citizen Participation on Environmental Governance in China,Does the Squeaky Wheel Get More Grease? The Direct and…,1,1
Giray Gözgör,10.3386/w31137,Biodiversity Risk,Biodiversity Risk,1,1
Girija Bahety,10.3386/w28726,Selecting the Most Effective Nudge: Evidence from a Large-Scale Experiment on Immunization,Selecting the Most Effective Nudge,1,1
Giuseppe Dal Prá,10.1016/j.ijdrr.2022.102798,Long term cost-effectiveness of resilient foods for global catastrophes compared to artificial general intelligence safety,Long term cost-effectiveness of resilient foods for global catastrophes compared…,1,1
Giuseppe Rimo,10.3386/w31137,Biodiversity Risk,Biodiversity Risk,1,1
Glen Gostlow,10.3386/w31137,Biodiversity Risk,Biodiversity Risk,1,1
Gloria Liou,10.2139/ssrn.4154000,How Effective Is (More) Money? Randomizing Unconditional Cash Transfer Amounts in the US,How Effective Is (More) Money? Randomizing Unconditional Cash Transfer Amounts…,1,1
Goboori Harsh Vardhan,10.3386/w23928,Artificial Intelligence and Economic Growth,Artificial Intelligence and Economic Growth,1,1
Godfred Anakpo,10.3386/w23928,Artificial Intelligence and Economic Growth,Artificial Intelligence and Economic Growth,1,1
Golnaz Bahrami,10.3386/w31137,Biodiversity Risk,Biodiversity Risk,1,1
Gonzalo Almeyda,10.3386/w31208,Building Resilient Education Systems: Evidence from Large-Scale Randomized Trials in Five Countries,Building Resilient Education Systems,1,1
Gonzalo Arrieta,10.3386/w30011,"The Long-Run Effects of Psychotherapy on Depression, Beliefs, and Economic Outcomes","The Long-Run Effects of Psychotherapy on Depression, Beliefs, and Economic…",1,1
Grace C. Huang,10.3386/w28726,Selecting the Most Effective Nudge: Evidence from a Large-Scale Experiment on Immunization,Selecting the Most Effective Nudge,1,1
Granger Morgan,10.1257/pandp.20201017,Advance Market Commitments: Insights from Theory and Experience,Advance Market Commitments,1,1
Grant M Gordon,10.1257/pandp.20201017,Advance Market Commitments: Insights from Theory and Experience,Advance Market Commitments,1,1
Grant Royd Howard,10.48550/arxiv.2305.07153,Towards best practices in AGI safety and governance: A survey of expert opinion,Towards best practices in AGI safety and governance,1,1
Graziano Moramarco,10.3386/w32450,The Macroeconomic Impact of Climate Change: Global vs. Local Temperature,The Macroeconomic Impact of Climate Change,1,1
Gregor Weiß,10.3386/w31137,Biodiversity Risk,Biodiversity Risk,1,1
Gregory Sun,10.3386/w30740,"When do ""Nudges"" Increase Welfare?","When do ""Nudges"" Increase Welfare?",1,1
Guanfu Fang,10.3386/w23928,Artificial Intelligence and Economic Growth,Artificial Intelligence and Economic Growth,1,1
Guglielmo Zappalà,10.3386/w32728,A Welfare Analysis of Policies Impacting Climate Change,A Welfare Analysis of Policies Impacting Climate Change,1,1
Guilherme Lichand,10.3386/w31208,Building Resilient Education Systems: Evidence from Large-Scale Randomized Trials in Five Countries,Building Resilient Education Systems,1,1
Guillaume Coqueret,10.3386/w31137,Biodiversity Risk,Biodiversity Risk,1,1
Guillem Bas,10.48550/arxiv.2305.07153,Towards best practices in AGI safety and governance: A survey of expert opinion,Towards best practices in AGI safety and governance,1,1
Guillermo Lagarda,10.3386/w23928,Artificial Intelligence and Economic Growth,Artificial Intelligence and Economic Growth,1,1
Guo Jianxin,10.1257/aer.20221215,Does the Squeaky Wheel Get More Grease? The Direct and Indirect Effects of Citizen Participation on Environmental Governance in China,Does the Squeaky Wheel Get More Grease? The Direct and…,1,1
Guoying Li,10.3386/w23928,Artificial Intelligence and Economic Growth,Artificial Intelligence and Economic Growth,1,1
Gurubala Kotta,10.3386/w31137,Biodiversity Risk,Biodiversity Risk,1,1
Gwen Yu,10.1257/aer.20221215,Does the Squeaky Wheel Get More Grease? The Direct and Indirect Effects of Citizen Participation on Environmental Governance in China,Does the Squeaky Wheel Get More Grease? The Direct and…,1,1
Gábor Neszveda,10.2139/ssrn.4154000,How Effective Is (More) Money? Randomizing Unconditional Cash Transfer Amounts in the US,How Effective Is (More) Money? Randomizing Unconditional Cash Transfer Amounts…,1,1
H. Kressel,10.3386/w26752,Stagnation and Scientific Incentives,Stagnation and Scientific Incentives,1,1
Habil Otanga,10.3386/w28106,The Comparative Impact of Cash Transfers and a Psychotherapy Program on Psychological and Economic Well-being,The Comparative Impact of Cash Transfers and a Psychotherapy Program…,1,1
Hai Liang,10.1257/aer.20221215,Does the Squeaky Wheel Get More Grease? The Direct and Indirect Effects of Citizen Participation on Environmental Governance in China,Does the Squeaky Wheel Get More Grease? The Direct and…,1,1
Haichao Fan,10.3386/w23928,Artificial Intelligence and Economic Growth,Artificial Intelligence and Economic Growth,1,1
Haichao Liu,10.1093/ej/uead102,Do Celebrity Endorsements Matter? A Twitter Experiment Promoting Vaccination in Indonesia,Do Celebrity Endorsements Matter? A Twitter Experiment Promoting Vaccination in…,1,1
Haijiang Li,10.1257/aer.20221215,Does the Squeaky Wheel Get More Grease? The Direct and Indirect Effects of Citizen Participation on Environmental Governance in China,Does the Squeaky Wheel Get More Grease? The Direct and…,1,1
Haijun Xu,10.1257/aer.20221215,Does the Squeaky Wheel Get More Grease? The Direct and Indirect Effects of Citizen Participation on Environmental Governance in China,Does the Squeaky Wheel Get More Grease? The Direct and…,1,1
Hailemariam Ayalew,10.3386/w28726,Selecting the Most Effective Nudge: Evidence from a Large-Scale Experiment on Immunization,Selecting the Most Effective Nudge,1,1
Haiqin Wang,10.3386/w23928,Artificial Intelligence and Economic Growth,Artificial Intelligence and Economic Growth,1,1
Hairu Lang,10.3386/w30740,"When do ""Nudges"" Increase Welfare?","When do ""Nudges"" Increase Welfare?",1,1
Hakan Yilmazkuday,10.3386/w23928,Artificial Intelligence and Economic Growth,Artificial Intelligence and Economic Growth,1,1
Halil İbrahim Koruca,10.3386/w23928,Artificial Intelligence and Economic Growth,Artificial Intelligence and Economic Growth,1,1
Hamdi Becha,10.3386/w23928,Artificial Intelligence and Economic Growth,Artificial Intelligence and Economic Growth,1,1
Hamid Beladi,10.1257/aeri.20230431,Money (Not) to Burn: Payments for Ecosystem Services to Reduce Crop Residue Burning,Money (Not) to Burn,1,1
Hamid R. Oskorouchi,10.3386/w30202,Economic vs. Epidemiological Approaches to Measuring the Human Capital Impacts of Infectious Disease Elimination,Economic vs. Epidemiological Approaches to Measuring the Human Capital Impacts…,1,1
Han Liang,10.3386/w23928,Artificial Intelligence and Economic Growth,Artificial Intelligence and Economic Growth,1,1
Han Woo Park,10.3386/w23928,Artificial Intelligence and Economic Growth,Artificial Intelligence and Economic Growth,1,1
Hankun Yuan,10.3386/w23928,Artificial Intelligence and Economic Growth,Artificial Intelligence and Economic Growth,1,1
Hanlin Wu,10.3386/w31137,Biodiversity Risk,Biodiversity Risk,1,1
Hannah Kettler,10.1257/pandp.20201017,Advance Market Commitments: Insights from Theory and Experience,Advance Market Commitments,1,1
Hansen Zhang,10.3386/w31899,The Effect of Public Science on Corporate R&amp;D,The Effect of Public Science on Corporate R&amp;D,1,1
Hans‐Peter Kohler,10.3386/w28726,Selecting the Most Effective Nudge: Evidence from a Large-Scale Experiment on Immunization,Selecting the Most Effective Nudge,1,1
Hanxiong Zhang,10.3386/w31137,Biodiversity Risk,Biodiversity Risk,1,1
Hanène Babay,10.3386/w23928,Artificial Intelligence and Economic Growth,Artificial Intelligence and Economic Growth,1,1
Haojie Wu,10.1257/aer.20221215,Does the Squeaky Wheel Get More Grease? The Direct and Indirect Effects of Citizen Participation on Environmental Governance in China,Does the Squeaky Wheel Get More Grease? The Direct and…,1,1
Haowei Yu,10.1257/aer.20221215,Does the Squeaky Wheel Get More Grease? The Direct and Indirect Effects of Citizen Participation on Environmental Governance in China,Does the Squeaky Wheel Get More Grease? The Direct and…,1,1
Haoxiang Xia,10.3386/w26752,Stagnation and Scientific Incentives,Stagnation and Scientific Incentives,1,1
Haoyu Gao,10.1257/aer.20221215,Does the Squeaky Wheel Get More Grease? The Direct and Indirect Effects of Citizen Participation on Environmental Governance in China,Does the Squeaky Wheel Get More Grease? The Direct and…,1,1
Harini Kannan,10.3386/w28726,Selecting the Most Effective Nudge: Evidence from a Large-Scale Experiment on Immunization,Selecting the Most Effective Nudge,1,1
Harm Bartholomeus,10.21203/rs.3.rs-3235955/v1,The global potential for natural regeneration in deforested tropical regions,The global potential for natural regeneration in deforested tropical regions,1,1
Harmony N. Arcilla,10.2139/ssrn.4154000,How Effective Is (More) Money? Randomizing Unconditional Cash Transfer Amounts in the US,How Effective Is (More) Money? Randomizing Unconditional Cash Transfer Amounts…,1,1
Harounan Kazianga,10.3386/w28106,The Comparative Impact of Cash Transfers and a Psychotherapy Program on Psychological and Economic Well-being,The Comparative Impact of Cash Transfers and a Psychotherapy Program…,1,1
Harris Selod,10.3386/w23929,Effects of Emigration on Rural Labor Markets,Effects of Emigration on Rural Labor Markets,1,1
Harshavardhan Sampath,10.1257/aeri.20210612,Cognitive Behavioral Therapy among Ghana's Rural Poor Is Effective Regardless of Baseline Mental Distress,Cognitive Behavioral Therapy among Ghana's Rural Poor Is Effective Regardless…,1,1
Harshita Yadav,10.3386/w30011,"The Long-Run Effects of Psychotherapy on Depression, Beliefs, and Economic Outcomes","The Long-Run Effects of Psychotherapy on Depression, Beliefs, and Economic…",1,1
Hasan Ghura,10.3386/w23928,Artificial Intelligence and Economic Growth,Artificial Intelligence and Economic Growth,1,1
Hasna Chaibi,10.3386/w23928,Artificial Intelligence and Economic Growth,Artificial Intelligence and Economic Growth,1,1
Hassan Zaman,10.3386/w23929,Effects of Emigration on Rural Labor Markets,Effects of Emigration on Rural Labor Markets,1,1
Hawthorne L. Beyer,10.21203/rs.3.rs-3235955/v1,The global potential for natural regeneration in deforested tropical regions,The global potential for natural regeneration in deforested tropical regions,1,1
Heather Orom,10.2139/ssrn.3938994,Information Avoidance and Moral Behavior: Experimental Evidence from Food Choices,Information Avoidance and Moral Behavior,1,1
Heather Schofield,10.3386/w28106,The Comparative Impact of Cash Transfers and a Psychotherapy Program on Psychological and Economic Well-being,The Comparative Impact of Cash Transfers and a Psychotherapy Program…,1,1
Heidi Stöckl,10.3386/w28106,The Comparative Impact of Cash Transfers and a Psychotherapy Program on Psychological and Economic Well-being,The Comparative Impact of Cash Transfers and a Psychotherapy Program…,1,1
Heiko Roßnagel,10.3386/w23928,Artificial Intelligence and Economic Growth,Artificial Intelligence and Economic Growth,1,1
Helal Uddin Ahmed,10.3386/w28106,The Comparative Impact of Cash Transfers and a Psychotherapy Program on Psychological and Economic Well-being,The Comparative Impact of Cash Transfers and a Psychotherapy Program…,1,1
Helen Crabbe,10.1093/wbro/lkae010,The Effect of Lead Exposure on Children’s Learning in the Developing World: A Meta-Analysis,The Effect of Lead Exposure on Children’s Learning in the…,1,1
Helen Rees,10.1257/pandp.20201017,Advance Market Commitments: Insights from Theory and Experience,Advance Market Commitments,1,1
Helena Naffa,10.3386/w31137,Biodiversity Risk,Biodiversity Risk,1,1
Helene Purcell,10.3386/w28726,Selecting the Most Effective Nudge: Evidence from a Large-Scale Experiment on Immunization,Selecting the Most Effective Nudge,1,1
Hema Shah,10.2139/ssrn.4154000,How Effective Is (More) Money? Randomizing Unconditional Cash Transfer Amounts in the US,How Effective Is (More) Money? Randomizing Unconditional Cash Transfer Amounts…,1,1
Henning Vöpel,10.3386/w23928,Artificial Intelligence and Economic Growth,Artificial Intelligence and Economic Growth,1,1
Henry G. Grabowski,10.3386/w26775,Advance Market Commitments: Insights from Theory and Experience,Advance Market Commitments,1,1
Herbert Kimura,10.3386/w23928,Artificial Intelligence and Economic Growth,Artificial Intelligence and Economic Growth,1,1
Herrera Andrés,10.1257/pandp.20201017,Advance Market Commitments: Insights from Theory and Experience,Advance Market Commitments,1,1
Hicham Sadok,10.3386/w23928,Artificial Intelligence and Economic Growth,Artificial Intelligence and Economic Growth,1,1
Hidemichi Fujii,10.3386/w23928,Artificial Intelligence and Economic Growth,Artificial Intelligence and Economic Growth,1,1
Hoa Briscoe-Tran,10.3386/w31137,Biodiversity Risk,Biodiversity Risk,1,1
Hoa Trần Thị Vân,10.3386/w23928,Artificial Intelligence and Economic Growth,Artificial Intelligence and Economic Growth,1,1
Holger Brandt,10.3386/w30011,"The Long-Run Effects of Psychotherapy on Depression, Beliefs, and Economic Outcomes","The Long-Run Effects of Psychotherapy on Depression, Beliefs, and Economic…",1,1
Holger J. Schmidt,10.3386/w23928,Artificial Intelligence and Economic Growth,Artificial Intelligence and Economic Growth,1,1
Holger Schmidt,10.3386/w23928,Artificial Intelligence and Economic Growth,Artificial Intelligence and Economic Growth,1,1
Hong Song,10.3386/w31137,Biodiversity Risk,Biodiversity Risk,1,1
Hongjie Zhang,10.1257/aer.20221215,Does the Squeaky Wheel Get More Grease? The Direct and Indirect Effects of Citizen Participation on Environmental Governance in China,Does the Squeaky Wheel Get More Grease? The Direct and…,1,1
Hongmei Ma,10.3386/w23928,Artificial Intelligence and Economic Growth,Artificial Intelligence and Economic Growth,1,1
Hongqiang Jiang,10.1257/aer.20221215,Does the Squeaky Wheel Get More Grease? The Direct and Indirect Effects of Citizen Participation on Environmental Governance in China,Does the Squeaky Wheel Get More Grease? The Direct and…,1,1
Hongwei Yu,10.1257/aer.20221215,Does the Squeaky Wheel Get More Grease? The Direct and Indirect Effects of Citizen Participation on Environmental Governance in China,Does the Squeaky Wheel Get More Grease? The Direct and…,1,1
Hongyuan Zhang,10.3386/w23928,Artificial Intelligence and Economic Growth,Artificial Intelligence and Economic Growth,1,1
Hongyun Huang,10.1257/aer.20221215,Does the Squeaky Wheel Get More Grease? The Direct and Indirect Effects of Citizen Participation on Environmental Governance in China,Does the Squeaky Wheel Get More Grease? The Direct and…,1,1
Hooman Habibnia,10.2139/ssrn.3938994,Information Avoidance and Moral Behavior: Experimental Evidence from Food Choices,Information Avoidance and Moral Behavior,1,1
Horacio Larreguy,10.3386/w28726,Selecting the Most Effective Nudge: Evidence from a Large-Scale Experiment on Immunization,Selecting the Most Effective Nudge,1,1
Houda Mahboub,10.3386/w23928,Artificial Intelligence and Economic Growth,Artificial Intelligence and Economic Growth,1,1
Howard Hu,10.1093/wbro/lkae010,The Effect of Lead Exposure on Children’s Learning in the Developing World: A Meta-Analysis,The Effect of Lead Exposure on Children’s Learning in the…,1,1
Hua Feng,10.3386/w23928,Artificial Intelligence and Economic Growth,Artificial Intelligence and Economic Growth,1,1
Hua Zhang,10.1257/aer.20221215,Does the Squeaky Wheel Get More Grease? The Direct and Indirect Effects of Citizen Participation on Environmental Governance in China,Does the Squeaky Wheel Get More Grease? The Direct and…,1,1
Huangsheng Su,10.1257/aer.20221215,Does the Squeaky Wheel Get More Grease? The Direct and Indirect Effects of Citizen Participation on Environmental Governance in China,Does the Squeaky Wheel Get More Grease? The Direct and…,1,1
Huangxin Chen,10.1257/aer.20221215,Does the Squeaky Wheel Get More Grease? The Direct and Indirect Effects of Citizen Participation on Environmental Governance in China,Does the Squeaky Wheel Get More Grease? The Direct and…,1,1
Huanhuan Wang,10.1257/aer.20221215,Does the Squeaky Wheel Get More Grease? The Direct and Indirect Effects of Citizen Participation on Environmental Governance in China,Does the Squeaky Wheel Get More Grease? The Direct and…,1,1
Huasheng Song,10.3386/w31899,The Effect of Public Science on Corporate R&amp;D,The Effect of Public Science on Corporate R&amp;D,1,1
Hugh M. Cartwright,10.3386/w26752,Stagnation and Scientific Incentives,Stagnation and Scientific Incentives,1,1
Hugo Confraria,10.3386/w26752,Stagnation and Scientific Incentives,Stagnation and Scientific Incentives,1,1
Hugo Viciana,10.1016/j.cognition.2021.104941,Population ethical intuitions,Population ethical intuitions,1,1
Hui Wang,10.3386/w23928,Artificial Intelligence and Economic Growth,Artificial Intelligence and Economic Growth,1,1
Hui Xu,10.1257/aer.20221215,Does the Squeaky Wheel Get More Grease? The Direct and Indirect Effects of Citizen Participation on Environmental Governance in China,Does the Squeaky Wheel Get More Grease? The Direct and…,1,1
Hui-Ngo Goh,10.3386/w23928,Artificial Intelligence and Economic Growth,Artificial Intelligence and Economic Growth,1,1
Huijuan Wang,10.3386/w23928,Artificial Intelligence and Economic Growth,Artificial Intelligence and Economic Growth,1,1
Hunt Allcott,10.3386/w32728,A Welfare Analysis of Policies Impacting Climate Change,A Welfare Analysis of Policies Impacting Climate Change,1,1
Huong Quynh Nguyen,10.3386/w23928,Artificial Intelligence and Economic Growth,Artificial Intelligence and Economic Growth,1,1
Huzhou Zhu,10.3386/w23928,Artificial Intelligence and Economic Growth,Artificial Intelligence and Economic Growth,1,1
Hyeyoon Jung,10.3386/w31137,Biodiversity Risk,Biodiversity Risk,1,1
Hyuk Chung,10.3386/w23928,Artificial Intelligence and Economic Growth,Artificial Intelligence and Economic Growth,1,1
Hyunjung Choi,10.3386/w28106,The Comparative Impact of Cash Transfers and a Psychotherapy Program on Psychological and Economic Well-being,The Comparative Impact of Cash Transfers and a Psychotherapy Program…,1,1
Hélène Dernis,10.3386/w23928,Artificial Intelligence and Economic Growth,Artificial Intelligence and Economic Growth,1,1
I. D. Konovalova,10.3386/w23928,Artificial Intelligence and Economic Growth,Artificial Intelligence and Economic Growth,1,1
I. Firth,10.1257/pandp.20201017,Advance Market Commitments: Insights from Theory and Experience,Advance Market Commitments,1,1
Ichiro Kawachi,10.3386/w28726,Selecting the Most Effective Nudge: Evidence from a Large-Scale Experiment on Immunization,Selecting the Most Effective Nudge,1,1
Ifeoma Idigbe,10.3386/w30835,Water Treatment And Child Mortality: A Meta-Analysis And Cost-effectiveness Analysis,Water Treatment And Child Mortality,1,1
Ignacio A. Ciampitti,10.3386/w26752,Stagnation and Scientific Incentives,Stagnation and Scientific Incentives,1,1
Ignacio Palacios‐Huerta,10.3386/w26752,Stagnation and Scientific Incentives,Stagnation and Scientific Incentives,1,1
Ignas Bernotas,10.3386/w31899,The Effect of Public Science on Corporate R&amp;D,The Effect of Public Science on Corporate R&amp;D,1,1
Igor Francetić,10.3386/w30011,"The Long-Run Effects of Psychotherapy on Depression, Beliefs, and Economic Outcomes","The Long-Run Effects of Psychotherapy on Depression, Beliefs, and Economic…",1,1
Iliana V. Kohler,10.3386/w28726,Selecting the Most Effective Nudge: Evidence from a Large-Scale Experiment on Immunization,Selecting the Most Effective Nudge,1,1
Ilija Ćosić,10.3386/w23928,Artificial Intelligence and Economic Growth,Artificial Intelligence and Economic Growth,1,1
Ilknur Zer,10.3386/w31137,Biodiversity Risk,Biodiversity Risk,1,1
Inaoyom Imong,10.1111/conl.13077,Banning Wildlife Trade Can Boost the Unregulated Trade of Threatened Species,Banning Wildlife Trade Can Boost the Unregulated Trade of Threatened…,1,1
Ingvild Almås,10.3386/w28106,The Comparative Impact of Cash Transfers and a Psychotherapy Program on Psychological and Economic Well-being,The Comparative Impact of Cash Transfers and a Psychotherapy Program…,1,1
Intan Khairina Adlina Ahmad,10.3386/w23928,Artificial Intelligence and Economic Growth,Artificial Intelligence and Economic Growth,1,1
International Transport Forum,10.3386/w23928,Artificial Intelligence and Economic Growth,Artificial Intelligence and Economic Growth,1,1
Irina Tatomyr,10.3386/w23928,Artificial Intelligence and Economic Growth,Artificial Intelligence and Economic Growth,1,1
Irma Arteaga,10.3386/w31208,Building Resilient Education Systems: Evidence from Large-Scale Randomized Trials in Five Countries,Building Resilient Education Systems,1,1
Irma Khonelidze,10.1093/wbro/lkae010,The Effect of Lead Exposure on Children’s Learning in the Developing World: A Meta-Analysis,The Effect of Lead Exposure on Children’s Learning in the…,1,1
Isabel Reynoso,10.3386/w32450,The Macroeconomic Impact of Climate Change: Global vs. Local Temperature,The Macroeconomic Impact of Climate Change,1,1
Isaiah Andrews,10.3386/w28726,Selecting the Most Effective Nudge: Evidence from a Large-Scale Experiment on Immunization,Selecting the Most Effective Nudge,1,1
Ishmael Tingbani,10.3386/w23928,Artificial Intelligence and Economic Growth,Artificial Intelligence and Economic Growth,1,1
Ismaïl Berrada,10.3386/w23928,Artificial Intelligence and Economic Growth,Artificial Intelligence and Economic Growth,1,1
Ivan Soraperra,10.2139/ssrn.3938994,Information Avoidance and Moral Behavior: Experimental Evidence from Food Choices,Information Avoidance and Moral Behavior,1,1
Ivy Johnson,10.1016/j.ijdrr.2022.102798,Long term cost-effectiveness of resilient foods for global catastrophes compared to artificial general intelligence safety,Long term cost-effectiveness of resilient foods for global catastrophes compared…,1,1
Iván Torre,10.3386/w28726,Selecting the Most Effective Nudge: Evidence from a Large-Scale Experiment on Immunization,Selecting the Most Effective Nudge,1,1
J Jesse,10.3386/w23928,Artificial Intelligence and Economic Growth,Artificial Intelligence and Economic Growth,1,1
J. C. Castillo,10.3386/w26775,Advance Market Commitments: Insights from Theory and Experience,Advance Market Commitments,1,1
J. C. Liu,10.3386/w28726,Selecting the Most Effective Nudge: Evidence from a Large-Scale Experiment on Immunization,Selecting the Most Effective Nudge,1,1
J. E. M. Robinson,10.1257/pandp.20201017,Advance Market Commitments: Insights from Theory and Experience,Advance Market Commitments,1,1
J. Gonzales,10.3386/w23928,Artificial Intelligence and Economic Growth,Artificial Intelligence and Economic Growth,1,1
J. Jackson Ewing,10.1257/aer.20221215,Does the Squeaky Wheel Get More Grease? The Direct and Indirect Effects of Citizen Participation on Environmental Governance in China,Does the Squeaky Wheel Get More Grease? The Direct and…,1,1
J. P. Sevilla,10.3386/w26775,Advance Market Commitments: Insights from Theory and Experience,Advance Market Commitments,1,1
Jack W. Scannell,10.3386/w26752,Stagnation and Scientific Incentives,Stagnation and Scientific Incentives,1,1
Jacob Bronsther,10.3386/w32450,The Macroeconomic Impact of Climate Change: Global vs. Local Temperature,The Macroeconomic Impact of Climate Change,1,1
Jacob Cates,10.1016/j.ijdrr.2022.102798,Long term cost-effectiveness of resilient foods for global catastrophes compared to artificial general intelligence safety,Long term cost-effectiveness of resilient foods for global catastrophes compared…,1,1
Jacopo Bonan,10.3386/w28726,Selecting the Most Effective Nudge: Evidence from a Large-Scale Experiment on Immunization,Selecting the Most Effective Nudge,1,1
Jae-Woong Kim,10.3386/w28106,The Comparative Impact of Cash Transfers and a Psychotherapy Program on Psychological and Economic Well-being,The Comparative Impact of Cash Transfers and a Psychotherapy Program…,1,1
Jahnab Bharadwa,10.3386/w26752,Stagnation and Scientific Incentives,Stagnation and Scientific Incentives,1,1
Jahnab Bharadwaj,10.3386/w26752,Stagnation and Scientific Incentives,Stagnation and Scientific Incentives,1,1
Jaime Ros,10.3386/w23928,Artificial Intelligence and Economic Growth,Artificial Intelligence and Economic Growth,1,1
Jaime Sevilla,10.48550/arxiv.2305.07153,Towards best practices in AGI safety and governance: A survey of expert opinion,Towards best practices in AGI safety and governance,1,1
James A. Evans,10.3386/w23928,Artificial Intelligence and Economic Growth,Artificial Intelligence and Economic Growth,1,1
James Mulhall,10.1016/j.ijdrr.2022.102798,Long term cost-effectiveness of resilient foods for global catastrophes compared to artificial general intelligence safety,Long term cost-effectiveness of resilient foods for global catastrophes compared…,1,1
James Mwera,10.3386/w28726,Selecting the Most Effective Nudge: Evidence from a Large-Scale Experiment on Immunization,Selecting the Most Effective Nudge,1,1
James R. Otieno,10.3386/w28726,Selecting the Most Effective Nudge: Evidence from a Large-Scale Experiment on Immunization,Selecting the Most Effective Nudge,1,1
James S. Potter,10.3386/w28726,Selecting the Most Effective Nudge: Evidence from a Large-Scale Experiment on Immunization,Selecting the Most Effective Nudge,1,1
James T. Erbaugh,10.1257/aer.20221215,Does the Squeaky Wheel Get More Grease? The Direct and Indirect Effects of Citizen Participation on Environmental Governance in China,Does the Squeaky Wheel Get More Grease? The Direct and…,1,1
James Throup,10.1016/j.ijdrr.2022.102798,Long term cost-effectiveness of resilient foods for global catastrophes compared to artificial general intelligence safety,Long term cost-effectiveness of resilient foods for global catastrophes compared…,1,1
James Watson,10.21203/rs.3.rs-3235955/v1,The global potential for natural regeneration in deforested tropical regions,The global potential for natural regeneration in deforested tropical regions,1,1
Jamile Youssef,10.3386/w31208,Building Resilient Education Systems: Evidence from Large-Scale Randomized Trials in Five Countries,Building Resilient Education Systems,1,1
Jan Brauner,10.48550/arxiv.2305.07153,Towards best practices in AGI safety and governance: A survey of expert opinion,Towards best practices in AGI safety and governance,1,1
Jana Cahlíková,10.3386/w28726,Selecting the Most Effective Nudge: Evidence from a Large-Scale Experiment on Immunization,Selecting the Most Effective Nudge,1,1
Jane Hammaker,10.1257/pandp.20201017,Advance Market Commitments: Insights from Theory and Experience,Advance Market Commitments,1,1
Janne Estill,10.3386/w28106,The Comparative Impact of Cash Transfers and a Psychotherapy Program on Psychological and Economic Well-being,The Comparative Impact of Cash Transfers and a Psychotherapy Program…,1,1
Jari S. Algethami,10.3386/w30835,Water Treatment And Child Mortality: A Meta-Analysis And Cost-effectiveness Analysis,Water Treatment And Child Mortality,1,1
Jason Mwanza,10.3386/w28106,The Comparative Impact of Cash Transfers and a Psychotherapy Program on Psychological and Economic Well-being,The Comparative Impact of Cash Transfers and a Psychotherapy Program…,1,1
Jason Potts,10.3386/w23928,Artificial Intelligence and Economic Growth,Artificial Intelligence and Economic Growth,1,1
Jaspreet Pannu,10.1257/pandp.20201017,Advance Market Commitments: Insights from Theory and Experience,Advance Market Commitments,1,1
Javed Hossain,10.3386/w23928,Artificial Intelligence and Economic Growth,Artificial Intelligence and Economic Growth,1,1
Javier D. Donna,10.3386/w31354,The Benefits and Costs of Guest Worker Programs: Experimental Evidence from the India-UAE Migration Corridor,The Benefits and Costs of Guest Worker Programs,1,1
Jean N. Lee,10.3386/w23929,Effects of Emigration on Rural Labor Markets,Effects of Emigration on Rural Labor Markets,1,1
Jean Nahrae Lee,10.3386/w26775,Advance Market Commitments: Insights from Theory and Experience,Advance Market Commitments,1,1
Jean Robert Kala Kamdjoug,10.3386/w23928,Artificial Intelligence and Economic Growth,Artificial Intelligence and Economic Growth,1,1
Jean-Luc Tavernier,10.3386/w23928,Artificial Intelligence and Economic Growth,Artificial Intelligence and Economic Growth,1,1
Jean-Pierre Landau,10.3386/w32450,The Macroeconomic Impact of Climate Change: Global vs. Local Temperature,The Macroeconomic Impact of Climate Change,1,1
Jeff Clune,10.48550/arxiv.2305.07153,Towards best practices in AGI safety and governance: A survey of expert opinion,Towards best practices in AGI safety and governance,1,1
Jeff Malpas,10.3386/w26752,Stagnation and Scientific Incentives,Stagnation and Scientific Incentives,1,1
Jeffray Behr,10.1016/j.ijdrr.2022.102798,Long term cost-effectiveness of resilient foods for global catastrophes compared to artificial general intelligence safety,Long term cost-effectiveness of resilient foods for global catastrophes compared…,1,1
Jeffrey B. Liebman,10.2139/ssrn.4154000,How Effective Is (More) Money? Randomizing Unconditional Cash Transfer Amounts in the US,How Effective Is (More) Money? Randomizing Unconditional Cash Transfer Amounts…,1,1
Jeffrey R. Vincent,10.21203/rs.3.rs-3235955/v1,The global potential for natural regeneration in deforested tropical regions,The global potential for natural regeneration in deforested tropical regions,1,1
Jeffrey Sachs,10.3386/w23928,Artificial Intelligence and Economic Growth,Artificial Intelligence and Economic Growth,1,1
Jena D. Hamadani,10.3386/w28106,The Comparative Impact of Cash Transfers and a Psychotherapy Program on Psychological and Economic Well-being,The Comparative Impact of Cash Transfers and a Psychotherapy Program…,1,1
Jeng-Bau Lin,10.3386/w32450,The Macroeconomic Impact of Climate Change: Global vs. Local Temperature,The Macroeconomic Impact of Climate Change,1,1
Jenifer Clapp,10.2139/ssrn.4154000,How Effective Is (More) Money? Randomizing Unconditional Cash Transfer Amounts in the US,How Effective Is (More) Money? Randomizing Unconditional Cash Transfer Amounts…,1,1
Jenna Allard,10.3386/w23929,Effects of Emigration on Rural Labor Markets,Effects of Emigration on Rural Labor Markets,1,1
Jenna E. Forsyth,10.1093/wbro/lkae010,The Effect of Lead Exposure on Children’s Learning in the Developing World: A Meta-Analysis,The Effect of Lead Exposure on Children’s Learning in the…,1,1
Jennifer A. Campbell,10.2139/ssrn.4154000,How Effective Is (More) Money? Randomizing Unconditional Cash Transfer Amounts in the US,How Effective Is (More) Money? Randomizing Unconditional Cash Transfer Amounts…,1,1
Jennifer L. Baker,10.3386/w31162,Intergenerational Child Mortality Impacts of Deworming: Experimental Evidence from Two Decades of the Kenya Life Panel Survey,Intergenerational Child Mortality Impacts of Deworming,1,1
Jennifer L. Hay,10.2139/ssrn.3938994,Information Avoidance and Moral Behavior: Experimental Evidence from Food Choices,Information Avoidance and Moral Behavior,1,1
Jennifer T. Lai,10.3386/w23928,Artificial Intelligence and Economic Growth,Artificial Intelligence and Economic Growth,1,1
Jennifer Wilson,10.3386/w28106,The Comparative Impact of Cash Transfers and a Psychotherapy Program on Psychological and Economic Well-being,The Comparative Impact of Cash Transfers and a Psychotherapy Program…,1,1
Jenny Carolina Hernández Cardozo,10.3386/w31208,Building Resilient Education Systems: Evidence from Large-Scale Randomized Trials in Five Countries,Building Resilient Education Systems,1,1
Jeromin Zettelmeyer,10.3386/w32450,The Macroeconomic Impact of Climate Change: Global vs. Local Temperature,The Macroeconomic Impact of Climate Change,1,1
Jesmin Sultana,10.1093/wbro/lkae010,The Effect of Lead Exposure on Children’s Learning in the Developing World: A Meta-Analysis,The Effect of Lead Exposure on Children’s Learning in the…,1,1
Jess Cornaggia,10.3386/w31137,Biodiversity Risk,Biodiversity Risk,1,1
Jesse Ribot,10.1257/aer.20221215,Does the Squeaky Wheel Get More Grease? The Direct and Indirect Effects of Citizen Participation on Environmental Governance in China,Does the Squeaky Wheel Get More Grease? The Direct and…,1,1
Jessica Goldberg,10.3386/w28726,Selecting the Most Effective Nudge: Evidence from a Large-Scale Experiment on Immunization,Selecting the Most Effective Nudge,1,1
Jessica Schmeiss,10.3386/w23928,Artificial Intelligence and Economic Growth,Artificial Intelligence and Economic Growth,1,1
Jessie Sun,10.1016/j.cognition.2021.104941,Population ethical intuitions,Population ethical intuitions,1,1
Jesús Fernández‐Villaverde,10.3386/w31137,Biodiversity Risk,Biodiversity Risk,1,1
Jhonathan Rodríguez,10.1257/pandp.20201017,Advance Market Commitments: Insights from Theory and Experience,Advance Market Commitments,1,1
Ji Lu,10.1257/aer.20221215,Does the Squeaky Wheel Get More Grease? The Direct and Indirect Effects of Citizen Participation on Environmental Governance in China,Does the Squeaky Wheel Get More Grease? The Direct and…,1,1
Jia Xu,10.1093/ej/uead102,Do Celebrity Endorsements Matter? A Twitter Experiment Promoting Vaccination in Indonesia,Do Celebrity Endorsements Matter? A Twitter Experiment Promoting Vaccination in…,1,1
Jiabin Fang,10.3386/w23928,Artificial Intelligence and Economic Growth,Artificial Intelligence and Economic Growth,1,1
Jiajun Han,10.3386/w23929,Effects of Emigration on Rural Labor Markets,Effects of Emigration on Rural Labor Markets,1,1
Jiakai Zhang,10.3386/w32728,A Welfare Analysis of Policies Impacting Climate Change,A Welfare Analysis of Policies Impacting Climate Change,1,1
Jiamin Wang,10.3386/w23928,Artificial Intelligence and Economic Growth,Artificial Intelligence and Economic Growth,1,1
Jiaming Wang,10.1257/aer.20221215,Does the Squeaky Wheel Get More Grease? The Direct and Indirect Effects of Citizen Participation on Environmental Governance in China,Does the Squeaky Wheel Get More Grease? The Direct and…,1,1
Jianan Yang,10.3386/w28726,Selecting the Most Effective Nudge: Evidence from a Large-Scale Experiment on Immunization,Selecting the Most Effective Nudge,1,1
Jianbo Huang,10.1257/aer.20221215,Does the Squeaky Wheel Get More Grease? The Direct and Indirect Effects of Citizen Participation on Environmental Governance in China,Does the Squeaky Wheel Get More Grease? The Direct and…,1,1
Jianfeng Guo,10.3386/w23928,Artificial Intelligence and Economic Growth,Artificial Intelligence and Economic Growth,1,1
Jiangyuan Liang,10.1257/aer.20221215,Does the Squeaky Wheel Get More Grease? The Direct and Indirect Effects of Citizen Participation on Environmental Governance in China,Does the Squeaky Wheel Get More Grease? The Direct and…,1,1
Jianhong Qi,10.1257/aer.20221215,Does the Squeaky Wheel Get More Grease? The Direct and Indirect Effects of Citizen Participation on Environmental Governance in China,Does the Squeaky Wheel Get More Grease? The Direct and…,1,1
Jiankun Gong,10.1093/ej/uead102,Do Celebrity Endorsements Matter? A Twitter Experiment Promoting Vaccination in Indonesia,Do Celebrity Endorsements Matter? A Twitter Experiment Promoting Vaccination in…,1,1
Jianshuo Chen,10.3386/w23928,Artificial Intelligence and Economic Growth,Artificial Intelligence and Economic Growth,1,1
Jiansong Tang,10.1257/aer.20221215,Does the Squeaky Wheel Get More Grease? The Direct and Indirect Effects of Citizen Participation on Environmental Governance in China,Does the Squeaky Wheel Get More Grease? The Direct and…,1,1
Jianyong Fan,10.3386/w31899,The Effect of Public Science on Corporate R&amp;D,The Effect of Public Science on Corporate R&amp;D,1,1
Jiaofeng Pan,10.3386/w23928,Artificial Intelligence and Economic Growth,Artificial Intelligence and Economic Growth,1,1
Jiaoyun Yang,10.3386/w30011,"The Long-Run Effects of Psychotherapy on Depression, Beliefs, and Economic Outcomes","The Long-Run Effects of Psychotherapy on Depression, Beliefs, and Economic…",1,1
Jiaqi Liu,10.1257/aer.20221215,Does the Squeaky Wheel Get More Grease? The Direct and Indirect Effects of Citizen Participation on Environmental Governance in China,Does the Squeaky Wheel Get More Grease? The Direct and…,1,1
Jiaqi Zhang,10.1257/aer.20221215,Does the Squeaky Wheel Get More Grease? The Direct and Indirect Effects of Citizen Participation on Environmental Governance in China,Does the Squeaky Wheel Get More Grease? The Direct and…,1,1
Jiashun Huang,10.1257/aer.20221215,Does the Squeaky Wheel Get More Grease? The Direct and Indirect Effects of Citizen Participation on Environmental Governance in China,Does the Squeaky Wheel Get More Grease? The Direct and…,1,1
Jiawei Gao,10.3386/w23928,Artificial Intelligence and Economic Growth,Artificial Intelligence and Economic Growth,1,1
Jiayi Yan,10.1257/aer.20221215,Does the Squeaky Wheel Get More Grease? The Direct and Indirect Effects of Citizen Participation on Environmental Governance in China,Does the Squeaky Wheel Get More Grease? The Direct and…,1,1
Jiayin Zhu,10.1257/aer.20221215,Does the Squeaky Wheel Get More Grease? The Direct and Indirect Effects of Citizen Participation on Environmental Governance in China,Does the Squeaky Wheel Get More Grease? The Direct and…,1,1
Jicai Liu,10.1257/aer.20221215,Does the Squeaky Wheel Get More Grease? The Direct and Indirect Effects of Citizen Participation on Environmental Governance in China,Does the Squeaky Wheel Get More Grease? The Direct and…,1,1
Jidong Chen,10.1257/aer.20221215,Does the Squeaky Wheel Get More Grease? The Direct and Indirect Effects of Citizen Participation on Environmental Governance in China,Does the Squeaky Wheel Get More Grease? The Direct and…,1,1
Jie Gao,10.3386/w23928,Artificial Intelligence and Economic Growth,Artificial Intelligence and Economic Growth,1,1
Jie Lai,10.1257/aer.20221215,Does the Squeaky Wheel Get More Grease? The Direct and Indirect Effects of Citizen Participation on Environmental Governance in China,Does the Squeaky Wheel Get More Grease? The Direct and…,1,1
Jie Zheng,10.1257/aer.20221215,Does the Squeaky Wheel Get More Grease? The Direct and Indirect Effects of Citizen Participation on Environmental Governance in China,Does the Squeaky Wheel Get More Grease? The Direct and…,1,1
Jiefeng Kang,10.1111/conl.13077,Banning Wildlife Trade Can Boost the Unregulated Trade of Threatened Species,Banning Wildlife Trade Can Boost the Unregulated Trade of Threatened…,1,1
Jie‐Sheng Tan‐Soo,10.3386/w32728,A Welfare Analysis of Policies Impacting Climate Change,A Welfare Analysis of Policies Impacting Climate Change,1,1
Jignesh Chandarana,10.3386/w23928,Artificial Intelligence and Economic Growth,Artificial Intelligence and Economic Growth,1,1
Jigyasa Kaur,10.3386/w30011,"The Long-Run Effects of Psychotherapy on Depression, Beliefs, and Economic Outcomes","The Long-Run Effects of Psychotherapy on Depression, Beliefs, and Economic…",1,1
Jill Hoiting,10.2139/ssrn.4154000,How Effective Is (More) Money? Randomizing Unconditional Cash Transfer Amounts in the US,How Effective Is (More) Money? Randomizing Unconditional Cash Transfer Amounts…,1,1
Jin Shi,10.3386/w31137,Biodiversity Risk,Biodiversity Risk,1,1
Jin Xiao,10.1257/aer.20221215,Does the Squeaky Wheel Get More Grease? The Direct and Indirect Effects of Citizen Participation on Environmental Governance in China,Does the Squeaky Wheel Get More Grease? The Direct and…,1,1
Jin Ze-hu,10.1257/aer.20221215,Does the Squeaky Wheel Get More Grease? The Direct and Indirect Effects of Citizen Participation on Environmental Governance in China,Does the Squeaky Wheel Get More Grease? The Direct and…,1,1
Jin-Feng Huang,10.3386/w23928,Artificial Intelligence and Economic Growth,Artificial Intelligence and Economic Growth,1,1
Jincheng Li,10.1257/aer.20221215,Does the Squeaky Wheel Get More Grease? The Direct and Indirect Effects of Citizen Participation on Environmental Governance in China,Does the Squeaky Wheel Get More Grease? The Direct and…,1,1
Jinchi Dong,10.1257/aer.20221215,Does the Squeaky Wheel Get More Grease? The Direct and Indirect Effects of Citizen Participation on Environmental Governance in China,Does the Squeaky Wheel Get More Grease? The Direct and…,1,1
Jinfeng Liang,10.3386/w23928,Artificial Intelligence and Economic Growth,Artificial Intelligence and Economic Growth,1,1
Jing Lu,10.1257/aer.20221215,Does the Squeaky Wheel Get More Grease? The Direct and Indirect Effects of Citizen Participation on Environmental Governance in China,Does the Squeaky Wheel Get More Grease? The Direct and…,1,1
Jing Niu,10.3386/w23928,Artificial Intelligence and Economic Growth,Artificial Intelligence and Economic Growth,1,1
Jing Ren,10.1257/aer.20221215,Does the Squeaky Wheel Get More Grease? The Direct and Indirect Effects of Citizen Participation on Environmental Governance in China,Does the Squeaky Wheel Get More Grease? The Direct and…,1,1
Jing Xie,10.1257/aer.20221215,Does the Squeaky Wheel Get More Grease? The Direct and Indirect Effects of Citizen Participation on Environmental Governance in China,Does the Squeaky Wheel Get More Grease? The Direct and…,1,1
Jing Zhao,10.1257/aer.20221215,Does the Squeaky Wheel Get More Grease? The Direct and Indirect Effects of Citizen Participation on Environmental Governance in China,Does the Squeaky Wheel Get More Grease? The Direct and…,1,1
Jingbing Feng,10.1257/aer.20221215,Does the Squeaky Wheel Get More Grease? The Direct and Indirect Effects of Citizen Participation on Environmental Governance in China,Does the Squeaky Wheel Get More Grease? The Direct and…,1,1
Jinglei Huang,10.3386/w23928,Artificial Intelligence and Economic Growth,Artificial Intelligence and Economic Growth,1,1
Jinglong Chen,10.3386/w23928,Artificial Intelligence and Economic Growth,Artificial Intelligence and Economic Growth,1,1
Jingwei Ni,10.3386/w31137,Biodiversity Risk,Biodiversity Risk,1,1
Jingya Qian,10.1257/aer.20221215,Does the Squeaky Wheel Get More Grease? The Direct and Indirect Effects of Citizen Participation on Environmental Governance in China,Does the Squeaky Wheel Get More Grease? The Direct and…,1,1
Jinlan Ni,10.1257/aer.20221215,Does the Squeaky Wheel Get More Grease? The Direct and Indirect Effects of Citizen Participation on Environmental Governance in China,Does the Squeaky Wheel Get More Grease? The Direct and…,1,1
Jinli Wang,10.1257/aer.20221215,Does the Squeaky Wheel Get More Grease? The Direct and Indirect Effects of Citizen Participation on Environmental Governance in China,Does the Squeaky Wheel Get More Grease? The Direct and…,1,1
Jinmin Wang,10.1257/aer.20221215,Does the Squeaky Wheel Get More Grease? The Direct and Indirect Effects of Citizen Participation on Environmental Governance in China,Does the Squeaky Wheel Get More Grease? The Direct and…,1,1
Jintao Fu,10.1257/aer.20221215,Does the Squeaky Wheel Get More Grease? The Direct and Indirect Effects of Citizen Participation on Environmental Governance in China,Does the Squeaky Wheel Get More Grease? The Direct and…,1,1
Jinting Dong,10.1257/aer.20221215,Does the Squeaky Wheel Get More Grease? The Direct and Indirect Effects of Citizen Participation on Environmental Governance in China,Does the Squeaky Wheel Get More Grease? The Direct and…,1,1
Jize Jiang,10.1257/aer.20221215,Does the Squeaky Wheel Get More Grease? The Direct and Indirect Effects of Citizen Participation on Environmental Governance in China,Does the Squeaky Wheel Get More Grease? The Direct and…,1,1
Jiří Trešl,10.3386/w31137,Biodiversity Risk,Biodiversity Risk,1,1
Joan Manuel Rodríguez-Díaz,10.3386/w30835,Water Treatment And Child Mortality: A Meta-Analysis And Cost-effectiveness Analysis,Water Treatment And Child Mortality,1,1
Joan Martínez Alier,10.3386/w32450,The Macroeconomic Impact of Climate Change: Global vs. Local Temperature,The Macroeconomic Impact of Climate Change,1,1
Joanna Wang,10.3386/w23928,Artificial Intelligence and Economic Growth,Artificial Intelligence and Economic Growth,1,1
Joaquin A. Montell,10.3386/w23928,Artificial Intelligence and Economic Growth,Artificial Intelligence and Economic Growth,1,1
Jocelyn Kelley,10.3386/w30011,"The Long-Run Effects of Psychotherapy on Depression, Beliefs, and Economic Outcomes","The Long-Run Effects of Psychotherapy on Depression, Beliefs, and Economic…",1,1
Jocelyn Kelly,10.3386/w30011,"The Long-Run Effects of Psychotherapy on Depression, Beliefs, and Economic Outcomes","The Long-Run Effects of Psychotherapy on Depression, Beliefs, and Economic…",1,1
Jochen Monstadt,10.1257/aer.20221215,Does the Squeaky Wheel Get More Grease? The Direct and Indirect Effects of Citizen Participation on Environmental Governance in China,Does the Squeaky Wheel Get More Grease? The Direct and…,1,1
Joe Dodd,10.3386/w30011,"The Long-Run Effects of Psychotherapy on Depression, Beliefs, and Economic Outcomes","The Long-Run Effects of Psychotherapy on Depression, Beliefs, and Economic…",1,1
Joel Hestness,10.3386/w23928,Artificial Intelligence and Economic Growth,Artificial Intelligence and Economic Growth,1,1
Joel McGuire,10.3386/w28106,The Comparative Impact of Cash Transfers and a Psychotherapy Program on Psychological and Economic Well-being,The Comparative Impact of Cash Transfers and a Psychotherapy Program…,1,1
Joel Shapiro,10.3386/w31137,Biodiversity Risk,Biodiversity Risk,1,1
Joern Fischer,10.21203/rs.3.rs-3235955/v1,The global potential for natural regeneration in deforested tropical regions,The global potential for natural regeneration in deforested tropical regions,1,1
Johan Karlsson,10.3386/w26752,Stagnation and Scientific Incentives,Stagnation and Scientific Incentives,1,1
Johan Rockström,10.3386/w32450,The Macroeconomic Impact of Climate Change: Global vs. Local Temperature,The Macroeconomic Impact of Climate Change,1,1
Johan de Jong,10.21203/rs.3.rs-3235955/v1,The global potential for natural regeneration in deforested tropical regions,The global potential for natural regeneration in deforested tropical regions,1,1
Johanna Hedlund,10.1016/j.ijdrr.2022.102798,Long term cost-effectiveness of resilient foods for global catastrophes compared to artificial general intelligence safety,Long term cost-effectiveness of resilient foods for global catastrophes compared…,1,1
Johannes A. Jacobs,10.3386/w32450,The Macroeconomic Impact of Climate Change: Global vs. Local Temperature,The Macroeconomic Impact of Climate Change,1,1
Johannes Jaspersen,10.3386/w31137,Biodiversity Risk,Biodiversity Risk,1,1
Johannes Klausmann,10.3386/w31137,Biodiversity Risk,Biodiversity Risk,1,1
Johannes König,10.3386/w23928,Artificial Intelligence and Economic Growth,Artificial Intelligence and Economic Growth,1,1
Johannes Wimmer,10.1093/ej/uead102,Do Celebrity Endorsements Matter? A Twitter Experiment Promoting Vaccination in Indonesia,Do Celebrity Endorsements Matter? A Twitter Experiment Promoting Vaccination in…,1,1
Johannes Zimmermann,10.3386/w30011,"The Long-Run Effects of Psychotherapy on Depression, Beliefs, and Economic Outcomes","The Long-Run Effects of Psychotherapy on Depression, Beliefs, and Economic…",1,1
John A. Maluccio,10.3386/w31162,Intergenerational Child Mortality Impacts of Deworming: Experimental Evidence from Two Decades of the Kenya Life Panel Survey,Intergenerational Child Mortality Impacts of Deworming,1,1
John A. Roper,10.3386/w32450,The Macroeconomic Impact of Climate Change: Global vs. Local Temperature,The Macroeconomic Impact of Climate Change,1,1
John F. Rauthmann,10.3386/w30011,"The Long-Run Effects of Psychotherapy on Depression, Beliefs, and Economic Outcomes","The Long-Run Effects of Psychotherapy on Depression, Beliefs, and Economic…",1,1
John Floretta,10.3386/w28726,Selecting the Most Effective Nudge: Evidence from a Large-Scale Experiment on Immunization,Selecting the Most Effective Nudge,1,1
John Gathergood,10.3386/w30740,"When do ""Nudges"" Increase Welfare?","When do ""Nudges"" Increase Welfare?",1,1
John Herbohn,10.21203/rs.3.rs-3235955/v1,The global potential for natural regeneration in deforested tropical regions,The global potential for natural regeneration in deforested tropical regions,1,1
John Hoddinott,10.3386/w28106,The Comparative Impact of Cash Transfers and a Psychotherapy Program on Psychological and Economic Well-being,The Comparative Impact of Cash Transfers and a Psychotherapy Program…,1,1
John L. Campbell,10.3386/w23928,Artificial Intelligence and Economic Growth,Artificial Intelligence and Economic Growth,1,1
John Manuel Barrios,10.3386/w23928,Artificial Intelligence and Economic Growth,Artificial Intelligence and Economic Growth,1,1
John Quattrochi,10.3386/w28106,The Comparative Impact of Cash Transfers and a Psychotherapy Program on Psychological and Economic Well-being,The Comparative Impact of Cash Transfers and a Psychotherapy Program…,1,1
John R. Weisz,10.3386/w28106,The Comparative Impact of Cash Transfers and a Psychotherapy Program on Psychological and Economic Well-being,The Comparative Impact of Cash Transfers and a Psychotherapy Program…,1,1
John Zhuang Liu HKU,10.1257/aer.20221215,Does the Squeaky Wheel Get More Grease? The Direct and Indirect Effects of Citizen Participation on Environmental Governance in China,Does the Squeaky Wheel Get More Grease? The Direct and…,1,1
John‐Oliver Engler,10.1016/j.ijdrr.2022.102798,Long term cost-effectiveness of resilient foods for global catastrophes compared to artificial general intelligence safety,Long term cost-effectiveness of resilient foods for global catastrophes compared…,1,1
Jon Bielby,10.1111/conl.13077,Banning Wildlife Trade Can Boost the Unregulated Trade of Threatened Species,Banning Wildlife Trade Can Boost the Unregulated Trade of Threatened…,1,1
Jon Kleinberg,10.3386/w23928,Artificial Intelligence and Economic Growth,Artificial Intelligence and Economic Growth,1,1
Jon Kvist,10.2139/ssrn.4154000,How Effective Is (More) Money? Randomizing Unconditional Cash Transfer Amounts in the US,How Effective Is (More) Money? Randomizing Unconditional Cash Transfer Amounts…,1,1
Jonas Antanavičius,10.3386/w31899,The Effect of Public Science on Corporate R&amp;D,The Effect of Public Science on Corporate R&amp;D,1,1
Jonas B. Sandbrink,10.1257/pandp.20201017,Advance Market Commitments: Insights from Theory and Experience,Advance Market Commitments,1,1
Jonas Krogh Madsen,10.2139/ssrn.4154000,How Effective Is (More) Money? Randomizing Unconditional Cash Transfer Amounts in the US,How Effective Is (More) Money? Randomizing Unconditional Cash Transfer Amounts…,1,1
Jonas Meckling,10.3386/w26775,Advance Market Commitments: Insights from Theory and Experience,Advance Market Commitments,1,1
Jonas Schuett,10.48550/arxiv.2305.07153,Towards best practices in AGI safety and governance: A survey of expert opinion,Towards best practices in AGI safety and governance,1,1
Jonathan Goupille-Lebret,10.3386/w23928,Artificial Intelligence and Economic Growth,Artificial Intelligence and Economic Growth,1,1
Jonathan Morduch,10.3386/w23929,Effects of Emigration on Rural Labor Markets,Effects of Emigration on Rural Labor Markets,1,1
Jonathan Sotsky,10.3386/w31409,Choose Your Moments: Peer Review and Scientific Risk Taking,Choose Your Moments,1,1
Jonathan Wai,10.3386/w26752,Stagnation and Scientific Incentives,Stagnation and Scientific Incentives,1,1
Jonathan Wittau,10.3386/w26752,Stagnation and Scientific Incentives,Stagnation and Scientific Incentives,1,1
Jordy Rillaerts,10.3386/w31137,Biodiversity Risk,Biodiversity Risk,1,1
Jorge A. Meave,10.21203/rs.3.rs-3235955/v1,The global potential for natural regeneration in deforested tropical regions,The global potential for natural regeneration in deforested tropical regions,1,1
Jorge Britto,10.3386/w23928,Artificial Intelligence and Economic Growth,Artificial Intelligence and Economic Growth,1,1
Joschka Flintz,10.3386/w32728,A Welfare Analysis of Policies Impacting Climate Change,A Welfare Analysis of Policies Impacting Climate Change,1,1
Jose Manuel Ochoa‐Quintero,10.21203/rs.3.rs-3235955/v1,The global potential for natural regeneration in deforested tropical regions,The global potential for natural regeneration in deforested tropical regions,1,1
Joseph Bamidele Awotunde,10.3386/w23928,Artificial Intelligence and Economic Growth,Artificial Intelligence and Economic Growth,1,1
Joseph E. Aldy,10.3386/w26775,Advance Market Commitments: Insights from Theory and Experience,Advance Market Commitments,1,1
Joseph E. Stiglitz,10.3386/w23928,Artificial Intelligence and Economic Growth,Artificial Intelligence and Economic Growth,1,1
Joseph H. Davis,10.3386/w23928,Artificial Intelligence and Economic Growth,Artificial Intelligence and Economic Growth,1,1
Joseph Karguia,10.3386/w28726,Selecting the Most Effective Nudge: Evidence from a Large-Scale Experiment on Immunization,Selecting the Most Effective Nudge,1,1
Joseph Nyaga,10.3386/w28106,The Comparative Impact of Cash Transfers and a Psychotherapy Program on Psychological and Economic Well-being,The Comparative Impact of Cash Transfers and a Psychotherapy Program…,1,1
Joseph Shapiro,10.3386/w32728,A Welfare Analysis of Policies Impacting Climate Change,A Welfare Analysis of Policies Impacting Climate Change,1,1
Joseph Simbaya,10.3386/w28106,The Comparative Impact of Cash Transfers and a Psychotherapy Program on Psychological and Economic Well-being,The Comparative Impact of Cash Transfers and a Psychotherapy Program…,1,1
Joseph W. Bull,10.3386/w31137,Biodiversity Risk,Biodiversity Risk,1,1
Joseph Zeira,10.3386/w23928,Artificial Intelligence and Economic Growth,Artificial Intelligence and Economic Growth,1,1
Josep‐Oriol Escardíbul,10.3386/w23928,Artificial Intelligence and Economic Growth,Artificial Intelligence and Economic Growth,1,1
Josh Greenberg,10.3386/w31409,Choose Your Moments: Peer Review and Scientific Risk Taking,Choose Your Moments,1,1
Joshua D. Lambert,10.1016/j.ijdrr.2022.102798,Long term cost-effectiveness of resilient foods for global catastrophes compared to artificial general intelligence safety,Long term cost-effectiveness of resilient foods for global catastrophes compared…,1,1
Joshua Teperowski Monrad,10.1257/pandp.20201017,Advance Market Commitments: Insights from Theory and Experience,Advance Market Commitments,1,1
Josie Coburn,10.3386/w31409,Choose Your Moments: Peer Review and Scientific Risk Taking,Choose Your Moments,1,1
José Hernández‐Orallo,10.3386/w26752,Stagnation and Scientific Incentives,Stagnation and Scientific Incentives,1,1
José R. Suárez-López,10.3386/w32450,The Macroeconomic Impact of Climate Change: Global vs. Local Temperature,The Macroeconomic Impact of Climate Change,1,1
José Rômulo de Castro Vieira,10.3386/w23928,Artificial Intelligence and Economic Growth,Artificial Intelligence and Economic Growth,1,1
José Vicente Sancho Escrivá,10.3386/w23928,Artificial Intelligence and Economic Growth,Artificial Intelligence and Economic Growth,1,1
João Carlos Ferraz,10.3386/w23928,Artificial Intelligence and Economic Growth,Artificial Intelligence and Economic Growth,1,1
Juan Li,10.3386/w23928,Artificial Intelligence and Economic Growth,Artificial Intelligence and Economic Growth,1,1
Juan Manuel Guío,10.3386/w23928,Artificial Intelligence and Economic Growth,Artificial Intelligence and Economic Growth,1,1
Juan Manuel Hernández-Agramonte,10.3386/w31208,Building Resilient Education Systems: Evidence from Large-Scale Randomized Trials in Five Countries,Building Resilient Education Systems,1,1
Juan Mateos-García,10.3386/w23928,Artificial Intelligence and Economic Growth,Artificial Intelligence and Economic Growth,1,1
Juan Pablo Chauvin,10.3386/w30624,Legalizing Entrepreneurship,Legalizing Entrepreneurship,1,1
Juanjuan Meng,10.3386/w23928,Artificial Intelligence and Economic Growth,Artificial Intelligence and Economic Growth,1,1
Jukka Riekki,10.3386/w26752,Stagnation and Scientific Incentives,Stagnation and Scientific Incentives,1,1
Julia Lane,10.3386/w31409,Choose Your Moments: Peer Review and Scientific Risk Taking,Choose Your Moments,1,1
Julia Sweatman,10.3386/w26775,Advance Market Commitments: Insights from Theory and Experience,Advance Market Commitments,1,1
Julia Torracca,10.3386/w23928,Artificial Intelligence and Economic Growth,Artificial Intelligence and Economic Growth,1,1
Julia Vaillant,10.3386/w28106,The Comparative Impact of Cash Transfers and a Psychotherapy Program on Psychological and Economic Well-being,The Comparative Impact of Cash Transfers and a Psychotherapy Program…,1,1
Julian Hazell,10.48550/arxiv.2305.07153,Towards best practices in AGI safety and governance: A survey of expert opinion,Towards best practices in AGI safety and governance,1,1
Julian M. Alston,10.1257/pandp.20201017,Advance Market Commitments: Insights from Theory and Experience,Advance Market Commitments,1,1
Juliane Degner,10.3386/w30011,"The Long-Run Effects of Psychotherapy on Depression, Beliefs, and Economic Outcomes","The Long-Run Effects of Psychotherapy on Depression, Beliefs, and Economic…",1,1
Julie Chytilová,10.3386/w28726,Selecting the Most Effective Nudge: Evidence from a Large-Scale Experiment on Immunization,Selecting the Most Effective Nudge,1,1
Julie Djiriguian,10.3386/w23928,Artificial Intelligence and Economic Growth,Artificial Intelligence and Economic Growth,1,1
Julien‐François Gerber,10.3386/w32450,The Macroeconomic Impact of Climate Change: Global vs. Local Temperature,The Macroeconomic Impact of Climate Change,1,1
Julieta Vera Rueda,10.3386/w31162,Intergenerational Child Mortality Impacts of Deworming: Experimental Evidence from Two Decades of the Kenya Life Panel Survey,Intergenerational Child Mortality Impacts of Deworming,1,1
Julio González-Díaz,10.3386/w26752,Stagnation and Scientific Incentives,Stagnation and Scientific Incentives,1,1
Julius Dohbit Sama,10.3386/w28726,Selecting the Most Effective Nudge: Evidence from a Large-Scale Experiment on Immunization,Selecting the Most Effective Nudge,1,1
Jun Bi,10.1257/aer.20221215,Does the Squeaky Wheel Get More Grease? The Direct and Indirect Effects of Citizen Participation on Environmental Governance in China,Does the Squeaky Wheel Get More Grease? The Direct and…,1,1
Jun Li,10.3386/w32728,A Welfare Analysis of Policies Impacting Climate Change,A Welfare Analysis of Policies Impacting Climate Change,1,1
Jungkyu Suh,10.3386/w31899,The Effect of Public Science on Corporate R&amp;D,The Effect of Public Science on Corporate R&amp;D,1,1
Junli Cheng,10.3386/w23929,Effects of Emigration on Rural Labor Markets,Effects of Emigration on Rural Labor Markets,1,1
Junling Huang,10.1257/aer.20221215,Does the Squeaky Wheel Get More Grease? The Direct and Indirect Effects of Citizen Participation on Environmental Governance in China,Does the Squeaky Wheel Get More Grease? The Direct and…,1,1
Junming Chen,10.1257/aer.20221215,Does the Squeaky Wheel Get More Grease? The Direct and Indirect Effects of Citizen Participation on Environmental Governance in China,Does the Squeaky Wheel Get More Grease? The Direct and…,1,1
Junyan Zhang,10.3386/w26752,Stagnation and Scientific Incentives,Stagnation and Scientific Incentives,1,1
Junyi Feng,10.3386/w31137,Biodiversity Risk,Biodiversity Risk,1,1
Junyin Tan,10.3386/w23928,Artificial Intelligence and Economic Growth,Artificial Intelligence and Economic Growth,1,1
Jérémy Scheurer,10.48550/arxiv.2305.07153,Towards best practices in AGI safety and governance: A survey of expert opinion,Towards best practices in AGI safety and governance,1,1
Jörn R. Sparfeldt,10.3386/w30011,"The Long-Run Effects of Psychotherapy on Depression, Beliefs, and Economic Outcomes","The Long-Run Effects of Psychotherapy on Depression, Beliefs, and Economic…",1,1
K. Banskota,10.3386/w31137,Biodiversity Risk,Biodiversity Risk,1,1
K. K. Mahajan,10.1257/aeri.20230431,Money (Not) to Burn: Payments for Ecosystem Services to Reduce Crop Residue Burning,Money (Not) to Burn,1,1
K. Sowmya,10.3386/w23928,Artificial Intelligence and Economic Growth,Artificial Intelligence and Economic Growth,1,1
K.P. Prabheesh,10.3386/w32450,The Macroeconomic Impact of Climate Change: Global vs. Local Temperature,The Macroeconomic Impact of Climate Change,1,1
Kai Lin,10.3386/w23928,Artificial Intelligence and Economic Growth,Artificial Intelligence and Economic Growth,1,1
Kai Xu,10.1257/aer.20221215,Does the Squeaky Wheel Get More Grease? The Direct and Indirect Effects of Citizen Participation on Environmental Governance in China,Does the Squeaky Wheel Get More Grease? The Direct and…,1,1
Kaida Liang,10.1093/wbro/lkae010,The Effect of Lead Exposure on Children’s Learning in the Developing World: A Meta-Analysis,The Effect of Lead Exposure on Children’s Learning in the…,1,1
Kaidong Yu,10.1093/ej/uead102,Do Celebrity Endorsements Matter? A Twitter Experiment Promoting Vaccination in Indonesia,Do Celebrity Endorsements Matter? A Twitter Experiment Promoting Vaccination in…,1,1
Kairan Liu,10.3386/w23928,Artificial Intelligence and Economic Growth,Artificial Intelligence and Economic Growth,1,1
Kaiyuan Xiao,10.1257/aer.20221215,Does the Squeaky Wheel Get More Grease? The Direct and Indirect Effects of Citizen Participation on Environmental Governance in China,Does the Squeaky Wheel Get More Grease? The Direct and…,1,1
Kaja Kinga Jasińska,10.2139/ssrn.4154000,How Effective Is (More) Money? Randomizing Unconditional Cash Transfer Amounts in the US,How Effective Is (More) Money? Randomizing Unconditional Cash Transfer Amounts…,1,1
Kalipso Chalkidou,10.1257/pandp.20201017,Advance Market Commitments: Insights from Theory and Experience,Advance Market Commitments,1,1
Kalle Hirvonen,10.3386/w28106,The Comparative Impact of Cash Transfers and a Psychotherapy Program on Psychological and Economic Well-being,The Comparative Impact of Cash Transfers and a Psychotherapy Program…,1,1
Kalpana Balakrishnan,10.3386/w32450,The Macroeconomic Impact of Climate Change: Global vs. Local Temperature,The Macroeconomic Impact of Climate Change,1,1
Kamel Helali,10.3386/w23928,Artificial Intelligence and Economic Growth,Artificial Intelligence and Economic Growth,1,1
Kamiar Mohaddes,10.3386/w32450,The Macroeconomic Impact of Climate Change: Global vs. Local Temperature,The Macroeconomic Impact of Climate Change,1,1
Kamlesh Narwani,10.3386/w23928,Artificial Intelligence and Economic Growth,Artificial Intelligence and Economic Growth,1,1
Kangyin Dong,10.1257/aer.20221215,Does the Squeaky Wheel Get More Grease? The Direct and Indirect Effects of Citizen Participation on Environmental Governance in China,Does the Squeaky Wheel Get More Grease? The Direct and…,1,1
Kantika Khanthawithoon,10.3386/w23928,Artificial Intelligence and Economic Growth,Artificial Intelligence and Economic Growth,1,1
Kaoutar Sefrioui Boujemaa,10.3386/w23928,Artificial Intelligence and Economic Growth,Artificial Intelligence and Economic Growth,1,1
Kara Kedrick,10.3386/w26752,Stagnation and Scientific Incentives,Stagnation and Scientific Incentives,1,1
Karen Liseth Atis Ortega,10.3386/w23928,Artificial Intelligence and Economic Growth,Artificial Intelligence and Economic Growth,1,1
Karen Macours,10.3386/w31162,Intergenerational Child Mortality Impacts of Deworming: Experimental Evidence from Two Decades of the Kenya Life Panel Survey,Intergenerational Child Mortality Impacts of Deworming,1,1
Kari Heimonen,10.3386/w31137,Biodiversity Risk,Biodiversity Risk,1,1
Karlina Indraswari,10.1111/conl.13077,Banning Wildlife Trade Can Boost the Unregulated Trade of Threatened Species,Banning Wildlife Trade Can Boost the Unregulated Trade of Threatened…,1,1
Karrie A.B. Walker,10.1257/pandp.20201017,Advance Market Commitments: Insights from Theory and Experience,Advance Market Commitments,1,1
Kartik Anand,10.3386/w31137,Biodiversity Risk,Biodiversity Risk,1,1
Kat Adams Shannon,10.2139/ssrn.4154000,How Effective Is (More) Money? Randomizing Unconditional Cash Transfer Amounts in the US,How Effective Is (More) Money? Randomizing Unconditional Cash Transfer Amounts…,1,1
Katarzyna Lipowska,10.1093/ej/uead102,Do Celebrity Endorsements Matter? A Twitter Experiment Promoting Vaccination in Indonesia,Do Celebrity Endorsements Matter? A Twitter Experiment Promoting Vaccination in…,1,1
Kate Schwartz,10.3386/w31208,Building Resilient Education Systems: Evidence from Large-Scale Randomized Trials in Five Countries,Building Resilient Education Systems,1,1
Kateryna Shatnenko,10.1257/aeri.20210612,Cognitive Behavioral Therapy among Ghana's Rural Poor Is Effective Regardless of Baseline Mental Distress,Cognitive Behavioral Therapy among Ghana's Rural Poor Is Effective Regardless…,1,1
Katharina Szota,10.3386/w30011,"The Long-Run Effects of Psychotherapy on Depression, Beliefs, and Economic Outcomes","The Long-Run Effects of Psychotherapy on Depression, Beliefs, and Economic…",1,1
Katherine A. DeCelles,10.2139/ssrn.4154000,How Effective Is (More) Money? Randomizing Unconditional Cash Transfer Amounts in the US,How Effective Is (More) Money? Randomizing Unconditional Cash Transfer Amounts…,1,1
Katherine Adams Shannon,10.2139/ssrn.4154000,How Effective Is (More) Money? Randomizing Unconditional Cash Transfer Amounts in the US,How Effective Is (More) Money? Randomizing Unconditional Cash Transfer Amounts…,1,1
Katherine Calhoun,10.3386/w28106,The Comparative Impact of Cash Transfers and a Psychotherapy Program on Psychological and Economic Well-being,The Comparative Impact of Cash Transfers and a Psychotherapy Program…,1,1
Katherine E. Venturo‐Conerly,10.3386/w28106,The Comparative Impact of Cash Transfers and a Psychotherapy Program on Psychological and Economic Well-being,The Comparative Impact of Cash Transfers and a Psychotherapy Program…,1,1
Katherine L. Marshall,10.3386/w30835,Water Treatment And Child Mortality: A Meta-Analysis And Cost-effectiveness Analysis,Water Treatment And Child Mortality,1,1
Katherine Lacasse,10.3386/w32450,The Macroeconomic Impact of Climate Change: Global vs. Local Temperature,The Macroeconomic Impact of Climate Change,1,1
Katherine Meckel,10.3386/w30011,"The Long-Run Effects of Psychotherapy on Depression, Beliefs, and Economic Outcomes","The Long-Run Effects of Psychotherapy on Depression, Beliefs, and Economic…",1,1
Katherine Richard,10.2139/ssrn.4154000,How Effective Is (More) Money? Randomizing Unconditional Cash Transfer Amounts in the US,How Effective Is (More) Money? Randomizing Unconditional Cash Transfer Amounts…,1,1
Katherine Rittenhouse,10.3386/w30011,"The Long-Run Effects of Psychotherapy on Depression, Beliefs, and Economic Outcomes","The Long-Run Effects of Psychotherapy on Depression, Beliefs, and Economic…",1,1
Kathrin Grosse,10.48550/arxiv.2305.07153,Towards best practices in AGI safety and governance: A survey of expert opinion,Towards best practices in AGI safety and governance,1,1
Kathrin Wolf,10.1257/pandp.20201017,Advance Market Commitments: Insights from Theory and Experience,Advance Market Commitments,1,1
Katrine Sonne‐Hansen,10.3386/w26752,Stagnation and Scientific Incentives,Stagnation and Scientific Incentives,1,1
Katy Bergstrom,10.3386/w28726,Selecting the Most Effective Nudge: Evidence from a Large-Scale Experiment on Immunization,Selecting the Most Effective Nudge,1,1
Kazunobu Muro,10.3386/w23928,Artificial Intelligence and Economic Growth,Artificial Intelligence and Economic Growth,1,1
Ke He,10.1257/aer.20221215,Does the Squeaky Wheel Get More Grease? The Direct and Indirect Effects of Citizen Participation on Environmental Governance in China,Does the Squeaky Wheel Get More Grease? The Direct and…,1,1
Ke-Liang Wang,10.3386/w23928,Artificial Intelligence and Economic Growth,Artificial Intelligence and Economic Growth,1,1
Keita Fukasawa,10.1111/conl.13077,Banning Wildlife Trade Can Boost the Unregulated Trade of Threatened Species,Banning Wildlife Trade Can Boost the Unregulated Trade of Threatened…,1,1
Kelly Holland,10.3386/w28726,Selecting the Most Effective Nudge: Evidence from a Large-Scale Experiment on Immunization,Selecting the Most Effective Nudge,1,1
Kelly Kaila,10.3386/w28106,The Comparative Impact of Cash Transfers and a Psychotherapy Program on Psychological and Economic Well-being,The Comparative Impact of Cash Transfers and a Psychotherapy Program…,1,1
Kelly M. Doran,10.2139/ssrn.4154000,How Effective Is (More) Money? Randomizing Unconditional Cash Transfer Amounts in the US,How Effective Is (More) Money? Randomizing Unconditional Cash Transfer Amounts…,1,1
Kenichiro Onitsuka,10.3386/w23929,Effects of Emigration on Rural Labor Markets,Effects of Emigration on Rural Labor Markets,1,1
Kenneth Gillingham,10.3386/w31137,Biodiversity Risk,Biodiversity Risk,1,1
Kenneth L. Davis,10.3386/w23928,Artificial Intelligence and Economic Growth,Artificial Intelligence and Economic Growth,1,1
Keri M. Guilbault,10.3386/w26752,Stagnation and Scientific Incentives,Stagnation and Scientific Incentives,1,1
Kerong Zhang,10.3386/w23928,Artificial Intelligence and Economic Growth,Artificial Intelligence and Economic Growth,1,1
Kerstin Hötte,10.3386/w23928,Artificial Intelligence and Economic Growth,Artificial Intelligence and Economic Growth,1,1
Ketki Sheth,10.3386/w30835,Water Treatment And Child Mortality: A Meta-Analysis And Cost-effectiveness Analysis,Water Treatment And Child Mortality,1,1
Kevin Carney,10.3386/w28726,Selecting the Most Effective Nudge: Evidence from a Large-Scale Experiment on Immunization,Selecting the Most Effective Nudge,1,1
Kevin Donovan,10.3386/w23929,Effects of Emigration on Rural Labor Markets,Effects of Emigration on Rural Labor Markets,1,1
Kevin Hosford,10.3386/w26752,Stagnation and Scientific Incentives,Stagnation and Scientific Incentives,1,1
Kevin R. James,10.3386/w26752,Stagnation and Scientific Incentives,Stagnation and Scientific Incentives,1,1
Kevin Rassool,10.1016/j.ijdrr.2022.102798,Long term cost-effectiveness of resilient foods for global catastrophes compared to artificial general intelligence safety,Long term cost-effectiveness of resilient foods for global catastrophes compared…,1,1
Kevin Wei,10.48550/arxiv.2305.07153,Towards best practices in AGI safety and governance: A survey of expert opinion,Towards best practices in AGI safety and governance,1,1
Kexu Wu,10.3386/w23928,Artificial Intelligence and Economic Growth,Artificial Intelligence and Economic Growth,1,1
Keyi Tang,10.1257/aer.20221215,Does the Squeaky Wheel Get More Grease? The Direct and Indirect Effects of Citizen Participation on Environmental Governance in China,Does the Squeaky Wheel Get More Grease? The Direct and…,1,1
Khagendra Subba,10.3386/w31208,Building Resilient Education Systems: Evidence from Large-Scale Randomized Trials in Five Countries,Building Resilient Education Systems,1,1
Khalid Fardousse,10.3386/w23928,Artificial Intelligence and Economic Growth,Artificial Intelligence and Economic Growth,1,1
Khatuna Akhalaia,10.1093/wbro/lkae010,The Effect of Lead Exposure on Children’s Learning in the Developing World: A Meta-Analysis,The Effect of Lead Exposure on Children’s Learning in the…,1,1
Khine Kyaw,10.3386/w31137,Biodiversity Risk,Biodiversity Risk,1,1
Kibrom A. Abay,10.3386/w28726,Selecting the Most Effective Nudge: Evidence from a Large-Scale Experiment on Immunization,Selecting the Most Effective Nudge,1,1
Kimberly Berg,10.3386/w32450,The Macroeconomic Impact of Climate Change: Global vs. Local Temperature,The Macroeconomic Impact of Climate Change,1,1
Kiparissenia Samara,10.3386/w31899,The Effect of Public Science on Corporate R&amp;D,The Effect of Public Science on Corporate R&amp;D,1,1
Kirsten M. McMillan,10.1111/conl.13077,Banning Wildlife Trade Can Boost the Unregulated Trade of Threatened Species,Banning Wildlife Trade Can Boost the Unregulated Trade of Threatened…,1,1
Kirun Sankaran,10.1257/pandp.20201017,Advance Market Commitments: Insights from Theory and Experience,Advance Market Commitments,1,1
Klaus Kümmerer,10.21203/rs.3.rs-3235955/v1,The global potential for natural regeneration in deforested tropical regions,The global potential for natural regeneration in deforested tropical regions,1,1
Koen Maaskant,10.3386/w23929,Effects of Emigration on Rural Labor Markets,Effects of Emigration on Rural Labor Markets,1,1
Koen Schoors,10.3386/w33018,Misperceptions and Demand for Democracy under Authoritarianism,Misperceptions and Demand for Democracy under Authoritarianism,1,1
Konstantin Büchel,10.3386/w31208,Building Resilient Education Systems: Evidence from Large-Scale Randomized Trials in Five Countries,Building Resilient Education Systems,1,1
Kosuke Inoue,10.3386/w28726,Selecting the Most Effective Nudge: Evidence from a Large-Scale Experiment on Immunization,Selecting the Most Effective Nudge,1,1
Kota Mameno,10.1111/conl.13077,Banning Wildlife Trade Can Boost the Unregulated Trade of Threatened Species,Banning Wildlife Trade Can Boost the Unregulated Trade of Threatened…,1,1
Kotamarti Sushanth,10.3386/w23928,Artificial Intelligence and Economic Growth,Artificial Intelligence and Economic Growth,1,1
Kreshnik Vukatana,10.3386/w23928,Artificial Intelligence and Economic Growth,Artificial Intelligence and Economic Growth,1,1
Krishna Kumar Yadav,10.3386/w30835,Water Treatment And Child Mortality: A Meta-Analysis And Cost-effectiveness Analysis,Water Treatment And Child Mortality,1,1
Kristin Kiesel,10.3386/w30740,"When do ""Nudges"" Increase Welfare?","When do ""Nudges"" Increase Welfare?",1,1
Kristina Matuzevičiūtė,10.3386/w23928,Artificial Intelligence and Economic Growth,Artificial Intelligence and Economic Growth,1,1
Kristina Suchotzki,10.3386/w30011,"The Long-Run Effects of Psychotherapy on Depression, Beliefs, and Economic Outcomes","The Long-Run Effects of Psychotherapy on Depression, Beliefs, and Economic…",1,1
Kultar Singh,10.3386/w28726,Selecting the Most Effective Nudge: Evidence from a Large-Scale Experiment on Immunization,Selecting the Most Effective Nudge,1,1
Kumari Smita,10.3386/w30011,"The Long-Run Effects of Psychotherapy on Depression, Beliefs, and Economic Outcomes","The Long-Run Effects of Psychotherapy on Depression, Beliefs, and Economic…",1,1
Kun Yang,10.3386/w23928,Artificial Intelligence and Economic Growth,Artificial Intelligence and Economic Growth,1,1
Kyle J. Moon,10.2139/ssrn.4154000,How Effective Is (More) Money? Randomizing Unconditional Cash Transfer Amounts in the US,How Effective Is (More) Money? Randomizing Unconditional Cash Transfer Amounts…,1,1
Kyunam Kim,10.3386/w23928,Artificial Intelligence and Economic Growth,Artificial Intelligence and Economic Growth,1,1
L. Guillermo Woo-Mora,10.1093/ej/uead102,Do Celebrity Endorsements Matter? A Twitter Experiment Promoting Vaccination in Indonesia,Do Celebrity Endorsements Matter? A Twitter Experiment Promoting Vaccination in…,1,1
Lalitha Sundaram,10.1016/j.ijdrr.2022.102798,Long term cost-effectiveness of resilient foods for global catastrophes compared to artificial general intelligence safety,Long term cost-effectiveness of resilient foods for global catastrophes compared…,1,1
Lamiaa Fiala,10.3386/w32093,Cash Transfers for Child Development: Experimental Evidence from India,Cash Transfers for Child Development,1,1
Langtian Ma,10.48550/arxiv.2107.06476,Adaptability and the Pivot Penalty in Science,Adaptability and the Pivot Penalty in Science,1,1
Lara Bartels,10.3386/w30740,"When do ""Nudges"" Increase Welfare?","When do ""Nudges"" Increase Welfare?",1,1
Larissa Lushniak,10.3386/w28726,Selecting the Most Effective Nudge: Evidence from a Large-Scale Experiment on Immunization,Selecting the Most Effective Nudge,1,1
Laura Boudreau,10.3386/w23929,Effects of Emigration on Rural Labor Markets,Effects of Emigration on Rural Labor Markets,1,1
Laura Cook,10.1016/j.ijdrr.2022.102798,Long term cost-effectiveness of resilient foods for global catastrophes compared to artificial general intelligence safety,Long term cost-effectiveness of resilient foods for global catastrophes compared…,1,1
Laura Levaggi,10.3386/w31272,Pharmaceutical Pricing and R&amp;D as a Global Public Good,Pharmaceutical Pricing and R&amp;D as a Global Public Good,1,1
Laura Schechter,10.3386/w28726,Selecting the Most Effective Nudge: Evidence from a Large-Scale Experiment on Immunization,Selecting the Most Effective Nudge,1,1
Laura Stilwell,10.2139/ssrn.4154000,How Effective Is (More) Money? Randomizing Unconditional Cash Transfer Amounts in the US,How Effective Is (More) Money? Randomizing Unconditional Cash Transfer Amounts…,1,1
Laura Veldkamp,10.3386/w23928,Artificial Intelligence and Economic Growth,Artificial Intelligence and Economic Growth,1,1
Laurel Krovetz,10.1257/aeri.20210612,Cognitive Behavioral Therapy among Ghana's Rural Poor Is Effective Regardless of Baseline Mental Distress,Cognitive Behavioral Therapy among Ghana's Rural Poor Is Effective Regardless…,1,1
Lauren Coad,10.1111/conl.13077,Banning Wildlife Trade Can Boost the Unregulated Trade of Threatened Species,Banning Wildlife Trade Can Boost the Unregulated Trade of Threatened…,1,1
Lauren Meyer,10.2139/ssrn.4154000,How Effective Is (More) Money? Randomizing Unconditional Cash Transfer Amounts in the US,How Effective Is (More) Money? Randomizing Unconditional Cash Transfer Amounts…,1,1
Laurence J. Kotlikoff,10.3386/w23928,Artificial Intelligence and Economic Growth,Artificial Intelligence and Economic Growth,1,1
Lawrence O. Gostin,10.3386/w26775,Advance Market Commitments: Insights from Theory and Experience,Advance Market Commitments,1,1
Lea Samek,10.3386/w23928,Artificial Intelligence and Economic Growth,Artificial Intelligence and Economic Growth,1,1
Leah R. Rosenzweig,10.3386/w28726,Selecting the Most Effective Nudge: Evidence from a Large-Scale Experiment on Immunization,Selecting the Most Effective Nudge,1,1
Leandra Scharnhorst,10.3386/w32450,The Macroeconomic Impact of Climate Change: Global vs. Local Temperature,The Macroeconomic Impact of Climate Change,1,1
Lee Crawfurd,10.3386/w30835,Water Treatment And Child Mortality: A Meta-Analysis And Cost-effectiveness Analysis,Water Treatment And Child Mortality,1,1
Lee Sharkey,10.48550/arxiv.2305.07153,Towards best practices in AGI safety and governance: A survey of expert opinion,Towards best practices in AGI safety and governance,1,1
Lefteris Andreadis,10.3386/w23928,Artificial Intelligence and Economic Growth,Artificial Intelligence and Economic Growth,1,1
Lei Lei,10.1257/aer.20221215,Does the Squeaky Wheel Get More Grease? The Direct and Indirect Effects of Citizen Participation on Environmental Governance in China,Does the Squeaky Wheel Get More Grease? The Direct and…,1,1
Lei Liu,10.3386/w30011,"The Long-Run Effects of Psychotherapy on Depression, Beliefs, and Economic Outcomes","The Long-Run Effects of Psychotherapy on Depression, Beliefs, and Economic…",1,1
Lei Shi,10.1257/aer.20221215,Does the Squeaky Wheel Get More Grease? The Direct and Indirect Effects of Citizen Participation on Environmental Governance in China,Does the Squeaky Wheel Get More Grease? The Direct and…,1,1
Leland E. Farmer,10.1257/pandp.20201017,Advance Market Commitments: Insights from Theory and Experience,Advance Market Commitments,1,1
Lelys Dinarte-Diaz,10.3386/w28106,The Comparative Impact of Cash Transfers and a Psychotherapy Program on Psychological and Economic Well-being,The Comparative Impact of Cash Transfers and a Psychotherapy Program…,1,1
Lena Frischlich,10.3386/w30011,"The Long-Run Effects of Psychotherapy on Depression, Beliefs, and Economic Outcomes","The Long-Run Effects of Psychotherapy on Depression, Beliefs, and Economic…",1,1
Leonard E. Egede,10.2139/ssrn.4154000,How Effective Is (More) Money? Randomizing Unconditional Cash Transfer Amounts in the US,How Effective Is (More) Money? Randomizing Unconditional Cash Transfer Amounts…,1,1
Leonardo M. Giuffrida,10.1257/pandp.20201017,Advance Market Commitments: Insights from Theory and Experience,Advance Market Commitments,1,1
Leonhard Vollmer,10.1093/ej/uead102,Do Celebrity Endorsements Matter? A Twitter Experiment Promoting Vaccination in Indonesia,Do Celebrity Endorsements Matter? A Twitter Experiment Promoting Vaccination in…,1,1
Leonie Koessler,10.48550/arxiv.2305.07153,Towards best practices in AGI safety and governance: A survey of expert opinion,Towards best practices in AGI safety and governance,1,1
Li Lin,10.1257/aer.20221215,Does the Squeaky Wheel Get More Grease? The Direct and Indirect Effects of Citizen Participation on Environmental Governance in China,Does the Squeaky Wheel Get More Grease? The Direct and…,1,1
Li Sun,10.1257/aer.20221215,Does the Squeaky Wheel Get More Grease? The Direct and Indirect Effects of Citizen Participation on Environmental Governance in China,Does the Squeaky Wheel Get More Grease? The Direct and…,1,1
Lianchao Yu,10.1257/aer.20221215,Does the Squeaky Wheel Get More Grease? The Direct and Indirect Effects of Citizen Participation on Environmental Governance in China,Does the Squeaky Wheel Get More Grease? The Direct and…,1,1
Liang Liu,10.3386/w23928,Artificial Intelligence and Economic Growth,Artificial Intelligence and Economic Growth,1,1
Liangke Liu,10.1257/aer.20221215,Does the Squeaky Wheel Get More Grease? The Direct and Indirect Effects of Citizen Participation on Environmental Governance in China,Does the Squeaky Wheel Get More Grease? The Direct and…,1,1
Liangyu Jiang,10.3386/w23928,Artificial Intelligence and Economic Growth,Artificial Intelligence and Economic Growth,1,1
Lichen Qiao,10.3386/w23928,Artificial Intelligence and Economic Growth,Artificial Intelligence and Economic Growth,1,1
Lienda Bashier Eltayeb,10.3386/w30835,Water Treatment And Child Mortality: A Meta-Analysis And Cost-effectiveness Analysis,Water Treatment And Child Mortality,1,1
Lifan Shi,10.3386/w23928,Artificial Intelligence and Economic Growth,Artificial Intelligence and Economic Growth,1,1
Lili Wang,10.3386/w23928,Artificial Intelligence and Economic Growth,Artificial Intelligence and Economic Growth,1,1
Lili Xia,10.1016/j.ijdrr.2022.102798,Long term cost-effectiveness of resilient foods for global catastrophes compared to artificial general intelligence safety,Long term cost-effectiveness of resilient foods for global catastrophes compared…,1,1
Lili Yan,10.1257/aer.20221215,Does the Squeaky Wheel Get More Grease? The Direct and Indirect Effects of Citizen Participation on Environmental Governance in China,Does the Squeaky Wheel Get More Grease? The Direct and…,1,1
Lilla Bánkuty-Balogh,10.3386/w23928,Artificial Intelligence and Economic Growth,Artificial Intelligence and Economic Growth,1,1
Lilla Sarolta Bánkuty-Balogh,10.3386/w23928,Artificial Intelligence and Economic Growth,Artificial Intelligence and Economic Growth,1,1
Limei Yang,10.1257/aer.20221215,Does the Squeaky Wheel Get More Grease? The Direct and Indirect Effects of Citizen Participation on Environmental Governance in China,Does the Squeaky Wheel Get More Grease? The Direct and…,1,1
Lin Ding,10.3386/w23928,Artificial Intelligence and Economic Growth,Artificial Intelligence and Economic Growth,1,1
Lin Feng,10.3386/w23929,Effects of Emigration on Rural Labor Markets,Effects of Emigration on Rural Labor Markets,1,1
Lin Guo,10.3386/w23928,Artificial Intelligence and Economic Growth,Artificial Intelligence and Economic Growth,1,1
Lin Li,10.1257/aer.20221215,Does the Squeaky Wheel Get More Grease? The Direct and Indirect Effects of Citizen Participation on Environmental Governance in China,Does the Squeaky Wheel Get More Grease? The Direct and…,1,1
Lin Yang,10.3386/w31554,Urban Forests: Environmental Health Values and Risks,Urban Forests,1,1
Lina Garšvienė,10.3386/w23928,Artificial Intelligence and Economic Growth,Artificial Intelligence and Economic Growth,1,1
Lina Torossian,10.3386/w31208,Building Resilient Education Systems: Evidence from Large-Scale Randomized Trials in Five Countries,Building Resilient Education Systems,1,1
Linda Ponta,10.3386/w23928,Artificial Intelligence and Economic Growth,Artificial Intelligence and Economic Growth,1,1
Ling Dai,10.1257/aer.20221215,Does the Squeaky Wheel Get More Grease? The Direct and Indirect Effects of Citizen Participation on Environmental Governance in China,Does the Squeaky Wheel Get More Grease? The Direct and…,1,1
Lingqian Kong,10.1257/aer.20221215,Does the Squeaky Wheel Get More Grease? The Direct and Indirect Effects of Citizen Participation on Environmental Governance in China,Does the Squeaky Wheel Get More Grease? The Direct and…,1,1
Lingxiao Yang,10.3386/w23928,Artificial Intelligence and Economic Growth,Artificial Intelligence and Economic Growth,1,1
Lingyun Chen,10.1257/aer.20221215,Does the Squeaky Wheel Get More Grease? The Direct and Indirect Effects of Citizen Participation on Environmental Governance in China,Does the Squeaky Wheel Get More Grease? The Direct and…,1,1
Ling‐Yun He,10.3386/w23928,Artificial Intelligence and Economic Growth,Artificial Intelligence and Economic Growth,1,1
Linh Tu Ho,10.3386/w23928,Artificial Intelligence and Economic Growth,Artificial Intelligence and Economic Growth,1,1
Linh Vu,10.2139/ssrn.3938994,Information Avoidance and Moral Behavior: Experimental Evidence from Food Choices,Information Avoidance and Moral Behavior,1,1
Linjie Feng,10.1257/aer.20221215,Does the Squeaky Wheel Get More Grease? The Direct and Indirect Effects of Citizen Participation on Environmental Governance in China,Does the Squeaky Wheel Get More Grease? The Direct and…,1,1
Lint Barrage,10.1257/aeri.20230431,Money (Not) to Burn: Payments for Ecosystem Services to Reduce Crop Residue Burning,Money (Not) to Burn,1,1
Lior Horesh,10.3386/w26752,Stagnation and Scientific Incentives,Stagnation and Scientific Incentives,1,1
Lirui Jiao,10.3386/w31137,Biodiversity Risk,Biodiversity Risk,1,1
Lisa Ho,10.3386/w28726,Selecting the Most Effective Nudge: Evidence from a Large-Scale Experiment on Immunization,Selecting the Most Effective Nudge,1,1
Lisa Rogge,10.3386/w28726,Selecting the Most Effective Nudge: Evidence from a Large-Scale Experiment on Immunization,Selecting the Most Effective Nudge,1,1
Lisa Sheenan,10.3386/w31137,Biodiversity Risk,Biodiversity Risk,1,1
Lise G. Bjerregaard,10.3386/w31162,Intergenerational Child Mortality Impacts of Deworming: Experimental Evidence from Two Decades of the Kenya Life Panel Survey,Intergenerational Child Mortality Impacts of Deworming,1,1
Lisen Arnheim‐Dahlström,10.3386/w28726,Selecting the Most Effective Nudge: Evidence from a Large-Scale Experiment on Immunization,Selecting the Most Effective Nudge,1,1
Lixin Zhang,10.3386/w23928,Artificial Intelligence and Economic Growth,Artificial Intelligence and Economic Growth,1,1
Liya Miao,10.3386/w23928,Artificial Intelligence and Economic Growth,Artificial Intelligence and Economic Growth,1,1
Liz Ota,10.21203/rs.3.rs-3235955/v1,The global potential for natural regeneration in deforested tropical regions,The global potential for natural regeneration in deforested tropical regions,1,1
Long Niu,10.1257/aer.20221215,Does the Squeaky Wheel Get More Grease? The Direct and Indirect Effects of Citizen Participation on Environmental Governance in China,Does the Squeaky Wheel Get More Grease? The Direct and…,1,1
Longpeng Zhang,10.3386/w23928,Artificial Intelligence and Economic Growth,Artificial Intelligence and Economic Growth,1,1
Longzheng Du,10.3386/w23928,Artificial Intelligence and Economic Growth,Artificial Intelligence and Economic Growth,1,1
Lorenzo Rodrigo Aldeco Leo,10.1257/aeri.20230431,Money (Not) to Burn: Payments for Ecosystem Services to Reduce Crop Residue Burning,Money (Not) to Burn,1,1
Louis J. Gross,10.3386/w32450,The Macroeconomic Impact of Climate Change: Global vs. Local Temperature,The Macroeconomic Impact of Climate Change,1,1
Louis Tay,10.2139/ssrn.4154000,How Effective Is (More) Money? Randomizing Unconditional Cash Transfer Amounts in the US,How Effective Is (More) Money? Randomizing Unconditional Cash Transfer Amounts…,1,1
Louis-Maël Jean,10.3386/w28726,Selecting the Most Effective Nudge: Evidence from a Large-Scale Experiment on Immunization,Selecting the Most Effective Nudge,1,1
Lourens Poorter,10.21203/rs.3.rs-3235955/v1,The global potential for natural regeneration in deforested tropical regions,The global potential for natural regeneration in deforested tropical regions,1,1
Luca Braghieri,10.1257/aeri.20210612,Cognitive Behavioral Therapy among Ghana's Rural Poor Is Effective Regardless of Baseline Mental Distress,Cognitive Behavioral Therapy among Ghana's Rural Poor Is Effective Regardless…,1,1
Luca Farè,10.3386/w23928,Artificial Intelligence and Economic Growth,Artificial Intelligence and Economic Growth,1,1
Luca Henkel,10.3386/w32073,"Ends versus Means: Kantians, Utilitarians, and Moral Decisions",Ends versus Means,1,1
Luca Stella,10.3386/w23928,Artificial Intelligence and Economic Growth,Artificial Intelligence and Economic Growth,1,1
Lucas Hertzog,10.3386/w28106,The Comparative Impact of Cash Transfers and a Psychotherapy Program on Psychological and Economic Well-being,The Comparative Impact of Cash Transfers and a Psychotherapy Program…,1,1
Lucas Siga,10.3386/w31663,"Zero-Sum Environments, the Evolution of Effort-Suppressing Beliefs, and Economic Development","Zero-Sum Environments, the Evolution of Effort-Suppressing Beliefs, and Economic…",1,1
Lucia A. Reisch,10.3386/w30740,"When do ""Nudges"" Increase Welfare?","When do ""Nudges"" Increase Welfare?",1,1
Lucie Cluver,10.3386/w28106,The Comparative Impact of Cash Transfers and a Psychotherapy Program on Psychological and Economic Well-being,The Comparative Impact of Cash Transfers and a Psychotherapy Program…,1,1
Lucie Gadenne,10.3386/w32093,Cash Transfers for Child Development: Experimental Evidence from India,Cash Transfers for Child Development,1,1
Lucius Bushnaq,10.48550/arxiv.2305.07153,Towards best practices in AGI safety and governance: A survey of expert opinion,Towards best practices in AGI safety and governance,1,1
Lucius Caviola,10.1016/j.cognition.2021.104941,Population ethical intuitions,Population ethical intuitions,1,1
Lucy Amissah,10.21203/rs.3.rs-3235955/v1,The global potential for natural regeneration in deforested tropical regions,The global potential for natural regeneration in deforested tropical regions,1,1
Lucy Ogbu-Nwobodo,10.3386/w28726,Selecting the Most Effective Nudge: Evidence from a Large-Scale Experiment on Immunization,Selecting the Most Effective Nudge,1,1
Luis Hernando Romero Jiménez,10.21203/rs.3.rs-3235955/v1,The global potential for natural regeneration in deforested tropical regions,The global potential for natural regeneration in deforested tropical regions,1,1
Luisa Feline Freier,10.2139/ssrn.4154000,How Effective Is (More) Money? Randomizing Unconditional Cash Transfer Amounts in the US,How Effective Is (More) Money? Randomizing Unconditional Cash Transfer Amounts…,1,1
Lukas Bieringer,10.48550/arxiv.2305.07153,Towards best practices in AGI safety and governance: A survey of expert opinion,Towards best practices in AGI safety and governance,1,1
Lukas Bolte,10.3386/w30011,"The Long-Run Effects of Psychotherapy on Depression, Beliefs, and Economic Outcomes","The Long-Run Effects of Psychotherapy on Depression, Beliefs, and Economic…",1,1
Lukas Brandl-Cheng,10.3386/w23928,Artificial Intelligence and Economic Growth,Artificial Intelligence and Economic Growth,1,1
Lukas Lehner,10.2139/ssrn.4154000,How Effective Is (More) Money? Randomizing Unconditional Cash Transfer Amounts in the US,How Effective Is (More) Money? Randomizing Unconditional Cash Transfer Amounts…,1,1
Lukas Zimmermann,10.3386/w31137,Biodiversity Risk,Biodiversity Risk,1,1
Luke Munford,10.3386/w30011,"The Long-Run Effects of Psychotherapy on Depression, Beliefs, and Economic Outcomes","The Long-Run Effects of Psychotherapy on Depression, Beliefs, and Economic…",1,1
Luke R. Aldridge,10.3386/w30011,"The Long-Run Effects of Psychotherapy on Depression, Beliefs, and Economic Outcomes","The Long-Run Effects of Psychotherapy on Depression, Beliefs, and Economic…",1,1
Luping Yu,10.3386/w31137,Biodiversity Risk,Biodiversity Risk,1,1
Lutz Bornmann,10.3386/w26752,Stagnation and Scientific Incentives,Stagnation and Scientific Incentives,1,1
M Stratinaki,10.2139/ssrn.4154000,How Effective Is (More) Money? Randomizing Unconditional Cash Transfer Amounts in the US,How Effective Is (More) Money? Randomizing Unconditional Cash Transfer Amounts…,1,1
M. Granger Morgan,10.1257/pandp.20201017,Advance Market Commitments: Insights from Theory and Experience,Advance Market Commitments,1,1
M. J. Guo,10.3386/w23928,Artificial Intelligence and Economic Growth,Artificial Intelligence and Economic Growth,1,1
M. L. Rivers,10.1016/j.ijdrr.2022.102798,Long term cost-effectiveness of resilient foods for global catastrophes compared to artificial general intelligence safety,Long term cost-effectiveness of resilient foods for global catastrophes compared…,1,1
M. Link,10.3386/w23928,Artificial Intelligence and Economic Growth,Artificial Intelligence and Economic Growth,1,1
M. S. Rahman,10.3386/w23928,Artificial Intelligence and Economic Growth,Artificial Intelligence and Economic Growth,1,1
M. Taha Kasim,10.1093/ej/uead102,Do Celebrity Endorsements Matter? A Twitter Experiment Promoting Vaccination in Indonesia,Do Celebrity Endorsements Matter? A Twitter Experiment Promoting Vaccination in…,1,1
M. Xu,10.1257/aer.20221215,Does the Squeaky Wheel Get More Grease? The Direct and Indirect Effects of Citizen Participation on Environmental Governance in China,Does the Squeaky Wheel Get More Grease? The Direct and…,1,1
M.A.G. von Keyserlingk,10.1080/21606544.2022.2138980,The animal welfare cost of meat: evidence from a survey of hypothetical scenarios among Belgian consumers,The animal welfare cost of meat,1,1
M.K.G. Abbas,10.3386/w30835,Water Treatment And Child Mortality: A Meta-Analysis And Cost-effectiveness Analysis,Water Treatment And Child Mortality,1,1
Mabel Machado López,10.3386/w23928,Artificial Intelligence and Economic Growth,Artificial Intelligence and Economic Growth,1,1
Maciej Jakubowski,10.3386/w31208,Building Resilient Education Systems: Evidence from Large-Scale Randomized Trials in Five Countries,Building Resilient Education Systems,1,1
Maciej Turała,10.3386/w23928,Artificial Intelligence and Economic Growth,Artificial Intelligence and Economic Growth,1,1
Mackenzie Arnold,10.48550/arxiv.2305.07153,Towards best practices in AGI safety and governance: A survey of expert opinion,Towards best practices in AGI safety and governance,1,1
Madeline Werthschulte,10.3386/w30740,"When do ""Nudges"" Increase Welfare?","When do ""Nudges"" Increase Welfare?",1,1
Madelon Lohbeck,10.21203/rs.3.rs-3235955/v1,The global potential for natural regeneration in deforested tropical regions,The global potential for natural regeneration in deforested tropical regions,1,1
Magdalena Wache,10.1016/j.ijdrr.2022.102798,Long term cost-effectiveness of resilient foods for global catastrophes compared to artificial general intelligence safety,Long term cost-effectiveness of resilient foods for global catastrophes compared…,1,1
Magdolna Sass,10.3386/w23928,Artificial Intelligence and Economic Growth,Artificial Intelligence and Economic Growth,1,1
Maha Awjan Alreshidi,10.3386/w30835,Water Treatment And Child Mortality: A Meta-Analysis And Cost-effectiveness Analysis,Water Treatment And Child Mortality,1,1
Maha Kalai,10.3386/w23928,Artificial Intelligence and Economic Growth,Artificial Intelligence and Economic Growth,1,1
Mahamane L. Manzo,10.3386/w28726,Selecting the Most Effective Nudge: Evidence from a Large-Scale Experiment on Immunization,Selecting the Most Effective Nudge,1,1
Mahbubur Rahman,10.1093/wbro/lkae010,The Effect of Lead Exposure on Children’s Learning in the Developing World: A Meta-Analysis,The Effect of Lead Exposure on Children’s Learning in the…,1,1
Maheshwor Shrestha,10.3386/w28726,Selecting the Most Effective Nudge: Evidence from a Large-Scale Experiment on Immunization,Selecting the Most Effective Nudge,1,1
Mahmuda Mahmuda,10.3386/w28106,The Comparative Impact of Cash Transfers and a Psychotherapy Program on Psychological and Economic Well-being,The Comparative Impact of Cash Transfers and a Psychotherapy Program…,1,1
Mai Dong Tran,10.3386/w26752,Stagnation and Scientific Incentives,Stagnation and Scientific Incentives,1,1
Maja E. Marcus,10.3386/w28726,Selecting the Most Effective Nudge: Evidence from a Large-Scale Experiment on Immunization,Selecting the Most Effective Nudge,1,1
Maks Khomenko,10.3386/w26775,Advance Market Commitments: Insights from Theory and Experience,Advance Market Commitments,1,1
Malka N. Halgamuge,10.48550/arxiv.2305.07153,Towards best practices in AGI safety and governance: A survey of expert opinion,Towards best practices in AGI safety and governance,1,1
Mallikarjun Shankar,10.3386/w26752,Stagnation and Scientific Incentives,Stagnation and Scientific Incentives,1,1
Manas Kumar Yogi,10.3386/w31208,Building Resilient Education Systems: Evidence from Large-Scale Randomized Trials in Five Countries,Building Resilient Education Systems,1,1
Manaswini Rao,10.3386/w28726,Selecting the Most Effective Nudge: Evidence from a Large-Scale Experiment on Immunization,Selecting the Most Effective Nudge,1,1
Manfred Sneps-Sneppe,10.48550/arxiv.2305.07153,Towards best practices in AGI safety and governance: A survey of expert opinion,Towards best practices in AGI safety and governance,1,1
Mangadevi Atti,10.3386/w31208,Building Resilient Education Systems: Evidence from Large-Scale Randomized Trials in Five Countries,Building Resilient Education Systems,1,1
Manolis Chatzikonstantinou,10.3386/w23928,Artificial Intelligence and Economic Growth,Artificial Intelligence and Economic Growth,1,1
Maobin Wang,10.1257/aer.20221215,Does the Squeaky Wheel Get More Grease? The Direct and Indirect Effects of Citizen Participation on Environmental Governance in China,Does the Squeaky Wheel Get More Grease? The Direct and…,1,1
Maoliang Ye,10.3386/w28726,Selecting the Most Effective Nudge: Evidence from a Large-Scale Experiment on Immunization,Selecting the Most Effective Nudge,1,1
Maram Ahmed,10.1257/pandp.20201017,Advance Market Commitments: Insights from Theory and Experience,Advance Market Commitments,1,1
Marc Auboin,10.1257/pandp.20201017,Advance Market Commitments: Insights from Theory and Experience,Advance Market Commitments,1,1
Marc Edwards,10.3386/w26752,Stagnation and Scientific Incentives,Stagnation and Scientific Incentives,1,1
Marc Scheufen,10.3386/w23928,Artificial Intelligence and Economic Growth,Artificial Intelligence and Economic Growth,1,1
Marc T. Kiviniemi,10.2139/ssrn.3938994,Information Avoidance and Moral Behavior: Experimental Evidence from Food Choices,Information Avoidance and Moral Behavior,1,1
Marcel Knöchelmann,10.3386/w26752,Stagnation and Scientific Incentives,Stagnation and Scientific Incentives,1,1
Marcel Llavero‐Pasquina,10.3386/w32450,The Macroeconomic Impact of Climate Change: Global vs. Local Temperature,The Macroeconomic Impact of Climate Change,1,1
Marcello Nieddu,10.3386/w23928,Artificial Intelligence and Economic Growth,Artificial Intelligence and Economic Growth,1,1
Marcelo Villa‐Piñeros,10.21203/rs.3.rs-3235955/v1,The global potential for natural regeneration in deforested tropical regions,The global potential for natural regeneration in deforested tropical regions,1,1
Marco Iansiti,10.3386/w23928,Artificial Intelligence and Economic Growth,Artificial Intelligence and Economic Growth,1,1
Marco Raberto,10.3386/w23928,Artificial Intelligence and Economic Growth,Artificial Intelligence and Economic Growth,1,1
Marco Savorgnan,10.3386/w23928,Artificial Intelligence and Economic Growth,Artificial Intelligence and Economic Growth,1,1
Marcus Maurer,10.1093/ej/uead102,Do Celebrity Endorsements Matter? A Twitter Experiment Promoting Vaccination in Indonesia,Do Celebrity Endorsements Matter? A Twitter Experiment Promoting Vaccination in…,1,1
Margaret Hamburg,10.3386/w26775,Advance Market Commitments: Insights from Theory and Experience,Advance Market Commitments,1,1
Margaret Skutsch,10.3386/w31137,Biodiversity Risk,Biodiversity Risk,1,1
Margarita Leib,10.2139/ssrn.3938994,Information Avoidance and Moral Behavior: Experimental Evidence from Food Choices,Information Avoidance and Moral Behavior,1,1
Margot Neyret,10.3386/w31554,Urban Forests: Environmental Health Values and Risks,Urban Forests,1,1
Marguerita Lane,10.3386/w23928,Artificial Intelligence and Economic Growth,Artificial Intelligence and Economic Growth,1,1
Maria Julia de Lima Brossi,10.1016/j.ijdrr.2022.102798,Long term cost-effectiveness of resilient foods for global catastrophes compared to artificial general intelligence safety,Long term cost-effectiveness of resilient foods for global catastrophes compared…,1,1
Maria Loreto Biehl,10.3386/w31208,Building Resilient Education Systems: Evidence from Large-Scale Randomized Trials in Five Countries,Building Resilient Education Systems,1,1
Maria von Salisch,10.21203/rs.3.rs-3235955/v1,The global potential for natural regeneration in deforested tropical regions,The global potential for natural regeneration in deforested tropical regions,1,1
Marian Stamp Dawkins,10.1080/21606544.2022.2138980,The animal welfare cost of meat: evidence from a survey of hypothetical scenarios among Belgian consumers,The animal welfare cost of meat,1,1
Marie Kammer,10.3386/w31354,The Benefits and Costs of Guest Worker Programs: Experimental Evidence from the India-UAE Migration Corridor,The Benefits and Costs of Guest Worker Programs,1,1
Marina M.S. Cabral-Pinto,10.3386/w30835,Water Treatment And Child Mortality: A Meta-Analysis And Cost-effectiveness Analysis,Water Treatment And Child Mortality,1,1
Marina Schmoeller,10.21203/rs.3.rs-3235955/v1,The global potential for natural regeneration in deforested tropical regions,The global potential for natural regeneration in deforested tropical regions,1,1
Marine Casalis,10.1257/aeri.20210612,Cognitive Behavioral Therapy among Ghana's Rural Poor Is Effective Regardless of Baseline Mental Distress,Cognitive Behavioral Therapy among Ghana's Rural Poor Is Effective Regardless…,1,1
Mario Benassi,10.3386/w23928,Artificial Intelligence and Economic Growth,Artificial Intelligence and Economic Growth,1,1
Mario Macis,10.3386/w28726,Selecting the Most Effective Nudge: Evidence from a Large-Scale Experiment on Immunization,Selecting the Most Effective Nudge,1,1
Mario Schmidt,10.3386/w28106,The Comparative Impact of Cash Transfers and a Psychotherapy Program on Psychological and Economic Well-being,The Comparative Impact of Cash Transfers and a Psychotherapy Program…,1,1
Marius Hobbhahn,10.48550/arxiv.2305.07153,Towards best practices in AGI safety and governance: A survey of expert opinion,Towards best practices in AGI safety and governance,1,1
Marjorie Jauregui,10.1016/j.ijdrr.2022.102798,Long term cost-effectiveness of resilient foods for global catastrophes compared to artificial general intelligence safety,Long term cost-effectiveness of resilient foods for global catastrophes compared…,1,1
Mark A. Chen,10.3386/w23928,Artificial Intelligence and Economic Growth,Artificial Intelligence and Economic Growth,1,1
Mark Andor,10.3386/w32728,A Welfare Analysis of Policies Impacting Climate Change,A Welfare Analysis of Policies Impacting Climate Change,1,1
Mark Budolfson,10.1080/21606544.2022.2138980,The animal welfare cost of meat: evidence from a survey of hypothetical scenarios among Belgian consumers,The animal welfare cost of meat,1,1
Mark Buntaine,10.1257/aer.20221215,Does the Squeaky Wheel Get More Grease? The Direct and Indirect Effects of Citizen Participation on Environmental Governance in China,Does the Squeaky Wheel Get More Grease? The Direct and…,1,1
Mark Engelbert,10.1257/pandp.20201017,Advance Market Commitments: Insights from Theory and Experience,Advance Market Commitments,1,1
Mark Rider,10.1093/ej/uead102,Do Celebrity Endorsements Matter? A Twitter Experiment Promoting Vaccination in Indonesia,Do Celebrity Endorsements Matter? A Twitter Experiment Promoting Vaccination in…,1,1
Mark Shepard,10.3386/w30740,"When do ""Nudges"" Increase Welfare?","When do ""Nudges"" Increase Welfare?",1,1
Markus Anderljung,10.48550/arxiv.2305.07153,Towards best practices in AGI safety and governance: A survey of expert opinion,Towards best practices in AGI safety and governance,1,1
Markus Baer,10.3386/w26752,Stagnation and Scientific Incentives,Stagnation and Scientific Incentives,1,1
Markus Goldstein,10.3386/w28106,The Comparative Impact of Cash Transfers and a Psychotherapy Program on Psychological and Economic Well-being,The Comparative Impact of Cash Transfers and a Psychotherapy Program…,1,1
Marshall Burke,10.3386/w32450,The Macroeconomic Impact of Climate Change: Global vs. Local Temperature,The Macroeconomic Impact of Climate Change,1,1
Marta Götz,10.3386/w23928,Artificial Intelligence and Economic Growth,Artificial Intelligence and Economic Growth,1,1
Martin Bækgaard,10.2139/ssrn.4154000,How Effective Is (More) Money? Randomizing Unconditional Cash Transfer Amounts in the US,How Effective Is (More) Money? Randomizing Unconditional Cash Transfer Amounts…,1,1
Martin Förster,10.3386/w31272,Pharmaceutical Pricing and R&amp;D as a Global Public Good,Pharmaceutical Pricing and R&amp;D as a Global Public Good,1,1
Martin Hedlund,10.3386/w26752,Stagnation and Scientific Incentives,Stagnation and Scientific Incentives,1,1
Martin J. Field,10.3386/w28106,The Comparative Impact of Cash Transfers and a Psychotherapy Program on Psychological and Economic Well-being,The Comparative Impact of Cash Transfers and a Psychotherapy Program…,1,1
Martin Obschonka,10.3386/w23928,Artificial Intelligence and Economic Growth,Artificial Intelligence and Economic Growth,1,1
Martin Schindler,10.3386/w23928,Artificial Intelligence and Economic Growth,Artificial Intelligence and Economic Growth,1,1
Martina Bisello,10.3386/w23928,Artificial Intelligence and Economic Growth,Artificial Intelligence and Economic Growth,1,1
Martina Kirchberger,10.3386/w23929,Effects of Emigration on Rural Labor Markets,Effects of Emigration on Rural Labor Markets,1,1
Marvin Gleue,10.2139/ssrn.3938994,Information Avoidance and Moral Behavior: Experimental Evidence from Food Choices,Information Avoidance and Moral Behavior,1,1
Mary Merva,10.3386/w23928,Artificial Intelligence and Economic Growth,Artificial Intelligence and Economic Growth,1,1
Maryanne Schretzman,10.2139/ssrn.4154000,How Effective Is (More) Money? Randomizing Unconditional Cash Transfer Amounts in the US,How Effective Is (More) Money? Randomizing Unconditional Cash Transfer Amounts…,1,1
María Eugenia Sanin,10.3386/w31137,Biodiversity Risk,Biodiversity Risk,1,1
María José Escartí Fabra,10.3386/w23928,Artificial Intelligence and Economic Growth,Artificial Intelligence and Economic Growth,1,1
María Mendoza Michilot,10.3386/w23928,Artificial Intelligence and Economic Growth,Artificial Intelligence and Economic Growth,1,1
María Montoya-Aguirre,10.1093/ej/uead102,Do Celebrity Endorsements Matter? A Twitter Experiment Promoting Vaccination in Indonesia,Do Celebrity Endorsements Matter? A Twitter Experiment Promoting Vaccination in…,1,1
María T. Soto-Sanfiel,10.3386/w23928,Artificial Intelligence and Economic Growth,Artificial Intelligence and Economic Growth,1,1
María de la Iglesia-Vayá,10.3386/w23928,Artificial Intelligence and Economic Growth,Artificial Intelligence and Economic Growth,1,1
Masamine Jimba,10.3386/w28726,Selecting the Most Effective Nudge: Evidence from a Large-Scale Experiment on Immunization,Selecting the Most Effective Nudge,1,1
Massimiliano Caporin,10.3386/w31137,Biodiversity Risk,Biodiversity Risk,1,1
Mateusz Smoter,10.1093/ej/uead102,Do Celebrity Endorsements Matter? A Twitter Experiment Promoting Vaccination in Indonesia,Do Celebrity Endorsements Matter? A Twitter Experiment Promoting Vaccination in…,1,1
Mathieu Decuyper,10.21203/rs.3.rs-3235955/v1,The global potential for natural regeneration in deforested tropical regions,The global potential for natural regeneration in deforested tropical regions,1,1
Mathieu Guigourez,10.3386/w32073,"Ends versus Means: Kantians, Utilitarians, and Moral Decisions",Ends versus Means,1,1
Mathilde Pak,10.3386/w23928,Artificial Intelligence and Economic Growth,Artificial Intelligence and Economic Growth,1,1
Matilde Bombardini,10.3386/w32728,A Welfare Analysis of Policies Impacting Climate Change,A Welfare Analysis of Policies Impacting Climate Change,1,1
Matilde Giaccherini,10.3386/w30740,"When do ""Nudges"" Increase Welfare?","When do ""Nudges"" Increase Welfare?",1,1
Matt Boyd,10.1016/j.ijdrr.2022.102798,Long term cost-effectiveness of resilient foods for global catastrophes compared to artificial general intelligence safety,Long term cost-effectiveness of resilient foods for global catastrophes compared…,1,1
Matt Goldman,10.3386/w28726,Selecting the Most Effective Nudge: Evidence from a Large-Scale Experiment on Immunization,Selecting the Most Effective Nudge,1,1
Matt Sutton,10.3386/w30011,"The Long-Run Effects of Psychotherapy on Depression, Beliefs, and Economic Outcomes","The Long-Run Effects of Psychotherapy on Depression, Beliefs, and Economic…",1,1
Matt Taddy,10.3386/w28726,Selecting the Most Effective Nudge: Evidence from a Large-Scale Experiment on Immunization,Selecting the Most Effective Nudge,1,1
Matteo Crosignani,10.3386/w31137,Biodiversity Risk,Biodiversity Risk,1,1
Matthew A. Turner,10.1257/aeri.20230431,Money (Not) to Burn: Payments for Ecosystem Services to Reduce Crop Residue Burning,Money (Not) to Burn,1,1
Matthew Bird,10.2139/ssrn.4154000,How Effective Is (More) Money? Randomizing Unconditional Cash Transfer Amounts in the US,How Effective Is (More) Money? Randomizing Unconditional Cash Transfer Amounts…,1,1
Matthew Freedman,10.2139/ssrn.4154000,How Effective Is (More) Money? Randomizing Unconditional Cash Transfer Amounts in the US,How Effective Is (More) Money? Randomizing Unconditional Cash Transfer Amounts…,1,1
Matthew Gustafson,10.3386/w31137,Biodiversity Risk,Biodiversity Risk,1,1
Matthew Mitchell,10.1093/ej/uead102,Do Celebrity Endorsements Matter? A Twitter Experiment Promoting Vaccination in Indonesia,Do Celebrity Endorsements Matter? A Twitter Experiment Promoting Vaccination in…,1,1
Matthew Ridley,10.3386/w28106,The Comparative Impact of Cash Transfers and a Psychotherapy Program on Psychological and Economic Well-being,The Comparative Impact of Cash Transfers and a Psychotherapy Program…,1,1
Matí­as Busso,10.3386/w30624,Legalizing Entrepreneurship,Legalizing Entrepreneurship,1,1
Maurizio Bussolo,10.3386/w28726,Selecting the Most Effective Nudge: Evidence from a Large-Scale Experiment on Immunization,Selecting the Most Effective Nudge,1,1
Maurizio Zanardi,10.1093/ej/uead102,Do Celebrity Endorsements Matter? A Twitter Experiment Promoting Vaccination in Indonesia,Do Celebrity Endorsements Matter? A Twitter Experiment Promoting Vaccination in…,1,1
Mauro Mazzocut,10.3386/w26752,Stagnation and Scientific Incentives,Stagnation and Scientific Incentives,1,1
Max Alexander Matthey,10.1257/pandp.20201017,Advance Market Commitments: Insights from Theory and Experience,Advance Market Commitments,1,1
Max Berg,10.3386/w30011,"The Long-Run Effects of Psychotherapy on Depression, Beliefs, and Economic Outcomes","The Long-Run Effects of Psychotherapy on Depression, Beliefs, and Economic…",1,1
Max Kleinebrahm,10.3386/w32450,The Macroeconomic Impact of Climate Change: Global vs. Local Temperature,The Macroeconomic Impact of Climate Change,1,1
Maximilian Lackner,10.1016/j.ijdrr.2022.102798,Long term cost-effectiveness of resilient foods for global catastrophes compared to artificial general intelligence safety,Long term cost-effectiveness of resilient foods for global catastrophes compared…,1,1
Maximilian Maier,10.1016/j.cognition.2021.104941,Population ethical intuitions,Population ethical intuitions,1,1
Maximilian Maydanchik,10.3386/w32728,A Welfare Analysis of Policies Impacting Climate Change,A Welfare Analysis of Policies Impacting Climate Change,1,1
Maximilian Mihm,10.3386/w31663,"Zero-Sum Environments, the Evolution of Effort-Suppressing Beliefs, and Economic Development","Zero-Sum Environments, the Evolution of Effort-Suppressing Beliefs, and Economic…",1,1
Maya B Mathur,10.2139/ssrn.3938994,Information Avoidance and Moral Behavior: Experimental Evidence from Food Choices,Information Avoidance and Moral Behavior,1,1
Md Noman Hossain,10.3386/w31137,Biodiversity Risk,Biodiversity Risk,1,1
Md Rajib Kamal,10.3386/w31137,Biodiversity Risk,Biodiversity Risk,1,1
Md. Ahasan Habib,10.3386/w30835,Water Treatment And Child Mortality: A Meta-Analysis And Cost-effectiveness Analysis,Water Treatment And Child Mortality,1,1
Md. Mir Abu Raihan,10.3386/w30835,Water Treatment And Child Mortality: A Meta-Analysis And Cost-effectiveness Analysis,Water Treatment And Child Mortality,1,1
Meagan Pilar,10.3386/w28726,Selecting the Most Effective Nudge: Evidence from a Large-Scale Experiment on Immunization,Selecting the Most Effective Nudge,1,1
Meaghan Stacy,10.3386/w28106,The Comparative Impact of Cash Transfers and a Psychotherapy Program on Psychological and Economic Well-being,The Comparative Impact of Cash Transfers and a Psychotherapy Program…,1,1
Meera Mahadevan,10.1257/aeri.20230431,Money (Not) to Burn: Payments for Ecosystem Services to Reduce Crop Residue Burning,Money (Not) to Burn,1,1
Megan Lang,10.3386/w28106,The Comparative Impact of Cash Transfers and a Psychotherapy Program on Psychological and Economic Well-being,The Comparative Impact of Cash Transfers and a Psychotherapy Program…,1,1
Mehdi Raissi,10.3386/w32450,The Macroeconomic Impact of Climate Change: Global vs. Local Temperature,The Macroeconomic Impact of Climate Change,1,1
Mehmet Akif Destek,10.3386/w23928,Artificial Intelligence and Economic Growth,Artificial Intelligence and Economic Growth,1,1
Mehran Ullah,10.48550/arxiv.2305.07153,Towards best practices in AGI safety and governance: A survey of expert opinion,Towards best practices in AGI safety and governance,1,1
Mei-e Xie,10.3386/w23928,Artificial Intelligence and Economic Growth,Artificial Intelligence and Economic Growth,1,1
Meilin Jin,10.1257/aer.20221215,Does the Squeaky Wheel Get More Grease? The Direct and Indirect Effects of Citizen Participation on Environmental Governance in China,Does the Squeaky Wheel Get More Grease? The Direct and…,1,1
Melanie I. Stefan,10.3386/w26752,Stagnation and Scientific Incentives,Stagnation and Scientific Incentives,1,1
Melina Moleskis,10.2139/ssrn.4154000,How Effective Is (More) Money? Randomizing Unconditional Cash Transfer Amounts in the US,How Effective Is (More) Money? Randomizing Unconditional Cash Transfer Amounts…,1,1
Melissa Graboyes,10.3386/w28726,Selecting the Most Effective Nudge: Evidence from a Large-Scale Experiment on Immunization,Selecting the Most Effective Nudge,1,1
Meltem Ikinci,10.2139/ssrn.4154000,How Effective Is (More) Money? Randomizing Unconditional Cash Transfer Amounts in the US,How Effective Is (More) Money? Randomizing Unconditional Cash Transfer Amounts…,1,1
Meng Du,10.3386/w23928,Artificial Intelligence and Economic Growth,Artificial Intelligence and Economic Growth,1,1
Mengmeng Xie,10.3386/w23928,Artificial Intelligence and Economic Growth,Artificial Intelligence and Economic Growth,1,1
Mengting Chen,10.3386/w32728,A Welfare Analysis of Policies Impacting Climate Change,A Welfare Analysis of Policies Impacting Climate Change,1,1
Mengxia Yang,10.3386/w31899,The Effect of Public Science on Corporate R&amp;D,The Effect of Public Science on Corporate R&amp;D,1,1
Mengxu Li,10.1257/aer.20221215,Does the Squeaky Wheel Get More Grease? The Direct and Indirect Effects of Citizen Participation on Environmental Governance in China,Does the Squeaky Wheel Get More Grease? The Direct and…,1,1
Merter Mert,10.3386/w23928,Artificial Intelligence and Economic Growth,Artificial Intelligence and Economic Growth,1,1
Miaomiao Liu,10.1257/aer.20221215,Does the Squeaky Wheel Get More Grease? The Direct and Indirect Effects of Citizen Participation on Environmental Governance in China,Does the Squeaky Wheel Get More Grease? The Direct and…,1,1
Michael Aird,10.48550/arxiv.2305.07153,Towards best practices in AGI safety and governance: A survey of expert opinion,Towards best practices in AGI safety and governance,1,1
Michael B. Fisher,10.1093/wbro/lkae010,The Effect of Lead Exposure on Children’s Learning in the Developing World: A Meta-Analysis,The Effect of Lead Exposure on Children’s Learning in the…,1,1
Michael Cuna,10.3386/w32093,Cash Transfers for Child Development: Experimental Evidence from India,Cash Transfers for Child Development,1,1
Michael Gofman,10.3386/w23928,Artificial Intelligence and Economic Growth,Artificial Intelligence and Economic Growth,1,1
Michael Greene,10.2139/ssrn.4154000,How Effective Is (More) Money? Randomizing Unconditional Cash Transfer Amounts in the US,How Effective Is (More) Money? Randomizing Unconditional Cash Transfer Amounts…,1,1
Michael Kubach,10.3386/w23928,Artificial Intelligence and Economic Growth,Artificial Intelligence and Economic Growth,1,1
Michael Mies,10.3386/w31137,Biodiversity Risk,Biodiversity Risk,1,1
Michael Park,10.3386/w26752,Stagnation and Scientific Incentives,Stagnation and Scientific Incentives,1,1
Michael R. Carter,10.1257/aeri.20210612,Cognitive Behavioral Therapy among Ghana's Rural Poor Is Effective Regardless of Baseline Mental Distress,Cognitive Behavioral Therapy among Ghana's Rural Poor Is Effective Regardless…,1,1
Michael Ricks,10.3386/w32728,A Welfare Analysis of Policies Impacting Climate Change,A Welfare Analysis of Policies Impacting Climate Change,1,1
Michael Rochlitz,10.3386/w33018,Misperceptions and Demand for Democracy under Authoritarianism,Misperceptions and Demand for Democracy under Authoritarianism,1,1
Michael Siegrist,10.2139/ssrn.3938994,Information Avoidance and Moral Behavior: Experimental Evidence from Food Choices,Information Avoidance and Moral Behavior,1,1
Michael Urselmann,10.1287/mnsc.2020.00596,Does Online Fundraising Increase Charitable Giving? A Nationwide Field Experiment on Facebook,Does Online Fundraising Increase Charitable Giving? A Nationwide Field Experimen…,1,1
Michael Zaehringer,10.3386/w32450,The Macroeconomic Impact of Climate Change: Global vs. Local Temperature,The Macroeconomic Impact of Climate Change,1,1
Michal Bauer,10.3386/w28726,Selecting the Most Effective Nudge: Evidence from a Large-Scale Experiment on Immunization,Selecting the Most Effective Nudge,1,1
Michal Usowicz,10.3386/w30835,Water Treatment And Child Mortality: A Meta-Analysis And Cost-effectiveness Analysis,Water Treatment And Child Mortality,1,1
Micheal Ainomugisha,10.3386/w31208,Building Resilient Education Systems: Evidence from Large-Scale Randomized Trials in Five Countries,Building Resilient Education Systems,1,1
Michele Veldsman,10.3386/w26752,Stagnation and Scientific Incentives,Stagnation and Scientific Incentives,1,1
Michelle Cherian,10.3386/w30835,Water Treatment And Child Mortality: A Meta-Analysis And Cost-effectiveness Analysis,Water Treatment And Child Mortality,1,1
Michelle G. Craske,10.3386/w30011,"The Long-Run Effects of Psychotherapy on Depression, Beliefs, and Economic Outcomes","The Long-Run Effects of Psychotherapy on Depression, Beliefs, and Economic…",1,1
Michelle Lee,10.3386/w31554,Urban Forests: Environmental Health Values and Risks,Urban Forests,1,1
Miguel Clavero,10.1111/conl.13077,Banning Wildlife Trade Can Boost the Unregulated Trade of Threatened Species,Banning Wildlife Trade Can Boost the Unregulated Trade of Threatened…,1,1
Miguel I. Gómez,10.1257/pandp.20201017,Advance Market Commitments: Insights from Theory and Experience,Advance Market Commitments,1,1
Miguel Martínez‐Ramos,10.21203/rs.3.rs-3235955/v1,The global potential for natural regeneration in deforested tropical regions,The global potential for natural regeneration in deforested tropical regions,1,1
Miguel Székely,10.1257/pandp.20201017,Advance Market Commitments: Insights from Theory and Experience,Advance Market Commitments,1,1
Mihaï Tivadar,10.3386/w31554,Urban Forests: Environmental Health Values and Risks,Urban Forests,1,1
Mika Kunieda,10.3386/w28726,Selecting the Most Effective Nudge: Evidence from a Large-Scale Experiment on Immunization,Selecting the Most Effective Nudge,1,1
Mikel Berdud,10.1257/pandp.20201017,Advance Market Commitments: Insights from Theory and Experience,Advance Market Commitments,1,1
Mikita Balesni,10.48550/arxiv.2305.07153,Towards best practices in AGI safety and governance: A survey of expert opinion,Towards best practices in AGI safety and governance,1,1
Milena Bainduri,10.1093/wbro/lkae010,The Effect of Lead Exposure on Children’s Learning in the Developing World: A Meta-Analysis,The Effect of Lead Exposure on Children’s Learning in the…,1,1
Milojko Arsić,10.3386/w23928,Artificial Intelligence and Economic Growth,Artificial Intelligence and Economic Growth,1,1
Milton Calderón,10.3386/w31208,Building Resilient Education Systems: Evidence from Large-Scale Randomized Trials in Five Countries,Building Resilient Education Systems,1,1
Min Hu,10.3386/w30011,"The Long-Run Effects of Psychotherapy on Depression, Beliefs, and Economic Outcomes","The Long-Run Effects of Psychotherapy on Depression, Beliefs, and Economic…",1,1
Min Sok Lee,10.3386/w23929,Effects of Emigration on Rural Labor Markets,Effects of Emigration on Rural Labor Markets,1,1
Min Song,10.1257/aer.20221215,Does the Squeaky Wheel Get More Grease? The Direct and Indirect Effects of Citizen Participation on Environmental Governance in China,Does the Squeaky Wheel Get More Grease? The Direct and…,1,1
Min Zheng,10.3386/w23928,Artificial Intelligence and Economic Growth,Artificial Intelligence and Economic Growth,1,1
Minchun Han,10.3386/w23928,Artificial Intelligence and Economic Growth,Artificial Intelligence and Economic Growth,1,1
Ming Chen,10.1257/aer.20221215,Does the Squeaky Wheel Get More Grease? The Direct and Indirect Effects of Citizen Participation on Environmental Governance in China,Does the Squeaky Wheel Get More Grease? The Direct and…,1,1
Ming Li,10.3386/w23929,Effects of Emigration on Rural Labor Markets,Effects of Emigration on Rural Labor Markets,1,1
Ming Zhang,10.1257/aer.20221215,Does the Squeaky Wheel Get More Grease? The Direct and Indirect Effects of Citizen Participation on Environmental Governance in China,Does the Squeaky Wheel Get More Grease? The Direct and…,1,1
Mingchuan Yu,10.3386/w23928,Artificial Intelligence and Economic Growth,Artificial Intelligence and Economic Growth,1,1
Mingming Jiang,10.1257/aer.20221215,Does the Squeaky Wheel Get More Grease? The Direct and Indirect Effects of Citizen Participation on Environmental Governance in China,Does the Squeaky Wheel Get More Grease? The Direct and…,1,1
Mingxiao Dai,10.1257/aer.20221215,Does the Squeaky Wheel Get More Grease? The Direct and Indirect Effects of Citizen Participation on Environmental Governance in China,Does the Squeaky Wheel Get More Grease? The Direct and…,1,1
Minhao Chen,10.1257/aer.20221215,Does the Squeaky Wheel Get More Grease? The Direct and Indirect Effects of Citizen Participation on Environmental Governance in China,Does the Squeaky Wheel Get More Grease? The Direct and…,1,1
Mireia Jofre‐Bonet,10.1257/pandp.20201017,Advance Market Commitments: Insights from Theory and Experience,Advance Market Commitments,1,1
Miriam Gade,10.3386/w30011,"The Long-Run Effects of Psychotherapy on Depression, Beliefs, and Economic Outcomes","The Long-Run Effects of Psychotherapy on Depression, Beliefs, and Economic…",1,1
Miriam Marra,10.3386/w31137,Biodiversity Risk,Biodiversity Risk,1,1
Miriam Sequeira,10.1257/aeri.20210612,Cognitive Behavioral Therapy among Ghana's Rural Poor Is Effective Regardless of Baseline Mental Distress,Cognitive Behavioral Therapy among Ghana's Rural Poor Is Effective Regardless…,1,1
Miriam Wüst,10.3386/w31162,Intergenerational Child Mortality Impacts of Deworming: Experimental Evidence from Two Decades of the Kenya Life Panel Survey,Intergenerational Child Mortality Impacts of Deworming,1,1
Mitchell Hoffman,10.3386/w23928,Artificial Intelligence and Economic Growth,Artificial Intelligence and Economic Growth,1,1
Mohamed Ali Trabelsi,10.3386/w23928,Artificial Intelligence and Economic Growth,Artificial Intelligence and Economic Growth,1,1
Mohamed Wahbi,10.3386/w23928,Artificial Intelligence and Economic Growth,Artificial Intelligence and Economic Growth,1,1
Mohammad Abdul Awal Miah,10.3386/w28106,The Comparative Impact of Cash Transfers and a Psychotherapy Program on Psychological and Economic Well-being,The Comparative Impact of Cash Transfers and a Psychotherapy Program…,1,1
Mohammad Ali Al-Afeef,10.3386/w28106,The Comparative Impact of Cash Transfers and a Psychotherapy Program on Psychological and Economic Well-being,The Comparative Impact of Cash Transfers and a Psychotherapy Program…,1,1
Mohammad M. Herzallah,10.3386/w30011,"The Long-Run Effects of Psychotherapy on Depression, Beliefs, and Economic Outcomes","The Long-Run Effects of Psychotherapy on Depression, Beliefs, and Economic…",1,1
Mohammed Akallouch,10.3386/w23928,Artificial Intelligence and Economic Growth,Artificial Intelligence and Economic Growth,1,1
Mohammed Ben Ahmed,10.3386/w23928,Artificial Intelligence and Economic Growth,Artificial Intelligence and Economic Growth,1,1
Mohammed Mohsin,10.3386/w28106,The Comparative Impact of Cash Transfers and a Psychotherapy Program on Psychological and Economic Well-being,The Comparative Impact of Cash Transfers and a Psychotherapy Program…,1,1
Mohit Sood,10.3386/w30011,"The Long-Run Effects of Psychotherapy on Depression, Beliefs, and Economic Outcomes","The Long-Run Effects of Psychotherapy on Depression, Beliefs, and Economic…",1,1
Moitshepi Matsheng,10.3386/w31208,Building Resilient Education Systems: Evidence from Large-Scale Randomized Trials in Five Countries,Building Resilient Education Systems,1,1
Molly Frazer,10.1257/pandp.20201017,Advance Market Commitments: Insights from Theory and Experience,Advance Market Commitments,1,1
Monica Singhal,10.3386/w32093,Cash Transfers for Child Development: Experimental Evidence from India,Cash Transfers for Child Development,1,1
Monika K. Rabarison,10.3386/w31137,Biodiversity Risk,Biodiversity Risk,1,1
Mosa Moshabela,10.3386/w28726,Selecting the Most Effective Nudge: Evidence from a Large-Scale Experiment on Immunization,Selecting the Most Effective Nudge,1,1
Moshe Tennenholtz,10.3386/w23928,Artificial Intelligence and Economic Growth,Artificial Intelligence and Economic Growth,1,1
Mouhcine Guettabi,10.2139/ssrn.4154000,How Effective Is (More) Money? Randomizing Unconditional Cash Transfer Amounts in the US,How Effective Is (More) Money? Randomizing Unconditional Cash Transfer Amounts…,1,1
Muhammad Awais Akbar,10.48550/arxiv.2305.07153,Towards best practices in AGI safety and governance: A survey of expert opinion,Towards best practices in AGI safety and governance,1,1
Muhammad Omar,10.3386/w23928,Artificial Intelligence and Economic Growth,Artificial Intelligence and Economic Growth,1,1
Muhammad Ramzan Kalhoro,10.3386/w31137,Biodiversity Risk,Biodiversity Risk,1,1
Muhammad Waleed Younas,10.3386/w23928,Artificial Intelligence and Economic Growth,Artificial Intelligence and Economic Growth,1,1
Muhammad Waqas Khan,10.3386/w23928,Artificial Intelligence and Economic Growth,Artificial Intelligence and Economic Growth,1,1
Musharraf Cyan,10.1093/ej/uead102,Do Celebrity Endorsements Matter? A Twitter Experiment Promoting Vaccination in Indonesia,Do Celebrity Endorsements Matter? A Twitter Experiment Promoting Vaccination in…,1,1
Myles Wagner,10.3386/w30740,"When do ""Nudges"" Increase Welfare?","When do ""Nudges"" Increase Welfare?",1,1
Mylène Lagarde,10.3386/w28726,Selecting the Most Effective Nudge: Evidence from a Large-Scale Experiment on Immunization,Selecting the Most Effective Nudge,1,1
Nagendra P. Luitel,10.3386/w30011,"The Long-Run Effects of Psychotherapy on Depression, Beliefs, and Economic Outcomes","The Long-Run Effects of Psychotherapy on Depression, Beliefs, and Economic…",1,1
Najmedin Meshkati,10.3386/w32450,The Macroeconomic Impact of Climate Change: Global vs. Local Temperature,The Macroeconomic Impact of Climate Change,1,1
Namdeo Dongare,10.3386/w30011,"The Long-Run Effects of Psychotherapy on Depression, Beliefs, and Economic Outcomes","The Long-Run Effects of Psychotherapy on Depression, Beliefs, and Economic…",1,1
Nanxu Chen,10.3386/w23928,Artificial Intelligence and Economic Growth,Artificial Intelligence and Economic Growth,1,1
Naoki Kondo,10.3386/w28726,Selecting the Most Effective Nudge: Evidence from a Large-Scale Experiment on Immunization,Selecting the Most Effective Nudge,1,1
Nargess Golshan,10.3386/w31137,Biodiversity Risk,Biodiversity Risk,1,1
Natalia G. Vovchenko,10.3386/w23928,Artificial Intelligence and Economic Growth,Artificial Intelligence and Economic Growth,1,1
Natalia Rigol,10.3386/w31162,Intergenerational Child Mortality Impacts of Deworming: Experimental Evidence from Two Decades of the Kenya Life Panel Survey,Intergenerational Child Mortality Impacts of Deworming,1,1
Natalya Martynova,10.3386/w31137,Biodiversity Risk,Biodiversity Risk,1,1
Natasha C. Allard,10.2139/ssrn.3938994,Information Avoidance and Moral Behavior: Experimental Evidence from Food Choices,Information Avoidance and Moral Behavior,1,1
Natcha Connot,10.3386/w28106,The Comparative Impact of Cash Transfers and a Psychotherapy Program on Psychological and Economic Well-being,The Comparative Impact of Cash Transfers and a Psychotherapy Program…,1,1
Nathaniel Gundersen,10.3386/w32450,The Macroeconomic Impact of Climate Change: Global vs. Local Temperature,The Macroeconomic Impact of Climate Change,1,1
Nathaniel Jensen,10.1257/aeri.20210612,Cognitive Behavioral Therapy among Ghana's Rural Poor Is Effective Regardless of Baseline Mental Distress,Cognitive Behavioral Therapy among Ghana's Rural Poor Is Effective Regardless…,1,1
Naureen Karachiwalla,10.3386/w28106,The Comparative Impact of Cash Transfers and a Psychotherapy Program on Psychological and Economic Well-being,The Comparative Impact of Cash Transfers and a Psychotherapy Program…,1,1
Naveed Abbas,10.3386/w23928,Artificial Intelligence and Economic Growth,Artificial Intelligence and Economic Growth,1,1
Nayantara Sarma,10.3386/w28726,Selecting the Most Effective Nudge: Evidence from a Large-Scale Experiment on Immunization,Selecting the Most Effective Nudge,1,1
Neale Mahoney,10.2139/ssrn.4154000,How Effective Is (More) Money? Randomizing Unconditional Cash Transfer Amounts in the US,How Effective Is (More) Money? Randomizing Unconditional Cash Transfer Amounts…,1,1
Neil George Cherian,10.1257/pandp.20201017,Advance Market Commitments: Insights from Theory and Experience,Advance Market Commitments,1,1
Neil Stewart,10.3386/w30740,"When do ""Nudges"" Increase Welfare?","When do ""Nudges"" Increase Welfare?",1,1
Nele Jensen,10.3386/w26775,Advance Market Commitments: Insights from Theory and Experience,Advance Market Commitments,1,1
Nelson C. Mark,10.3386/w32450,The Macroeconomic Impact of Climate Change: Global vs. Local Temperature,The Macroeconomic Impact of Climate Change,1,1
Nestor Gregorio,10.21203/rs.3.rs-3235955/v1,The global potential for natural regeneration in deforested tropical regions,The global potential for natural regeneration in deforested tropical regions,1,1
Newsha Ardalani,10.3386/w23928,Artificial Intelligence and Economic Growth,Artificial Intelligence and Economic Growth,1,1
Nguyễn Đức Trung,10.3386/w23928,Artificial Intelligence and Economic Growth,Artificial Intelligence and Economic Growth,1,1
Niall MacKenzie,10.3386/w23928,Artificial Intelligence and Economic Growth,Artificial Intelligence and Economic Growth,1,1
Nichola J. Davis,10.2139/ssrn.4154000,How Effective Is (More) Money? Randomizing Unconditional Cash Transfer Amounts in the US,How Effective Is (More) Money? Randomizing Unconditional Cash Transfer Amounts…,1,1
Nicholas Apergis,10.3386/w31137,Biodiversity Risk,Biodiversity Risk,1,1
Nicholas Calbraith Owsley,10.3386/w28106,The Comparative Impact of Cash Transfers and a Psychotherapy Program on Psychological and Economic Well-being,The Comparative Impact of Cash Transfers and a Psychotherapy Program…,1,1
Nicholas Miller,10.1093/wbro/lkae010,The Effect of Lead Exposure on Children’s Learning in the Developing World: A Meta-Analysis,The Effect of Lead Exposure on Children’s Learning in the…,1,1
Nick Tsivanidis,10.3386/w23929,Effects of Emigration on Rural Labor Markets,Effects of Emigration on Rural Labor Markets,1,1
Nico Wunderling,10.1016/j.ijdrr.2022.102798,Long term cost-effectiveness of resilient foods for global catastrophes compared to artificial general intelligence safety,Long term cost-effectiveness of resilient foods for global catastrophes compared…,1,1
Nico Zengeler,10.3386/w23928,Artificial Intelligence and Economic Growth,Artificial Intelligence and Economic Growth,1,1
Nicola Ranger,10.3386/w31137,Biodiversity Risk,Biodiversity Risk,1,1
Nicolas Longuet Marx,10.3386/w32728,A Welfare Analysis of Policies Impacting Climate Change,A Welfare Analysis of Policies Impacting Climate Change,1,1
Nicole Darmon,10.3386/w30740,"When do ""Nudges"" Increase Welfare?","When do ""Nudges"" Increase Welfare?",1,1
Nicolette J. Sullivan,10.2139/ssrn.3938994,Information Avoidance and Moral Behavior: Experimental Evidence from Food Choices,Information Avoidance and Moral Behavior,1,1
Niels Strange,10.3386/w31137,Biodiversity Risk,Biodiversity Risk,1,1
Nikolas Bernaola,10.3386/w23928,Artificial Intelligence and Economic Growth,Artificial Intelligence and Economic Growth,1,1
Nils Grashof,10.3386/w23928,Artificial Intelligence and Economic Growth,Artificial Intelligence and Economic Growth,1,1
Nina Ashley O. Dela Cruz,10.3386/w23929,Effects of Emigration on Rural Labor Markets,Effects of Emigration on Rural Labor Markets,1,1
Nina de la Cruz,10.3386/w23929,Effects of Emigration on Rural Labor Markets,Effects of Emigration on Rural Labor Markets,1,1
Ning An,10.3386/w30011,"The Long-Run Effects of Psychotherapy on Depression, Beliefs, and Economic Outcomes","The Long-Run Effects of Psychotherapy on Depression, Beliefs, and Economic…",1,1
Ning Jia,10.3386/w28726,Selecting the Most Effective Nudge: Evidence from a Large-Scale Experiment on Immunization,Selecting the Most Effective Nudge,1,1
Ning Neil Yu,10.3386/w28726,Selecting the Most Effective Nudge: Evidence from a Large-Scale Experiment on Immunization,Selecting the Most Effective Nudge,1,1
Ning Zhang,10.1257/aer.20221215,Does the Squeaky Wheel Get More Grease? The Direct and Indirect Effects of Citizen Participation on Environmental Governance in China,Does the Squeaky Wheel Get More Grease? The Direct and…,1,1
Niroshan Siva,10.1016/j.ijdrr.2022.102798,Long term cost-effectiveness of resilient foods for global catastrophes compared to artificial general intelligence safety,Long term cost-effectiveness of resilient foods for global catastrophes compared…,1,1
Nisha Nadesan-Reddy,10.3386/w28726,Selecting the Most Effective Nudge: Evidence from a Large-Scale Experiment on Immunization,Selecting the Most Effective Nudge,1,1
Nityasri Sankha Narasimhamurti,10.3386/w30011,"The Long-Run Effects of Psychotherapy on Depression, Beliefs, and Economic Outcomes","The Long-Run Effects of Psychotherapy on Depression, Beliefs, and Economic…",1,1
Noah Spencer,10.3386/w31208,Building Resilient Education Systems: Evidence from Large-Scale Randomized Trials in Five Countries,Building Resilient Education Systems,1,1
Noam Yuchtman,10.3386/w33018,Misperceptions and Demand for Democracy under Authoritarianism,Misperceptions and Demand for Democracy under Authoritarianism,1,1
Noelle Greenwood,10.1257/pandp.20201017,Advance Market Commitments: Insights from Theory and Experience,Advance Market Commitments,1,1
Noemi Dreksler,10.48550/arxiv.2305.07153,Towards best practices in AGI safety and governance: A survey of expert opinion,Towards best practices in AGI safety and governance,1,1
Nolan E. Ramer,10.2139/ssrn.3938994,Information Avoidance and Moral Behavior: Experimental Evidence from Food Choices,Information Avoidance and Moral Behavior,1,1
Noori Park,10.3386/w23928,Artificial Intelligence and Economic Growth,Artificial Intelligence and Economic Growth,1,1
Nozha Erragcha,10.3386/w23928,Artificial Intelligence and Economic Growth,Artificial Intelligence and Economic Growth,1,1
Noémi Berlin,10.3386/w30740,"When do ""Nudges"" Increase Welfare?","When do ""Nudges"" Increase Welfare?",1,1
Nripendra P. Rana,10.3386/w23928,Artificial Intelligence and Economic Growth,Artificial Intelligence and Economic Growth,1,1
Nul Loren Oh,10.1257/aeri.20210612,Cognitive Behavioral Therapy among Ghana's Rural Poor Is Effective Regardless of Baseline Mental Distress,Cognitive Behavioral Therapy among Ghana's Rural Poor Is Effective Regardless…,1,1
Nuno Crato,10.3386/w31208,Building Resilient Education Systems: Evidence from Large-Scale Randomized Trials in Five Countries,Building Resilient Education Systems,1,1
O.I. LAIKO,10.1257/aeri.20210612,Cognitive Behavioral Therapy among Ghana's Rural Poor Is Effective Regardless of Baseline Mental Distress,Cognitive Behavioral Therapy among Ghana's Rural Poor Is Effective Regardless…,1,1
OECD,10.3386/w26775,Advance Market Commitments: Insights from Theory and Experience,Advance Market Commitments,1,1
Ohid Yaqub,10.3386/w31409,Choose Your Moments: Peer Review and Scientific Risk Taking,Choose Your Moments,1,1
Ola Kheir,10.3386/w31208,Building Resilient Education Systems: Evidence from Large-Scale Randomized Trials in Five Countries,Building Resilient Education Systems,1,1
Olakunle Alonge,10.3386/w28726,Selecting the Most Effective Nudge: Evidence from a Large-Scale Experiment on Immunization,Selecting the Most Effective Nudge,1,1
Olayinka Aremu,10.3386/w31354,The Benefits and Costs of Guest Worker Programs: Experimental Evidence from the India-UAE Migration Corridor,The Benefits and Costs of Guest Worker Programs,1,1
Oleg Tolstoguzov,10.3386/w32450,The Macroeconomic Impact of Climate Change: Global vs. Local Temperature,The Macroeconomic Impact of Climate Change,1,1
Olga Andreeva,10.3386/w23928,Artificial Intelligence and Economic Growth,Artificial Intelligence and Economic Growth,1,1
Olga Chiappinelli,10.1257/pandp.20201017,Advance Market Commitments: Insights from Theory and Experience,Advance Market Commitments,1,1
Olga Namen,10.3386/w31208,Building Resilient Education Systems: Evidence from Large-Scale Randomized Trials in Five Countries,Building Resilient Education Systems,1,1
Oliver G. Spalt,10.3386/w32073,"Ends versus Means: Kantians, Utilitarians, and Moral Decisions",Ends versus Means,1,1
Oliver Hauser,10.2139/ssrn.4154000,How Effective Is (More) Money? Randomizing Unconditional Cash Transfer Amounts in the US,How Effective Is (More) Money? Randomizing Unconditional Cash Transfer Amounts…,1,1
Oliver Quiring,10.1093/ej/uead102,Do Celebrity Endorsements Matter? A Twitter Experiment Promoting Vaccination in Indonesia,Do Celebrity Endorsements Matter? A Twitter Experiment Promoting Vaccination in…,1,1
Olivia Keiser,10.3386/w28106,The Comparative Impact of Cash Transfers and a Psychotherapy Program on Psychological and Economic Well-being,The Comparative Impact of Cash Transfers and a Psychotherapy Program…,1,1
Olivia Zhao,10.1257/pandp.20201017,Advance Market Commitments: Insights from Theory and Experience,Advance Market Commitments,1,1
Olivier Wang,10.3386/w31137,Biodiversity Risk,Biodiversity Risk,1,1
Oluwafemi Folarin,10.3386/w23928,Artificial Intelligence and Economic Growth,Artificial Intelligence and Economic Growth,1,1
Oluwakemi Christiana Abikoye,10.3386/w23928,Artificial Intelligence and Economic Growth,Artificial Intelligence and Economic Growth,1,1
Omar Al‐Ubaydli,10.3386/w23929,Effects of Emigration on Rural Labor Markets,Effects of Emigration on Rural Labor Markets,1,1
Omini B. Iferi,10.1111/conl.13077,Banning Wildlife Trade Can Boost the Unregulated Trade of Threatened Species,Banning Wildlife Trade Can Boost the Unregulated Trade of Threatened…,1,1
Orestis Troumpounis,10.1093/ej/uead102,Do Celebrity Endorsements Matter? A Twitter Experiment Promoting Vaccination in Indonesia,Do Celebrity Endorsements Matter? A Twitter Experiment Promoting Vaccination in…,1,1
Orlando Gomes,10.3386/w23928,Artificial Intelligence and Economic Growth,Artificial Intelligence and Economic Growth,1,1
Oscar M Díaz-Botía,10.3386/w31162,Intergenerational Child Mortality Impacts of Deworming: Experimental Evidence from Two Decades of the Kenya Life Panel Survey,Intergenerational Child Mortality Impacts of Deworming,1,1
Osea Giuntella,10.3386/w23928,Artificial Intelligence and Economic Growth,Artificial Intelligence and Economic Growth,1,1
Owen Kay,10.3386/w32728,A Welfare Analysis of Policies Impacting Climate Change,A Welfare Analysis of Policies Impacting Climate Change,1,1
Owen O’Donnell,10.2139/ssrn.4154000,How Effective Is (More) Money? Randomizing Unconditional Cash Transfer Amounts in the US,How Effective Is (More) Money? Randomizing Unconditional Cash Transfer Amounts…,1,1
Oğuzhan Çepni,10.3386/w31137,Biodiversity Risk,Biodiversity Risk,1,1
P L Wang,10.3386/w26752,Stagnation and Scientific Incentives,Stagnation and Scientific Incentives,1,1
P. L. Ghosh,10.3386/w23928,Artificial Intelligence and Economic Growth,Artificial Intelligence and Economic Growth,1,1
P. Turner,10.2139/ssrn.4154000,How Effective Is (More) Money? Randomizing Unconditional Cash Transfer Amounts in the US,How Effective Is (More) Money? Randomizing Unconditional Cash Transfer Amounts…,1,1
P.-Z. Li,10.3386/w31137,Biodiversity Risk,Biodiversity Risk,1,1
Pablo Barredo,10.3386/w26752,Stagnation and Scientific Incentives,Stagnation and Scientific Incentives,1,1
Pablo Zoido,10.3386/w31208,Building Resilient Education Systems: Evidence from Large-Scale Randomized Trials in Five Countries,Building Resilient Education Systems,1,1
Pantelis Koutroumpis,10.3386/w23928,Artificial Intelligence and Economic Growth,Artificial Intelligence and Economic Growth,1,1
Pantelis Solomou,10.2139/ssrn.4154000,How Effective Is (More) Money? Randomizing Unconditional Cash Transfer Amounts in the US,How Effective Is (More) Money? Randomizing Unconditional Cash Transfer Amounts…,1,1
Paola Isaacs‐Cubides,10.21203/rs.3.rs-3235955/v1,The global potential for natural regeneration in deforested tropical regions,The global potential for natural regeneration in deforested tropical regions,1,1
Paolo Bocchini,10.3386/w32450,The Macroeconomic Impact of Climate Change: Global vs. Local Temperature,The Macroeconomic Impact of Climate Change,1,1
Paolo Pertile,10.3386/w31272,Pharmaceutical Pricing and R&amp;D as a Global Public Good,Pharmaceutical Pricing and R&amp;D as a Global Public Good,1,1
Paolo Santori,10.3386/w32073,"Ends versus Means: Kantians, Utilitarians, and Moral Decisions",Ends versus Means,1,1
Paravee Maneejuk,10.3386/w23928,Artificial Intelligence and Economic Growth,Artificial Intelligence and Economic Growth,1,1
Patricia Ruffing-Straube,10.3386/w31137,Biodiversity Risk,Biodiversity Risk,1,1
Patrick Agte,10.3386/w31162,Intergenerational Child Mortality Impacts of Deworming: Experimental Evidence from Two Decades of the Kenya Life Panel Survey,Intergenerational Child Mortality Impacts of Deworming,1,1
Patrick Bolton,10.3386/w32450,The Macroeconomic Impact of Climate Change: Global vs. Local Temperature,The Macroeconomic Impact of Climate Change,1,1
Patrick Bond,10.3386/w32450,The Macroeconomic Impact of Climate Change: Global vs. Local Temperature,The Macroeconomic Impact of Climate Change,1,1
Patrick Chanda,10.3386/w28106,The Comparative Impact of Cash Transfers and a Psychotherapy Program on Psychological and Economic Well-being,The Comparative Impact of Cash Transfers and a Psychotherapy Program…,1,1
Patrick Gaulé,10.1257/pandp.20201017,Advance Market Commitments: Insights from Theory and Experience,Advance Market Commitments,1,1
Patrick Illien,10.3386/w31354,The Benefits and Costs of Guest Worker Programs: Experimental Evidence from the India-UAE Migration Corridor,The Benefits and Costs of Guest Worker Programs,1,1
Patrick Levermore,10.48550/arxiv.2305.07153,Towards best practices in AGI safety and governance: A survey of expert opinion,Towards best practices in AGI safety and governance,1,1
Patrick Prémand,10.3386/w28106,The Comparative Impact of Cash Transfers and a Psychotherapy Program on Psychological and Economic Well-being,The Comparative Impact of Cash Transfers and a Psychotherapy Program…,1,1
Patrick R. Heck,10.2139/ssrn.4154000,How Effective Is (More) Money? Randomizing Unconditional Cash Transfer Amounts in the US,How Effective Is (More) Money? Randomizing Unconditional Cash Transfer Amounts…,1,1
Patrick S. Forscher,10.3386/w28106,The Comparative Impact of Cash Transfers and a Psychotherapy Program on Psychological and Economic Well-being,The Comparative Impact of Cash Transfers and a Psychotherapy Program…,1,1
Patrick Turner,10.2139/ssrn.4154000,How Effective Is (More) Money? Randomizing Unconditional Cash Transfer Amounts in the US,How Effective Is (More) Money? Randomizing Unconditional Cash Transfer Amounts…,1,1
Patrick W. Heck,10.2139/ssrn.4154000,How Effective Is (More) Money? Randomizing Unconditional Cash Transfer Amounts in the US,How Effective Is (More) Money? Randomizing Unconditional Cash Transfer Amounts…,1,1
Paul Clements,10.3386/w32450,The Macroeconomic Impact of Climate Change: Global vs. Local Temperature,The Macroeconomic Impact of Climate Change,1,1
Paul E. Carrillo,10.3386/w30624,Legalizing Entrepreneurship,Legalizing Entrepreneurship,1,1
Paul Goldsmith-Pinkham,10.3386/w28726,Selecting the Most Effective Nudge: Evidence from a Large-Scale Experiment on Immunization,Selecting the Most Effective Nudge,1,1
Paul Lohmann,10.3386/w30740,"When do ""Nudges"" Increase Welfare?","When do ""Nudges"" Increase Welfare?",1,1
Paul Seabright,10.3386/w31663,"Zero-Sum Environments, the Evolution of Effort-Suppressing Beliefs, and Economic Development","Zero-Sum Environments, the Evolution of Effort-Suppressing Beliefs, and Economic…",1,1
Paul Watters,10.48550/arxiv.2305.07153,Towards best practices in AGI safety and governance: A survey of expert opinion,Towards best practices in AGI safety and governance,1,1
Pauline Castaing,10.3386/w30835,Water Treatment And Child Mortality: A Meta-Analysis And Cost-effectiveness Analysis,Water Treatment And Child Mortality,1,1
Pavan Kumar,10.3386/w32450,The Macroeconomic Impact of Climate Change: Global vs. Local Temperature,The Macroeconomic Impact of Climate Change,1,1
Pedro A. Oliboni,10.1016/j.ijdrr.2022.102798,Long term cost-effectiveness of resilient foods for global catastrophes compared to artificial general intelligence safety,Long term cost-effectiveness of resilient foods for global catastrophes compared…,1,1
Pedro C. Vicente,10.3386/w28726,Selecting the Most Effective Nudge: Evidence from a Large-Scale Experiment on Immunization,Selecting the Most Effective Nudge,1,1
Pedro H. S. Brancalion,10.21203/rs.3.rs-3235955/v1,The global potential for natural regeneration in deforested tropical regions,The global potential for natural regeneration in deforested tropical regions,1,1
Pedro Pereira,10.3386/w31354,The Benefits and Costs of Guest Worker Programs: Experimental Evidence from the India-UAE Migration Corridor,The Benefits and Costs of Guest Worker Programs,1,1
Pei Li,10.1257/aer.20221215,Does the Squeaky Wheel Get More Grease? The Direct and Indirect Effects of Citizen Participation on Environmental Governance in China,Does the Squeaky Wheel Get More Grease? The Direct and…,1,1
Pei Xu,10.1257/aer.20221215,Does the Squeaky Wheel Get More Grease? The Direct and Indirect Effects of Citizen Participation on Environmental Governance in China,Does the Squeaky Wheel Get More Grease? The Direct and…,1,1
Peibiao Liu,10.1257/aer.20221215,Does the Squeaky Wheel Get More Grease? The Direct and Indirect Effects of Citizen Participation on Environmental Governance in China,Does the Squeaky Wheel Get More Grease? The Direct and…,1,1
Peng Lü,10.1257/aer.20221215,Does the Squeaky Wheel Get More Grease? The Direct and Indirect Effects of Citizen Participation on Environmental Governance in China,Does the Squeaky Wheel Get More Grease? The Direct and…,1,1
Peng Zhang,10.1257/aer.20221215,Does the Squeaky Wheel Get More Grease? The Direct and Indirect Effects of Citizen Participation on Environmental Governance in China,Does the Squeaky Wheel Get More Grease? The Direct and…,1,1
Pengfei Lei,10.1257/aer.20221215,Does the Squeaky Wheel Get More Grease? The Direct and Indirect Effects of Citizen Participation on Environmental Governance in China,Does the Squeaky Wheel Get More Grease? The Direct and…,1,1
Penghu Zhu,10.1257/aer.20221215,Does the Squeaky Wheel Get More Grease? The Direct and Indirect Effects of Citizen Participation on Environmental Governance in China,Does the Squeaky Wheel Get More Grease? The Direct and…,1,1
Per Andersson,10.2139/ssrn.3938994,Information Avoidance and Moral Behavior: Experimental Evidence from Food Choices,Information Avoidance and Moral Behavior,1,1
Periklis Terlixidis,10.3386/w23928,Artificial Intelligence and Economic Growth,Artificial Intelligence and Economic Growth,1,1
Peter A. Raymond,10.3386/w26775,Advance Market Commitments: Insights from Theory and Experience,Advance Market Commitments,1,1
Peter Bergman,10.3386/w31208,Building Resilient Education Systems: Evidence from Large-Scale Randomized Trials in Five Countries,Building Resilient Education Systems,1,1
Peter Cramton,10.1257/pandp.20201017,Advance Market Commitments: Insights from Theory and Experience,Advance Market Commitments,1,1
Peter Eibich,10.1257/aeri.20210612,Cognitive Behavioral Therapy among Ghana's Rural Poor Is Effective Regardless of Baseline Mental Distress,Cognitive Behavioral Therapy among Ghana's Rural Poor Is Effective Regardless…,1,1
Peter H. Howard,10.3386/w32450,The Macroeconomic Impact of Climate Change: Global vs. Local Temperature,The Macroeconomic Impact of Climate Change,1,1
Peter Hangoma,10.3386/w28726,Selecting the Most Effective Nudge: Evidence from a Large-Scale Experiment on Immunization,Selecting the Most Effective Nudge,1,1
Peter Iliev,10.3386/w31137,Biodiversity Risk,Biodiversity Risk,1,1
Peter J. Winch,10.1093/wbro/lkae010,The Effect of Lead Exposure on Children’s Learning in the Developing World: A Meta-Analysis,The Effect of Lead Exposure on Children’s Learning in the…,1,1
Peter John,10.3386/w30740,"When do ""Nudges"" Increase Welfare?","When do ""Nudges"" Increase Welfare?",1,1
Peter Kyveryga,10.3386/w26752,Stagnation and Scientific Incentives,Stagnation and Scientific Incentives,1,1
Peter Svensson,10.3386/w26752,Stagnation and Scientific Incentives,Stagnation and Scientific Incentives,1,1
Peter Van Der Windt,10.3386/w28106,The Comparative Impact of Cash Transfers and a Psychotherapy Program on Psychological and Economic Well-being,The Comparative Impact of Cash Transfers and a Psychotherapy Program…,1,1
Peter Ventevogel,10.3386/w28106,The Comparative Impact of Cash Transfers and a Psychotherapy Program on Psychological and Economic Well-being,The Comparative Impact of Cash Transfers and a Psychotherapy Program…,1,1
Peter Warren,10.1257/pandp.20201017,Advance Market Commitments: Insights from Theory and Experience,Advance Market Commitments,1,1
Peter Werner,10.2139/ssrn.3938994,Information Avoidance and Moral Behavior: Experimental Evidence from Food Choices,Information Avoidance and Moral Behavior,1,1
Peterson K Ozili,10.3386/w23928,Artificial Intelligence and Economic Growth,Artificial Intelligence and Economic Growth,1,1
Peter‐Jan Engelen,10.1257/pandp.20201017,Advance Market Commitments: Insights from Theory and Experience,Advance Market Commitments,1,1
Petre Caraiani,10.3386/w31137,Biodiversity Risk,Biodiversity Risk,1,1
Philip G. Pardey,10.1257/pandp.20201017,Advance Market Commitments: Insights from Theory and Experience,Advance Market Commitments,1,1
Philip H. S. Torr,10.48550/arxiv.2305.07153,Towards best practices in AGI safety and governance: A survey of expert opinion,Towards best practices in AGI safety and governance,1,1
Philip J. Landrigan,10.1093/wbro/lkae010,The Effect of Lead Exposure on Children’s Learning in the Developing World: A Meta-Analysis,The Effect of Lead Exposure on Children’s Learning in the…,1,1
Philip Jefferies,10.1257/aeri.20210612,Cognitive Behavioral Therapy among Ghana's Rural Poor Is Effective Regardless of Baseline Mental Distress,Cognitive Behavioral Therapy among Ghana's Rural Poor Is Effective Regardless…,1,1
Philip Oreopoulos,10.3386/w31208,Building Resilient Education Systems: Evidence from Large-Scale Randomized Trials in Five Countries,Building Resilient Education Systems,1,1
Philipp Koralus,10.3386/w30740,"When do ""Nudges"" Increase Welfare?","When do ""Nudges"" Increase Welfare?",1,1
Philipp Scharner,10.3386/w31137,Biodiversity Risk,Biodiversity Risk,1,1
Philipp Schoenegger,10.1016/j.cognition.2021.104941,Population ethical intuitions,Population ethical intuitions,1,1
Philippe Aghion,10.3386/w23928,Artificial Intelligence and Economic Growth,Artificial Intelligence and Economic Growth,1,1
Phillip Cassey,10.1111/conl.13077,Banning Wildlife Trade Can Boost the Unregulated Trade of Threatened Species,Banning Wildlife Trade Can Boost the Unregulated Trade of Threatened…,1,1
Phuoc Tran,10.3386/w23928,Artificial Intelligence and Economic Growth,Artificial Intelligence and Economic Growth,1,1
Pierre Azoulay,10.3386/w31409,Choose Your Moments: Peer Review and Scientific Risk Taking,Choose Your Moments,1,1
Pierre-Luc Vautrey,10.3386/w28726,Selecting the Most Effective Nudge: Evidence from a Large-Scale Experiment on Immunization,Selecting the Most Effective Nudge,1,1
Pierre‐Alain Pionnier,10.3386/w23928,Artificial Intelligence and Economic Growth,Artificial Intelligence and Economic Growth,1,1
Pieter Abbeel,10.48550/arxiv.2305.07153,Towards best practices in AGI safety and governance: A survey of expert opinion,Towards best practices in AGI safety and governance,1,1
Pieter Hooimeijer,10.1257/aer.20221215,Does the Squeaky Wheel Get More Grease? The Direct and Indirect Effects of Citizen Participation on Environmental Governance in China,Does the Squeaky Wheel Get More Grease? The Direct and…,1,1
Pietro Bonetti,10.1257/aer.20221215,Does the Squeaky Wheel Get More Grease? The Direct and Indirect Effects of Citizen Participation on Environmental Governance in China,Does the Squeaky Wheel Get More Grease? The Direct and…,1,1
Pijus Krūminas,10.3386/w31899,The Effect of Public Science on Corporate R&amp;D,The Effect of Public Science on Corporate R&amp;D,1,1
Ping Chen,10.3386/w23928,Artificial Intelligence and Economic Growth,Artificial Intelligence and Economic Growth,1,1
Ping Qin,10.3386/w32728,A Welfare Analysis of Policies Impacting Climate Change,A Welfare Analysis of Policies Impacting Climate Change,1,1
Pinghan Liang,10.1257/aer.20221215,Does the Squeaky Wheel Get More Grease? The Direct and Indirect Effects of Citizen Participation on Environmental Governance in China,Does the Squeaky Wheel Get More Grease? The Direct and…,1,1
Pingping Ma,10.1257/aer.20221215,Does the Squeaky Wheel Get More Grease? The Direct and Indirect Effects of Citizen Participation on Environmental Governance in China,Does the Squeaky Wheel Get More Grease? The Direct and…,1,1
Pingyi Lou,10.3386/w31137,Biodiversity Risk,Biodiversity Risk,1,1
Piotr Dworczak,10.1257/pandp.20201017,Advance Market Commitments: Insights from Theory and Experience,Advance Market Commitments,1,1
Piotr Lewandowski,10.1093/ej/uead102,Do Celebrity Endorsements Matter? A Twitter Experiment Promoting Vaccination in Indonesia,Do Celebrity Endorsements Matter? A Twitter Experiment Promoting Vaccination in…,1,1
Ponlachart Chotikarn,10.3386/w32450,The Macroeconomic Impact of Climate Change: Global vs. Local Temperature,The Macroeconomic Impact of Climate Change,1,1
Pradeep K. Chintagunta,10.3386/w28726,Selecting the Most Effective Nudge: Evidence from a Large-Scale Experiment on Immunization,Selecting the Most Effective Nudge,1,1
Pradip Poudel,10.1016/j.ijdrr.2022.102798,Long term cost-effectiveness of resilient foods for global catastrophes compared to artificial general intelligence safety,Long term cost-effectiveness of resilient foods for global catastrophes compared…,1,1
Prakashan Chellattan Veettil,10.1257/aeri.20230431,Money (Not) to Burn: Payments for Ecosystem Services to Reduce Crop Residue Burning,Money (Not) to Burn,1,1
Prasad Naik Hamsavath,10.3386/w23928,Artificial Intelligence and Economic Growth,Artificial Intelligence and Economic Growth,1,1
Prasenjit Makur,10.3386/w23928,Artificial Intelligence and Economic Growth,Artificial Intelligence and Economic Growth,1,1
Prashant Bharadwaj,10.3386/w28106,The Comparative Impact of Cash Transfers and a Psychotherapy Program on Psychological and Economic Well-being,The Comparative Impact of Cash Transfers and a Psychotherapy Program…,1,1
Prashant Sharma,10.3386/w30011,"The Long-Run Effects of Psychotherapy on Depression, Beliefs, and Economic Outcomes","The Long-Run Effects of Psychotherapy on Depression, Beliefs, and Economic…",1,1
Pratik Khanal,10.1257/aeri.20210612,Cognitive Behavioral Therapy among Ghana's Rural Poor Is Effective Regardless of Baseline Mental Distress,Cognitive Behavioral Therapy among Ghana's Rural Poor Is Effective Regardless…,1,1
Priscila B. Cano,10.3386/w26752,Stagnation and Scientific Incentives,Stagnation and Scientific Incentives,1,1
Prosun Bhattacharya,10.3386/w30835,Water Treatment And Child Mortality: A Meta-Analysis And Cost-effectiveness Analysis,Water Treatment And Child Mortality,1,1
Provash Kumer Sarker,10.3386/w23928,Artificial Intelligence and Economic Growth,Artificial Intelligence and Economic Growth,1,1
Péter Szécsi,10.2139/ssrn.4154000,How Effective Is (More) Money? Randomizing Unconditional Cash Transfer Amounts in the US,How Effective Is (More) Money? Randomizing Unconditional Cash Transfer Amounts…,1,1
Qian Liu,10.3386/w31137,Biodiversity Risk,Biodiversity Risk,1,1
Qianqian Guo,10.3386/w23928,Artificial Intelligence and Economic Growth,Artificial Intelligence and Economic Growth,1,1
Qiaoqiao Zhu,10.1257/aer.20221215,Does the Squeaky Wheel Get More Grease? The Direct and Indirect Effects of Citizen Participation on Environmental Governance in China,Does the Squeaky Wheel Get More Grease? The Direct and…,1,1
Qiaozhu Mei,10.3386/w23928,Artificial Intelligence and Economic Growth,Artificial Intelligence and Economic Growth,1,1
Qingfu Liu,10.3386/w31137,Biodiversity Risk,Biodiversity Risk,1,1
Qingjiang Han,10.3386/w23928,Artificial Intelligence and Economic Growth,Artificial Intelligence and Economic Growth,1,1
Qingyang Wu,10.3386/w23928,Artificial Intelligence and Economic Growth,Artificial Intelligence and Economic Growth,1,1
Qinlei Jing,10.1257/aer.20221215,Does the Squeaky Wheel Get More Grease? The Direct and Indirect Effects of Citizen Participation on Environmental Governance in China,Does the Squeaky Wheel Get More Grease? The Direct and…,1,1
Qiong Wu,10.1257/aer.20221215,Does the Squeaky Wheel Get More Grease? The Direct and Indirect Effects of Citizen Participation on Environmental Governance in China,Does the Squeaky Wheel Get More Grease? The Direct and…,1,1
Qiqi Gao,10.48550/arxiv.2305.07153,Towards best practices in AGI safety and governance: A survey of expert opinion,Towards best practices in AGI safety and governance,1,1
Qiqiao Lang,10.3386/w31137,Biodiversity Risk,Biodiversity Risk,1,1
Qiucen Ma,10.1257/aer.20221215,Does the Squeaky Wheel Get More Grease? The Direct and Indirect Effects of Citizen Participation on Environmental Governance in China,Does the Squeaky Wheel Get More Grease? The Direct and…,1,1
Qunli Wang,10.3386/w23928,Artificial Intelligence and Economic Growth,Artificial Intelligence and Economic Growth,1,1
R Fior,10.3386/w28726,Selecting the Most Effective Nudge: Evidence from a Large-Scale Experiment on Immunization,Selecting the Most Effective Nudge,1,1
R Liu,10.1257/aer.20221215,Does the Squeaky Wheel Get More Grease? The Direct and Indirect Effects of Citizen Participation on Environmental Governance in China,Does the Squeaky Wheel Get More Grease? The Direct and…,1,1
R. A. Kane,10.3386/w32728,A Welfare Analysis of Policies Impacting Climate Change,A Welfare Analysis of Policies Impacting Climate Change,1,1
R. K. Amit,10.1257/pandp.20201017,Advance Market Commitments: Insights from Theory and Experience,Advance Market Commitments,1,1
R.A. Farrokhnia,10.2139/ssrn.4154000,How Effective Is (More) Money? Randomizing Unconditional Cash Transfer Amounts in the US,How Effective Is (More) Money? Randomizing Unconditional Cash Transfer Amounts…,1,1
RA Farrokhnia,10.2139/ssrn.4154000,How Effective Is (More) Money? Randomizing Unconditional Cash Transfer Amounts in the US,How Effective Is (More) Money? Randomizing Unconditional Cash Transfer Amounts…,1,1
RM Ammar Zahid,10.3386/w23928,Artificial Intelligence and Economic Growth,Artificial Intelligence and Economic Growth,1,1
Raad Z. Homod,10.3386/w30835,Water Treatment And Child Mortality: A Meta-Analysis And Cost-effectiveness Analysis,Water Treatment And Child Mortality,1,1
Rabah Arezki,10.3386/w32450,The Macroeconomic Impact of Climate Change: Global vs. Local Temperature,The Macroeconomic Impact of Climate Change,1,1
Rachel Glennerster,10.3386/w26775,Advance Market Commitments: Insights from Theory and Experience,Advance Market Commitments,1,1
Rachel Heath,10.3386/w23929,Effects of Emigration on Rural Labor Markets,Effects of Emigration on Rural Labor Markets,1,1
Rachel Peletz,10.3386/w30835,Water Treatment And Child Mortality: A Meta-Analysis And Cost-effectiveness Analysis,Water Treatment And Child Mortality,1,1
Rachel Silverman,10.1257/pandp.20201017,Advance Market Commitments: Insights from Theory and Experience,Advance Market Commitments,1,1
Rachid Saadane,10.3386/w23928,Artificial Intelligence and Economic Growth,Artificial Intelligence and Economic Growth,1,1
Radosław Stupak,10.3386/w28106,The Comparative Impact of Cash Transfers and a Psychotherapy Program on Psychological and Economic Well-being,The Comparative Impact of Cash Transfers and a Psychotherapy Program…,1,1
Radu Vranceanu,10.3386/w26752,Stagnation and Scientific Incentives,Stagnation and Scientific Incentives,1,1
Rafael Valdece Sousa Bastos,10.1016/j.cognition.2021.104941,Population ethical intuitions,Population ethical intuitions,1,1
Raian Ali,10.3386/w23928,Artificial Intelligence and Economic Growth,Artificial Intelligence and Economic Growth,1,1
Rakesh Singh,10.1257/aeri.20210612,Cognitive Behavioral Therapy among Ghana's Rural Poor Is Effective Regardless of Baseline Mental Distress,Cognitive Behavioral Therapy among Ghana's Rural Poor Is Effective Regardless…,1,1
Ralph Essem Nordjo,10.3386/w31208,Building Resilient Education Systems: Evidence from Large-Scale Randomized Trials in Five Countries,Building Resilient Education Systems,1,1
Ram Eirik Glomseth,10.1016/j.ijdrr.2022.102798,Long term cost-effectiveness of resilient foods for global catastrophes compared to artificial general intelligence safety,Long term cost-effectiveness of resilient foods for global catastrophes compared…,1,1
Ramin Mojtabai,10.2139/ssrn.4154000,How Effective Is (More) Money? Randomizing Unconditional Cash Transfer Amounts in the US,How Effective Is (More) Money? Randomizing Unconditional Cash Transfer Amounts…,1,1
Randall Akee,10.3386/w28106,The Comparative Impact of Cash Transfers and a Psychotherapy Program on Psychological and Economic Well-being,The Comparative Impact of Cash Transfers and a Psychotherapy Program…,1,1
Rangan Gupta,10.3386/w31137,Biodiversity Risk,Biodiversity Risk,1,1
Ranjan Aneja,10.3386/w23928,Artificial Intelligence and Economic Growth,Artificial Intelligence and Economic Growth,1,1
Ranjan Chaudhuri,10.3386/w23928,Artificial Intelligence and Economic Growth,Artificial Intelligence and Economic Growth,1,1
Ranjiv Khush,10.3386/w30835,Water Treatment And Child Mortality: A Meta-Analysis And Cost-effectiveness Analysis,Water Treatment And Child Mortality,1,1
Raoul van Maarseveen,10.3386/w23929,Effects of Emigration on Rural Labor Markets,Effects of Emigration on Rural Labor Markets,1,1
Raphael Anammasiya Ayambire,10.3386/w32450,The Macroeconomic Impact of Climate Change: Global vs. Local Temperature,The Macroeconomic Impact of Climate Change,1,1
Raphaela Roeder,10.3386/w31137,Biodiversity Risk,Biodiversity Risk,1,1
Ravi Gurumurthy,10.1257/pandp.20201017,Advance Market Commitments: Insights from Theory and Experience,Advance Market Commitments,1,1
Ravindra Agrawal,10.3386/w30011,"The Long-Run Effects of Psychotherapy on Depression, Beliefs, and Economic Outcomes","The Long-Run Effects of Psychotherapy on Depression, Beliefs, and Economic…",1,1
Raymond Kluender,10.2139/ssrn.4154000,How Effective Is (More) Money? Randomizing Unconditional Cash Transfer Amounts in the US,How Effective Is (More) Money? Randomizing Unconditional Cash Transfer Amounts…,1,1
Raúl Duarte,10.3386/w28726,Selecting the Most Effective Nudge: Evidence from a Large-Scale Experiment on Immunization,Selecting the Most Effective Nudge,1,1
Rebecca Brough,10.2139/ssrn.4154000,How Effective Is (More) Money? Randomizing Unconditional Cash Transfer Amounts in the US,How Effective Is (More) Money? Randomizing Unconditional Cash Transfer Amounts…,1,1
Rebecca Miller,10.3386/w28106,The Comparative Impact of Cash Transfers and a Psychotherapy Program on Psychological and Economic Well-being,The Comparative Impact of Cash Transfers and a Psychotherapy Program…,1,1
Rebekah J. Walker,10.2139/ssrn.4154000,How Effective Is (More) Money? Randomizing Unconditional Cash Transfer Amounts in the US,How Effective Is (More) Money? Randomizing Unconditional Cash Transfer Amounts…,1,1
Rei Goto,10.3386/w31162,Intergenerational Child Mortality Impacts of Deworming: Experimental Evidence from Two Decades of the Kenya Life Panel Survey,Intergenerational Child Mortality Impacts of Deworming,1,1
Renato Crouzeilles,10.21203/rs.3.rs-3235955/v1,The global potential for natural regeneration in deforested tropical regions,The global potential for natural regeneration in deforested tropical regions,1,1
Rene Marlon Panti,10.3386/w31208,Building Resilient Education Systems: Evidence from Large-Scale Randomized Trials in Five Countries,Building Resilient Education Systems,1,1
Reshma Kodumuru,10.3386/w23928,Artificial Intelligence and Economic Growth,Artificial Intelligence and Economic Growth,1,1
Ricardo Rodríguez,10.3386/w26752,Stagnation and Scientific Incentives,Stagnation and Scientific Incentives,1,1
Richard B. Freeman,10.3386/w26752,Stagnation and Scientific Incentives,Stagnation and Scientific Incentives,1,1
Richard Berner,10.3386/w31137,Biodiversity Risk,Biodiversity Risk,1,1
Richard Grieve,10.3386/w28726,Selecting the Most Effective Nudge: Evidence from a Large-Scale Experiment on Immunization,Selecting the Most Effective Nudge,1,1
Richard J. Sexton,10.3386/w30740,"When do ""Nudges"" Increase Welfare?","When do ""Nudges"" Increase Welfare?",1,1
Richard Mihigo,10.1257/pandp.20201017,Advance Market Commitments: Insights from Theory and Experience,Advance Market Commitments,1,1
Richard Moulange,10.48550/arxiv.2305.07153,Towards best practices in AGI safety and governance: A survey of expert opinion,Towards best practices in AGI safety and governance,1,1
Richard Noske,10.1111/conl.13077,Banning Wildlife Trade Can Boost the Unregulated Trade of Threatened Species,Banning Wildlife Trade Can Boost the Unregulated Trade of Threatened…,1,1
Richard Rogerson,10.3386/w23929,Effects of Emigration on Rural Labor Markets,Effects of Emigration on Rural Labor Markets,1,1
Richard S.J. Tol,10.3386/w32450,The Macroeconomic Impact of Climate Change: Global vs. Local Temperature,The Macroeconomic Impact of Climate Change,1,1
Richard von Maydell,10.3386/w23928,Artificial Intelligence and Economic Growth,Artificial Intelligence and Economic Growth,1,1
Rick van der Ploeg,10.3386/w32450,The Macroeconomic Impact of Climate Change: Global vs. Local Temperature,The Macroeconomic Impact of Climate Change,1,1
Rients Galema,10.3386/w31137,Biodiversity Risk,Biodiversity Risk,1,1
Rima-Maria Rahal,10.2139/ssrn.3938994,Information Avoidance and Moral Behavior: Experimental Evidence from Food Choices,Information Avoidance and Moral Behavior,1,1
Rino Rappuoli,10.1257/pandp.20201017,Advance Market Commitments: Insights from Theory and Experience,Advance Market Commitments,1,1
Riya Wadhwa,10.3386/w23928,Artificial Intelligence and Economic Growth,Artificial Intelligence and Economic Growth,1,1
Rob Bailis,10.3386/w32450,The Macroeconomic Impact of Climate Change: Global vs. Local Temperature,The Macroeconomic Impact of Climate Change,1,1
Robayo Adriana,10.1257/pandp.20201017,Advance Market Commitments: Insights from Theory and Experience,Advance Market Commitments,1,1
Robb Willer,10.3386/w23928,Artificial Intelligence and Economic Growth,Artificial Intelligence and Economic Growth,1,1
Robert Elliott,10.1257/aer.20221215,Does the Squeaky Wheel Get More Grease? The Direct and Indirect Effects of Citizen Participation on Environmental Governance in China,Does the Squeaky Wheel Get More Grease? The Direct and…,1,1
Robert F. Engle,10.3386/w31137,Biodiversity Risk,Biodiversity Risk,1,1
Robert Koopman,10.1257/pandp.20201017,Advance Market Commitments: Insights from Theory and Experience,Advance Market Commitments,1,1
Robert M. Townsend,10.3386/w23929,Effects of Emigration on Rural Labor Markets,Effects of Emigration on Rural Labor Markets,1,1
Robert Metcalfe,10.3386/w32728,A Welfare Analysis of Policies Impacting Climate Change,A Welfare Analysis of Policies Impacting Climate Change,1,1
Robert Townsend,10.3386/w23929,Effects of Emigration on Rural Labor Markets,Effects of Emigration on Rural Labor Markets,1,1
Robert Wilson,10.1257/pandp.20201017,Advance Market Commitments: Insights from Theory and Experience,Advance Market Commitments,1,1
Roberto Cantoni,10.3386/w32450,The Macroeconomic Impact of Climate Change: Global vs. Local Temperature,The Macroeconomic Impact of Climate Change,1,1
Roberto Tinoco,10.48550/arxiv.2305.07153,Towards best practices in AGI safety and governance: A survey of expert opinion,Towards best practices in AGI safety and governance,1,1
Robin Nusslock,10.3386/w30011,"The Long-Run Effects of Psychotherapy on Depression, Beliefs, and Economic Outcomes","The Long-Run Effects of Psychotherapy on Depression, Beliefs, and Economic…",1,1
Robin P. G. Tech,10.3386/w23928,Artificial Intelligence and Economic Growth,Artificial Intelligence and Economic Growth,1,1
Robin Schimmelpfennig,10.3386/w28726,Selecting the Most Effective Nudge: Evidence from a Large-Scale Experiment on Immunization,Selecting the Most Effective Nudge,1,1
Robizon Tsiklauri,10.1093/wbro/lkae010,The Effect of Lead Exposure on Children’s Learning in the Developing World: A Meta-Analysis,The Effect of Lead Exposure on Children’s Learning in the…,1,1
Rodolphe Durand,10.1287/mnsc.2023.4846,The Governance of Nonprofits and Their Social Impact: Evidence from a Randomized Program in Healthcare in the Democratic Republic of Congo,The Governance of Nonprofits and Their Social Impact,1,1
Rodrigo Riera,10.3386/w26752,Stagnation and Scientific Incentives,Stagnation and Scientific Incentives,1,1
Rodrigo Sanchez Sienra,10.1257/aeri.20210612,Cognitive Behavioral Therapy among Ghana's Rural Poor Is Effective Regardless of Baseline Mental Distress,Cognitive Behavioral Therapy among Ghana's Rural Poor Is Effective Regardless…,1,1
Roee Levy,10.1257/aeri.20210612,Cognitive Behavioral Therapy among Ghana's Rural Poor Is Effective Regardless of Baseline Mental Distress,Cognitive Behavioral Therapy among Ghana's Rural Poor Is Effective Regardless…,1,1
Roham Rezaei,10.3386/w31899,The Effect of Public Science on Corporate R&amp;D,The Effect of Public Science on Corporate R&amp;D,1,1
Rohit Bansal,10.3386/w23928,Artificial Intelligence and Economic Growth,Artificial Intelligence and Economic Growth,1,1
Roland Seifert,10.3386/w26752,Stagnation and Scientific Incentives,Stagnation and Scientific Incentives,1,1
Romain Boulongne,10.1287/mnsc.2023.4846,The Governance of Nonprofits and Their Social Impact: Evidence from a Randomized Program in Healthcare in the Democratic Republic of Congo,The Governance of Nonprofits and Their Social Impact,1,1
Ronald B. Davies,10.3386/w23928,Artificial Intelligence and Economic Growth,Artificial Intelligence and Economic Growth,1,1
Rong Yu,10.1257/aer.20221215,Does the Squeaky Wheel Get More Grease? The Direct and Indirect Effects of Citizen Participation on Environmental Governance in China,Does the Squeaky Wheel Get More Grease? The Direct and…,1,1
Rongrong Li,10.3386/w23928,Artificial Intelligence and Economic Growth,Artificial Intelligence and Economic Growth,1,1
Roni Michaely,10.1257/aer.20221215,Does the Squeaky Wheel Get More Grease? The Direct and Indirect Effects of Citizen Participation on Environmental Governance in China,Does the Squeaky Wheel Get More Grease? The Direct and…,1,1
Roseline Oluwaseun Ogundokun,10.3386/w23928,Artificial Intelligence and Economic Growth,Artificial Intelligence and Economic Growth,1,1
Rosella Levaggi,10.3386/w31272,Pharmaceutical Pricing and R&amp;D as a Global Public Good,Pharmaceutical Pricing and R&amp;D as a Global Public Good,1,1
Roshan Sutar,10.3386/w28106,The Comparative Impact of Cash Transfers and a Psychotherapy Program on Psychological and Economic Well-being,The Comparative Impact of Cash Transfers and a Psychotherapy Program…,1,1
Ross Gruetzemacher,10.3386/w23928,Artificial Intelligence and Economic Growth,Artificial Intelligence and Economic Growth,1,1
Ru-Yu Xu,10.3386/w23928,Artificial Intelligence and Economic Growth,Artificial Intelligence and Economic Growth,1,1
Ruchir Shiromani,10.3386/w23928,Artificial Intelligence and Economic Growth,Artificial Intelligence and Economic Growth,1,1
Rui Chen,10.3386/w23928,Artificial Intelligence and Economic Growth,Artificial Intelligence and Economic Growth,1,1
Ruibing Ji,10.3386/w23928,Artificial Intelligence and Economic Growth,Artificial Intelligence and Economic Growth,1,1
Ruijia Yang,10.1257/aer.20221215,Does the Squeaky Wheel Get More Grease? The Direct and Indirect Effects of Citizen Participation on Environmental Governance in China,Does the Squeaky Wheel Get More Grease? The Direct and…,1,1
Run Zhu,10.1257/aer.20221215,Does the Squeaky Wheel Get More Grease? The Direct and Indirect Effects of Citizen Participation on Environmental Governance in China,Does the Squeaky Wheel Get More Grease? The Direct and…,1,1
Rusli Mahadi,10.3386/w28106,The Comparative Impact of Cash Transfers and a Psychotherapy Program on Psychological and Economic Well-being,The Comparative Impact of Cash Transfers and a Psychotherapy Program…,1,1
Russ Burnett,10.3386/w28726,Selecting the Most Effective Nudge: Evidence from a Large-Scale Experiment on Immunization,Selecting the Most Effective Nudge,1,1
Russell Smyth,10.1257/aer.20221215,Does the Squeaky Wheel Get More Grease? The Direct and Indirect Effects of Citizen Participation on Environmental Governance in China,Does the Squeaky Wheel Get More Grease? The Direct and…,1,1
Ryan Cory-Wright,10.3386/w26752,Stagnation and Scientific Incentives,Stagnation and Scientific Incentives,1,1
Ryan G. Johnson,10.3386/w23928,Artificial Intelligence and Economic Growth,Artificial Intelligence and Economic Growth,1,1
Ryan M. Hynes,10.3386/w23928,Artificial Intelligence and Economic Growth,Artificial Intelligence and Economic Growth,1,1
Ryunosuke Goto,10.3386/w28726,Selecting the Most Effective Nudge: Evidence from a Large-Scale Experiment on Immunization,Selecting the Most Effective Nudge,1,1
Rıza Demirer,10.3386/w31137,Biodiversity Risk,Biodiversity Risk,1,1
S. Baran,10.3386/w23928,Artificial Intelligence and Economic Growth,Artificial Intelligence and Economic Growth,1,1
S. Farooq,10.48550/arxiv.2305.07153,Towards best practices in AGI safety and governance: A survey of expert opinion,Towards best practices in AGI safety and governance,1,1
S. Nageeb Ali,10.3386/w31663,"Zero-Sum Environments, the Evolution of Effort-Suppressing Beliefs, and Economic Development","Zero-Sum Environments, the Evolution of Effort-Suppressing Beliefs, and Economic…",1,1
S. Sarkar,10.3386/w23928,Artificial Intelligence and Economic Growth,Artificial Intelligence and Economic Growth,1,1
S. V. Subramanian,10.3386/w28726,Selecting the Most Effective Nudge: Evidence from a Large-Scale Experiment on Immunization,Selecting the Most Effective Nudge,1,1
S.S. Khanna,10.1257/aeri.20230431,Money (Not) to Burn: Payments for Ecosystem Services to Reduce Crop Residue Burning,Money (Not) to Burn,1,1
Saad Alghamdi,10.3386/w28726,Selecting the Most Effective Nudge: Evidence from a Large-Scale Experiment on Immunization,Selecting the Most Effective Nudge,1,1
Sabine Wiesmüller,10.3386/w23928,Artificial Intelligence and Economic Growth,Artificial Intelligence and Economic Growth,1,1
Sabriya L. Linton,10.2139/ssrn.4154000,How Effective Is (More) Money? Randomizing Unconditional Cash Transfer Amounts in the US,How Effective Is (More) Money? Randomizing Unconditional Cash Transfer Amounts…,1,1
Sadaf Sadat Rafati,10.1093/wbro/lkae010,The Effect of Lead Exposure on Children’s Learning in the Developing World: A Meta-Analysis,The Effect of Lead Exposure on Children’s Learning in the…,1,1
Saeid Ashraf Vaghefi,10.3386/w31137,Biodiversity Risk,Biodiversity Risk,1,1
Sai Pramod Bathena,10.3386/w31208,Building Resilient Education Systems: Evidence from Large-Scale Randomized Trials in Five Countries,Building Resilient Education Systems,1,1
Salauddin Tauseef,10.3386/w28106,The Comparative Impact of Cash Transfers and a Psychotherapy Program on Psychological and Economic Well-being,The Comparative Impact of Cash Transfers and a Psychotherapy Program…,1,1
Salman Arif,10.3386/w31137,Biodiversity Risk,Biodiversity Risk,1,1
Samantha Lily Kumar,10.2139/ssrn.4154000,How Effective Is (More) Money? Randomizing Unconditional Cash Transfer Amounts in the US,How Effective Is (More) Money? Randomizing Unconditional Cash Transfer Amounts…,1,1
Samia Chehbi Gamoura,10.3386/w23928,Artificial Intelligence and Economic Growth,Artificial Intelligence and Economic Growth,1,1
Samuel Adomako,10.3386/w26752,Stagnation and Scientific Incentives,Stagnation and Scientific Incentives,1,1
Samuel B. Schlesinger,10.3386/w32450,The Macroeconomic Impact of Climate Change: Global vs. Local Temperature,The Macroeconomic Impact of Climate Change,1,1
Samuel Fankhauser,10.3386/w31137,Biodiversity Risk,Biodiversity Risk,1,1
Samuel Fosso Wamba,10.3386/w23928,Artificial Intelligence and Economic Growth,Artificial Intelligence and Economic Growth,1,1
Samuel Jung,10.3386/w23928,Artificial Intelligence and Economic Growth,Artificial Intelligence and Economic Growth,1,1
Samuel Kembou Nzalé,10.2139/ssrn.4154000,How Effective Is (More) Money? Randomizing Unconditional Cash Transfer Amounts in the US,How Effective Is (More) Money? Randomizing Unconditional Cash Transfer Amounts…,1,1
Samuel Lormel,10.3386/w31554,Urban Forests: Environmental Health Values and Risks,Urban Forests,1,1
Samuel Marshall,10.3386/w23929,Effects of Emigration on Rural Labor Markets,Effects of Emigration on Rural Labor Markets,1,1
Samuel Norris,10.3386/w32093,Cash Transfers for Child Development: Experimental Evidence from India,Cash Transfers for Child Development,1,1
Samuel Salia,10.3386/w23928,Artificial Intelligence and Economic Growth,Artificial Intelligence and Economic Growth,1,1
Samuel Schoeb,10.3386/w28726,Selecting the Most Effective Nudge: Evidence from a Large-Scale Experiment on Immunization,Selecting the Most Effective Nudge,1,1
Samuel Schöb,10.3386/w28726,Selecting the Most Effective Nudge: Evidence from a Large-Scale Experiment on Immunization,Selecting the Most Effective Nudge,1,1
Sanchayan Banerjee,10.3386/w30740,"When do ""Nudges"" Increase Welfare?","When do ""Nudges"" Increase Welfare?",1,1
Sandip Agarwal,10.3386/w28106,The Comparative Impact of Cash Transfers and a Psychotherapy Program on Psychological and Economic Well-being,The Comparative Impact of Cash Transfers and a Psychotherapy Program…,1,1
Sandip Sukhtankar,10.3386/w32093,Cash Transfers for Child Development: Experimental Evidence from India,Cash Transfers for Child Development,1,1
Sandra Dow,10.3386/w32450,The Macroeconomic Impact of Climate Change: Global vs. Local Temperature,The Macroeconomic Impact of Climate Change,1,1
Sandra Lavorel,10.3386/w31554,Urban Forests: Environmental Health Values and Risks,Urban Forests,1,1
Sandrine Péneau,10.3386/w30740,"When do ""Nudges"" Increase Welfare?","When do ""Nudges"" Increase Welfare?",1,1
Sanem Ozen,10.3386/w28106,The Comparative Impact of Cash Transfers and a Psychotherapy Program on Psychological and Economic Well-being,The Comparative Impact of Cash Transfers and a Psychotherapy Program…,1,1
Sanja Blažević Burić,10.3386/w23928,Artificial Intelligence and Economic Growth,Artificial Intelligence and Economic Growth,1,1
Sanjay Misra,10.3386/w23928,Artificial Intelligence and Economic Growth,Artificial Intelligence and Economic Growth,1,1
Sanjeeb Dash,10.3386/w26752,Stagnation and Scientific Incentives,Stagnation and Scientific Incentives,1,1
Sanjida Khan,10.3386/w28106,The Comparative Impact of Cash Transfers and a Psychotherapy Program on Psychological and Economic Well-being,The Comparative Impact of Cash Transfers and a Psychotherapy Program…,1,1
Santanu Kundu,10.3386/w31137,Biodiversity Risk,Biodiversity Risk,1,1
Sanya Carley,10.3386/w26775,Advance Market Commitments: Insights from Theory and Experience,Advance Market Commitments,1,1
Sara Carter,10.3386/w23928,Artificial Intelligence and Economic Growth,Artificial Intelligence and Economic Growth,1,1
Sara Constantino,10.3386/w32450,The Macroeconomic Impact of Climate Change: Global vs. Local Temperature,The Macroeconomic Impact of Climate Change,1,1
Sarah E. Anderson,10.1257/aer.20221215,Does the Squeaky Wheel Get More Grease? The Direct and Indirect Effects of Citizen Participation on Environmental Governance in China,Does the Squeaky Wheel Get More Grease? The Direct and…,1,1
Sarah E. Bolton,10.1080/21606544.2022.2138980,The animal welfare cost of meat: evidence from a survey of hypothetical scenarios among Belgian consumers,The animal welfare cost of meat,1,1
Sarah Eichmeyer,10.1093/ej/uead102,Do Celebrity Endorsements Matter? A Twitter Experiment Promoting Vaccination in Indonesia,Do Celebrity Endorsements Matter? A Twitter Experiment Promoting Vaccination in…,1,1
Sarah Gillespie,10.3386/w28106,The Comparative Impact of Cash Transfers and a Psychotherapy Program on Psychological and Economic Well-being,The Comparative Impact of Cash Transfers and a Psychotherapy Program…,1,1
Sarah Gultom,10.1093/ej/uead102,Do Celebrity Endorsements Matter? A Twitter Experiment Promoting Vaccination in Indonesia,Do Celebrity Endorsements Matter? A Twitter Experiment Promoting Vaccination in…,1,1
Saravana Ravindran,10.3386/w23929,Effects of Emigration on Rural Labor Markets,Effects of Emigration on Rural Labor Markets,1,1
Sarim Zafar,10.3386/w28106,The Comparative Impact of Cash Transfers and a Psychotherapy Program on Psychological and Economic Well-being,The Comparative Impact of Cash Transfers and a Psychotherapy Program…,1,1
Sarosh Nagar,10.1257/pandp.20201017,Advance Market Commitments: Insights from Theory and Experience,Advance Market Commitments,1,1
Sasa Yang,10.3386/w23928,Artificial Intelligence and Economic Growth,Artificial Intelligence and Economic Growth,1,1
Satish Kumar,10.3386/w31137,Biodiversity Risk,Biodiversity Risk,1,1
Satoshi Hoshino,10.3386/w23929,Effects of Emigration on Rural Labor Markets,Effects of Emigration on Rural Labor Markets,1,1
Saurabh Singhal,10.3386/w28106,The Comparative Impact of Cash Transfers and a Psychotherapy Program on Psychological and Economic Well-being,The Comparative Impact of Cash Transfers and a Psychotherapy Program…,1,1
Saverio Olivito,10.3386/w31137,Biodiversity Risk,Biodiversity Risk,1,1
Scott Duke Kominers,10.3386/w26775,Advance Market Commitments: Insights from Theory and Experience,Advance Market Commitments,1,1
Scott Webster,10.1257/pandp.20201017,Advance Market Commitments: Insights from Theory and Experience,Advance Market Commitments,1,1
Sean Low,10.1257/pandp.20201017,Advance Market Commitments: Insights from Theory and Experience,Advance Market Commitments,1,1
Sebastian Bauhoff,10.3386/w28726,Selecting the Most Effective Nudge: Evidence from a Large-Scale Experiment on Immunization,Selecting the Most Effective Nudge,1,1
Sebastian Gerth,10.3386/w23928,Artificial Intelligence and Economic Growth,Artificial Intelligence and Economic Growth,1,1
Sebastian Linde,10.2139/ssrn.4154000,How Effective Is (More) Money? Randomizing Unconditional Cash Transfer Amounts in the US,How Effective Is (More) Money? Randomizing Unconditional Cash Transfer Amounts…,1,1
Sebastian Utz,10.3386/w31137,Biodiversity Risk,Biodiversity Risk,1,1
Sebastián Espinoza,10.3386/w32450,The Macroeconomic Impact of Climate Change: Global vs. Local Temperature,The Macroeconomic Impact of Climate Change,1,1
Sebastián Vollmer,10.3386/w28726,Selecting the Most Effective Nudge: Evidence from a Large-Scale Experiment on Immunization,Selecting the Most Effective Nudge,1,1
Sefi Roth,10.3386/w32728,A Welfare Analysis of Policies Impacting Climate Change,A Welfare Analysis of Policies Impacting Climate Change,1,1
Sen Chai,10.3386/w26752,Stagnation and Scientific Incentives,Stagnation and Scientific Incentives,1,1
Sendhil Mullainathan,10.3386/w23928,Artificial Intelligence and Economic Growth,Artificial Intelligence and Economic Growth,1,1
Seongmin Jeon,10.3386/w23928,Artificial Intelligence and Economic Growth,Artificial Intelligence and Economic Growth,1,1
Serena Cocciolo,10.3386/w30835,Water Treatment And Child Mortality: A Meta-Analysis And Cost-effectiveness Analysis,Water Treatment And Child Mortality,1,1
Serge-Lopez Wamba-Taguimdje,10.3386/w23928,Artificial Intelligence and Economic Growth,Artificial Intelligence and Economic Growth,1,1
Sergey Gavrilets,10.3386/w31663,"Zero-Sum Environments, the Evolution of Effort-Suppressing Beliefs, and Economic Development","Zero-Sum Environments, the Evolution of Effort-Suppressing Beliefs, and Economic…",1,1
Sergey Tishkov,10.3386/w32450,The Macroeconomic Impact of Climate Change: Global vs. Local Temperature,The Macroeconomic Impact of Climate Change,1,1
Seth Ariel Green,10.2139/ssrn.3938994,Information Avoidance and Moral Behavior: Experimental Evidence from Food Choices,Information Avoidance and Moral Behavior,1,1
Sevgi Soylemezgil,10.3386/w31137,Biodiversity Risk,Biodiversity Risk,1,1
Shabnam Anne,10.3386/w28106,The Comparative Impact of Cash Transfers and a Psychotherapy Program on Psychological and Economic Well-being,The Comparative Impact of Cash Transfers and a Psychotherapy Program…,1,1
Shafaq Irshad,10.3386/w32450,The Macroeconomic Impact of Climate Change: Global vs. Local Temperature,The Macroeconomic Impact of Climate Change,1,1
Shahabaldin Rezania,10.3386/w30835,Water Treatment And Child Mortality: A Meta-Analysis And Cost-effectiveness Analysis,Water Treatment And Child Mortality,1,1
Shai Shalev‐Shwartz,10.48550/arxiv.2305.07153,Towards best practices in AGI safety and governance: A survey of expert opinion,Towards best practices in AGI safety and governance,1,1
Shailesh Sakalle,10.3386/w30011,"The Long-Run Effects of Psychotherapy on Depression, Beliefs, and Economic Outcomes","The Long-Run Effects of Psychotherapy on Depression, Beliefs, and Economic…",1,1
Shalini Singh,10.3386/w23928,Artificial Intelligence and Economic Growth,Artificial Intelligence and Economic Growth,1,1
Shan Jin,10.3386/w23928,Artificial Intelligence and Economic Growth,Artificial Intelligence and Economic Growth,1,1
Shan-Heng Fu,10.3386/w32450,The Macroeconomic Impact of Climate Change: Global vs. Local Temperature,The Macroeconomic Impact of Climate Change,1,1
Shannen Wafflart,10.1111/conl.13077,Banning Wildlife Trade Can Boost the Unregulated Trade of Threatened Species,Banning Wildlife Trade Can Boost the Unregulated Trade of Threatened…,1,1
Shaoqi Ma,10.3386/w23928,Artificial Intelligence and Economic Growth,Artificial Intelligence and Economic Growth,1,1
Sharad Tiwari,10.3386/w30011,"The Long-Run Effects of Psychotherapy on Depression, Beliefs, and Economic Outcomes","The Long-Run Effects of Psychotherapy on Depression, Beliefs, and Economic…",1,1
Sharon Belenzon,10.3386/w31899,The Effect of Public Science on Corporate R&amp;D,The Effect of Public Science on Corporate R&amp;D,1,1
Sharon Goldfeld,10.3386/w28726,Selecting the Most Effective Nudge: Evidence from a Large-Scale Experiment on Immunization,Selecting the Most Effective Nudge,1,1
Sharon Locke,10.3386/w28106,The Comparative Impact of Cash Transfers and a Psychotherapy Program on Psychological and Economic Well-being,The Comparative Impact of Cash Transfers and a Psychotherapy Program…,1,1
Sharon Wolf,10.2139/ssrn.4154000,How Effective Is (More) Money? Randomizing Unconditional Cash Transfer Amounts in the US,How Effective Is (More) Money? Randomizing Unconditional Cash Transfer Amounts…,1,1
Shaul Shalvi,10.2139/ssrn.3938994,Information Avoidance and Moral Behavior: Experimental Evidence from Food Choices,Information Avoidance and Moral Behavior,1,1
Sheer Lia,10.3386/w31899,The Effect of Public Science on Corporate R&amp;D,The Effect of Public Science on Corporate R&amp;D,1,1
Sheila A. McIlraith,10.48550/arxiv.2305.07153,Towards best practices in AGI safety and governance: A survey of expert opinion,Towards best practices in AGI safety and governance,1,1
Sheila O’Donohoe,10.3386/w31137,Biodiversity Risk,Biodiversity Risk,1,1
Shengling Zhang,10.3386/w23928,Artificial Intelligence and Economic Growth,Artificial Intelligence and Economic Growth,1,1
Shengming Hu,10.3386/w23928,Artificial Intelligence and Economic Growth,Artificial Intelligence and Economic Growth,1,1
Shibin David,10.3386/w23928,Artificial Intelligence and Economic Growth,Artificial Intelligence and Economic Growth,1,1
Shifneen Rasheed,10.3386/w32450,The Macroeconomic Impact of Climate Change: Global vs. Local Temperature,The Macroeconomic Impact of Climate Change,1,1
Shihan Feng,10.1257/aer.20221215,Does the Squeaky Wheel Get More Grease? The Direct and Indirect Effects of Citizen Participation on Environmental Governance in China,Does the Squeaky Wheel Get More Grease? The Direct and…,1,1
Shilan Feng,10.1257/aer.20221215,Does the Squeaky Wheel Get More Grease? The Direct and Indirect Effects of Citizen Participation on Environmental Governance in China,Does the Squeaky Wheel Get More Grease? The Direct and…,1,1
Shinya Uryu,10.1111/conl.13077,Banning Wildlife Trade Can Boost the Unregulated Trade of Threatened Species,Banning Wildlife Trade Can Boost the Unregulated Trade of Threatened…,1,1
Shiwei Fan,10.1257/aer.20221215,Does the Squeaky Wheel Get More Grease? The Direct and Indirect Effects of Citizen Participation on Environmental Governance in China,Does the Squeaky Wheel Get More Grease? The Direct and…,1,1
Shruti Rajagopalan,10.1257/pandp.20201017,Advance Market Commitments: Insights from Theory and Experience,Advance Market Commitments,1,1
Shu Tian,10.1257/aer.20221215,Does the Squeaky Wheel Get More Grease? The Direct and Indirect Effects of Citizen Participation on Environmental Governance in China,Does the Squeaky Wheel Get More Grease? The Direct and…,1,1
Shuai Ling,10.3386/w28726,Selecting the Most Effective Nudge: Evidence from a Large-Scale Experiment on Immunization,Selecting the Most Effective Nudge,1,1
Shuaijun Guo,10.3386/w28726,Selecting the Most Effective Nudge: Evidence from a Large-Scale Experiment on Immunization,Selecting the Most Effective Nudge,1,1
Shuang Zhang,10.3386/w26752,Stagnation and Scientific Incentives,Stagnation and Scientific Incentives,1,1
Shuanglei Wu,10.3386/w26752,Stagnation and Scientific Incentives,Stagnation and Scientific Incentives,1,1
Shubhanker Yadav,10.3386/w23928,Artificial Intelligence and Economic Growth,Artificial Intelligence and Economic Growth,1,1
Shubo Zhang,10.1257/aer.20221215,Does the Squeaky Wheel Get More Grease? The Direct and Indirect Effects of Citizen Participation on Environmental Governance in China,Does the Squeaky Wheel Get More Grease? The Direct and…,1,1
Shulei Cheng,10.1257/aer.20221215,Does the Squeaky Wheel Get More Grease? The Direct and Indirect Effects of Citizen Participation on Environmental Governance in China,Does the Squeaky Wheel Get More Grease? The Direct and…,1,1
Shuzhong Ma,10.3386/w23928,Artificial Intelligence and Economic Growth,Artificial Intelligence and Economic Growth,1,1
Shwetlena Sabarwal,10.3386/w31208,Building Resilient Education Systems: Evidence from Large-Scale Randomized Trials in Five Countries,Building Resilient Education Systems,1,1
Sicily Fiennes,10.1111/conl.13077,Banning Wildlife Trade Can Boost the Unregulated Trade of Threatened Species,Banning Wildlife Trade Can Boost the Unregulated Trade of Threatened…,1,1
Sifan Zhou,10.3386/w26752,Stagnation and Scientific Incentives,Stagnation and Scientific Incentives,1,1
Sihong Li,10.3386/w23928,Artificial Intelligence and Economic Growth,Artificial Intelligence and Economic Growth,1,1
Sijia Tao,10.3386/w23928,Artificial Intelligence and Economic Growth,Artificial Intelligence and Economic Growth,1,1
Silvia Prina,10.3386/w28726,Selecting the Most Effective Nudge: Evidence from a Large-Scale Experiment on Immunization,Selecting the Most Effective Nudge,1,1
Silvio Vismara,10.3386/w23928,Artificial Intelligence and Economic Growth,Artificial Intelligence and Economic Growth,1,1
Simeon Campos,10.1016/j.ijdrr.2022.102798,Long term cost-effectiveness of resilient foods for global catastrophes compared to artificial general intelligence safety,Long term cost-effectiveness of resilient foods for global catastrophes compared…,1,1
Simiao Chen,10.3386/w26775,Advance Market Commitments: Insights from Theory and Experience,Advance Market Commitments,1,1
Simon Blouin,10.1016/j.ijdrr.2022.102798,Long term cost-effectiveness of resilient foods for global catastrophes compared to artificial general intelligence safety,Long term cost-effectiveness of resilient foods for global catastrophes compared…,1,1
Simon Bunel,10.3386/w23928,Artificial Intelligence and Economic Growth,Artificial Intelligence and Economic Growth,1,1
Simon Fritzsch,10.3386/w31137,Biodiversity Risk,Biodiversity Risk,1,1
Simon Quinn,10.3386/w28726,Selecting the Most Effective Nudge: Evidence from a Large-Scale Experiment on Immunization,Selecting the Most Effective Nudge,1,1
Simon Scheidegger,10.3386/w31137,Biodiversity Risk,Biodiversity Risk,1,1
Simona Abis,10.3386/w23928,Artificial Intelligence and Economic Growth,Artificial Intelligence and Economic Growth,1,1
Simona Cosma,10.3386/w31137,Biodiversity Risk,Biodiversity Risk,1,1
Simona Costagli,10.3386/w23928,Artificial Intelligence and Economic Growth,Artificial Intelligence and Economic Growth,1,1
Simona Gamba,10.3386/w31272,Pharmaceutical Pricing and R&amp;D as a Global Public Good,Pharmaceutical Pricing and R&amp;D as a Global Public Good,1,1
Simone Schaner,10.3386/w23929,Effects of Emigration on Rural Labor Markets,Effects of Emigration on Rural Labor Markets,1,1
Siyi Wang,10.3386/w23928,Artificial Intelligence and Economic Growth,Artificial Intelligence and Economic Growth,1,1
Snehil Gupta,10.3386/w28106,The Comparative Impact of Cash Transfers and a Psychotherapy Program on Psychological and Economic Well-being,The Comparative Impact of Cash Transfers and a Psychotherapy Program…,1,1
Sofía Amaral,10.3386/w28726,Selecting the Most Effective Nudge: Evidence from a Large-Scale Experiment on Immunization,Selecting the Most Effective Nudge,1,1
Sofía López‐Cubillos,10.21203/rs.3.rs-3235955/v1,The global potential for natural regeneration in deforested tropical regions,The global potential for natural regeneration in deforested tropical regions,1,1
Solomon Minyila,10.1093/wbro/lkae010,The Effect of Lead Exposure on Children’s Learning in the Developing World: A Meta-Analysis,The Effect of Lead Exposure on Children’s Learning in the…,1,1
Somaia Abdulrazzak,10.3386/w31208,Building Resilient Education Systems: Evidence from Large-Scale Randomized Trials in Five Countries,Building Resilient Education Systems,1,1
Song Xiaoming,10.3386/w23928,Artificial Intelligence and Economic Growth,Artificial Intelligence and Economic Growth,1,1
Songül Tolan,10.3386/w23928,Artificial Intelligence and Economic Growth,Artificial Intelligence and Economic Growth,1,1
Sonja Harken,10.1287/mnsc.2020.00596,Does Online Fundraising Increase Charitable Giving? A Nationwide Field Experiment on Facebook,Does Online Fundraising Increase Charitable Giving? A Nationwide Field Experimen…,1,1
Sonja Vogt,10.3386/w28726,Selecting the Most Effective Nudge: Evidence from a Large-Scale Experiment on Immunization,Selecting the Most Effective Nudge,1,1
Sophia Kazinnik,10.3386/w23928,Artificial Intelligence and Economic Growth,Artificial Intelligence and Economic Growth,1,1
Sophus zu Ermgassen,10.3386/w31137,Biodiversity Risk,Biodiversity Risk,1,1
Soufyane Ayanouz,10.3386/w23928,Artificial Intelligence and Economic Growth,Artificial Intelligence and Economic Growth,1,1
Spyridon Karageorgos,10.2139/ssrn.4154000,How Effective Is (More) Money? Randomizing Unconditional Cash Transfer Amounts in the US,How Effective Is (More) Money? Randomizing Unconditional Cash Transfer Amounts…,1,1
Sreeja Jaiswal,10.3386/w23929,Effects of Emigration on Rural Labor Markets,Effects of Emigration on Rural Labor Markets,1,1
Srinivasan Kasinathan,10.21203/rs.3.rs-3235955/v1,The global potential for natural regeneration in deforested tropical regions,The global potential for natural regeneration in deforested tropical regions,1,1
Staša Milojević,10.3386/w26752,Stagnation and Scientific Incentives,Stagnation and Scientific Incentives,1,1
Stefan Brunnhuber,10.3386/w23928,Artificial Intelligence and Economic Growth,Artificial Intelligence and Economic Growth,1,1
Stefan Gaillard,10.3386/w26752,Stagnation and Scientific Incentives,Stagnation and Scientific Incentives,1,1
Stefan Lewellen,10.1257/aer.20221215,Does the Squeaky Wheel Get More Grease? The Direct and Indirect Effects of Citizen Participation on Environmental Governance in China,Does the Squeaky Wheel Get More Grease? The Direct and…,1,1
Stefan Schaltegger,10.21203/rs.3.rs-3235955/v1,The global potential for natural regeneration in deforested tropical regions,The global potential for natural regeneration in deforested tropical regions,1,1
Stefan Schubert,10.1016/j.cognition.2021.104941,Population ethical intuitions,Population ethical intuitions,1,1
Stefanie Hoehl,10.3386/w30011,"The Long-Run Effects of Psychotherapy on Depression, Beliefs, and Economic Outcomes","The Long-Run Effects of Psychotherapy on Depression, Beliefs, and Economic…",1,1
Stefano Cosma,10.3386/w31137,Biodiversity Risk,Biodiversity Risk,1,1
Stefano Giglio,10.3386/w31137,Biodiversity Risk,Biodiversity Risk,1,1
Steffen Farny,10.21203/rs.3.rs-3235955/v1,The global potential for natural regeneration in deforested tropical regions,The global potential for natural regeneration in deforested tropical regions,1,1
Stephan Küster,10.3386/w31137,Biodiversity Risk,Biodiversity Risk,1,1
Stephanie Wang,10.3386/w23928,Artificial Intelligence and Economic Growth,Artificial Intelligence and Economic Growth,1,1
Stephen Norman,10.1257/aer.20221215,Does the Squeaky Wheel Get More Grease? The Direct and Indirect Effects of Citizen Participation on Environmental Governance in China,Does the Squeaky Wheel Get More Grease? The Direct and…,1,1
Stephen O’Neill,10.3386/w28726,Selecting the Most Effective Nudge: Evidence from a Large-Scale Experiment on Immunization,Selecting the Most Effective Nudge,1,1
Stephen P. Luby,10.1093/wbro/lkae010,The Effect of Lead Exposure on Children’s Learning in the Developing World: A Meta-Analysis,The Effect of Lead Exposure on Children’s Learning in the…,1,1
Stephen Roper,10.3386/w31899,The Effect of Public Science on Corporate R&amp;D,The Effect of Public Science on Corporate R&amp;D,1,1
Steven Bond‐Smith,10.3386/w23928,Artificial Intelligence and Economic Growth,Artificial Intelligence and Economic Growth,1,1
Steven Ongena,10.3386/w31137,Biodiversity Risk,Biodiversity Risk,1,1
Steven Tadelis,10.3386/w23928,Artificial Intelligence and Economic Growth,Artificial Intelligence and Economic Growth,1,1
Steven Wooding,10.3386/w31409,Choose Your Moments: Peer Review and Scientific Risk Taking,Choose Your Moments,1,1
Stuart Feldman,10.3386/w31409,Choose Your Moments: Peer Review and Scientific Risk Taking,Choose Your Moments,1,1
Stuart L. Pimm,10.1257/pandp.20201017,Advance Market Commitments: Insights from Theory and Experience,Advance Market Commitments,1,1
Stéphanie Khoury,10.3386/w28106,The Comparative Impact of Cash Transfers and a Psychotherapy Program on Psychological and Economic Well-being,The Comparative Impact of Cash Transfers and a Psychotherapy Program…,1,1
Su-Mei Gan,10.3386/w23928,Artificial Intelligence and Economic Growth,Artificial Intelligence and Economic Growth,1,1
Suad Altaei,10.3386/w23928,Artificial Intelligence and Economic Growth,Artificial Intelligence and Economic Growth,1,1
Sudarshan RSA,10.1257/aeri.20230431,Money (Not) to Burn: Payments for Ecosystem Services to Reduce Crop Residue Burning,Money (Not) to Burn,1,1
Sue A. Kaplan,10.2139/ssrn.4154000,How Effective Is (More) Money? Randomizing Unconditional Cash Transfer Amounts in the US,How Effective Is (More) Money? Randomizing Unconditional Cash Transfer Amounts…,1,1
Sugandha Srivastav,10.3386/w32450,The Macroeconomic Impact of Climate Change: Global vs. Local Temperature,The Macroeconomic Impact of Climate Change,1,1
Sukrit Pal,10.1287/mnsc.2023.4846,The Governance of Nonprofits and Their Social Impact: Evidence from a Randomized Program in Healthcare in the Democratic Republic of Congo,The Governance of Nonprofits and Their Social Impact,1,1
Sumana Chaudhuri,10.3386/w23928,Artificial Intelligence and Economic Growth,Artificial Intelligence and Economic Growth,1,1
Sumi Mehta,10.3386/w32450,The Macroeconomic Impact of Climate Change: Global vs. Local Temperature,The Macroeconomic Impact of Climate Change,1,1
Sumit Agarwal,10.2139/ssrn.4154000,How Effective Is (More) Money? Randomizing Unconditional Cash Transfer Amounts in the US,How Effective Is (More) Money? Randomizing Unconditional Cash Transfer Amounts…,1,1
Sung Jun Jo,10.3386/w23928,Artificial Intelligence and Economic Growth,Artificial Intelligence and Economic Growth,1,1
Sung‐Eun Cho,10.3386/w23929,Effects of Emigration on Rural Labor Markets,Effects of Emigration on Rural Labor Markets,1,1
Supreet Kaur,10.3386/w23929,Effects of Emigration on Rural Labor Markets,Effects of Emigration on Rural Labor Markets,1,1
Suresh Dalpath,10.3386/w28726,Selecting the Most Effective Nudge: Evidence from a Large-Scale Experiment on Immunization,Selecting the Most Effective Nudge,1,1
Suresh Naidu,10.3386/w32728,A Welfare Analysis of Policies Impacting Climate Change,A Welfare Analysis of Policies Impacting Climate Change,1,1
Suryanto Suryanto,10.3386/w23928,Artificial Intelligence and Economic Growth,Artificial Intelligence and Economic Growth,1,1
Susan G. W. Laurance,10.21203/rs.3.rs-3235955/v1,The global potential for natural regeneration in deforested tropical regions,The global potential for natural regeneration in deforested tropical regions,1,1
Susan Martin,10.3386/w26775,Advance Market Commitments: Insights from Theory and Experience,Advance Market Commitments,1,1
Susana Cipriano Dias Raffaelli,10.3386/w26752,Stagnation and Scientific Incentives,Stagnation and Scientific Incentives,1,1
Susann Fiedler,10.2139/ssrn.3938994,Information Avoidance and Moral Behavior: Experimental Evidence from Food Choices,Information Avoidance and Moral Behavior,1,1
Sutinee Sinutok,10.3386/w32450,The Macroeconomic Impact of Climate Change: Global vs. Local Temperature,The Macroeconomic Impact of Climate Change,1,1
Suzanne Oosterwijk,10.2139/ssrn.3938994,Information Avoidance and Moral Behavior: Experimental Evidence from Food Choices,Information Avoidance and Moral Behavior,1,1
Suárez Carolina,10.1257/pandp.20201017,Advance Market Commitments: Insights from Theory and Experience,Advance Market Commitments,1,1
Sven Hartlieb,10.3386/w31137,Biodiversity Risk,Biodiversity Risk,1,1
Sven Wunder,10.3386/w31137,Biodiversity Risk,Biodiversity Risk,1,1
Svetlana V. Lobova,10.3386/w23928,Artificial Intelligence and Economic Growth,Artificial Intelligence and Economic Growth,1,1
Svitlana Bilan,10.3386/w23928,Artificial Intelligence and Economic Growth,Artificial Intelligence and Economic Growth,1,1
Sydney Costantini,10.3386/w30011,"The Long-Run Effects of Psychotherapy on Depression, Beliefs, and Economic Outcomes","The Long-Run Effects of Psychotherapy on Depression, Beliefs, and Economic…",1,1
Syed Habib Ullah Shah,10.3386/w23928,Artificial Intelligence and Economic Growth,Artificial Intelligence and Economic Growth,1,1
Syedah Aroob Iqbal,10.3386/w31208,Building Resilient Education Systems: Evidence from Large-Scale Randomized Trials in Five Countries,Building Resilient Education Systems,1,1
Sónia Sofia Lopes Pereira,10.3386/w23928,Artificial Intelligence and Economic Growth,Artificial Intelligence and Economic Growth,1,1
Sönke Ehret,10.3386/w28726,Selecting the Most Effective Nudge: Evidence from a Large-Scale Experiment on Immunization,Selecting the Most Effective Nudge,1,1
Sören Mindermann,10.48550/arxiv.2305.07153,Towards best practices in AGI safety and governance: A survey of expert opinion,Towards best practices in AGI safety and governance,1,1
T. R. Shankar Raman,10.21203/rs.3.rs-3235955/v1,The global potential for natural regeneration in deforested tropical regions,The global potential for natural regeneration in deforested tropical regions,1,1
T.J. Wong,10.1257/aer.20221215,Does the Squeaky Wheel Get More Grease? The Direct and Indirect Effects of Citizen Participation on Environmental Governance in China,Does the Squeaky Wheel Get More Grease? The Direct and…,1,1
Tabaré Capitán,10.3386/w30624,Legalizing Entrepreneurship,Legalizing Entrepreneurship,1,1
Tae‐Kyun Kim,10.3386/w23928,Artificial Intelligence and Economic Growth,Artificial Intelligence and Economic Growth,1,1
Taiga Kunishima,10.1111/conl.13077,Banning Wildlife Trade Can Boost the Unregulated Trade of Threatened Species,Banning Wildlife Trade Can Boost the Unregulated Trade of Threatened…,1,1
Taisuke Imai,10.2139/ssrn.3938994,Information Avoidance and Moral Behavior: Experimental Evidence from Food Choices,Information Avoidance and Moral Behavior,1,1
Talal Fawzi Alruwaili,10.3386/w23928,Artificial Intelligence and Economic Growth,Artificial Intelligence and Economic Growth,1,1
Talib E. Butt,10.1016/j.ijdrr.2022.102798,Long term cost-effectiveness of resilient foods for global catastrophes compared to artificial general intelligence safety,Long term cost-effectiveness of resilient foods for global catastrophes compared…,1,1
Tamar Jankhoteli,10.1093/wbro/lkae010,The Effect of Lead Exposure on Children’s Learning in the Developing World: A Meta-Analysis,The Effect of Lead Exposure on Children’s Learning in the…,1,1
Tamkinat Rauf,10.2139/ssrn.4154000,How Effective Is (More) Money? Randomizing Unconditional Cash Transfer Amounts in the US,How Effective Is (More) Money? Randomizing Unconditional Cash Transfer Amounts…,1,1
Tamma Carleton,10.3386/w32728,A Welfare Analysis of Policies Impacting Climate Change,A Welfare Analysis of Policies Impacting Climate Change,1,1
Tania Barham,10.3386/w31162,Intergenerational Child Mortality Impacts of Deworming: Experimental Evidence from Two Decades of the Kenya Life Panel Survey,Intergenerational Child Mortality Impacts of Deworming,1,1
Tania M. Lincoln,10.3386/w30011,"The Long-Run Effects of Psychotherapy on Depression, Beliefs, and Economic Outcomes","The Long-Run Effects of Psychotherapy on Depression, Beliefs, and Economic…",1,1
Tanisha Mittal,10.3386/w23928,Artificial Intelligence and Economic Growth,Artificial Intelligence and Economic Growth,1,1
Tanveer Ahmed,10.3386/w23928,Artificial Intelligence and Economic Growth,Artificial Intelligence and Economic Growth,1,1
Tao Hong,10.3386/w23928,Artificial Intelligence and Economic Growth,Artificial Intelligence and Economic Growth,1,1
Tao Tao,10.1257/aer.20221215,Does the Squeaky Wheel Get More Grease? The Direct and Indirect Effects of Citizen Participation on Environmental Governance in China,Does the Squeaky Wheel Get More Grease? The Direct and…,1,1
Tao Ye,10.1257/aer.20221215,Does the Squeaky Wheel Get More Grease? The Direct and Indirect Effects of Citizen Participation on Environmental Governance in China,Does the Squeaky Wheel Get More Grease? The Direct and…,1,1
Taoyuan Wei,10.1257/aer.20221215,Does the Squeaky Wheel Get More Grease? The Direct and Indirect Effects of Citizen Participation on Environmental Governance in China,Does the Squeaky Wheel Get More Grease? The Direct and…,1,1
Tara N. Mather,10.1016/j.ijdrr.2022.102798,Long term cost-effectiveness of resilient foods for global catastrophes compared to artificial general intelligence safety,Long term cost-effectiveness of resilient foods for global catastrophes compared…,1,1
Tara van Viegen,10.3386/w26752,Stagnation and Scientific Incentives,Stagnation and Scientific Incentives,1,1
Tarek R. Besold,10.48550/arxiv.2305.07153,Towards best practices in AGI safety and governance: A survey of expert opinion,Towards best practices in AGI safety and governance,1,1
Tarun Sharma,10.3386/w30011,"The Long-Run Effects of Psychotherapy on Depression, Beliefs, and Economic Outcomes","The Long-Run Effects of Psychotherapy on Depression, Beliefs, and Economic…",1,1
Tasneem H. Alshareef,10.3386/w30835,Water Treatment And Child Mortality: A Meta-Analysis And Cost-effectiveness Analysis,Water Treatment And Child Mortality,1,1
Taylor Corcoran,10.1257/pandp.20201017,Advance Market Commitments: Insights from Theory and Experience,Advance Market Commitments,1,1
Tegan Maharaj,10.48550/arxiv.2305.07153,Towards best practices in AGI safety and governance: A survey of expert opinion,Towards best practices in AGI safety and governance,1,1
Teng Ye,10.3386/w23928,Artificial Intelligence and Economic Growth,Artificial Intelligence and Economic Growth,1,1
Teng Zhong,10.1257/aer.20221215,Does the Squeaky Wheel Get More Grease? The Direct and Indirect Effects of Citizen Participation on Environmental Governance in China,Does the Squeaky Wheel Get More Grease? The Direct and…,1,1
Teo Sušnjak,10.48550/arxiv.2305.07153,Towards best practices in AGI safety and governance: A survey of expert opinion,Towards best practices in AGI safety and governance,1,1
Teresa Molina,10.3386/w31162,Intergenerational Child Mortality Impacts of Deworming: Experimental Evidence from Two Decades of the Kenya Life Panel Survey,Intergenerational Child Mortality Impacts of Deworming,1,1
Thanh Thuy Le,10.3386/w31137,Biodiversity Risk,Biodiversity Risk,1,1
Themistoklis Tzimas,10.3386/w23928,Artificial Intelligence and Economic Growth,Artificial Intelligence and Economic Growth,1,1
Theodoros Zachariadis,10.2139/ssrn.4154000,How Effective Is (More) Money? Randomizing Unconditional Cash Transfer Amounts in the US,How Effective Is (More) Money? Randomizing Unconditional Cash Transfer Amounts…,1,1
Theodoros Ν. Sergentanis,10.3386/w31899,The Effect of Public Science on Corporate R&amp;D,The Effect of Public Science on Corporate R&amp;D,1,1
Theresa Kuchler,10.3386/w31137,Biodiversity Risk,Biodiversity Risk,1,1
Thomas Bossuroy,10.3386/w28106,The Comparative Impact of Cash Transfers and a Psychotherapy Program on Psychological and Economic Well-being,The Comparative Impact of Cash Transfers and a Psychotherapy Program…,1,1
Thomas Dirkmaat,10.2139/ssrn.3938994,Information Avoidance and Moral Behavior: Experimental Evidence from Food Choices,Information Avoidance and Moral Behavior,1,1
Thomas Franke,10.3386/w30011,"The Long-Run Effects of Psychotherapy on Depression, Beliefs, and Economic Outcomes","The Long-Run Effects of Psychotherapy on Depression, Beliefs, and Economic…",1,1
Thomas J. Bollyky,10.3386/w26775,Advance Market Commitments: Insights from Theory and Experience,Advance Market Commitments,1,1
Thomas Johnston,10.1257/pandp.20201017,Advance Market Commitments: Insights from Theory and Experience,Advance Market Commitments,1,1
Thomas Kubiak,10.3386/w30011,"The Long-Run Effects of Psychotherapy on Depression, Beliefs, and Economic Outcomes","The Long-Run Effects of Psychotherapy on Depression, Beliefs, and Economic…",1,1
Thomas Lundhede,10.3386/w31137,Biodiversity Risk,Biodiversity Risk,1,1
Thomas Pfeiffer,10.3386/w23928,Artificial Intelligence and Economic Growth,Artificial Intelligence and Economic Growth,1,1
Thomas R. Berry‐Stölzle,10.3386/w31137,Biodiversity Risk,Biodiversity Risk,1,1
Thomas Sterner,10.3386/w32450,The Macroeconomic Impact of Climate Change: Global vs. Local Temperature,The Macroeconomic Impact of Climate Change,1,1
Thorben Sandmeier,10.3386/w32450,The Macroeconomic Impact of Climate Change: Global vs. Local Temperature,The Macroeconomic Impact of Climate Change,1,1
Thorsten Quandt,10.1093/ej/uead102,Do Celebrity Endorsements Matter? A Twitter Experiment Promoting Vaccination in Indonesia,Do Celebrity Endorsements Matter? A Twitter Experiment Promoting Vaccination in…,1,1
Tian Wu,10.1257/aer.20221215,Does the Squeaky Wheel Get More Grease? The Direct and Indirect Effects of Citizen Participation on Environmental Governance in China,Does the Squeaky Wheel Get More Grease? The Direct and…,1,1
Tianding Zhang,10.3386/w23928,Artificial Intelligence and Economic Growth,Artificial Intelligence and Economic Growth,1,1
Tianlei Pi,10.3386/w31137,Biodiversity Risk,Biodiversity Risk,1,1
Tianshu Li,10.1257/aer.20221215,Does the Squeaky Wheel Get More Grease? The Direct and Indirect Effects of Citizen Participation on Environmental Governance in China,Does the Squeaky Wheel Get More Grease? The Direct and…,1,1
Tianyu Wei,10.1257/aer.20221215,Does the Squeaky Wheel Get More Grease? The Direct and Indirect Effects of Citizen Participation on Environmental Governance in China,Does the Squeaky Wheel Get More Grease? The Direct and…,1,1
Tianyu Zhang,10.1257/aer.20221215,Does the Squeaky Wheel Get More Grease? The Direct and Indirect Effects of Citizen Participation on Environmental Governance in China,Does the Squeaky Wheel Get More Grease? The Direct and…,1,1
Tim Marczylo,10.1093/wbro/lkae010,The Effect of Lead Exposure on Children’s Learning in the Developing World: A Meta-Analysis,The Effect of Lead Exposure on Children’s Learning in the…,1,1
Tim Sullivan,10.3386/w31208,Building Resilient Education Systems: Evidence from Large-Scale Randomized Trials in Five Countries,Building Resilient Education Systems,1,1
Timothy Powell‐Jackson,10.3386/w28726,Selecting the Most Effective Nudge: Evidence from a Large-Scale Experiment on Immunization,Selecting the Most Effective Nudge,1,1
Timothy R. McIntosh,10.48550/arxiv.2305.07153,Towards best practices in AGI safety and governance: A survey of expert opinion,Towards best practices in AGI safety and governance,1,1
Tina Prodromou,10.3386/w31137,Biodiversity Risk,Biodiversity Risk,1,1
Ting-Ting Sun,10.3386/w23928,Artificial Intelligence and Economic Growth,Artificial Intelligence and Economic Growth,1,1
Tingting Sun,10.3386/w23928,Artificial Intelligence and Economic Growth,Artificial Intelligence and Economic Growth,1,1
Tingting Xie,10.1257/aer.20221215,Does the Squeaky Wheel Get More Grease? The Direct and Indirect Effects of Citizen Participation on Environmental Governance in China,Does the Squeaky Wheel Get More Grease? The Direct and…,1,1
Tobias Bergmann,10.3386/w23928,Artificial Intelligence and Economic Growth,Artificial Intelligence and Economic Growth,1,1
Tobias Huber,10.3386/w31137,Biodiversity Risk,Biodiversity Risk,1,1
Tobias Steindl,10.3386/w31137,Biodiversity Risk,Biodiversity Risk,1,1
Todd Pugatch,10.3386/w30835,Water Treatment And Child Mortality: A Meta-Analysis And Cost-effectiveness Analysis,Water Treatment And Child Mortality,1,1
Tom L. Osborn,10.3386/w28106,The Comparative Impact of Cash Transfers and a Psychotherapy Program on Psychological and Economic Well-being,The Comparative Impact of Cash Transfers and a Psychotherapy Program…,1,1
Tom Mahin,10.3386/w30835,Water Treatment And Child Mortality: A Meta-Analysis And Cost-effectiveness Analysis,Water Treatment And Child Mortality,1,1
Tom Nicholas,10.3386/w23928,Artificial Intelligence and Economic Growth,Artificial Intelligence and Economic Growth,1,1
Tom Wein,10.3386/w28106,The Comparative Impact of Cash Transfers and a Psychotherapy Program on Psychological and Economic Well-being,The Comparative Impact of Cash Transfers and a Psychotherapy Program…,1,1
Tomas Baležentis,10.1257/aer.20221215,Does the Squeaky Wheel Get More Grease? The Direct and Indirect Effects of Citizen Participation on Environmental Governance in China,Does the Squeaky Wheel Get More Grease? The Direct and…,1,1
Tomasz Gajderowicz,10.3386/w31208,Building Resilient Education Systems: Evidence from Large-Scale Randomized Trials in Five Countries,Building Resilient Education Systems,1,1
Tomiwa V. Oluwajuwon,10.21203/rs.3.rs-3235955/v1,The global potential for natural regeneration in deforested tropical regions,The global potential for natural regeneration in deforested tropical regions,1,1
Tommaso Ciarli,10.3386/w26752,Stagnation and Scientific Incentives,Stagnation and Scientific Incentives,1,1
Tong Fu,10.1257/aer.20221215,Does the Squeaky Wheel Get More Grease? The Direct and Indirect Effects of Citizen Participation on Environmental Governance in China,Does the Squeaky Wheel Get More Grease? The Direct and…,1,1
Tong Liu,10.48550/arxiv.2305.07153,Towards best practices in AGI safety and governance: A survey of expert opinion,Towards best practices in AGI safety and governance,1,1
Tony Hey,10.3386/w26752,Stagnation and Scientific Incentives,Stagnation and Scientific Incentives,1,1
Torben S. D. Johansen,10.3386/w31162,Intergenerational Child Mortality Impacts of Deworming: Experimental Evidence from Two Decades of the Kenya Life Panel Survey,Intergenerational Child Mortality Impacts of Deworming,1,1
Toru Kitagawa,10.3386/w28726,Selecting the Most Effective Nudge: Evidence from a Large-Scale Experiment on Immunization,Selecting the Most Effective Nudge,1,1
Tushar Manekar,10.3386/w31137,Biodiversity Risk,Biodiversity Risk,1,1
Tyler H. McCormick,10.3386/w23929,Effects of Emigration on Rural Labor Markets,Effects of Emigration on Rural Labor Markets,1,1
Tâm Phan Huy,10.3386/w23928,Artificial Intelligence and Economic Growth,Artificial Intelligence and Economic Growth,1,1
U. Neumann,10.3386/w26775,Advance Market Commitments: Insights from Theory and Experience,Advance Market Commitments,1,1
Ufuk Akcigit,10.3386/w23928,Artificial Intelligence and Economic Growth,Artificial Intelligence and Economic Growth,1,1
Uma Thapa,10.3386/w31208,Building Resilient Education Systems: Evidence from Large-Scale Randomized Trials in Five Countries,Building Resilient Education Systems,1,1
Umair Khalil,10.1093/ej/uead102,Do Celebrity Endorsements Matter? A Twitter Experiment Promoting Vaccination in Indonesia,Do Celebrity Endorsements Matter? A Twitter Experiment Promoting Vaccination in…,1,1
Umakrishnan Kollamparambil,10.3386/w23928,Artificial Intelligence and Economic Growth,Artificial Intelligence and Economic Growth,1,1
Umer Sahil Maqsood,10.3386/w23928,Artificial Intelligence and Economic Growth,Artificial Intelligence and Economic Growth,1,1
Unni Pillai,10.3386/w23928,Artificial Intelligence and Economic Growth,Artificial Intelligence and Economic Growth,1,1
Urvi Desai,10.3386/w26775,Advance Market Commitments: Insights from Theory and Experience,Advance Market Commitments,1,1
Uttam Golder,10.3386/w23928,Artificial Intelligence and Economic Growth,Artificial Intelligence and Economic Growth,1,1
Uwe Handmann,10.3386/w23928,Artificial Intelligence and Economic Growth,Artificial Intelligence and Economic Growth,1,1
Uyen Trang Nguyen,10.3386/w31137,Biodiversity Risk,Biodiversity Risk,1,1
Uzaib Saya,10.3386/w28726,Selecting the Most Effective Nudge: Evidence from a Large-Scale Experiment on Immunization,Selecting the Most Effective Nudge,1,1
Uzma Afzal,10.3386/w28726,Selecting the Most Effective Nudge: Evidence from a Large-Scale Experiment on Immunization,Selecting the Most Effective Nudge,1,1
V. V. Mironov,10.3386/w23928,Artificial Intelligence and Economic Growth,Artificial Intelligence and Economic Growth,1,1
Valentina Cafarelli,10.2139/ssrn.4154000,How Effective Is (More) Money? Randomizing Unconditional Cash Transfer Amounts in the US,How Effective Is (More) Money? Randomizing Unconditional Cash Transfer Amounts…,1,1
Valentina Karginova-Gubinova,10.3386/w32450,The Macroeconomic Impact of Climate Change: Global vs. Local Temperature,The Macroeconomic Impact of Climate Change,1,1
Valeria D. Dmitrieva,10.3386/w23928,Artificial Intelligence and Economic Growth,Artificial Intelligence and Economic Growth,1,1
Valeria S. Kaptsova,10.3386/w23928,Artificial Intelligence and Economic Growth,Artificial Intelligence and Economic Growth,1,1
Valerii Osetskyi,10.3386/w23928,Artificial Intelligence and Economic Growth,Artificial Intelligence and Economic Growth,1,1
Valery I. Bezrukov,10.3386/w23928,Artificial Intelligence and Economic Growth,Artificial Intelligence and Economic Growth,1,1
Vandana Shukla,10.3386/w30011,"The Long-Run Effects of Psychotherapy on Depression, Beliefs, and Economic Outcomes","The Long-Run Effects of Psychotherapy on Depression, Beliefs, and Economic…",1,1
Vandana Vinayak,10.3386/w30835,Water Treatment And Child Mortality: A Meta-Analysis And Cost-effectiveness Analysis,Water Treatment And Child Mortality,1,1
Vanessa Mertins,10.1287/mnsc.2020.00596,Does Online Fundraising Increase Charitable Giving? A Nationwide Field Experiment on Facebook,Does Online Fundraising Increase Charitable Giving? A Nationwide Field Experimen…,1,1
Varun Dutt,10.3386/w28726,Selecting the Most Effective Nudge: Evidence from a Large-Scale Experiment on Immunization,Selecting the Most Effective Nudge,1,1
Varun Parepally,10.3386/w23928,Artificial Intelligence and Economic Growth,Artificial Intelligence and Economic Growth,1,1
Venkat Narayana Rao T.,10.3386/w23928,Artificial Intelligence and Economic Growth,Artificial Intelligence and Economic Growth,1,1
Veronica Martinez,10.1287/mnsc.2023.4846,The Governance of Nonprofits and Their Social Impact: Evidence from a Randomized Program in Healthcare in the Democratic Republic of Congo,The Governance of Nonprofits and Their Social Impact,1,1
Veronika Belikova-Gerth,10.3386/w23928,Artificial Intelligence and Economic Growth,Artificial Intelligence and Economic Growth,1,1
Veronika Karnowski,10.1093/ej/uead102,Do Celebrity Endorsements Matter? A Twitter Experiment Promoting Vaccination in Indonesia,Do Celebrity Endorsements Matter? A Twitter Experiment Promoting Vaccination in…,1,1
Vicky M. Temperton,10.21203/rs.3.rs-3235955/v1,The global potential for natural regeneration in deforested tropical regions,The global potential for natural regeneration in deforested tropical regions,1,1
Vicky Pryce,10.3386/w32450,The Macroeconomic Impact of Climate Change: Global vs. Local Temperature,The Macroeconomic Impact of Climate Change,1,1
Victor Chernozhukov,10.3386/w28726,Selecting the Most Effective Nudge: Evidence from a Large-Scale Experiment on Immunization,Selecting the Most Effective Nudge,1,1
Victor Jaeck,10.1016/j.ijdrr.2022.102798,Long term cost-effectiveness of resilient foods for global catastrophes compared to artificial general intelligence safety,Long term cost-effectiveness of resilient foods for global catastrophes compared…,1,1
Victor Mwapasa,10.3386/w28726,Selecting the Most Effective Nudge: Evidence from a Large-Scale Experiment on Immunization,Selecting the Most Effective Nudge,1,1
Victoria Oubiña,10.3386/w31208,Building Resilient Education Systems: Evidence from Large-Scale Randomized Trials in Five Countries,Building Resilient Education Systems,1,1
Victoria Strokova,10.3386/w23929,Effects of Emigration on Rural Labor Markets,Effects of Emigration on Rural Labor Markets,1,1
Vidya Diwakar,10.3386/w28106,The Comparative Impact of Cash Transfers and a Psychotherapy Program on Psychological and Economic Well-being,The Comparative Impact of Cash Transfers and a Psychotherapy Program…,1,1
Vijay Mohan,10.3386/w23928,Artificial Intelligence and Economic Growth,Artificial Intelligence and Economic Growth,1,1
Vijender Singh,10.3386/w28106,The Comparative Impact of Cash Transfers and a Psychotherapy Program on Psychological and Economic Well-being,The Comparative Impact of Cash Transfers and a Psychotherapy Program…,1,1
Vilas Dhar,10.3386/w31409,Choose Your Moments: Peer Review and Scientific Risk Taking,Choose Your Moments,1,1
Vincent Somville,10.3386/w28106,The Comparative Impact of Cash Transfers and a Psychotherapy Program on Psychological and Economic Well-being,The Comparative Impact of Cash Transfers and a Psychotherapy Program…,1,1
Vinícius Amorim Sobreiro,10.3386/w23928,Artificial Intelligence and Economic Growth,Artificial Intelligence and Economic Growth,1,1
Viral V. Acharya,10.3386/w31137,Biodiversity Risk,Biodiversity Risk,1,1
Virgilio Hermoso,10.1111/conl.13077,Banning Wildlife Trade Can Boost the Unregulated Trade of Threatened Species,Banning Wildlife Trade Can Boost the Unregulated Trade of Threatened…,1,1
Vitaly Tambovtsev,10.3386/w31663,"Zero-Sum Environments, the Evolution of Effort-Suppressing Beliefs, and Economic Development","Zero-Sum Environments, the Evolution of Effort-Suppressing Beliefs, and Economic…",1,1
Vitor Hadad,10.3386/w28726,Selecting the Most Effective Nudge: Evidence from a Large-Scale Experiment on Immunization,Selecting the Most Effective Nudge,1,1
Vladimir Kozlov,10.2139/ssrn.4154000,How Effective Is (More) Money? Randomizing Unconditional Cash Transfer Amounts in the US,How Effective Is (More) Money? Randomizing Unconditional Cash Transfer Amounts…,1,1
Vojtěch Bartoš,10.3386/w28726,Selecting the Most Effective Nudge: Evidence from a Large-Scale Experiment on Immunization,Selecting the Most Effective Nudge,1,1
Vânia Zuin Zeidler,10.21203/rs.3.rs-3235955/v1,The global potential for natural regeneration in deforested tropical regions,The global potential for natural regeneration in deforested tropical regions,1,1
Víctor Giménez,10.3386/w26752,Stagnation and Scientific Incentives,Stagnation and Scientific Incentives,1,1
Víctor Orozco-Olvera,10.1093/ej/uead102,Do Celebrity Endorsements Matter? A Twitter Experiment Promoting Vaccination in Indonesia,Do Celebrity Endorsements Matter? A Twitter Experiment Promoting Vaccination in…,1,1
W. J. Wouter Botzen,10.3386/w32450,The Macroeconomic Impact of Climate Change: Global vs. Local Temperature,The Macroeconomic Impact of Climate Change,1,1
W. Kent Brown,10.21203/rs.3.rs-3235955/v1,The global potential for natural regeneration in deforested tropical regions,The global potential for natural regeneration in deforested tropical regions,1,1
Walter Yuan,10.3386/w23928,Artificial Intelligence and Economic Growth,Artificial Intelligence and Economic Growth,1,1
Wan-Jiun Paul Chiou,10.3386/w32450,The Macroeconomic Impact of Climate Change: Global vs. Local Temperature,The Macroeconomic Impact of Climate Change,1,1
Wang Hao,10.1257/aer.20221215,Does the Squeaky Wheel Get More Grease? The Direct and Indirect Effects of Citizen Participation on Environmental Governance in China,Does the Squeaky Wheel Get More Grease? The Direct and…,1,1
Wang Jin,10.1257/aer.20221215,Does the Squeaky Wheel Get More Grease? The Direct and Indirect Effects of Citizen Participation on Environmental Governance in China,Does the Squeaky Wheel Get More Grease? The Direct and…,1,1
Wang Jinnan,10.1257/aer.20221215,Does the Squeaky Wheel Get More Grease? The Direct and Indirect Effects of Citizen Participation on Environmental Governance in China,Does the Squeaky Wheel Get More Grease? The Direct and…,1,1
Wang Juan,10.3386/w23928,Artificial Intelligence and Economic Growth,Artificial Intelligence and Economic Growth,1,1
Wang Wen,10.1257/aer.20221215,Does the Squeaky Wheel Get More Grease? The Direct and Indirect Effects of Citizen Participation on Environmental Governance in China,Does the Squeaky Wheel Get More Grease? The Direct and…,1,1
Wang Yong-xing,10.3386/w23928,Artificial Intelligence and Economic Growth,Artificial Intelligence and Economic Growth,1,1
Wang-Sheng Lee,10.1093/ej/uead102,Do Celebrity Endorsements Matter? A Twitter Experiment Promoting Vaccination in Indonesia,Do Celebrity Endorsements Matter? A Twitter Experiment Promoting Vaccination in…,1,1
Wei Der Tsai,10.3386/w32450,The Macroeconomic Impact of Climate Change: Global vs. Local Temperature,The Macroeconomic Impact of Climate Change,1,1
Wei Dou,10.3386/w23928,Artificial Intelligence and Economic Growth,Artificial Intelligence and Economic Growth,1,1
Wei Huang,10.1257/aer.20221215,Does the Squeaky Wheel Get More Grease? The Direct and Indirect Effects of Citizen Participation on Environmental Governance in China,Does the Squeaky Wheel Get More Grease? The Direct and…,1,1
Wei Lin,10.3386/w23929,Effects of Emigration on Rural Labor Markets,Effects of Emigration on Rural Labor Markets,1,1
Wei Shen,10.3386/w23928,Artificial Intelligence and Economic Growth,Artificial Intelligence and Economic Growth,1,1
Wei Tang,10.3386/w31899,The Effect of Public Science on Corporate R&amp;D,The Effect of Public Science on Corporate R&amp;D,1,1
Wei Xiao,10.3386/w23929,Effects of Emigration on Rural Labor Markets,Effects of Emigration on Rural Labor Markets,1,1
Wei Xiong,10.3386/w31137,Biodiversity Risk,Biodiversity Risk,1,1
Weifen Lin,10.3386/w23928,Artificial Intelligence and Economic Growth,Artificial Intelligence and Economic Growth,1,1
Weihua Qu,10.1257/aer.20221215,Does the Squeaky Wheel Get More Grease? The Direct and Indirect Effects of Citizen Participation on Environmental Governance in China,Does the Squeaky Wheel Get More Grease? The Direct and…,1,1
Weiwei Fu,10.3386/w31137,Biodiversity Risk,Biodiversity Risk,1,1
Weiwei Hu,10.3386/w31137,Biodiversity Risk,Biodiversity Risk,1,1
Weixiang Xu,10.1257/aer.20221215,Does the Squeaky Wheel Get More Grease? The Direct and Indirect Effects of Citizen Participation on Environmental Governance in China,Does the Squeaky Wheel Get More Grease? The Direct and…,1,1
Weizhu Hou,10.1257/aer.20221215,Does the Squeaky Wheel Get More Grease? The Direct and Indirect Effects of Citizen Participation on Environmental Governance in China,Does the Squeaky Wheel Get More Grease? The Direct and…,1,1
Wen Jiang,10.1257/aer.20221215,Does the Squeaky Wheel Get More Grease? The Direct and Indirect Effects of Citizen Participation on Environmental Governance in China,Does the Squeaky Wheel Get More Grease? The Direct and…,1,1
Wen Lin,10.1257/aer.20221215,Does the Squeaky Wheel Get More Grease? The Direct and Indirect Effects of Citizen Participation on Environmental Governance in China,Does the Squeaky Wheel Get More Grease? The Direct and…,1,1
Wen Liu,10.3386/w31137,Biodiversity Risk,Biodiversity Risk,1,1
Wencong Lu,10.1257/aer.20221215,Does the Squeaky Wheel Get More Grease? The Direct and Indirect Effects of Citizen Participation on Environmental Governance in China,Does the Squeaky Wheel Get More Grease? The Direct and…,1,1
Wendi Xiao,10.3386/w23928,Artificial Intelligence and Economic Growth,Artificial Intelligence and Economic Growth,1,1
Wendy Wong,10.3386/w28726,Selecting the Most Effective Nudge: Evidence from a Large-Scale Experiment on Immunization,Selecting the Most Effective Nudge,1,1
Wenguang Zhang,10.1257/aer.20221215,Does the Squeaky Wheel Get More Grease? The Direct and Indirect Effects of Citizen Participation on Environmental Governance in China,Does the Squeaky Wheel Get More Grease? The Direct and…,1,1
Wenhao Wu,10.3386/w32450,The Macroeconomic Impact of Climate Change: Global vs. Local Temperature,The Macroeconomic Impact of Climate Change,1,1
Wenhao Yang,10.3386/w23928,Artificial Intelligence and Economic Growth,Artificial Intelligence and Economic Growth,1,1
Wenhua Liu,10.3386/w23929,Effects of Emigration on Rural Labor Markets,Effects of Emigration on Rural Labor Markets,1,1
Wenjie Luo,10.1257/aer.20221215,Does the Squeaky Wheel Get More Grease? The Direct and Indirect Effects of Citizen Participation on Environmental Governance in China,Does the Squeaky Wheel Get More Grease? The Direct and…,1,1
Wenqi Duan,10.1257/aer.20221215,Does the Squeaky Wheel Get More Grease? The Direct and Indirect Effects of Citizen Participation on Environmental Governance in China,Does the Squeaky Wheel Get More Grease? The Direct and…,1,1
Wenshi Wei,10.3386/w23928,Artificial Intelligence and Economic Growth,Artificial Intelligence and Economic Growth,1,1
Wentao Zhang,10.3386/w23928,Artificial Intelligence and Economic Growth,Artificial Intelligence and Economic Growth,1,1
Wenyuan Hua,10.1257/aer.20221215,Does the Squeaky Wheel Get More Grease? The Direct and Indirect Effects of Citizen Participation on Environmental Governance in China,Does the Squeaky Wheel Get More Grease? The Direct and…,1,1
Wesley Greenblatt,10.3386/w31409,Choose Your Moments: Peer Review and Scientific Risk Taking,Choose Your Moments,1,1
Wesley Yin,10.2139/ssrn.4154000,How Effective Is (More) Money? Randomizing Unconditional Cash Transfer Amounts in the US,How Effective Is (More) Money? Randomizing Unconditional Cash Transfer Amounts…,1,1
Wil de Jong,10.21203/rs.3.rs-3235955/v1,The global potential for natural regeneration in deforested tropical regions,The global potential for natural regeneration in deforested tropical regions,1,1
William Copeland,10.3386/w28106,The Comparative Impact of Cash Transfers and a Psychotherapy Program on Psychological and Economic Well-being,The Comparative Impact of Cash Transfers and a Psychotherapy Program…,1,1
William F. Maloney,10.3386/w23928,Artificial Intelligence and Economic Growth,Artificial Intelligence and Economic Growth,1,1
William Mbanyele,10.1257/aer.20221215,Does the Squeaky Wheel Get More Grease? The Direct and Indirect Effects of Citizen Participation on Environmental Governance in China,Does the Squeaky Wheel Get More Grease? The Direct and…,1,1
William Parienté,10.3386/w28106,The Comparative Impact of Cash Transfers and a Psychotherapy Program on Psychological and Economic Well-being,The Comparative Impact of Cash Transfers and a Psychotherapy Program…,1,1
Wills Daniel,10.1257/pandp.20201017,Advance Market Commitments: Insights from Theory and Experience,Advance Market Commitments,1,1
Wilmer Marín,10.21203/rs.3.rs-3235955/v1,The global potential for natural regeneration in deforested tropical regions,The global potential for natural regeneration in deforested tropical regions,1,1
Winfried Rief,10.3386/w30011,"The Long-Run Effects of Psychotherapy on Depression, Beliefs, and Economic Outcomes","The Long-Run Effects of Psychotherapy on Depression, Beliefs, and Economic…",1,1
Winnie Mughogho,10.3386/w28106,The Comparative Impact of Cash Transfers and a Psychotherapy Program on Psychological and Economic Well-being,The Comparative Impact of Cash Transfers and a Psychotherapy Program…,1,1
Witold Więcek,10.3386/w26775,Advance Market Commitments: Insights from Theory and Experience,Advance Market Commitments,1,1
Wolf Fïchtner,10.3386/w32450,The Macroeconomic Impact of Climate Change: Global vs. Local Temperature,The Macroeconomic Impact of Climate Change,1,1
Wolfram Schlenker,10.3386/w32450,The Macroeconomic Impact of Climate Change: Global vs. Local Temperature,The Macroeconomic Impact of Climate Change,1,1
Wonjoon Kim,10.3386/w23928,Artificial Intelligence and Economic Growth,Artificial Intelligence and Economic Growth,1,1
Woraphon Yamaka,10.3386/w23928,Artificial Intelligence and Economic Growth,Artificial Intelligence and Economic Growth,1,1
Wu Zhong,10.3386/w23928,Artificial Intelligence and Economic Growth,Artificial Intelligence and Economic Growth,1,1
Wyatt Brooks,10.3386/w23929,Effects of Emigration on Rural Labor Markets,Effects of Emigration on Rural Labor Markets,1,1
X. Liu,10.1257/aer.20221215,Does the Squeaky Wheel Get More Grease? The Direct and Indirect Effects of Citizen Participation on Environmental Governance in China,Does the Squeaky Wheel Get More Grease? The Direct and…,1,1
Xi Chen,10.1257/aer.20221215,Does the Squeaky Wheel Get More Grease? The Direct and Indirect Effects of Citizen Participation on Environmental Governance in China,Does the Squeaky Wheel Get More Grease? The Direct and…,1,1
Xi Lin,10.3386/w23928,Artificial Intelligence and Economic Growth,Artificial Intelligence and Economic Growth,1,1
Xi Yang,10.3386/w23928,Artificial Intelligence and Economic Growth,Artificial Intelligence and Economic Growth,1,1
Xia Lei,10.3386/w23928,Artificial Intelligence and Economic Growth,Artificial Intelligence and Economic Growth,1,1
Xianghua Wu,10.1257/aer.20221215,Does the Squeaky Wheel Get More Grease? The Direct and Indirect Effects of Citizen Participation on Environmental Governance in China,Does the Squeaky Wheel Get More Grease? The Direct and…,1,1
Xiangjing Chen,10.1257/pandp.20201017,Advance Market Commitments: Insights from Theory and Experience,Advance Market Commitments,1,1
Xiangjun Zhou,10.3386/w23928,Artificial Intelligence and Economic Growth,Artificial Intelligence and Economic Growth,1,1
Xiangyang Yang,10.1257/aer.20221215,Does the Squeaky Wheel Get More Grease? The Direct and Indirect Effects of Citizen Participation on Environmental Governance in China,Does the Squeaky Wheel Get More Grease? The Direct and…,1,1
Xiao Li Zhao,10.1257/aer.20221215,Does the Squeaky Wheel Get More Grease? The Direct and Indirect Effects of Citizen Participation on Environmental Governance in China,Does the Squeaky Wheel Get More Grease? The Direct and…,1,1
Xiaofeng Zhao,10.1257/aer.20221215,Does the Squeaky Wheel Get More Grease? The Direct and Indirect Effects of Citizen Participation on Environmental Governance in China,Does the Squeaky Wheel Get More Grease? The Direct and…,1,1
Xiaohu Luo,10.1257/aer.20221215,Does the Squeaky Wheel Get More Grease? The Direct and Indirect Effects of Citizen Participation on Environmental Governance in China,Does the Squeaky Wheel Get More Grease? The Direct and…,1,1
Xiaohua Wang,10.3386/w30011,"The Long-Run Effects of Psychotherapy on Depression, Beliefs, and Economic Outcomes","The Long-Run Effects of Psychotherapy on Depression, Beliefs, and Economic…",1,1
Xiaohua Yang,10.3386/w23928,Artificial Intelligence and Economic Growth,Artificial Intelligence and Economic Growth,1,1
Xiaojun Wu,10.3386/w23928,Artificial Intelligence and Economic Growth,Artificial Intelligence and Economic Growth,1,1
Xiaolong Xue,10.3386/w23928,Artificial Intelligence and Economic Growth,Artificial Intelligence and Economic Growth,1,1
Xiaolu Zhao,10.1257/aer.20221215,Does the Squeaky Wheel Get More Grease? The Direct and Indirect Effects of Citizen Participation on Environmental Governance in China,Does the Squeaky Wheel Get More Grease? The Direct and…,1,1
Xiaomeng Zhao,10.1257/aer.20221215,Does the Squeaky Wheel Get More Grease? The Direct and Indirect Effects of Citizen Participation on Environmental Governance in China,Does the Squeaky Wheel Get More Grease? The Direct and…,1,1
Xiaomeng Zhou,10.1257/aer.20221215,Does the Squeaky Wheel Get More Grease? The Direct and Indirect Effects of Citizen Participation on Environmental Governance in China,Does the Squeaky Wheel Get More Grease? The Direct and…,1,1
Xiaoming Bai,10.3386/w23928,Artificial Intelligence and Economic Growth,Artificial Intelligence and Economic Growth,1,1
Xiaoping Wu HKU,10.1257/aer.20221215,Does the Squeaky Wheel Get More Grease? The Direct and Indirect Effects of Citizen Participation on Environmental Governance in China,Does the Squeaky Wheel Get More Grease? The Direct and…,1,1
Xiaosheng Qin,10.1257/aer.20221215,Does the Squeaky Wheel Get More Grease? The Direct and Indirect Effects of Citizen Participation on Environmental Governance in China,Does the Squeaky Wheel Get More Grease? The Direct and…,1,1
Xiaoxi Wang,10.3386/w32728,A Welfare Analysis of Policies Impacting Climate Change,A Welfare Analysis of Policies Impacting Climate Change,1,1
Xiaoxue Zhao,10.1257/aer.20221215,Does the Squeaky Wheel Get More Grease? The Direct and Indirect Effects of Citizen Participation on Environmental Governance in China,Does the Squeaky Wheel Get More Grease? The Direct and…,1,1
Xichen Lyu,10.3386/w23928,Artificial Intelligence and Economic Growth,Artificial Intelligence and Economic Growth,1,1
Xilang Shen,10.1257/aer.20221215,Does the Squeaky Wheel Get More Grease? The Direct and Indirect Effects of Citizen Participation on Environmental Governance in China,Does the Squeaky Wheel Get More Grease? The Direct and…,1,1
Xin Hu,10.1257/aer.20221215,Does the Squeaky Wheel Get More Grease? The Direct and Indirect Effects of Citizen Participation on Environmental Governance in China,Does the Squeaky Wheel Get More Grease? The Direct and…,1,1
Xin Li,10.1257/aer.20221215,Does the Squeaky Wheel Get More Grease? The Direct and Indirect Effects of Citizen Participation on Environmental Governance in China,Does the Squeaky Wheel Get More Grease? The Direct and…,1,1
Xin Liu,10.1257/aer.20221215,Does the Squeaky Wheel Get More Grease? The Direct and Indirect Effects of Citizen Participation on Environmental Governance in China,Does the Squeaky Wheel Get More Grease? The Direct and…,1,1
Xing Zhao,10.3386/w23928,Artificial Intelligence and Economic Growth,Artificial Intelligence and Economic Growth,1,1
Xinghua Wang,10.3386/w28726,Selecting the Most Effective Nudge: Evidence from a Large-Scale Experiment on Immunization,Selecting the Most Effective Nudge,1,1
Xinglin Li,10.3386/w31137,Biodiversity Risk,Biodiversity Risk,1,1
Xinxin Wang,10.3386/w23928,Artificial Intelligence and Economic Growth,Artificial Intelligence and Economic Growth,1,1
Xinyue Fan,10.1257/aer.20221215,Does the Squeaky Wheel Get More Grease? The Direct and Indirect Effects of Citizen Participation on Environmental Governance in China,Does the Squeaky Wheel Get More Grease? The Direct and…,1,1
Xinzheng Shi,10.1257/aer.20221215,Does the Squeaky Wheel Get More Grease? The Direct and Indirect Effects of Citizen Participation on Environmental Governance in China,Does the Squeaky Wheel Get More Grease? The Direct and…,1,1
Xiulian Chen,10.3386/w23928,Artificial Intelligence and Economic Growth,Artificial Intelligence and Economic Growth,1,1
Xiuwu Zhang,10.3386/w23928,Artificial Intelligence and Economic Growth,Artificial Intelligence and Economic Growth,1,1
Xiuying Xin,10.3386/w28726,Selecting the Most Effective Nudge: Evidence from a Large-Scale Experiment on Immunization,Selecting the Most Effective Nudge,1,1
Xiuzhen Li,10.3386/w23928,Artificial Intelligence and Economic Growth,Artificial Intelligence and Economic Growth,1,1
Xu Chen,10.1257/aer.20221215,Does the Squeaky Wheel Get More Grease? The Direct and Indirect Effects of Citizen Participation on Environmental Governance in China,Does the Squeaky Wheel Get More Grease? The Direct and…,1,1
Xu Zhang,10.3386/w28726,Selecting the Most Effective Nudge: Evidence from a Large-Scale Experiment on Immunization,Selecting the Most Effective Nudge,1,1
Xuan Ye,10.3386/w23928,Artificial Intelligence and Economic Growth,Artificial Intelligence and Economic Growth,1,1
Xudong Ren,10.1257/aer.20221215,Does the Squeaky Wheel Get More Grease? The Direct and Indirect Effects of Citizen Participation on Environmental Governance in China,Does the Squeaky Wheel Get More Grease? The Direct and…,1,1
Xue Lan,10.48550/arxiv.2305.07153,Towards best practices in AGI safety and governance: A survey of expert opinion,Towards best practices in AGI safety and governance,1,1
Xue Ru,10.1257/aer.20221215,Does the Squeaky Wheel Get More Grease? The Direct and Indirect Effects of Citizen Participation on Environmental Governance in China,Does the Squeaky Wheel Get More Grease? The Direct and…,1,1
Xuesen Cheng,10.48550/arxiv.2107.06476,Adaptability and the Pivot Penalty in Science,Adaptability and the Pivot Penalty in Science,1,1
Xueyin Song,10.3386/w23928,Artificial Intelligence and Economic Growth,Artificial Intelligence and Economic Growth,1,1
Xueyuan Gao,10.3386/w23928,Artificial Intelligence and Economic Growth,Artificial Intelligence and Economic Growth,1,1
Xunyi Jiang,10.48550/arxiv.2107.06476,Adaptability and the Pivot Penalty in Science,Adaptability and the Pivot Penalty in Science,1,1
Xunyong Xiang,10.1257/aer.20221215,Does the Squeaky Wheel Get More Grease? The Direct and Indirect Effects of Citizen Participation on Environmental Governance in China,Does the Squeaky Wheel Get More Grease? The Direct and…,1,1
Xuran Zeng,10.3386/w31137,Biodiversity Risk,Biodiversity Risk,1,1
Y Ishida,10.3386/w31208,Building Resilient Education Systems: Evidence from Large-Scale Randomized Trials in Five Countries,Building Resilient Education Systems,1,1
Y. Jaya Krishna,10.3386/w23928,Artificial Intelligence and Economic Growth,Artificial Intelligence and Economic Growth,1,1
Y. V. Pavan Kumar,10.3386/w32450,The Macroeconomic Impact of Climate Change: Global vs. Local Temperature,The Macroeconomic Impact of Climate Change,1,1
Y. Wan,10.3386/w28726,Selecting the Most Effective Nudge: Evidence from a Large-Scale Experiment on Immunization,Selecting the Most Effective Nudge,1,1
Ya Tan,10.1257/aer.20221215,Does the Squeaky Wheel Get More Grease? The Direct and Indirect Effects of Citizen Participation on Environmental Governance in China,Does the Squeaky Wheel Get More Grease? The Direct and…,1,1
Ya-Qin Zhang,10.48550/arxiv.2305.07153,Towards best practices in AGI safety and governance: A survey of expert opinion,Towards best practices in AGI safety and governance,1,1
Yahaya Alhassan,10.3386/w23928,Artificial Intelligence and Economic Growth,Artificial Intelligence and Economic Growth,1,1
Yamuna Mundru,10.3386/w31208,Building Resilient Education Systems: Evidence from Large-Scale Randomized Trials in Five Countries,Building Resilient Education Systems,1,1
Yan Lou,10.1257/aer.20221215,Does the Squeaky Wheel Get More Grease? The Direct and Indirect Effects of Citizen Participation on Environmental Governance in China,Does the Squeaky Wheel Get More Grease? The Direct and…,1,1
Yan Song,10.1257/aer.20221215,Does the Squeaky Wheel Get More Grease? The Direct and Indirect Effects of Citizen Participation on Environmental Governance in China,Does the Squeaky Wheel Get More Grease? The Direct and…,1,1
Yan Xia,10.3386/w23928,Artificial Intelligence and Economic Growth,Artificial Intelligence and Economic Growth,1,1
Yanan Wu,10.3386/w23928,Artificial Intelligence and Economic Growth,Artificial Intelligence and Economic Growth,1,1
Yanfang Jin,10.1257/aer.20221215,Does the Squeaky Wheel Get More Grease? The Direct and Indirect Effects of Citizen Participation on Environmental Governance in China,Does the Squeaky Wheel Get More Grease? The Direct and…,1,1
Yang Lian,10.3386/w23928,Artificial Intelligence and Economic Growth,Artificial Intelligence and Economic Growth,1,1
Yang Shen,10.3386/w23928,Artificial Intelligence and Economic Growth,Artificial Intelligence and Economic Growth,1,1
Yang Yue,10.3386/w23929,Effects of Emigration on Rural Labor Markets,Effects of Emigration on Rural Labor Markets,1,1
Yangyang Xu,10.3386/w32450,The Macroeconomic Impact of Climate Change: Global vs. Local Temperature,The Macroeconomic Impact of Climate Change,1,1
Yanliu Lin,10.1257/aer.20221215,Does the Squeaky Wheel Get More Grease? The Direct and Indirect Effects of Citizen Participation on Environmental Governance in China,Does the Squeaky Wheel Get More Grease? The Direct and…,1,1
Yanqiu Lu,10.1257/aer.20221215,Does the Squeaky Wheel Get More Grease? The Direct and Indirect Effects of Citizen Participation on Environmental Governance in China,Does the Squeaky Wheel Get More Grease? The Direct and…,1,1
Yanqiu Wang,10.3386/w23928,Artificial Intelligence and Economic Growth,Artificial Intelligence and Economic Growth,1,1
Yanyan Shen,10.1257/aer.20221215,Does the Squeaky Wheel Get More Grease? The Direct and Indirect Effects of Citizen Participation on Environmental Governance in China,Does the Squeaky Wheel Get More Grease? The Direct and…,1,1
Yanying Wang,10.3386/w23928,Artificial Intelligence and Economic Growth,Artificial Intelligence and Economic Growth,1,1
Yao Yao,10.1257/aer.20221215,Does the Squeaky Wheel Get More Grease? The Direct and Indirect Effects of Citizen Participation on Environmental Governance in China,Does the Squeaky Wheel Get More Grease? The Direct and…,1,1
Yao Zhang,10.1257/aer.20221215,Does the Squeaky Wheel Get More Grease? The Direct and Indirect Effects of Citizen Participation on Environmental Governance in China,Does the Squeaky Wheel Get More Grease? The Direct and…,1,1
Yaobin Liu,10.1257/aer.20221215,Does the Squeaky Wheel Get More Grease? The Direct and Indirect Effects of Citizen Participation on Environmental Governance in China,Does the Squeaky Wheel Get More Grease? The Direct and…,1,1
Yasir Ahmad,10.48550/arxiv.2305.07153,Towards best practices in AGI safety and governance: A survey of expert opinion,Towards best practices in AGI safety and governance,1,1
Yaya Li,10.1257/aer.20221215,Does the Squeaky Wheel Get More Grease? The Direct and Indirect Effects of Citizen Participation on Environmental Governance in China,Does the Squeaky Wheel Get More Grease? The Direct and…,1,1
Yazhou Liu,10.1257/aer.20221215,Does the Squeaky Wheel Get More Grease? The Direct and Indirect Effects of Citizen Participation on Environmental Governance in China,Does the Squeaky Wheel Get More Grease? The Direct and…,1,1
Ye Shu,10.1257/aer.20221215,Does the Squeaky Wheel Get More Grease? The Direct and Indirect Effects of Citizen Participation on Environmental Governance in China,Does the Squeaky Wheel Get More Grease? The Direct and…,1,1
Ye.V. Hirnyk,10.3386/w23928,Artificial Intelligence and Economic Growth,Artificial Intelligence and Economic Growth,1,1
Yejie Zheng,10.3386/w23928,Artificial Intelligence and Economic Growth,Artificial Intelligence and Economic Growth,1,1
Yejin Park,10.3386/w23928,Artificial Intelligence and Economic Growth,Artificial Intelligence and Economic Growth,1,1
Yelin Fu,10.1257/aer.20221215,Does the Squeaky Wheel Get More Grease? The Direct and Indirect Effects of Citizen Participation on Environmental Governance in China,Does the Squeaky Wheel Get More Grease? The Direct and…,1,1
Yi Deng,10.1257/aer.20221215,Does the Squeaky Wheel Get More Grease? The Direct and Indirect Effects of Citizen Participation on Environmental Governance in China,Does the Squeaky Wheel Get More Grease? The Direct and…,1,1
Yi He,10.3386/w32450,The Macroeconomic Impact of Climate Change: Global vs. Local Temperature,The Macroeconomic Impact of Climate Change,1,1
Yi Lu,10.1257/aer.20221215,Does the Squeaky Wheel Get More Grease? The Direct and Indirect Effects of Citizen Participation on Environmental Governance in China,Does the Squeaky Wheel Get More Grease? The Direct and…,1,1
Yi Qu,10.3386/w23928,Artificial Intelligence and Economic Growth,Artificial Intelligence and Economic Growth,1,1
Yi Shi,10.1257/aer.20221215,Does the Squeaky Wheel Get More Grease? The Direct and Indirect Effects of Citizen Participation on Environmental Governance in China,Does the Squeaky Wheel Get More Grease? The Direct and…,1,1
Yi Song,10.1257/aer.20221215,Does the Squeaky Wheel Get More Grease? The Direct and Indirect Effects of Citizen Participation on Environmental Governance in China,Does the Squeaky Wheel Get More Grease? The Direct and…,1,1
Yibing Ding,10.3386/w23928,Artificial Intelligence and Economic Growth,Artificial Intelligence and Economic Growth,1,1
Yifan Wu,10.3386/w23928,Artificial Intelligence and Economic Growth,Artificial Intelligence and Economic Growth,1,1
Yifang Ma,10.48550/arxiv.2107.06476,Adaptability and the Pivot Penalty in Science,Adaptability and the Pivot Penalty in Science,1,1
Yifei Quan,10.3386/w32728,A Welfare Analysis of Policies Impacting Climate Change,A Welfare Analysis of Policies Impacting Climate Change,1,1
Yihao Zhao,10.3386/w31137,Biodiversity Risk,Biodiversity Risk,1,1
Yihua Yu,10.3386/w23928,Artificial Intelligence and Economic Growth,Artificial Intelligence and Economic Growth,1,1
Yile Jiang,10.1257/aer.20221215,Does the Squeaky Wheel Get More Grease? The Direct and Indirect Effects of Citizen Participation on Environmental Governance in China,Does the Squeaky Wheel Get More Grease? The Direct and…,1,1
Yimin Wang,10.1257/pandp.20201017,Advance Market Commitments: Insights from Theory and Experience,Advance Market Commitments,1,1
Yiming Tang,10.3386/w30011,"The Long-Run Effects of Psychotherapy on Depression, Beliefs, and Economic Outcomes","The Long-Run Effects of Psychotherapy on Depression, Beliefs, and Economic…",1,1
Yiming Yuan,10.3386/w23928,Artificial Intelligence and Economic Growth,Artificial Intelligence and Economic Growth,1,1
Yin Da,10.3386/w23928,Artificial Intelligence and Economic Growth,Artificial Intelligence and Economic Growth,1,1
Ying Jiang,10.3386/w32450,The Macroeconomic Impact of Climate Change: Global vs. Local Temperature,The Macroeconomic Impact of Climate Change,1,1
Ying Liu,10.1257/aer.20221215,Does the Squeaky Wheel Get More Grease? The Direct and Indirect Effects of Citizen Participation on Environmental Governance in China,Does the Squeaky Wheel Get More Grease? The Direct and…,1,1
Ying Tuan Lo,10.3386/w23928,Artificial Intelligence and Economic Growth,Artificial Intelligence and Economic Growth,1,1
Yingchun Xing,10.3386/w23928,Artificial Intelligence and Economic Growth,Artificial Intelligence and Economic Growth,1,1
Yingjia Zhai,10.1257/aer.20221215,Does the Squeaky Wheel Get More Grease? The Direct and Indirect Effects of Citizen Participation on Environmental Governance in China,Does the Squeaky Wheel Get More Grease? The Direct and…,1,1
Yingjie Xu,10.3386/w23928,Artificial Intelligence and Economic Growth,Artificial Intelligence and Economic Growth,1,1
Yingming Zhu,10.1257/aer.20221215,Does the Squeaky Wheel Get More Grease? The Direct and Indirect Effects of Citizen Participation on Environmental Governance in China,Does the Squeaky Wheel Get More Grease? The Direct and…,1,1
Yingnan Zhai,10.3386/w23928,Artificial Intelligence and Economic Growth,Artificial Intelligence and Economic Growth,1,1
Yingshui Yao,10.3386/w31899,The Effect of Public Science on Corporate R&amp;D,The Effect of Public Science on Corporate R&amp;D,1,1
Yingtong Chen,10.3386/w31137,Biodiversity Risk,Biodiversity Risk,1,1
Yingxue Sun,10.1257/aer.20221215,Does the Squeaky Wheel Get More Grease? The Direct and Indirect Effects of Citizen Participation on Environmental Governance in China,Does the Squeaky Wheel Get More Grease? The Direct and…,1,1
Yingying Hu,10.1257/aer.20221215,Does the Squeaky Wheel Get More Grease? The Direct and Indirect Effects of Citizen Participation on Environmental Governance in China,Does the Squeaky Wheel Get More Grease? The Direct and…,1,1
Yingying Xu,10.3386/w23928,Artificial Intelligence and Economic Growth,Artificial Intelligence and Economic Growth,1,1
Yinhe Liang,10.1257/aer.20221215,Does the Squeaky Wheel Get More Grease? The Direct and Indirect Effects of Citizen Participation on Environmental Governance in China,Does the Squeaky Wheel Get More Grease? The Direct and…,1,1
Yining Zhang,10.3386/w23928,Artificial Intelligence and Economic Growth,Artificial Intelligence and Economic Growth,1,1
Yinna Chen,10.1257/aer.20221215,Does the Squeaky Wheel Get More Grease? The Direct and Indirect Effects of Citizen Participation on Environmental Governance in China,Does the Squeaky Wheel Get More Grease? The Direct and…,1,1
Yiwen Sun,10.3386/w23928,Artificial Intelligence and Economic Growth,Artificial Intelligence and Economic Growth,1,1
Yixin Dai,10.1257/aer.20221215,Does the Squeaky Wheel Get More Grease? The Direct and Indirect Effects of Citizen Participation on Environmental Governance in China,Does the Squeaky Wheel Get More Grease? The Direct and…,1,1
Yixin Liu,10.3386/w23928,Artificial Intelligence and Economic Growth,Artificial Intelligence and Economic Growth,1,1
Yogesh K. Dwivedi,10.3386/w23928,Artificial Intelligence and Economic Growth,Artificial Intelligence and Economic Growth,1,1
Yogita Shamdasani,10.3386/w23929,Effects of Emigration on Rural Labor Markets,Effects of Emigration on Rural Labor Markets,1,1
Yoko Ibuka,10.3386/w31162,Intergenerational Child Mortality Impacts of Deworming: Experimental Evidence from Two Decades of the Kenya Life Panel Survey,Intergenerational Child Mortality Impacts of Deworming,1,1
Yong Qin,10.3386/w23928,Artificial Intelligence and Economic Growth,Artificial Intelligence and Economic Growth,1,1
Yong Sun,10.1257/aer.20221215,Does the Squeaky Wheel Get More Grease? The Direct and Indirect Effects of Citizen Participation on Environmental Governance in China,Does the Squeaky Wheel Get More Grease? The Direct and…,1,1
Yong Zhao,10.3386/w23928,Artificial Intelligence and Economic Growth,Artificial Intelligence and Economic Growth,1,1
Yongping Wei,10.3386/w26752,Stagnation and Scientific Incentives,Stagnation and Scientific Incentives,1,1
Yongsheng Xu,10.3386/w31137,Biodiversity Risk,Biodiversity Risk,1,1
Yongwei Chen,10.3386/w23928,Artificial Intelligence and Economic Growth,Artificial Intelligence and Economic Growth,1,1
Yongzeng Lai,10.1257/aer.20221215,Does the Squeaky Wheel Get More Grease? The Direct and Indirect Effects of Citizen Participation on Environmental Governance in China,Does the Squeaky Wheel Get More Grease? The Direct and…,1,1
Yoon Ah Shin,10.3386/w32450,The Macroeconomic Impact of Climate Change: Global vs. Local Temperature,The Macroeconomic Impact of Climate Change,1,1
Yoshua Bengio,10.48550/arxiv.2305.07153,Towards best practices in AGI safety and governance: A survey of expert opinion,Towards best practices in AGI safety and governance,1,1
Youjia Liang,10.3386/w31137,Biodiversity Risk,Biodiversity Risk,1,1
Young‐Eun Kim,10.3386/w23928,Artificial Intelligence and Economic Growth,Artificial Intelligence and Economic Growth,1,1
Young‐Min Lee,10.3386/w23929,Effects of Emigration on Rural Labor Markets,Effects of Emigration on Rural Labor Markets,1,1
Youwei Li,10.3386/w23928,Artificial Intelligence and Economic Growth,Artificial Intelligence and Economic Growth,1,1
Yu Diao,10.1257/aer.20221215,Does the Squeaky Wheel Get More Grease? The Direct and Indirect Effects of Citizen Participation on Environmental Governance in China,Does the Squeaky Wheel Get More Grease? The Direct and…,1,1
Yu Hao,10.3386/w23928,Artificial Intelligence and Economic Growth,Artificial Intelligence and Economic Growth,1,1
Yu Long,10.3386/w23928,Artificial Intelligence and Economic Growth,Artificial Intelligence and Economic Growth,1,1
Yu Luo,10.3386/w31554,Urban Forests: Environmental Health Values and Risks,Urban Forests,1,1
Yu Peng,10.3386/w23928,Artificial Intelligence and Economic Growth,Artificial Intelligence and Economic Growth,1,1
Yu Sang Chang,10.3386/w23928,Artificial Intelligence and Economic Growth,Artificial Intelligence and Economic Growth,1,1
Yu Shui,10.3386/w23928,Artificial Intelligence and Economic Growth,Artificial Intelligence and Economic Growth,1,1
Yu Xie,10.1257/aer.20221215,Does the Squeaky Wheel Get More Grease? The Direct and Indirect Effects of Citizen Participation on Environmental Governance in China,Does the Squeaky Wheel Get More Grease? The Direct and…,1,1
Yuanyuan Yi,10.21203/rs.3.rs-3235955/v1,The global potential for natural regeneration in deforested tropical regions,The global potential for natural regeneration in deforested tropical regions,1,1
Yue Li,10.1257/aer.20221215,Does the Squeaky Wheel Get More Grease? The Direct and Indirect Effects of Citizen Participation on Environmental Governance in China,Does the Squeaky Wheel Get More Grease? The Direct and…,1,1
Yue Lv,10.3386/w23928,Artificial Intelligence and Economic Growth,Artificial Intelligence and Economic Growth,1,1
Yuechuan Zhao,10.1257/aer.20221215,Does the Squeaky Wheel Get More Grease? The Direct and Indirect Effects of Citizen Participation on Environmental Governance in China,Does the Squeaky Wheel Get More Grease? The Direct and…,1,1
Yugang He,10.3386/w23928,Artificial Intelligence and Economic Growth,Artificial Intelligence and Economic Growth,1,1
Yuhan Zhou,10.3386/w31137,Biodiversity Risk,Biodiversity Risk,1,1
Yujie Liu,10.1257/aer.20221215,Does the Squeaky Wheel Get More Grease? The Direct and Indirect Effects of Citizen Participation on Environmental Governance in China,Does the Squeaky Wheel Get More Grease? The Direct and…,1,1
Yujing Ma,10.1257/aer.20221215,Does the Squeaky Wheel Get More Grease? The Direct and Indirect Effects of Citizen Participation on Environmental Governance in China,Does the Squeaky Wheel Get More Grease? The Direct and…,1,1
Yujun Huang,10.3386/w31137,Biodiversity Risk,Biodiversity Risk,1,1
Yukun Shi,10.3386/w32450,The Macroeconomic Impact of Climate Change: Global vs. Local Temperature,The Macroeconomic Impact of Climate Change,1,1
Yuling Hu,10.3386/w23928,Artificial Intelligence and Economic Growth,Artificial Intelligence and Economic Growth,1,1
Yuming Zhai,10.3386/w23928,Artificial Intelligence and Economic Growth,Artificial Intelligence and Economic Growth,1,1
Yun Zhang,10.3386/w23928,Artificial Intelligence and Economic Growth,Artificial Intelligence and Economic Growth,1,1
Yunhong Lyu,10.3386/w31554,Urban Forests: Environmental Health Values and Risks,Urban Forests,1,1
Yunqian Cheng,10.1257/aer.20221215,Does the Squeaky Wheel Get More Grease? The Direct and Indirect Effects of Citizen Participation on Environmental Governance in China,Does the Squeaky Wheel Get More Grease? The Direct and…,1,1
Yurui Huang,10.48550/arxiv.2107.06476,Adaptability and the Pivot Penalty in Science,Adaptability and the Pivot Penalty in Science,1,1
Yusuf Neggers,10.3386/w23929,Effects of Emigration on Rural Labor Markets,Effects of Emigration on Rural Labor Markets,1,1
Yuta J. Masuda,10.1257/aer.20221215,Does the Squeaky Wheel Get More Grease? The Direct and Indirect Effects of Citizen Participation on Environmental Governance in China,Does the Squeaky Wheel Get More Grease? The Direct and…,1,1
Yuting Shen,10.3386/w23928,Artificial Intelligence and Economic Growth,Artificial Intelligence and Economic Growth,1,1
Yutong Xie,10.3386/w23928,Artificial Intelligence and Economic Growth,Artificial Intelligence and Economic Growth,1,1
Yuval Noah Harari,10.48550/arxiv.2305.07153,Towards best practices in AGI safety and governance: A survey of expert opinion,Towards best practices in AGI safety and governance,1,1
Yuxuan Wang,10.3386/w23928,Artificial Intelligence and Economic Growth,Artificial Intelligence and Economic Growth,1,1
Yuyu Chen,10.3386/w23929,Effects of Emigration on Rural Labor Markets,Effects of Emigration on Rural Labor Markets,1,1
Yves Schaeffer,10.3386/w31554,Urban Forests: Environmental Health Values and Risks,Urban Forests,1,1
Zacharias Sautner,10.3386/w31137,Biodiversity Risk,Biodiversity Risk,1,1
Zafar Fatmi,10.1093/wbro/lkae010,The Effect of Lead Exposure on Children’s Learning in the Developing World: A Meta-Analysis,The Effect of Lead Exposure on Children’s Learning in the…,1,1
Zafeer Ravat,10.1257/pandp.20201017,Advance Market Commitments: Insights from Theory and Experience,Advance Market Commitments,1,1
Zakaria Seidu,10.1093/wbro/lkae010,The Effect of Lead Exposure on Children’s Learning in the Developing World: A Meta-Analysis,The Effect of Lead Exposure on Children’s Learning in the…,1,1
Zarif Bin Akhtar,10.48550/arxiv.2305.07153,Towards best practices in AGI safety and governance: A survey of expert opinion,Towards best practices in AGI safety and governance,1,1
Zeeshan Khan,10.3386/w23928,Artificial Intelligence and Economic Growth,Artificial Intelligence and Economic Growth,1,1
Zehua Chen,10.1257/aer.20221215,Does the Squeaky Wheel Get More Grease? The Direct and Indirect Effects of Citizen Participation on Environmental Governance in China,Does the Squeaky Wheel Get More Grease? The Direct and…,1,1
Zehui Bu,10.1257/aer.20221215,Does the Squeaky Wheel Get More Grease? The Direct and Indirect Effects of Citizen Participation on Environmental Governance in China,Does the Squeaky Wheel Get More Grease? The Direct and…,1,1
Zelalem Terfa,10.3386/w28726,Selecting the Most Effective Nudge: Evidence from a Large-Scale Experiment on Immunization,Selecting the Most Effective Nudge,1,1
Zenghui Li,10.1257/aer.20221215,Does the Squeaky Wheel Get More Grease? The Direct and Indirect Effects of Citizen Participation on Environmental Governance in China,Does the Squeaky Wheel Get More Grease? The Direct and…,1,1
Zeshui Xu,10.3386/w23928,Artificial Intelligence and Economic Growth,Artificial Intelligence and Economic Growth,1,1
Zeynep Karaş,10.3386/w23928,Artificial Intelligence and Economic Growth,Artificial Intelligence and Economic Growth,1,1
Zhanzhong Shi,10.3386/w23928,Artificial Intelligence and Economic Growth,Artificial Intelligence and Economic Growth,1,1
Zhao Jin,10.3386/w23928,Artificial Intelligence and Economic Growth,Artificial Intelligence and Economic Growth,1,1
Zhao Liu,10.1257/aer.20221215,Does the Squeaky Wheel Get More Grease? The Direct and Indirect Effects of Citizen Participation on Environmental Governance in China,Does the Squeaky Wheel Get More Grease? The Direct and…,1,1
Zhehong Xu,10.1257/aer.20221215,Does the Squeaky Wheel Get More Grease? The Direct and Indirect Effects of Citizen Participation on Environmental Governance in China,Does the Squeaky Wheel Get More Grease? The Direct and…,1,1
Zhen Li,10.1257/aer.20221215,Does the Squeaky Wheel Get More Grease? The Direct and Indirect Effects of Citizen Participation on Environmental Governance in China,Does the Squeaky Wheel Get More Grease? The Direct and…,1,1
Zhen Pang,10.3386/w23928,Artificial Intelligence and Economic Growth,Artificial Intelligence and Economic Growth,1,1
Zheng Ji,10.3386/w23928,Artificial Intelligence and Economic Growth,Artificial Intelligence and Economic Growth,1,1
Zhenhua Wu,10.1257/aer.20221215,Does the Squeaky Wheel Get More Grease? The Direct and Indirect Effects of Citizen Participation on Environmental Governance in China,Does the Squeaky Wheel Get More Grease? The Direct and…,1,1
Zhenzhong Zeng,10.1257/aer.20221215,Does the Squeaky Wheel Get More Grease? The Direct and Indirect Effects of Citizen Participation on Environmental Governance in China,Does the Squeaky Wheel Get More Grease? The Direct and…,1,1
Zhichen Huang,10.1257/aer.20221215,Does the Squeaky Wheel Get More Grease? The Direct and Indirect Effects of Citizen Participation on Environmental Governance in China,Does the Squeaky Wheel Get More Grease? The Direct and…,1,1
Zhidan Yang,10.3386/w23928,Artificial Intelligence and Economic Growth,Artificial Intelligence and Economic Growth,1,1
Zhifang Su,10.3386/w23928,Artificial Intelligence and Economic Growth,Artificial Intelligence and Economic Growth,1,1
Zhijiu Yang,10.1257/aer.20221215,Does the Squeaky Wheel Get More Grease? The Direct and Indirect Effects of Citizen Participation on Environmental Governance in China,Does the Squeaky Wheel Get More Grease? The Direct and…,1,1
Zhiqiang Zhang,10.1257/aer.20221215,Does the Squeaky Wheel Get More Grease? The Direct and Indirect Effects of Citizen Participation on Environmental Governance in China,Does the Squeaky Wheel Get More Grease? The Direct and…,1,1
Zhiqiao Xiong,10.1257/aer.20221215,Does the Squeaky Wheel Get More Grease? The Direct and Indirect Effects of Citizen Participation on Environmental Governance in China,Does the Squeaky Wheel Get More Grease? The Direct and…,1,1
Zhirong Zheng,10.1257/aer.20221215,Does the Squeaky Wheel Get More Grease? The Direct and Indirect Effects of Citizen Participation on Environmental Governance in China,Does the Squeaky Wheel Get More Grease? The Direct and…,1,1
Zhiwei Tang,10.3386/w23928,Artificial Intelligence and Economic Growth,Artificial Intelligence and Economic Growth,1,1
Zhiyi Liu,10.3386/w23928,Artificial Intelligence and Economic Growth,Artificial Intelligence and Economic Growth,1,1
Zhiyuan Chen,10.1257/aer.20221215,Does the Squeaky Wheel Get More Grease? The Direct and Indirect Effects of Citizen Participation on Environmental Governance in China,Does the Squeaky Wheel Get More Grease? The Direct and…,1,1
Zhizhuo Li,10.3386/w23928,Artificial Intelligence and Economic Growth,Artificial Intelligence and Economic Growth,1,1
Zhonghua Cheng,10.3386/w23928,Artificial Intelligence and Economic Growth,Artificial Intelligence and Economic Growth,1,1
Zhongjian Lin,10.3386/w28726,Selecting the Most Effective Nudge: Evidence from a Large-Scale Experiment on Immunization,Selecting the Most Effective Nudge,1,1
Zhou Jian-ping,10.1257/aer.20221215,Does the Squeaky Wheel Get More Grease? The Direct and Indirect Effects of Citizen Participation on Environmental Governance in China,Does the Squeaky Wheel Get More Grease? The Direct and…,1,1
Zhu Yi,10.3386/w23928,Artificial Intelligence and Economic Growth,Artificial Intelligence and Economic Growth,1,1
Zhuo Wu,10.1257/aer.20221215,Does the Squeaky Wheel Get More Grease? The Direct and Indirect Effects of Citizen Participation on Environmental Governance in China,Does the Squeaky Wheel Get More Grease? The Direct and…,1,1
Zijun Li,10.1257/aer.20221215,Does the Squeaky Wheel Get More Grease? The Direct and Indirect Effects of Citizen Participation on Environmental Governance in China,Does the Squeaky Wheel Get More Grease? The Direct and…,1,1
Zishen Tang,10.1257/aer.20221215,Does the Squeaky Wheel Get More Grease? The Direct and Indirect Effects of Citizen Participation on Environmental Governance in China,Does the Squeaky Wheel Get More Grease? The Direct and…,1,1
Ziyan Zhang,10.3386/w26752,Stagnation and Scientific Incentives,Stagnation and Scientific Incentives,1,1
Zoe Cremer,10.1016/j.cognition.2021.104941,Population ethical intuitions,Population ethical intuitions,1,1
Zuoxiang Zhao,10.1257/aer.20221215,Does the Squeaky Wheel Get More Grease? The Direct and Indirect Effects of Citizen Participation on Environmental Governance in China,Does the Squeaky Wheel Get More Grease? The Direct and…,1,1
Zuraidah Sulaiman,10.3386/w23928,Artificial Intelligence and Economic Growth,Artificial Intelligence and Economic Growth,1,1
Zwetelina Iliewa,10.3386/w32073,"Ends versus Means: Kantians, Utilitarians, and Moral Decisions",Ends versus Means,1,1
nasir khan khattak,10.3386/w31137,Biodiversity Risk,Biodiversity Risk,1,1
Álvaro Choi,10.3386/w23928,Artificial Intelligence and Economic Growth,Artificial Intelligence and Economic Growth,1,1
Élisabeth Sadoulet,10.3386/w28726,Selecting the Most Effective Nudge: Evidence from a Large-Scale Experiment on Immunization,Selecting the Most Effective Nudge,1,1
Éric Maurin,10.3386/w23928,Artificial Intelligence and Economic Growth,Artificial Intelligence and Economic Growth,1,1
Óscar Vicente-Chirivella,10.3386/w31899,The Effect of Public Science on Corporate R&amp;D,The Effect of Public Science on Corporate R&amp;D,1,1
Önder Nomaler,10.3386/w23928,Artificial Intelligence and Economic Growth,Artificial Intelligence and Economic Growth,1,1
Đông Đỗ Thị,10.3386/w23928,Artificial Intelligence and Economic Growth,Artificial Intelligence and Economic Growth,1,1
İrem Erten,10.3386/w31137,Biodiversity Risk,Biodiversity Risk,1,1
Łukasz Gajewski,10.1016/j.ijdrr.2022.102798,Long term cost-effectiveness of resilient foods for global catastrophes compared to artificial general intelligence safety,Long term cost-effectiveness of resilient foods for global catastrophes compared…,1,1
Željko Tekić,10.3386/w23928,Artificial Intelligence and Economic Growth,Artificial Intelligence and Economic Growth,1,1
Εvanthia Sakellari,10.3386/w31899,The Effect of Public Science on Corporate R&amp;D,The Effect of Public Science on Corporate R&amp;D,1,1
Κωνσταντίνα Κανελλοπούλου,10.3386/w23928,Artificial Intelligence and Economic Growth,Artificial Intelligence and Economic Growth,1,1
Ірина Дьогтєва,10.3386/w31409,Choose Your Moments: Peer Review and Scientific Risk Taking,Choose Your Moments,1,1
Анатолій Антонович Шиян,10.3386/w31409,Choose Your Moments: Peer Review and Scientific Risk Taking,Choose Your Moments,1,1
В. М. Семенова,10.3386/w28726,Selecting the Most Effective Nudge: Evidence from a Large-Scale Experiment on Immunization,Selecting the Most Effective Nudge,1,1
Венелин Терзиев,10.3386/w23928,Artificial Intelligence and Economic Growth,Artificial Intelligence and Economic Growth,1,1
Е. Г. Ильин,10.1016/j.ijdrr.2022.102798,Long term cost-effectiveness of resilient foods for global catastrophes compared to artificial general intelligence safety,Long term cost-effectiveness of resilient foods for global catastrophes compared…,1,1
Е.В. Шамалова,10.3386/w23928,Artificial Intelligence and Economic Growth,Artificial Intelligence and Economic Growth,1,1
Рубен Ениколопов,10.3386/w33018,Misperceptions and Demand for Democracy under Authoritarianism,Misperceptions and Demand for Democracy under Authoritarianism,1,1
Сергій Жарінов,10.3386/w31409,Choose Your Moments: Peer Review and Scientific Risk Taking,Choose Your Moments,1,1
海立 刘,10.3386/w23928,Artificial Intelligence and Economic Growth,Artificial Intelligence and Economic Growth,1,1
辰史 山形,10.1257/pandp.20201017,Advance Market Commitments: Insights from Theory and Experience,Advance Market Commitments,1,1
