label_paper,label_paper_title,evaluator,criteria,middle_rating,lower_ci,upper_ci,rationale
NA,Asymmetry in Civic Information: An Experiment on Tax Participation among Informal Firms in Togo,Evaluator 2,overall,75,NA,NA,
NA,Asymmetry in Civic Information: An Experiment on Tax Participation among Informal Firms in Togo,Evaluator 2,merits_journal,3.5,NA,NA,
NA,Asymmetry in Civic Information: An Experiment on Tax Participation among Informal Firms in Togo,Evaluator 1,overall,85,75,95,
NA,Asymmetry in Civic Information: An Experiment on Tax Participation among Informal Firms in Togo,Evaluator 1,claims,85,75,90,
NA,Asymmetry in Civic Information: An Experiment on Tax Participation among Informal Firms in Togo,Evaluator 1,adv_knowledge,85,75,90,
NA,Asymmetry in Civic Information: An Experiment on Tax Participation among Informal Firms in Togo,Evaluator 1,methods,85,75,90,
NA,Asymmetry in Civic Information: An Experiment on Tax Participation among Informal Firms in Togo,Evaluator 1,logic_comms,90,80,100,
NA,Asymmetry in Civic Information: An Experiment on Tax Participation among Informal Firms in Togo,Evaluator 1,open_sci,85,75,95,
NA,Asymmetry in Civic Information: An Experiment on Tax Participation among Informal Firms in Togo,Evaluator 1,real_world,90,80,100,
NA,Asymmetry in Civic Information: An Experiment on Tax Participation among Informal Firms in Togo,Evaluator 1,gp_relevance,90,80,100,
NA,Asymmetry in Civic Information: An Experiment on Tax Participation among Informal Firms in Togo,Evaluator 1,merits_journal,4,3.7,4.7,
NA,Asymmetry in Civic Information: An Experiment on Tax Participation among Informal Firms in Togo,Evaluator 1,journal_predict,4,3.7,4.7,
NA,Misperceptions and Demand for Democracy under Authoritarianism,Korhan Kocak,overall,85,70,95,
NA,Misperceptions and Demand for Democracy under Authoritarianism,Korhan Kocak,claims,90,80,94,
NA,Misperceptions and Demand for Democracy under Authoritarianism,Korhan Kocak,adv_knowledge,90,75,95,
NA,Misperceptions and Demand for Democracy under Authoritarianism,Korhan Kocak,methods,75,60,90,
NA,Misperceptions and Demand for Democracy under Authoritarianism,Korhan Kocak,logic_comms,90,80,95,
NA,Misperceptions and Demand for Democracy under Authoritarianism,Korhan Kocak,open_sci,30,15,50,
NA,Misperceptions and Demand for Democracy under Authoritarianism,Korhan Kocak,real_world,90,80,95,
NA,Misperceptions and Demand for Democracy under Authoritarianism,Korhan Kocak,gp_relevance,90,80,95,
NA,Misperceptions and Demand for Democracy under Authoritarianism,Korhan Kocak,merits_journal,4.1,3.4,4.4,
NA,Misperceptions and Demand for Democracy under Authoritarianism,Korhan Kocak,journal_predict,4.3,3,4.7,
NA,Misperceptions and Demand for Democracy under Authoritarianism,Evaluator 2,overall,88,80,95,
NA,Misperceptions and Demand for Democracy under Authoritarianism,Evaluator 2,claims,83,75,90,
NA,Misperceptions and Demand for Democracy under Authoritarianism,Evaluator 2,adv_knowledge,88,80,95,
NA,Misperceptions and Demand for Democracy under Authoritarianism,Evaluator 2,methods,88,80,95,
NA,Misperceptions and Demand for Democracy under Authoritarianism,Evaluator 2,logic_comms,88,80,95,
NA,Misperceptions and Demand for Democracy under Authoritarianism,Evaluator 2,open_sci,83,75,90,
NA,Misperceptions and Demand for Democracy under Authoritarianism,Evaluator 2,real_world,88,80,95,
NA,Misperceptions and Demand for Democracy under Authoritarianism,Evaluator 2,gp_relevance,88,80,95,
NA,Misperceptions and Demand for Democracy under Authoritarianism,Evaluator 2,merits_journal,4.3,3.5,5,
NA,Misperceptions and Demand for Democracy under Authoritarianism,Evaluator 2,journal_predict,4.3,3.5,5,
NA,Population ethical intuitions. Cognition. http://sciencedirect.com/science/article/abs/pii/S0010027721003644?via%3Dihub,Evaluator 2,overall,65,60,80,
NA,Population ethical intuitions. Cognition. http://sciencedirect.com/science/article/abs/pii/S0010027721003644?via%3Dihub,Evaluator 2,claims,60,50,70,
NA,Population ethical intuitions. Cognition. http://sciencedirect.com/science/article/abs/pii/S0010027721003644?via%3Dihub,Evaluator 2,adv_knowledge,30,20,50,
NA,Population ethical intuitions. Cognition. http://sciencedirect.com/science/article/abs/pii/S0010027721003644?via%3Dihub,Evaluator 2,methods,70,50,80,
NA,Population ethical intuitions. Cognition. http://sciencedirect.com/science/article/abs/pii/S0010027721003644?via%3Dihub,Evaluator 2,logic_comms,60,50,75,
NA,Population ethical intuitions. Cognition. http://sciencedirect.com/science/article/abs/pii/S0010027721003644?via%3Dihub,Evaluator 2,open_sci,90,80,100,
NA,Population ethical intuitions. Cognition. http://sciencedirect.com/science/article/abs/pii/S0010027721003644?via%3Dihub,Evaluator 2,real_world,40,30,50,
NA,Population ethical intuitions. Cognition. http://sciencedirect.com/science/article/abs/pii/S0010027721003644?via%3Dihub,Evaluator 2,gp_relevance,40,30,50,
NA,Population ethical intuitions. Cognition. http://sciencedirect.com/science/article/abs/pii/S0010027721003644?via%3Dihub,Evaluator 2,merits_journal,4.1,3.4,4.4,
NA,Population ethical intuitions. Cognition. http://sciencedirect.com/science/article/abs/pii/S0010027721003644?via%3Dihub,Evaluator 2,journal_predict,4,4,4,
NA,Population ethical intuitions. Cognition. http://sciencedirect.com/science/article/abs/pii/S0010027721003644?via%3Dihub,Stijn Bruers,overall,77,56,94,
NA,Population ethical intuitions. Cognition. http://sciencedirect.com/science/article/abs/pii/S0010027721003644?via%3Dihub,Stijn Bruers,claims,79,64,93,
NA,Population ethical intuitions. Cognition. http://sciencedirect.com/science/article/abs/pii/S0010027721003644?via%3Dihub,Stijn Bruers,adv_knowledge,86,76,93,
NA,Population ethical intuitions. Cognition. http://sciencedirect.com/science/article/abs/pii/S0010027721003644?via%3Dihub,Stijn Bruers,methods,71,55,91,
NA,Population ethical intuitions. Cognition. http://sciencedirect.com/science/article/abs/pii/S0010027721003644?via%3Dihub,Stijn Bruers,logic_comms,82,73,93,
NA,Population ethical intuitions. Cognition. http://sciencedirect.com/science/article/abs/pii/S0010027721003644?via%3Dihub,Stijn Bruers,open_sci,90,84,95,
NA,Population ethical intuitions. Cognition. http://sciencedirect.com/science/article/abs/pii/S0010027721003644?via%3Dihub,Stijn Bruers,real_world,90,84,96,
NA,Population ethical intuitions. Cognition. http://sciencedirect.com/science/article/abs/pii/S0010027721003644?via%3Dihub,Stijn Bruers,gp_relevance,90,84,96,
NA,Population ethical intuitions. Cognition. http://sciencedirect.com/science/article/abs/pii/S0010027721003644?via%3Dihub,Stijn Bruers,merits_journal,4.6,4.5,5,
NA,Population ethical intuitions. Cognition. http://sciencedirect.com/science/article/abs/pii/S0010027721003644?via%3Dihub,Stijn Bruers,journal_predict,4.7,4.3,5,
NA,Meaningfully reducing consumption of meat and animal products is an unsolved problem: A meta-analysis,Evaluator 1,overall,75,60,80,
NA,Meaningfully reducing consumption of meat and animal products is an unsolved problem: A meta-analysis,Evaluator 1,claims,60,50,70,
NA,Meaningfully reducing consumption of meat and animal products is an unsolved problem: A meta-analysis,Evaluator 1,adv_knowledge,60,50,70,
NA,Meaningfully reducing consumption of meat and animal products is an unsolved problem: A meta-analysis,Evaluator 1,methods,40,30,50,
NA,Meaningfully reducing consumption of meat and animal products is an unsolved problem: A meta-analysis,Evaluator 1,logic_comms,80,70,90,
NA,Meaningfully reducing consumption of meat and animal products is an unsolved problem: A meta-analysis,Evaluator 1,open_sci,70,60,80,
NA,Meaningfully reducing consumption of meat and animal products is an unsolved problem: A meta-analysis,Evaluator 1,real_world,90,80,100,
NA,Meaningfully reducing consumption of meat and animal products is an unsolved problem: A meta-analysis,Evaluator 1,gp_relevance,90,80,100,
NA,Meaningfully reducing consumption of meat and animal products is an unsolved problem: A meta-analysis,Evaluator 1,merits_journal,3.5,3,4,
NA,Meaningfully reducing consumption of meat and animal products is an unsolved problem: A meta-analysis,Evaluator 1,journal_predict,4,3.5,4.5,
NA,Meaningfully reducing consumption of meat and animal products is an unsolved problem: A meta-analysis,Matthew B. Jané,overall,39,14,62,
NA,Meaningfully reducing consumption of meat and animal products is an unsolved problem: A meta-analysis,Matthew B. Jané,claims,59,30,85,
NA,Meaningfully reducing consumption of meat and animal products is an unsolved problem: A meta-analysis,Matthew B. Jané,adv_knowledge,50,5,95,
NA,Meaningfully reducing consumption of meat and animal products is an unsolved problem: A meta-analysis,Matthew B. Jané,methods,25,10,43,
NA,Meaningfully reducing consumption of meat and animal products is an unsolved problem: A meta-analysis,Matthew B. Jané,logic_comms,40,19,65,
NA,Meaningfully reducing consumption of meat and animal products is an unsolved problem: A meta-analysis,Matthew B. Jané,open_sci,91,86,100,
NA,Meaningfully reducing consumption of meat and animal products is an unsolved problem: A meta-analysis,Matthew B. Jané,real_world,88,45,93,
NA,Meaningfully reducing consumption of meat and animal products is an unsolved problem: A meta-analysis,Matthew B. Jané,gp_relevance,88,45,93,
NA,Meaningfully reducing consumption of meat and animal products is an unsolved problem: A meta-analysis,Matthew B. Jané,merits_journal,1.1,0.4,1.9,
NA,Meaningfully reducing consumption of meat and animal products is an unsolved problem: A meta-analysis,Matthew B. Jané,journal_predict,3.2,2.3,4.1,
NA,Pharmaceutical Pricing and R&D as a Global Public Good,Evaluator 1,overall,51,35,65,
NA,Pharmaceutical Pricing and R&D as a Global Public Good,Evaluator 1,claims,20,5,40,
NA,Pharmaceutical Pricing and R&D as a Global Public Good,Evaluator 1,adv_knowledge,85,75,95,
NA,Pharmaceutical Pricing and R&D as a Global Public Good,Evaluator 1,methods,55,35,75,
NA,Pharmaceutical Pricing and R&D as a Global Public Good,Evaluator 1,logic_comms,70,55,85,
NA,Pharmaceutical Pricing and R&D as a Global Public Good,Evaluator 1,open_sci,100,100,100,
NA,Pharmaceutical Pricing and R&D as a Global Public Good,Evaluator 1,real_world,95,89,100,
NA,Pharmaceutical Pricing and R&D as a Global Public Good,Evaluator 1,gp_relevance,95,89,100,
NA,Pharmaceutical Pricing and R&D as a Global Public Good,Evaluator 1,merits_journal,2,1,3,
NA,Pharmaceutical Pricing and R&D as a Global Public Good,Evaluator 1,journal_predict,2,1,3,
NA,Pharmaceutical Pricing and R&D as a Global Public Good,Evaluator 2,overall,30,10,50,
NA,Pharmaceutical Pricing and R&D as a Global Public Good,Evaluator 2,claims,70,50,90,
NA,Pharmaceutical Pricing and R&D as a Global Public Good,Evaluator 2,adv_knowledge,25,10,40,
NA,Pharmaceutical Pricing and R&D as a Global Public Good,Evaluator 2,methods,70,60,90,
NA,Pharmaceutical Pricing and R&D as a Global Public Good,Evaluator 2,logic_comms,80,70,90,
NA,Pharmaceutical Pricing and R&D as a Global Public Good,Evaluator 2,open_sci,100,100,100,
NA,Pharmaceutical Pricing and R&D as a Global Public Good,Evaluator 2,real_world,35,20,70,
NA,Pharmaceutical Pricing and R&D as a Global Public Good,Evaluator 2,gp_relevance,35,20,70,
NA,Pharmaceutical Pricing and R&D as a Global Public Good,Evaluator 2,merits_journal,2.5,1.5,3.1,
NA,The wellbeing cost-effectiveness of StrongMinds and Friendship Bench: Combining a systematic review and meta-analysis with charity-related data,Evaluator 1,overall,85,75,95,
NA,The wellbeing cost-effectiveness of StrongMinds and Friendship Bench: Combining a systematic review and meta-analysis with charity-related data,Evaluator 1,claims,85,75,95,
NA,The wellbeing cost-effectiveness of StrongMinds and Friendship Bench: Combining a systematic review and meta-analysis with charity-related data,Evaluator 1,adv_knowledge,90,85,95,
NA,The wellbeing cost-effectiveness of StrongMinds and Friendship Bench: Combining a systematic review and meta-analysis with charity-related data,Evaluator 1,methods,90,85,95,
NA,The wellbeing cost-effectiveness of StrongMinds and Friendship Bench: Combining a systematic review and meta-analysis with charity-related data,Evaluator 1,logic_comms,85,80,90,
NA,The wellbeing cost-effectiveness of StrongMinds and Friendship Bench: Combining a systematic review and meta-analysis with charity-related data,Evaluator 1,open_sci,90,85,95,
NA,The wellbeing cost-effectiveness of StrongMinds and Friendship Bench: Combining a systematic review and meta-analysis with charity-related data,Evaluator 1,real_world,95,90,97,
NA,The wellbeing cost-effectiveness of StrongMinds and Friendship Bench: Combining a systematic review and meta-analysis with charity-related data,Evaluator 1,gp_relevance,95,90,97,
NA,The wellbeing cost-effectiveness of StrongMinds and Friendship Bench: Combining a systematic review and meta-analysis with charity-related data,Evaluator 1,merits_journal,4.2,NA,NA,
NA,The wellbeing cost-effectiveness of StrongMinds and Friendship Bench: Combining a systematic review and meta-analysis with charity-related data,Evaluator 1,journal_predict,3.5,NA,NA,
NA,The wellbeing cost-effectiveness of StrongMinds and Friendship Bench: Combining a systematic review and meta-analysis with charity-related data,Evaluator 2,overall,87,84,90,
NA,The wellbeing cost-effectiveness of StrongMinds and Friendship Bench: Combining a systematic review and meta-analysis with charity-related data,Evaluator 2,claims,93,90,96,
NA,The wellbeing cost-effectiveness of StrongMinds and Friendship Bench: Combining a systematic review and meta-analysis with charity-related data,Evaluator 2,adv_knowledge,85,75,90,
NA,The wellbeing cost-effectiveness of StrongMinds and Friendship Bench: Combining a systematic review and meta-analysis with charity-related data,Evaluator 2,methods,85,80,90,
NA,The wellbeing cost-effectiveness of StrongMinds and Friendship Bench: Combining a systematic review and meta-analysis with charity-related data,Evaluator 2,logic_comms,74,70,85,
NA,The wellbeing cost-effectiveness of StrongMinds and Friendship Bench: Combining a systematic review and meta-analysis with charity-related data,Evaluator 2,open_sci,76,66,80,
NA,The wellbeing cost-effectiveness of StrongMinds and Friendship Bench: Combining a systematic review and meta-analysis with charity-related data,Evaluator 2,real_world,91,89,93,
NA,The wellbeing cost-effectiveness of StrongMinds and Friendship Bench: Combining a systematic review and meta-analysis with charity-related data,Evaluator 2,gp_relevance,91,89,93,
NA,The wellbeing cost-effectiveness of StrongMinds and Friendship Bench: Combining a systematic review and meta-analysis with charity-related data,Evaluator 2,merits_journal,4.2,3.5,4.4,
NA,The Effect of Public Science on Corporate R&D,Evaluator 1,overall,64,58,70,
NA,The Effect of Public Science on Corporate R&D,Evaluator 1,claims,57,44,70,
NA,The Effect of Public Science on Corporate R&D,Evaluator 1,adv_knowledge,46,42,50,
NA,The Effect of Public Science on Corporate R&D,Evaluator 1,methods,36,28,44,
NA,The Effect of Public Science on Corporate R&D,Evaluator 1,logic_comms,68,62,70,
NA,The Effect of Public Science on Corporate R&D,Evaluator 1,open_sci,65,62,74,
NA,The Effect of Public Science on Corporate R&D,Evaluator 1,real_world,67,62,71,
NA,The Effect of Public Science on Corporate R&D,Evaluator 1,gp_relevance,67,62,71,
NA,The Effect of Public Science on Corporate R&D,Evaluator 1,merits_journal,2.8,2.4,3.2,
NA,The Effect of Public Science on Corporate R&D,Evaluator 1,journal_predict,3.6,3.1,4.1,
NA,The Effect of Public Science on Corporate R&D,Ioannis Bournakis,overall,75,75,87,
NA,The Effect of Public Science on Corporate R&D,Ioannis Bournakis,claims,80,80,90,
NA,The Effect of Public Science on Corporate R&D,Ioannis Bournakis,adv_knowledge,90,90,95,
NA,The Effect of Public Science on Corporate R&D,Ioannis Bournakis,methods,80,80,90,
NA,The Effect of Public Science on Corporate R&D,Ioannis Bournakis,logic_comms,65,65,83,
NA,The Effect of Public Science on Corporate R&D,Ioannis Bournakis,open_sci,85,75,85,
NA,The Effect of Public Science on Corporate R&D,Ioannis Bournakis,real_world,72,72,88,
NA,The Effect of Public Science on Corporate R&D,Ioannis Bournakis,gp_relevance,72,72,88,
NA,The Effect of Public Science on Corporate R&D,Ioannis Bournakis,merits_journal,4,3.5,4.8,
NA,The Effect of Public Science on Corporate R&D,Ioannis Bournakis,journal_predict,4.2,4,5,
Hill et al. 2024,Adaptability and the Pivot Penalty in Science,Evaluator 1,overall,80,70,90,
Hill et al. 2024,Adaptability and the Pivot Penalty in Science,Evaluator 1,claims,82,74,90,
Hill et al. 2024,Adaptability and the Pivot Penalty in Science,Evaluator 1,adv_knowledge,85,78,92,
Hill et al. 2024,Adaptability and the Pivot Penalty in Science,Evaluator 1,methods,85,78,92,
Hill et al. 2024,Adaptability and the Pivot Penalty in Science,Evaluator 1,logic_comms,80,71,89,
Hill et al. 2024,Adaptability and the Pivot Penalty in Science,Evaluator 1,open_sci,90,85,95,
Hill et al. 2024,Adaptability and the Pivot Penalty in Science,Evaluator 1,real_world,80,70,90,
Hill et al. 2024,Adaptability and the Pivot Penalty in Science,Evaluator 1,gp_relevance,80,70,90,
Hill et al. 2024,Adaptability and the Pivot Penalty in Science,Evaluator 1,merits_journal,4.5,4,5,
Hill et al. 2024,Adaptability and the Pivot Penalty in Science,Evaluator 1,journal_predict,4.5,4,5,
NA,"A Welfare Analysis of Policies
Impacting Climate Change",Frank Venmans ,overall,90,85,94,
NA,"A Welfare Analysis of Policies
Impacting Climate Change",Frank Venmans ,claims,85,80,90,
NA,"A Welfare Analysis of Policies
Impacting Climate Change",Frank Venmans ,adv_knowledge,86,80,90,
NA,"A Welfare Analysis of Policies
Impacting Climate Change",Frank Venmans ,methods,85,75,95,
NA,"A Welfare Analysis of Policies
Impacting Climate Change",Frank Venmans ,logic_comms,90,80,95,
NA,"A Welfare Analysis of Policies
Impacting Climate Change",Frank Venmans ,open_sci,80,75,90,
NA,"A Welfare Analysis of Policies
Impacting Climate Change",Frank Venmans ,real_world,90,85,96,
NA,"A Welfare Analysis of Policies
Impacting Climate Change",Frank Venmans ,gp_relevance,90,85,96,
NA,"A Welfare Analysis of Policies
Impacting Climate Change",Frank Venmans ,merits_journal,4.9,4.7,5,
NA,"A Welfare Analysis of Policies
Impacting Climate Change",Frank Venmans ,journal_predict,5,4.3,5,
NA,"A Welfare Analysis of Policies
Impacting Climate Change",Johannes Emmerling,overall,91,78,94,
NA,"A Welfare Analysis of Policies
Impacting Climate Change",Johannes Emmerling,claims,96,93,100,
NA,"A Welfare Analysis of Policies
Impacting Climate Change",Johannes Emmerling,adv_knowledge,93,90,95,
NA,"A Welfare Analysis of Policies
Impacting Climate Change",Johannes Emmerling,methods,89,79,95,
NA,"A Welfare Analysis of Policies
Impacting Climate Change",Johannes Emmerling,logic_comms,80,74,86,
NA,"A Welfare Analysis of Policies
Impacting Climate Change",Johannes Emmerling,open_sci,65,60,70,
NA,"A Welfare Analysis of Policies
Impacting Climate Change",Johannes Emmerling,real_world,93,90,96,
NA,"A Welfare Analysis of Policies
Impacting Climate Change",Johannes Emmerling,gp_relevance,93,90,96,
NA,"A Welfare Analysis of Policies
Impacting Climate Change",Johannes Emmerling,merits_journal,4,3.9,4.3,
NA,"A Welfare Analysis of Policies
Impacting Climate Change",Johannes Emmerling,journal_predict,4,3.9,4.1,
Carson et al. 2023,Choose Your Moments: [NIH] Peer Review and Scientific Risk Taking,B. Ian Hutchins,overall,75,60,80,
Carson et al. 2023,Choose Your Moments: [NIH] Peer Review and Scientific Risk Taking,B. Ian Hutchins,claims,75,60,80,
Carson et al. 2023,Choose Your Moments: [NIH] Peer Review and Scientific Risk Taking,B. Ian Hutchins,adv_knowledge,80,75,90,
Carson et al. 2023,Choose Your Moments: [NIH] Peer Review and Scientific Risk Taking,B. Ian Hutchins,methods,60,50,70,
Carson et al. 2023,Choose Your Moments: [NIH] Peer Review and Scientific Risk Taking,B. Ian Hutchins,logic_comms,45,35,55,
Carson et al. 2023,Choose Your Moments: [NIH] Peer Review and Scientific Risk Taking,B. Ian Hutchins,open_sci,30,15,45,
Carson et al. 2023,Choose Your Moments: [NIH] Peer Review and Scientific Risk Taking,B. Ian Hutchins,real_world,80,75,89,
Carson et al. 2023,Choose Your Moments: [NIH] Peer Review and Scientific Risk Taking,B. Ian Hutchins,gp_relevance,80,75,89,
Carson et al. 2023,Choose Your Moments: [NIH] Peer Review and Scientific Risk Taking,B. Ian Hutchins,merits_journal,4,2.5,4.5,
Carson et al. 2023,Choose Your Moments: [NIH] Peer Review and Scientific Risk Taking,B. Ian Hutchins,journal_predict,3.5,2.5,4,
Carson et al. 2023,Choose Your Moments: [NIH] Peer Review and Scientific Risk Taking,James Dumlao,overall,70,50,90,
Carson et al. 2023,Choose Your Moments: [NIH] Peer Review and Scientific Risk Taking,James Dumlao,claims,56,45,61,
Carson et al. 2023,Choose Your Moments: [NIH] Peer Review and Scientific Risk Taking,James Dumlao,adv_knowledge,72,66,84,
Carson et al. 2023,Choose Your Moments: [NIH] Peer Review and Scientific Risk Taking,James Dumlao,methods,76,68,85,
Carson et al. 2023,Choose Your Moments: [NIH] Peer Review and Scientific Risk Taking,James Dumlao,logic_comms,55,45,70,
Carson et al. 2023,Choose Your Moments: [NIH] Peer Review and Scientific Risk Taking,James Dumlao,open_sci,65,50,79,
Carson et al. 2023,Choose Your Moments: [NIH] Peer Review and Scientific Risk Taking,James Dumlao,real_world,50,40,60,
Carson et al. 2023,Choose Your Moments: [NIH] Peer Review and Scientific Risk Taking,James Dumlao,gp_relevance,50,40,60,
Carson et al. 2023,Choose Your Moments: [NIH] Peer Review and Scientific Risk Taking,James Dumlao,merits_journal,3.8,3,4.1,
Carson et al. 2023,Choose Your Moments: [NIH] Peer Review and Scientific Risk Taking,James Dumlao,journal_predict,3.9,3.5,4.3,
Schuett et al. 2023,Towards best practices in AGI safety and governance,Evaluator 2,overall,75,65,85,
Schuett et al. 2023,Towards best practices in AGI safety and governance,Evaluator 2,claims,80,70,90,
Schuett et al. 2023,Towards best practices in AGI safety and governance,Evaluator 2,adv_knowledge,70,60,80,
Schuett et al. 2023,Towards best practices in AGI safety and governance,Evaluator 2,methods,70,60,80,
Schuett et al. 2023,Towards best practices in AGI safety and governance,Evaluator 2,logic_comms,80,70,90,
Schuett et al. 2023,Towards best practices in AGI safety and governance,Evaluator 2,open_sci,80,70,90,
Schuett et al. 2023,Towards best practices in AGI safety and governance,Evaluator 2,real_world,70,60,80,
Schuett et al. 2023,Towards best practices in AGI safety and governance,Evaluator 2,gp_relevance,70,60,80,
Schuett et al. 2023,Towards best practices in AGI safety and governance,Evaluator 1,overall,70,60,80,
Schuett et al. 2023,Towards best practices in AGI safety and governance,Evaluator 1,claims,70,65,75,
Schuett et al. 2023,Towards best practices in AGI safety and governance,Evaluator 1,adv_knowledge,80,75,85,
Schuett et al. 2023,Towards best practices in AGI safety and governance,Evaluator 1,methods,70,65,75,
Schuett et al. 2023,Towards best practices in AGI safety and governance,Evaluator 1,logic_comms,85,80,90,
Schuett et al. 2023,Towards best practices in AGI safety and governance,Evaluator 1,open_sci,65,50,80,
Schuett et al. 2023,Towards best practices in AGI safety and governance,Evaluator 1,real_world,90,80,100,
Schuett et al. 2023,Towards best practices in AGI safety and governance,Evaluator 1,gp_relevance,90,80,100,
Schuett et al. 2023,Towards best practices in AGI safety and governance,Evaluator 1,merits_journal,4,3.5,4.5,
Schuett et al. 2023,Towards best practices in AGI safety and governance,Evaluator 1,journal_predict,3.5,3.1,4,
NA,Global potential for natural regeneration in deforested tropical regions,Evaluator 2,overall,50,30,80,
NA,Global potential for natural regeneration in deforested tropical regions,Evaluator 2,claims,40,20,60,
NA,Global potential for natural regeneration in deforested tropical regions,Evaluator 2,adv_knowledge,50,40,90,
NA,Global potential for natural regeneration in deforested tropical regions,Evaluator 2,methods,30,10,50,
NA,Global potential for natural regeneration in deforested tropical regions,Evaluator 2,logic_comms,65,50,80,
NA,Global potential for natural regeneration in deforested tropical regions,Evaluator 2,open_sci,30,15,45,
NA,Global potential for natural regeneration in deforested tropical regions,Evaluator 2,real_world,60,50,70,
NA,Global potential for natural regeneration in deforested tropical regions,Evaluator 2,gp_relevance,60,50,70,
NA,Global potential for natural regeneration in deforested tropical regions,Evaluator 2,merits_journal,4.5,3.5,5,
NA,Global potential for natural regeneration in deforested tropical regions,Evaluator 2,journal_predict,5,5,5,
NA,Global potential for natural regeneration in deforested tropical regions,Evaluator 1,overall,50,40,60,
NA,Global potential for natural regeneration in deforested tropical regions,Evaluator 1,claims,20,15,25,
NA,Global potential for natural regeneration in deforested tropical regions,Evaluator 1,adv_knowledge,60,50,70,
NA,Global potential for natural regeneration in deforested tropical regions,Evaluator 1,methods,20,15,25,
NA,Global potential for natural regeneration in deforested tropical regions,Evaluator 1,logic_comms,50,41,60,
NA,Global potential for natural regeneration in deforested tropical regions,Evaluator 1,open_sci,95,90,100,
NA,Global potential for natural regeneration in deforested tropical regions,Evaluator 1,real_world,90,80,100,
NA,Global potential for natural regeneration in deforested tropical regions,Evaluator 1,gp_relevance,90,80,100,
NA,Global potential for natural regeneration in deforested tropical regions,Evaluator 1,merits_journal,3.5,3,4,
NA,Global potential for natural regeneration in deforested tropical regions,Evaluator 1,journal_predict,5,5,5,
NA,Urban Forests: Environmental Health Values and Risks,Evaluator 2,overall,90,86,94,
NA,Urban Forests: Environmental Health Values and Risks,Evaluator 2,claims,92,85,95,
NA,Urban Forests: Environmental Health Values and Risks,Evaluator 2,adv_knowledge,88,82,94,
NA,Urban Forests: Environmental Health Values and Risks,Evaluator 2,methods,92,88,96,
NA,Urban Forests: Environmental Health Values and Risks,Evaluator 2,logic_comms,92,87,95,
NA,Urban Forests: Environmental Health Values and Risks,Evaluator 2,open_sci,88,84,92,
NA,Urban Forests: Environmental Health Values and Risks,Evaluator 2,real_world,88,80,92,
NA,Urban Forests: Environmental Health Values and Risks,Evaluator 2,gp_relevance,88,80,92,
NA,Urban Forests: Environmental Health Values and Risks,Evaluator 2,merits_journal,4.5,4.3,4.7,
NA,Urban Forests: Environmental Health Values and Risks,Evaluator 2,journal_predict,4.4,4.2,4.6,
Bhattacharya and Packalen 2020,Stagnation and Scientific Incentives,Daniel Lee,overall,70,55,85,
Bhattacharya and Packalen 2020,Stagnation and Scientific Incentives,Daniel Lee,adv_knowledge,NA,67,NA,
Bhattacharya and Packalen 2020,Stagnation and Scientific Incentives,Daniel Lee,methods,NA,25,NA,
Bhattacharya and Packalen 2020,Stagnation and Scientific Incentives,Daniel Lee,logic_comms,80,70,90,
Bhattacharya and Packalen 2020,Stagnation and Scientific Incentives,Daniel Lee,open_sci,50,40,60,
Bhattacharya and Packalen 2020,Stagnation and Scientific Incentives,Daniel Lee,real_world,50,40,60,
Bhattacharya and Packalen 2020,Stagnation and Scientific Incentives,Daniel Lee,gp_relevance,50,40,60,
Bhattacharya and Packalen 2020,Stagnation and Scientific Incentives,Daniel Lee,merits_journal,3,2.3,3.7,
Bhattacharya and Packalen 2020,Stagnation and Scientific Incentives,Daniel Lee,journal_predict,3.5,3,4,
NA,Urban Forests: Environmental Health Values and Risks,Evaluator 1,claims,45,40,50,
NA,Urban Forests: Environmental Health Values and Risks,Evaluator 1,overall,60,45,90,
NA,Urban Forests: Environmental Health Values and Risks,Evaluator 1,adv_knowledge,67,60,70,
NA,Urban Forests: Environmental Health Values and Risks,Evaluator 1,methods,55,50,60,
NA,Urban Forests: Environmental Health Values and Risks,Evaluator 1,logic_comms,51,50,55,
NA,Urban Forests: Environmental Health Values and Risks,Evaluator 1,open_sci,50,85,95,
NA,Urban Forests: Environmental Health Values and Risks,Evaluator 1,real_world,80,70,89,
NA,Urban Forests: Environmental Health Values and Risks,Evaluator 1,gp_relevance,80,70,89,
NA,Urban Forests: Environmental Health Values and Risks,Evaluator 1,merits_journal,4.2,3.5,4.9,
NA,Urban Forests: Environmental Health Values and Risks,Evaluator 1,journal_predict,4.2,3.5,4.9,
Bruers 2021,The animal welfare cost of meat: evidence from a survey of hypothetical scenarios among Belgian consumers,Romain Espinosa,overall,NA,NA,NA,
Bruers 2021,The animal welfare cost of meat: evidence from a survey of hypothetical scenarios among Belgian consumers,Romain Espinosa,claims,NA,NA,NA,
Bruers 2021,The animal welfare cost of meat: evidence from a survey of hypothetical scenarios among Belgian consumers,Romain Espinosa,adv_knowledge,NA,NA,NA,
Bruers 2021,The animal welfare cost of meat: evidence from a survey of hypothetical scenarios among Belgian consumers,Romain Espinosa,methods,NA,NA,NA,
Bruers 2021,The animal welfare cost of meat: evidence from a survey of hypothetical scenarios among Belgian consumers,Romain Espinosa,logic_comms,NA,NA,NA,
Bruers 2021,The animal welfare cost of meat: evidence from a survey of hypothetical scenarios among Belgian consumers,Romain Espinosa,open_sci,NA,NA,NA,
Bruers 2021,The animal welfare cost of meat: evidence from a survey of hypothetical scenarios among Belgian consumers,Romain Espinosa,real_world,NA,NA,NA,
Bruers 2021,The animal welfare cost of meat: evidence from a survey of hypothetical scenarios among Belgian consumers,Romain Espinosa,gp_relevance,NA,NA,NA,
NA,How Effective Is (More) Money? Randomizing Unconditional Cash Transfer Amounts in the US,Evaluator 2,overall,85,80,90,
NA,How Effective Is (More) Money? Randomizing Unconditional Cash Transfer Amounts in the US,Evaluator 2,adv_knowledge,75,70,80,
NA,How Effective Is (More) Money? Randomizing Unconditional Cash Transfer Amounts in the US,Evaluator 2,methods,95,90,100,
NA,How Effective Is (More) Money? Randomizing Unconditional Cash Transfer Amounts in the US,Evaluator 2,logic_comms,95,90,100,
NA,How Effective Is (More) Money? Randomizing Unconditional Cash Transfer Amounts in the US,Evaluator 2,open_sci,85,80,90,
NA,How Effective Is (More) Money? Randomizing Unconditional Cash Transfer Amounts in the US,Evaluator 2,real_world,75,70,80,
NA,How Effective Is (More) Money? Randomizing Unconditional Cash Transfer Amounts in the US,Evaluator 2,gp_relevance,75,70,80,
NA,How Effective Is (More) Money? Randomizing Unconditional Cash Transfer Amounts in the US,Evaluator 2,merits_journal,4.5,4,5,
NA,How Effective Is (More) Money? Randomizing Unconditional Cash Transfer Amounts in the US,Evaluator 2,journal_predict,4,3.5,4.5,
NA,How Effective Is (More) Money? Randomizing Unconditional Cash Transfer Amounts in the US,Evaluator 1,overall,80,65,95,
NA,How Effective Is (More) Money? Randomizing Unconditional Cash Transfer Amounts in the US,Evaluator 1,adv_knowledge,70,50,90,
NA,How Effective Is (More) Money? Randomizing Unconditional Cash Transfer Amounts in the US,Evaluator 1,methods,90,85,95,
NA,How Effective Is (More) Money? Randomizing Unconditional Cash Transfer Amounts in the US,Evaluator 1,logic_comms,90,85,95,
NA,How Effective Is (More) Money? Randomizing Unconditional Cash Transfer Amounts in the US,Evaluator 1,open_sci,90,85,95,
NA,How Effective Is (More) Money? Randomizing Unconditional Cash Transfer Amounts in the US,Evaluator 1,real_world,80,70,89,
NA,How Effective Is (More) Money? Randomizing Unconditional Cash Transfer Amounts in the US,Evaluator 1,gp_relevance,80,70,89,
NA,How Effective Is (More) Money? Randomizing Unconditional Cash Transfer Amounts in the US,Evaluator 1,merits_journal,4.2,3.5,4.9,
NA,How Effective Is (More) Money? Randomizing Unconditional Cash Transfer Amounts in the US,Evaluator 1,journal_predict,4.2,3.5,4.9,
Bilal 2024,The Macroeconomic Impact of Climate Change: Global vs. Local Temperature,Evaluator 2,overall,90,80,100,
Bilal 2024,The Macroeconomic Impact of Climate Change: Global vs. Local Temperature,Evaluator 2,claims,92,85,100,
Bilal 2024,The Macroeconomic Impact of Climate Change: Global vs. Local Temperature,Evaluator 2,adv_knowledge,98,95,100,
Bilal 2024,The Macroeconomic Impact of Climate Change: Global vs. Local Temperature,Evaluator 2,methods,88,75,100,
Bilal 2024,The Macroeconomic Impact of Climate Change: Global vs. Local Temperature,Evaluator 2,logic_comms,100,100,100,
Bilal 2024,The Macroeconomic Impact of Climate Change: Global vs. Local Temperature,Evaluator 2,open_sci,100,100,100,
Bilal 2024,The Macroeconomic Impact of Climate Change: Global vs. Local Temperature,Evaluator 2,real_world,95,90,100,
Bilal 2024,The Macroeconomic Impact of Climate Change: Global vs. Local Temperature,Evaluator 2,gp_relevance,95,90,100,
Bilal 2024,The Macroeconomic Impact of Climate Change: Global vs. Local Temperature,Evaluator 2,merits_journal,4.7,4.5,5,
Bilal 2024,The Macroeconomic Impact of Climate Change: Global vs. Local Temperature,Evaluator 2,journal_predict,4.7,4.5,5,
Bilal 2024,The Macroeconomic Impact of Climate Change: Global vs. Local Temperature,Evaluator 1,merits_journal,4.5,4,5,
Bilal 2024,The Macroeconomic Impact of Climate Change: Global vs. Local Temperature,Evaluator 1,claims,85,75,95,
Bilal 2024,The Macroeconomic Impact of Climate Change: Global vs. Local Temperature,Evaluator 1,overall,85,80,90,
Bilal 2024,The Macroeconomic Impact of Climate Change: Global vs. Local Temperature,Evaluator 1,adv_knowledge,90,89,91,
Bilal 2024,The Macroeconomic Impact of Climate Change: Global vs. Local Temperature,Evaluator 1,methods,80,70,90,
Bilal 2024,The Macroeconomic Impact of Climate Change: Global vs. Local Temperature,Evaluator 1,logic_comms,85,75,95,
Bilal 2024,The Macroeconomic Impact of Climate Change: Global vs. Local Temperature,Evaluator 1,open_sci,25,10,40,
Bilal 2024,The Macroeconomic Impact of Climate Change: Global vs. Local Temperature,Evaluator 1,real_world,85,80,90,
Bilal 2024,The Macroeconomic Impact of Climate Change: Global vs. Local Temperature,Evaluator 1,gp_relevance,85,80,90,
Bilal 2024,The Macroeconomic Impact of Climate Change: Global vs. Local Temperature,Evaluator 1,journal_predict,4.5,4,5,
Bruers 2021,The animal welfare cost of meat: evidence from a survey of hypothetical scenarios among Belgian consumers,Evaluator 2,real_world,80,70,90,
Bruers 2021,The animal welfare cost of meat: evidence from a survey of hypothetical scenarios among Belgian consumers,Evaluator 2,gp_relevance,80,70,90,
Bruers 2021,The animal welfare cost of meat: evidence from a survey of hypothetical scenarios among Belgian consumers,Evaluator 2,open_sci,80,75,85,
Bruers 2021,The animal welfare cost of meat: evidence from a survey of hypothetical scenarios among Belgian consumers,Evaluator 2,logic_comms,90,85,95,
Bruers 2021,The animal welfare cost of meat: evidence from a survey of hypothetical scenarios among Belgian consumers,Evaluator 2,adv_knowledge,90,85,95,
Bruers 2021,The animal welfare cost of meat: evidence from a survey of hypothetical scenarios among Belgian consumers,Evaluator 2,methods,65,60,70,
Bruers 2021,The animal welfare cost of meat: evidence from a survey of hypothetical scenarios among Belgian consumers,Evaluator 2,claims,70,65,75,
Bruers 2021,The animal welfare cost of meat: evidence from a survey of hypothetical scenarios among Belgian consumers,Evaluator 2,overall,80,70,90,
NA,Building Resilient Education Systems: Evidence from Large-Scale Randomized Trials in Five Countries,Evaluator 2,adv_knowledge,88,78,98,
NA,Building Resilient Education Systems: Evidence from Large-Scale Randomized Trials in Five Countries,Evaluator 2,claims,80,72,88,
NA,Building Resilient Education Systems: Evidence from Large-Scale Randomized Trials in Five Countries,Evaluator 2,methods,78,68,88,
NA,Building Resilient Education Systems: Evidence from Large-Scale Randomized Trials in Five Countries,Evaluator 2,logic_comms,79,71,87,
NA,Building Resilient Education Systems: Evidence from Large-Scale Randomized Trials in Five Countries,Evaluator 2,open_sci,62,52,72,
NA,Building Resilient Education Systems: Evidence from Large-Scale Randomized Trials in Five Countries,Evaluator 2,real_world,90,85,95,
NA,Building Resilient Education Systems: Evidence from Large-Scale Randomized Trials in Five Countries,Evaluator 2,gp_relevance,90,85,95,
NA,Building Resilient Education Systems: Evidence from Large-Scale Randomized Trials in Five Countries,Evaluator 2,merits_journal,3.9,3.5,4.4,
NA,Building Resilient Education Systems: Evidence from Large-Scale Randomized Trials in Five Countries,Evaluator 2,journal_predict,4.5,4,5,
NA,Building Resilient Education Systems: Evidence from Large-Scale Randomized Trials in Five Countries,Evaluator 2,overall,83,73,93,
NA,Building Resilient Education Systems: Evidence from Large-Scale Randomized Trials in Five Countries,Evaluator 1,adv_knowledge,95,90,100,
NA,Building Resilient Education Systems: Evidence from Large-Scale Randomized Trials in Five Countries,Evaluator 1,methods,85,80,90,
NA,Building Resilient Education Systems: Evidence from Large-Scale Randomized Trials in Five Countries,Evaluator 1,logic_comms,84,75,90,
NA,Building Resilient Education Systems: Evidence from Large-Scale Randomized Trials in Five Countries,Evaluator 1,open_sci,75,60,90,
NA,Building Resilient Education Systems: Evidence from Large-Scale Randomized Trials in Five Countries,Evaluator 1,real_world,95,90,100,
NA,Building Resilient Education Systems: Evidence from Large-Scale Randomized Trials in Five Countries,Evaluator 1,gp_relevance,95,90,100,
NA,Building Resilient Education Systems: Evidence from Large-Scale Randomized Trials in Five Countries,Evaluator 1,merits_journal,4.3,3.7,4.8,
NA,Building Resilient Education Systems: Evidence from Large-Scale Randomized Trials in Five Countries,Evaluator 1,journal_predict,4.5,4,4.8,
NA,Building Resilient Education Systems: Evidence from Large-Scale Randomized Trials in Five Countries,Evaluator 1,overall,90,85,95,
Clancy 2024,The Returns to Science In the Presence of Technological Risks,Gregory Lewis,overall,71,27,87,
Clancy 2024,The Returns to Science In the Presence of Technological Risks,Gregory Lewis,adv_knowledge,81,56,96,
Clancy 2024,The Returns to Science In the Presence of Technological Risks,Gregory Lewis,claims,79,16,90,
Clancy 2024,The Returns to Science In the Presence of Technological Risks,Gregory Lewis,methods,75,88,33,
Clancy 2024,The Returns to Science In the Presence of Technological Risks,Gregory Lewis,logic_comms,88,64,95,
Clancy 2024,The Returns to Science In the Presence of Technological Risks,Gregory Lewis,open_sci,89,76,99,
Clancy 2024,The Returns to Science In the Presence of Technological Risks,Gregory Lewis,real_world,65,18,89,
Clancy 2024,The Returns to Science In the Presence of Technological Risks,Gregory Lewis,gp_relevance,60,40,75,
Clancy 2024,The Returns to Science In the Presence of Technological Risks,Yassin Alaya,adv_knowledge,65,30,100,
Clancy 2024,The Returns to Science In the Presence of Technological Risks,Yassin Alaya,methods,60,45,75,
Clancy 2024,The Returns to Science In the Presence of Technological Risks,Yassin Alaya,logic_comms,50,30,70,
Clancy 2024,The Returns to Science In the Presence of Technological Risks,Yassin Alaya,open_sci,60,35,85,
Clancy 2024,The Returns to Science In the Presence of Technological Risks,Yassin Alaya,real_world,70,50,90,
Clancy 2024,The Returns to Science In the Presence of Technological Risks,Yassin Alaya,gp_relevance,90,80,100,
Clancy 2024,The Returns to Science In the Presence of Technological Risks,Yassin Alaya,merits_journal,4.5,3,5,
Clancy 2024,The Returns to Science In the Presence of Technological Risks,Yassin Alaya,journal_predict,2,0,4,
Clancy 2024,The Returns to Science In the Presence of Technological Risks,Mike Hinge,adv_knowledge,75,65,85,
Clancy 2024,The Returns to Science In the Presence of Technological Risks,Mike Hinge,claims,85,70,90,
Clancy 2024,The Returns to Science In the Presence of Technological Risks,Mike Hinge,methods,75,65,85,
Clancy 2024,The Returns to Science In the Presence of Technological Risks,Mike Hinge,logic_comms,85,70,90,
Clancy 2024,The Returns to Science In the Presence of Technological Risks,Mike Hinge,open_sci,90,80,95,
Clancy 2024,The Returns to Science In the Presence of Technological Risks,Mike Hinge,real_world,75,65,83,
Clancy 2024,The Returns to Science In the Presence of Technological Risks,Mike Hinge,gp_relevance,75,65,83,
Clancy 2024,The Returns to Science In the Presence of Technological Risks,Mike Hinge,overall,80,60,88,
NA,"Intergenerational Child Mortality Impacts of Deworming: Experimental Evidence from Two Decades of the Kenya Life Panel Survey
",Evaluator 2,merits_journal,4.5,4,5,
NA,"Intergenerational Child Mortality Impacts of Deworming: Experimental Evidence from Two Decades of the Kenya Life Panel Survey
",Evaluator 1,merits_journal,3.5,3,4,
NA,"Intergenerational Child Mortality Impacts of Deworming: Experimental Evidence from Two Decades of the Kenya Life Panel Survey
",Evaluator 2,claims,90,80,100,
NA,"Intergenerational Child Mortality Impacts of Deworming: Experimental Evidence from Two Decades of the Kenya Life Panel Survey
",Evaluator 2,adv_knowledge,80,70,90,
NA,"Intergenerational Child Mortality Impacts of Deworming: Experimental Evidence from Two Decades of the Kenya Life Panel Survey
",Evaluator 2,methods,85,75,95,
NA,"Intergenerational Child Mortality Impacts of Deworming: Experimental Evidence from Two Decades of the Kenya Life Panel Survey
",Evaluator 2,logic_comms,95,90,100,
NA,"Intergenerational Child Mortality Impacts of Deworming: Experimental Evidence from Two Decades of the Kenya Life Panel Survey
",Evaluator 2,open_sci,90,80,100,
NA,"Intergenerational Child Mortality Impacts of Deworming: Experimental Evidence from Two Decades of the Kenya Life Panel Survey
",Evaluator 2,real_world,95,90,100,
NA,"Intergenerational Child Mortality Impacts of Deworming: Experimental Evidence from Two Decades of the Kenya Life Panel Survey
",Evaluator 2,gp_relevance,95,90,100,
NA,"Intergenerational Child Mortality Impacts of Deworming: Experimental Evidence from Two Decades of the Kenya Life Panel Survey
",Evaluator 2,overall,90,80,100,
NA,"Intergenerational Child Mortality Impacts of Deworming: Experimental Evidence from Two Decades of the Kenya Life Panel Survey
",Evaluator 1,adv_knowledge,85,75,95,
NA,"Intergenerational Child Mortality Impacts of Deworming: Experimental Evidence from Two Decades of the Kenya Life Panel Survey
",Evaluator 1,methods,85,75,95,
NA,"Intergenerational Child Mortality Impacts of Deworming: Experimental Evidence from Two Decades of the Kenya Life Panel Survey
",Evaluator 1,logic_comms,85,75,95,
NA,"Intergenerational Child Mortality Impacts of Deworming: Experimental Evidence from Two Decades of the Kenya Life Panel Survey
",Evaluator 1,open_sci,85,75,95,
NA,"Intergenerational Child Mortality Impacts of Deworming: Experimental Evidence from Two Decades of the Kenya Life Panel Survey
",Evaluator 1,real_world,95,90,100,
NA,"Intergenerational Child Mortality Impacts of Deworming: Experimental Evidence from Two Decades of the Kenya Life Panel Survey
",Evaluator 1,gp_relevance,95,90,100,
NA,"Intergenerational Child Mortality Impacts of Deworming: Experimental Evidence from Two Decades of the Kenya Life Panel Survey
",Evaluator 1,overall,87,77,97,
NA,"Intergenerational Child Mortality Impacts of Deworming: Experimental Evidence from Two Decades of the Kenya Life Panel Survey
",Evaluator 1,overall,87,77,97,
NA,"Intergenerational Child Mortality Impacts of Deworming: Experimental Evidence from Two Decades of the Kenya Life Panel Survey
",Evaluator 1,gp_relevance,95,90,100,
NA,"Intergenerational Child Mortality Impacts of Deworming: Experimental Evidence from Two Decades of the Kenya Life Panel Survey
",Evaluator 1,open_sci,85,75,95,
NA,"Intergenerational Child Mortality Impacts of Deworming: Experimental Evidence from Two Decades of the Kenya Life Panel Survey
",Evaluator 1,real_world,95,90,100,
NA,"Intergenerational Child Mortality Impacts of Deworming: Experimental Evidence from Two Decades of the Kenya Life Panel Survey
",Evaluator 1,methods,85,75,95,
NA,"Intergenerational Child Mortality Impacts of Deworming: Experimental Evidence from Two Decades of the Kenya Life Panel Survey
",Evaluator 1,logic_comms,85,75,95,
NA,"Intergenerational Child Mortality Impacts of Deworming: Experimental Evidence from Two Decades of the Kenya Life Panel Survey
",Evaluator 1,adv_knowledge,85,75,95,
Epperson and Gerster 2024,Willful Ignorance and Moral Behavior,Romain Espinosa,adv_knowledge,85,80,90,
Epperson and Gerster 2024,Willful Ignorance and Moral Behavior,Romain Espinosa,methods,85,80,90,
Epperson and Gerster 2024,Willful Ignorance and Moral Behavior,Romain Espinosa,logic_comms,85,80,90,
Epperson and Gerster 2024,Willful Ignorance and Moral Behavior,Romain Espinosa,open_sci,50,50,50,
Epperson and Gerster 2024,Willful Ignorance and Moral Behavior,Romain Espinosa,real_world,90,85,95,
Epperson and Gerster 2024,Willful Ignorance and Moral Behavior,Romain Espinosa,gp_relevance,100,100,100,
Epperson and Gerster 2024,Willful Ignorance and Moral Behavior,Romain Espinosa,overall,88,83,93,
Epperson and Gerster 2024,Willful Ignorance and Moral Behavior,Joshua Tasoff,overall,90,75,96,
Epperson and Gerster 2024,Willful Ignorance and Moral Behavior,Joshua Tasoff,real_world,75,33,92,
Epperson and Gerster 2024,Willful Ignorance and Moral Behavior,Joshua Tasoff,gp_relevance,75,33,92,
Epperson and Gerster 2024,Willful Ignorance and Moral Behavior,Joshua Tasoff,open_sci,75,33,92,
Epperson and Gerster 2024,Willful Ignorance and Moral Behavior,Joshua Tasoff,logic_comms,75,33,92,
Epperson and Gerster 2024,Willful Ignorance and Moral Behavior,Joshua Tasoff,methods,60,20,80,
Epperson and Gerster 2024,Willful Ignorance and Moral Behavior,Joshua Tasoff,adv_knowledge,75,33,92,
NA,"Zero-Sum Thinking, the Evolution of Effort-Suppressing Beliefs, and Economic Development",Evaluator 2,overall,40,30,50,
NA,"Zero-Sum Thinking, the Evolution of Effort-Suppressing Beliefs, and Economic Development",Evaluator 2,real_world,50,40,60,
NA,"Zero-Sum Thinking, the Evolution of Effort-Suppressing Beliefs, and Economic Development",Evaluator 2,gp_relevance,50,40,60,
NA,"Zero-Sum Thinking, the Evolution of Effort-Suppressing Beliefs, and Economic Development",Evaluator 2,logic_comms,70,60,79,
NA,"Zero-Sum Thinking, the Evolution of Effort-Suppressing Beliefs, and Economic Development",Evaluator 2,open_sci,80,70,90,
NA,"Zero-Sum Thinking, the Evolution of Effort-Suppressing Beliefs, and Economic Development",Evaluator 2,methods,25,15,35,
NA,"Zero-Sum Thinking, the Evolution of Effort-Suppressing Beliefs, and Economic Development",Evaluator 2,adv_knowledge,25,15,35,
NA,"Zero-Sum Thinking, the Evolution of Effort-Suppressing Beliefs, and Economic Development",Evaluator 1,open_sci,78,70,85,
NA,"Zero-Sum Thinking, the Evolution of Effort-Suppressing Beliefs, and Economic Development",Evaluator 1,logic_comms,80,70,90,
NA,"Zero-Sum Thinking, the Evolution of Effort-Suppressing Beliefs, and Economic Development",Evaluator 1,methods,21,10,33,
NA,How Much Would Reducing Lead Exposure Improve Children’s Learning in the Developing World?,Anon. evaluation 2,adv_knowledge,70,65,75,
NA,How Much Would Reducing Lead Exposure Improve Children’s Learning in the Developing World?,Anon. evaluation 2,methods,68,58,78,
NA,How Much Would Reducing Lead Exposure Improve Children’s Learning in the Developing World?,Anon. evaluation 2,logic_comms,75,70,80,
NA,How Much Would Reducing Lead Exposure Improve Children’s Learning in the Developing World?,Anon. evaluation 2,open_sci,80,70,90,
NA,How Much Would Reducing Lead Exposure Improve Children’s Learning in the Developing World?,Anon. evaluation 2,real_world,70,65,75,
NA,How Much Would Reducing Lead Exposure Improve Children’s Learning in the Developing World?,Anon. evaluation 2,gp_relevance,80,70,90,
NA,How Much Would Reducing Lead Exposure Improve Children’s Learning in the Developing World?,Anon. evaluation 2,merits_journal,3,2.8,3.2,
NA,How Much Would Reducing Lead Exposure Improve Children’s Learning in the Developing World?,Anon. evaluation 2,journal_predict,4.2,2.8,3.2,
NA,How Much Would Reducing Lead Exposure Improve Children’s Learning in the Developing World?,Anon. evaluation 2,overall,75,68,82,
NA,How Much Would Reducing Lead Exposure Improve Children’s Learning in the Developing World?,Anon. evaluation 1,merits_journal,2.5,2,3,
NA,How Much Would Reducing Lead Exposure Improve Children’s Learning in the Developing World?,Anon. evaluation 1,journal_predict,3,2,3.5,
NA,How Much Would Reducing Lead Exposure Improve Children’s Learning in the Developing World?,Anon. evaluation 1,overall,70,55,74,
NA,How Much Would Reducing Lead Exposure Improve Children’s Learning in the Developing World?,Anon. evaluation 1,gp_relevance,83,77,87,
NA,How Much Would Reducing Lead Exposure Improve Children’s Learning in the Developing World?,Anon. evaluation 1,real_world,80,73,85,
NA,How Much Would Reducing Lead Exposure Improve Children’s Learning in the Developing World?,Anon. evaluation 1,logic_comms,66,58,75,
NA,How Much Would Reducing Lead Exposure Improve Children’s Learning in the Developing World?,Anon. evaluation 1,open_sci,61,52,73,
NA,How Much Would Reducing Lead Exposure Improve Children’s Learning in the Developing World?,Anon. evaluation 1,methods,60,44,82,
NA,How Much Would Reducing Lead Exposure Improve Children’s Learning in the Developing World?,Anon. evaluation 1,adv_knowledge,80,65,85,
Chuard et al. 2022,Economic vs. Epidemiological Approaches to Measuring the Human Capital Impacts of Infectious Disease Elimination,Anon. evaluator 2 1,overall,80,65,90,
Chuard et al. 2022,Economic vs. Epidemiological Approaches to Measuring the Human Capital Impacts of Infectious Disease Elimination,Anon. evaluator 2 1,real_world,95,90,100,
Chuard et al. 2022,Economic vs. Epidemiological Approaches to Measuring the Human Capital Impacts of Infectious Disease Elimination,Anon. evaluator 2 1,gp_relevance,86,77,95,
Chuard et al. 2022,Economic vs. Epidemiological Approaches to Measuring the Human Capital Impacts of Infectious Disease Elimination,Anon. evaluator 2 1,journal_predict,3.3,2.6,4.1,
Chuard et al. 2022,Economic vs. Epidemiological Approaches to Measuring the Human Capital Impacts of Infectious Disease Elimination,Anon. evaluator 2 1,merits_journal,3.3,2.6,4.1,
Chuard et al. 2022,Economic vs. Epidemiological Approaches to Measuring the Human Capital Impacts of Infectious Disease Elimination,Anon. evaluator 2 1,logic_comms,91,81,100,
Chuard et al. 2022,Economic vs. Epidemiological Approaches to Measuring the Human Capital Impacts of Infectious Disease Elimination,Anon. evaluator 2 1,open_sci,96,92,100,
Chuard et al. 2022,Economic vs. Epidemiological Approaches to Measuring the Human Capital Impacts of Infectious Disease Elimination,Anon. evaluator 2 1,methods,77,70,83,
Chuard et al. 2022,Economic vs. Epidemiological Approaches to Measuring the Human Capital Impacts of Infectious Disease Elimination,Anon. evaluator 2 1,adv_knowledge,76,64,85,
Banerjee et al. 2022,Selecting the Most Effective Nudge: Evidence from a Large-Scale Experiment on Immunization,Anon. evaluator 3,adv_knowledge,85,75,90,
Banerjee et al. 2022,Selecting the Most Effective Nudge: Evidence from a Large-Scale Experiment on Immunization,Anon. evaluator 3,methods,80,50,100,
Banerjee et al. 2022,Selecting the Most Effective Nudge: Evidence from a Large-Scale Experiment on Immunization,Anon. evaluator 3,logic_comms,80,50,100,
Banerjee et al. 2022,Selecting the Most Effective Nudge: Evidence from a Large-Scale Experiment on Immunization,Anon. evaluator 3,open_sci,70,25,80,
Banerjee et al. 2022,Selecting the Most Effective Nudge: Evidence from a Large-Scale Experiment on Immunization,Anon. evaluator 3,real_world,95,70,100,
Banerjee et al. 2022,Selecting the Most Effective Nudge: Evidence from a Large-Scale Experiment on Immunization,Anon. evaluator 3,gp_relevance,95,90,100,
Banerjee et al. 2022,Selecting the Most Effective Nudge: Evidence from a Large-Scale Experiment on Immunization,Anon. evaluator 3,merits_journal,4.5,4,5,
Banerjee et al. 2022,Selecting the Most Effective Nudge: Evidence from a Large-Scale Experiment on Immunization,Anon. evaluator 3,journal_predict,4.7,4,5,
Banerjee et al. 2022,Selecting the Most Effective Nudge: Evidence from a Large-Scale Experiment on Immunization,Anon. evaluator 3,overall,85,75,90,
Banerjee et al. 2022,Selecting the Most Effective Nudge: Evidence from a Large-Scale Experiment on Immunization,Anon. evaluator 2 1,journal_predict,4.7,4,5,
Banerjee et al. 2022,Selecting the Most Effective Nudge: Evidence from a Large-Scale Experiment on Immunization,Anon. evaluator 2 1,merits_journal,4.7,4,5,
Banerjee et al. 2022,Selecting the Most Effective Nudge: Evidence from a Large-Scale Experiment on Immunization,Anon. evaluator 2 1,overall,95,80,99,
Banerjee et al. 2022,Selecting the Most Effective Nudge: Evidence from a Large-Scale Experiment on Immunization,Anon. evaluator 2 1,real_world,95,75,99,
Banerjee et al. 2022,Selecting the Most Effective Nudge: Evidence from a Large-Scale Experiment on Immunization,Anon. evaluator 2 1,gp_relevance,85,70,99,
Banerjee et al. 2022,Selecting the Most Effective Nudge: Evidence from a Large-Scale Experiment on Immunization,Anon. evaluator 2 1,logic_comms,90,70,95,
Banerjee et al. 2022,Selecting the Most Effective Nudge: Evidence from a Large-Scale Experiment on Immunization,Anon. evaluator 2 1,open_sci,90,70,95,
Banerjee et al. 2022,Selecting the Most Effective Nudge: Evidence from a Large-Scale Experiment on Immunization,Anon. evaluator 2 1,methods,90,70,95,
Banerjee et al. 2022,Selecting the Most Effective Nudge: Evidence from a Large-Scale Experiment on Immunization,Anon. evaluator 2 1,adv_knowledge,95,80,99,
NA,Does Conservation Work in General Equilibrium?,Anon. Evaluator 1,overall,70,60,80,
NA,Does Conservation Work in General Equilibrium?,Anon. Evaluator 1,real_world,70,65,75,
NA,Does Conservation Work in General Equilibrium?,Anon. Evaluator 1,gp_relevance,80,68,92,
NA,Does Conservation Work in General Equilibrium?,Anon. Evaluator 1,merits_journal,4,3.8,4.2,
NA,Does Conservation Work in General Equilibrium?,Anon. Evaluator 1,journal_predict,4,3.6,4.4,
NA,Does Conservation Work in General Equilibrium?,Anon. Evaluator 1,logic_comms,65,60,70,
NA,Does Conservation Work in General Equilibrium?,Anon. Evaluator 1,open_sci,65,60,70,
NA,Does Conservation Work in General Equilibrium?,Anon. Evaluator 1,methods,70,60,80,
NA,Does Conservation Work in General Equilibrium?,Anon. Evaluator 1,adv_knowledge,80,75,85,
Trammel and Aschenbrenner 2025,Existential risk and growth,Ioannis Bournakis,adv_knowledge,60,55,65,
Trammel and Aschenbrenner 2025,Existential risk and growth,Ioannis Bournakis,methods,85,80,90,
Trammel and Aschenbrenner 2025,Existential risk and growth,Ioannis Bournakis,logic_comms,70,65,75,
Trammel and Aschenbrenner 2025,Existential risk and growth,Ioannis Bournakis,open_sci,63,60,70,
Trammel and Aschenbrenner 2025,Existential risk and growth,Ioannis Bournakis,real_world,65,60,72,
Trammel and Aschenbrenner 2025,Existential risk and growth,Ioannis Bournakis,gp_relevance,70,65,75,
Trammel and Aschenbrenner 2025,Existential risk and growth,Ioannis Bournakis,journal_predict,3.5,3.2,4,
Trammel and Aschenbrenner 2025,Existential risk and growth,Ioannis Bournakis,merits_journal,3.5,3.2,4.1,
Trammel and Aschenbrenner 2025,Existential risk and growth,Ioannis Bournakis,overall,68,60,70,
Trammel and Aschenbrenner 2025,Existential risk and growth,Seth G. Benzell,overall,95,80,99,
Trammel and Aschenbrenner 2025,Existential risk and growth,Seth G. Benzell,real_world,80,50,100,
Trammel and Aschenbrenner 2025,Existential risk and growth,Seth G. Benzell,gp_relevance,80,60,100,
Trammel and Aschenbrenner 2025,Existential risk and growth,Seth G. Benzell,journal_predict,4.5,4.2,5,
Trammel and Aschenbrenner 2025,Existential risk and growth,Seth G. Benzell,merits_journal,4.5,3,5,
Trammel and Aschenbrenner 2025,Existential risk and growth,Seth G. Benzell,open_sci,95,90,99,
Trammel and Aschenbrenner 2025,Existential risk and growth,Seth G. Benzell,logic_comms,90,85,95,
Trammel and Aschenbrenner 2025,Existential risk and growth,Seth G. Benzell,methods,90,75,95,
Trammel and Aschenbrenner 2025,Existential risk and growth,Seth G. Benzell,adv_knowledge,80,50,100,
Kremer et al. 2022,Water Treatment and Child Mortality: A Meta-analysis and Cost-effectiveness Analysis,Anon. evaluation 2,adv_knowledge,65,45,85,
Kremer et al. 2022,Water Treatment and Child Mortality: A Meta-analysis and Cost-effectiveness Analysis,Anon. evaluation 2,methods,75,65,85,
Kremer et al. 2022,Water Treatment and Child Mortality: A Meta-analysis and Cost-effectiveness Analysis,Anon. evaluation 2,logic_comms,95,90,100,
Kremer et al. 2022,Water Treatment and Child Mortality: A Meta-analysis and Cost-effectiveness Analysis,Anon. evaluation 2,open_sci,90,80,100,
Kremer et al. 2022,Water Treatment and Child Mortality: A Meta-analysis and Cost-effectiveness Analysis,Anon. evaluation 2,real_world,50,25,75,
Kremer et al. 2022,Water Treatment and Child Mortality: A Meta-analysis and Cost-effectiveness Analysis,Anon. evaluation 2,gp_relevance,90,85,95,
Kremer et al. 2022,Water Treatment and Child Mortality: A Meta-analysis and Cost-effectiveness Analysis,Anon. evaluation 2,merits_journal,3.7,3.2,4.2,
Kremer et al. 2022,Water Treatment and Child Mortality: A Meta-analysis and Cost-effectiveness Analysis,Anon. evaluation 2,journal_predict,3.7,3.2,4.7,
Kremer et al. 2022,Water Treatment and Child Mortality: A Meta-analysis and Cost-effectiveness Analysis,Anon. evaluation 2,overall,85,75,95,
Kremer et al. 2022,Water Treatment and Child Mortality: A Meta-analysis and Cost-effectiveness Analysis,Masset and Waddington,overall,50,40,60,
Kremer et al. 2022,Water Treatment and Child Mortality: A Meta-analysis and Cost-effectiveness Analysis,Masset and Waddington,real_world,20,0,40,
Kremer et al. 2022,Water Treatment and Child Mortality: A Meta-analysis and Cost-effectiveness Analysis,Masset and Waddington,gp_relevance,45,30,60,
Kremer et al. 2022,Water Treatment and Child Mortality: A Meta-analysis and Cost-effectiveness Analysis,Masset and Waddington,merits_journal,2.5,2,3,
Kremer et al. 2022,Water Treatment and Child Mortality: A Meta-analysis and Cost-effectiveness Analysis,Masset and Waddington,journal_predict,3.5,2,5,
Kremer et al. 2022,Water Treatment and Child Mortality: A Meta-analysis and Cost-effectiveness Analysis,Masset and Waddington,logic_comms,50,30,70,
Kremer et al. 2022,Water Treatment and Child Mortality: A Meta-analysis and Cost-effectiveness Analysis,Masset and Waddington,open_sci,35,20,50,
Kremer et al. 2022,Water Treatment and Child Mortality: A Meta-analysis and Cost-effectiveness Analysis,Masset and Waddington,methods,50,40,60,
Kremer et al. 2022,Water Treatment and Child Mortality: A Meta-analysis and Cost-effectiveness Analysis,Masset and Waddington,adv_knowledge,80,70,90,
NA,Forecasting Existential Risks: Evidence From a Long-Run Forecasting Tournament,Anon. evaluation 2,adv_knowledge,85,NA,NA,
NA,Forecasting Existential Risks: Evidence From a Long-Run Forecasting Tournament,Anon. evaluation 2,methods,75,NA,NA,
NA,Forecasting Existential Risks: Evidence From a Long-Run Forecasting Tournament,Anon. evaluation 2,logic_comms,75,NA,NA,
NA,Forecasting Existential Risks: Evidence From a Long-Run Forecasting Tournament,Anon. evaluation 2,open_sci,85,NA,NA,
NA,Forecasting Existential Risks: Evidence From a Long-Run Forecasting Tournament,Anon. evaluation 2,real_world,95,NA,NA,
NA,Forecasting Existential Risks: Evidence From a Long-Run Forecasting Tournament,Anon. evaluation 2,gp_relevance,95,NA,NA,
NA,Forecasting Existential Risks: Evidence From a Long-Run Forecasting Tournament,Anon. evaluation 2,overall,80,NA,NA,
NA,Forecasting Existential Risks: Evidence From a Long-Run Forecasting Tournament,Anon. evaluation 1,overall,75,60,90,
NA,Forecasting Existential Risks: Evidence From a Long-Run Forecasting Tournament,Anon. evaluation 1,merits_journal,4,3.5,5,
NA,Forecasting Existential Risks: Evidence From a Long-Run Forecasting Tournament,Anon. evaluation 1,journal_predict,4,3.5,5,
NA,Forecasting Existential Risks: Evidence From a Long-Run Forecasting Tournament,Anon. evaluation 1,gp_relevance,90,85,95,
NA,Forecasting Existential Risks: Evidence From a Long-Run Forecasting Tournament,Anon. evaluation 1,real_world,90,85,95,
NA,Forecasting Existential Risks: Evidence From a Long-Run Forecasting Tournament,Anon. evaluation 1,open_sci,70,60,80,
NA,Forecasting Existential Risks: Evidence From a Long-Run Forecasting Tournament,Anon. evaluation 1,logic_comms,80,70,90,
NA,Forecasting Existential Risks: Evidence From a Long-Run Forecasting Tournament,Anon. evaluation 1,methods,70,60,80,
NA,Forecasting Existential Risks: Evidence From a Long-Run Forecasting Tournament,Anon. evaluation 1,adv_knowledge,75,60,90,
NA,Biodiversity risk,Anon. Evaluator 2,adv_knowledge,45,39,50,
NA,Biodiversity risk,Anon. Evaluator 2,methods,45,40,50,
NA,Biodiversity risk,Anon. Evaluator 2,logic_comms,68,60,75,
NA,Biodiversity risk,Anon. Evaluator 2,open_sci,90,80,100,
NA,Biodiversity risk,Anon. Evaluator 2,real_world,63,55,70,
NA,Biodiversity risk,Anon. Evaluator 2,gp_relevance,86,75,100,
NA,Biodiversity risk,Anon. Evaluator 2,merits_journal,3.5,3.1,4,
NA,Biodiversity risk,Anon. Evaluator 2,journal_predict,4.4,3.3,5,
NA,Biodiversity risk,Anon. Evaluator 2,overall,61,51,72,
NA,Biodiversity risk,Anon. Evaluator 1,journal_predict,4.5,4,5,
NA,Biodiversity risk,Anon. Evaluator 1,open_sci,90,70,100,
NA,Biodiversity risk,Anon. Evaluator 1,overall,65,50,80,
NA,Biodiversity risk,Anon. Evaluator 1,merits_journal,4,3.5,4.5,
NA,Biodiversity risk,Anon. Evaluator 1,gp_relevance,92,85,100,
NA,Biodiversity risk,Anon. Evaluator 1,real_world,71,59,80,
NA,Biodiversity risk,Anon. Evaluator 1,logic_comms,81,70,91,
NA,Biodiversity risk,Anon. Evaluator 1,methods,70,60,85,
NA,Biodiversity risk,Anon. Evaluator 1,adv_knowledge,70,60,80,
Bahar et al. 2022,Legalizing Entrepreneurship,Anon. evaluation 1,adv_knowledge,60,50,70,
Bahar et al. 2022,Legalizing Entrepreneurship,Anon. evaluation 1,methods,60,50,70,
Bahar et al. 2022,Legalizing Entrepreneurship,Anon. evaluation 1,logic_comms,60,50,70,
Bahar et al. 2022,Legalizing Entrepreneurship,Anon. evaluation 1,open_sci,60,40,60,
Bahar et al. 2022,Legalizing Entrepreneurship,Anon. evaluation 1,real_world,60,70,90,
Bahar et al. 2022,Legalizing Entrepreneurship,Anon. evaluation 1,gp_relevance,60,70,90,
Bahar et al. 2022,Legalizing Entrepreneurship,Anon. evaluation 1,journal_predict,2.5,2,3,
Bahar et al. 2022,Legalizing Entrepreneurship,Anon. evaluation 2,methods,92,86,97,
Bahar et al. 2022,Legalizing Entrepreneurship,Anon. evaluation 2,logic_comms,98,95,100,
Bahar et al. 2022,Legalizing Entrepreneurship,Anon. evaluation 2,open_sci,78,72,83,
Bahar et al. 2022,Legalizing Entrepreneurship,Anon. evaluation 2,real_world,97,93,100,
Bahar et al. 2022,Legalizing Entrepreneurship,Anon. evaluation 2,gp_relevance,94,88,100,
Bahar et al. 2022,Legalizing Entrepreneurship,Anon. evaluation 2,journal_predict,4.4,4,4.7,
Bahar et al. 2022,Legalizing Entrepreneurship,Anon. evaluation 2,adv_knowledge,96,90,100,
Barberio et al. 2022,Accelerating Vaccine Innovation for Emerging Infectious Diseases via Parallel Discovery,Richard Bruns,methods,50,30,60,
Barberio et al. 2022,Accelerating Vaccine Innovation for Emerging Infectious Diseases via Parallel Discovery,Richard Bruns,logic_comms,30,10,50,
Barberio et al. 2022,Accelerating Vaccine Innovation for Emerging Infectious Diseases via Parallel Discovery,Richard Bruns,open_sci,50,30,70,
Barberio et al. 2022,Accelerating Vaccine Innovation for Emerging Infectious Diseases via Parallel Discovery,Richard Bruns,real_world,60,50,80,
Barberio et al. 2022,Accelerating Vaccine Innovation for Emerging Infectious Diseases via Parallel Discovery,Richard Bruns,gp_relevance,60,50,80,
Barberio et al. 2022,Accelerating Vaccine Innovation for Emerging Infectious Diseases via Parallel Discovery,Richard Bruns,merits_journal,2,1,3,
Barberio et al. 2022,Accelerating Vaccine Innovation for Emerging Infectious Diseases via Parallel Discovery,Richard Bruns,journal_predict,2,1,4,
Barberio et al. 2022,Accelerating Vaccine Innovation for Emerging Infectious Diseases via Parallel Discovery,Richard Bruns,adv_knowledge,35,10,50,
Akram et al. 2017,Effects of Emigration on Rural Labor Markets,Frank Gyimah Sackey,journal_predict,2.5,1,3,
Akram et al. 2017,Effects of Emigration on Rural Labor Markets,Frank Gyimah Sackey,gp_relevance,70,50,90,
Akram et al. 2017,Effects of Emigration on Rural Labor Markets,Frank Gyimah Sackey,real_world,70,50,90,
Akram et al. 2017,Effects of Emigration on Rural Labor Markets,Frank Gyimah Sackey,open_sci,70,50,90,
Akram et al. 2017,Effects of Emigration on Rural Labor Markets,Frank Gyimah Sackey,logic_comms,70,50,90,
Akram et al. 2017,Effects of Emigration on Rural Labor Markets,Frank Gyimah Sackey,methods,70,50,90,
Akram et al. 2017,Effects of Emigration on Rural Labor Markets,Frank Gyimah Sackey,adv_knowledge,70,50,90,
Jack et al. 2022,Money (Not) to Burn: Payments for Ecosystem Services to Reduce Crop Residue Burning,Anon. evaluator 2 1,adv_knowledge,80,85,95,
Jack et al. 2022,Money (Not) to Burn: Payments for Ecosystem Services to Reduce Crop Residue Burning,Anon. evaluator 2 1,methods,80,65,75,
Jack et al. 2022,Money (Not) to Burn: Payments for Ecosystem Services to Reduce Crop Residue Burning,Anon. evaluator 2 1,logic_comms,90,80,90,
Jack et al. 2022,Money (Not) to Burn: Payments for Ecosystem Services to Reduce Crop Residue Burning,Anon. evaluator 2 1,open_sci,90,70,80,
Jack et al. 2022,Money (Not) to Burn: Payments for Ecosystem Services to Reduce Crop Residue Burning,Anon. evaluator 2 1,real_world,90,90,100,
Jack et al. 2022,Money (Not) to Burn: Payments for Ecosystem Services to Reduce Crop Residue Burning,Anon. evaluator 2 1,gp_relevance,90,90,100,
Jack et al. 2022,Money (Not) to Burn: Payments for Ecosystem Services to Reduce Crop Residue Burning,Anon. evaluator 2 1,journal_predict,4,NA,NA,
Jack et al. 2022,Money (Not) to Burn: Payments for Ecosystem Services to Reduce Crop Residue Burning,Karthik Tadepalli,methods,80,70,95,
Jack et al. 2022,Money (Not) to Burn: Payments for Ecosystem Services to Reduce Crop Residue Burning,Karthik Tadepalli,logic_comms,90,88,92,
Jack et al. 2022,Money (Not) to Burn: Payments for Ecosystem Services to Reduce Crop Residue Burning,Karthik Tadepalli,open_sci,80,75,95,
Jack et al. 2022,Money (Not) to Burn: Payments for Ecosystem Services to Reduce Crop Residue Burning,Karthik Tadepalli,real_world,95,90,100,
Jack et al. 2022,Money (Not) to Burn: Payments for Ecosystem Services to Reduce Crop Residue Burning,Karthik Tadepalli,gp_relevance,95,80,100,
Jack et al. 2022,Money (Not) to Burn: Payments for Ecosystem Services to Reduce Crop Residue Burning,Karthik Tadepalli,journal_predict,4,3,5,
Jack et al. 2022,Money (Not) to Burn: Payments for Ecosystem Services to Reduce Crop Residue Burning,Karthik Tadepalli,adv_knowledge,80,70,85,
Bettle 2023,Replicability & Generalisability:  A Guide to CEA discounts,Max Meier,methods,10,0,40,
Bettle 2023,Replicability & Generalisability:  A Guide to CEA discounts,Max Meier,logic_comms,30,10,50,
Bettle 2023,Replicability & Generalisability:  A Guide to CEA discounts,Max Meier,real_world,NA,NA,NA,
Bettle 2023,Replicability & Generalisability:  A Guide to CEA discounts,Max Meier,gp_relevance,50,10,80,
Bettle 2023,Replicability & Generalisability:  A Guide to CEA discounts,Max Meier,journal_predict,NA,NA,NA,
Bettle 2023,Replicability & Generalisability:  A Guide to CEA discounts,Max Meier,open_sci,10,NA,NA,
Bettle 2023,Replicability & Generalisability:  A Guide to CEA discounts,Max Meier,merits_journal,NA,NA,NA,
Bettle 2023,Replicability & Generalisability:  A Guide to CEA discounts,Max Meier,adv_knowledge,50,20,70,
Bettle 2023,Replicability & Generalisability:  A Guide to CEA discounts,Anon. evaluator 1,adv_knowledge,30,20,80,
Bettle 2023,Replicability & Generalisability:  A Guide to CEA discounts,Anon. evaluator 1,methods,NA,NA,NA,
Bettle 2023,Replicability & Generalisability:  A Guide to CEA discounts,Anon. evaluator 1,logic_comms,30,10,70,
Bettle 2023,Replicability & Generalisability:  A Guide to CEA discounts,Anon. evaluator 1,open_sci,10,0,50,
Bettle 2023,Replicability & Generalisability:  A Guide to CEA discounts,Anon. evaluator 1,real_world,NA,NA,NA,
Bettle 2023,Replicability & Generalisability:  A Guide to CEA discounts,Anon. evaluator 1,gp_relevance,70,50,95,
Bettle 2023,Replicability & Generalisability:  A Guide to CEA discounts,Anon. evaluator 1,journal_predict,NA,NA,NA,
Bettle 2023,Replicability & Generalisability:  A Guide to CEA discounts,Anon. evaluator 1,merits_journal,NA,NA,NA,
Naidu et al. 2023,The Benefits and Costs of Guest Worker Programs: Experimental Evidence From the India-UAE Migration Corridor,Anon. evaluator 2 1,adv_knowledge,85,75,95,
Naidu et al. 2023,The Benefits and Costs of Guest Worker Programs: Experimental Evidence From the India-UAE Migration Corridor,Anon. evaluator 2 1,methods,40,30,60,
Naidu et al. 2023,The Benefits and Costs of Guest Worker Programs: Experimental Evidence From the India-UAE Migration Corridor,Anon. evaluator 2 1,logic_comms,85,60,90,
Naidu et al. 2023,The Benefits and Costs of Guest Worker Programs: Experimental Evidence From the India-UAE Migration Corridor,Anon. evaluator 2 1,open_sci,90,85,95,
Naidu et al. 2023,The Benefits and Costs of Guest Worker Programs: Experimental Evidence From the India-UAE Migration Corridor,Anon. evaluator 2 1,real_world,90,85,95,
Naidu et al. 2023,The Benefits and Costs of Guest Worker Programs: Experimental Evidence From the India-UAE Migration Corridor,Anon. evaluator 2 1,gp_relevance,90,85,95,
Naidu et al. 2023,The Benefits and Costs of Guest Worker Programs: Experimental Evidence From the India-UAE Migration Corridor,Anon. evaluator 2 1,journal_predict,4.3,4,4.5,
Naidu et al. 2023,The Benefits and Costs of Guest Worker Programs: Experimental Evidence From the India-UAE Migration Corridor,Anon. evaluator 1,journal_predict,4.5,4,5,
Naidu et al. 2023,The Benefits and Costs of Guest Worker Programs: Experimental Evidence From the India-UAE Migration Corridor,Anon. evaluator 1,gp_relevance,70,60,80,
Naidu et al. 2023,The Benefits and Costs of Guest Worker Programs: Experimental Evidence From the India-UAE Migration Corridor,Anon. evaluator 1,real_world,80,75,85,
Naidu et al. 2023,The Benefits and Costs of Guest Worker Programs: Experimental Evidence From the India-UAE Migration Corridor,Anon. evaluator 1,open_sci,70,65,75,
Naidu et al. 2023,The Benefits and Costs of Guest Worker Programs: Experimental Evidence From the India-UAE Migration Corridor,Anon. evaluator 1,logic_comms,70,65,75,
Naidu et al. 2023,The Benefits and Costs of Guest Worker Programs: Experimental Evidence From the India-UAE Migration Corridor,Anon. evaluator 1,methods,75,70,80,
Naidu et al. 2023,The Benefits and Costs of Guest Worker Programs: Experimental Evidence From the India-UAE Migration Corridor,Anon. evaluator 1,adv_knowledge,80,75,85,
NA,"The Long-Run Effects of Psychotherapy on Depression, Beliefs, and Economic Outcomes",Anon. evaluator 2 1,journal_predict,4.6,4.1,5,
NA,"The Long-Run Effects of Psychotherapy on Depression, Beliefs, and Economic Outcomes",Anon. evaluator 2 1,open_sci,88,82,95,
NA,"The Long-Run Effects of Psychotherapy on Depression, Beliefs, and Economic Outcomes",Anon. evaluator 2 1,gp_relevance,92,82,100,
NA,"The Long-Run Effects of Psychotherapy on Depression, Beliefs, and Economic Outcomes",Anon. evaluator 2 1,real_world,86,79,93,
NA,"The Long-Run Effects of Psychotherapy on Depression, Beliefs, and Economic Outcomes",Anon. evaluator 2 1,logic_comms,79,69,89,
NA,"The Long-Run Effects of Psychotherapy on Depression, Beliefs, and Economic Outcomes",Anon. evaluator 2 1,methods,90,83,97,
NA,"The Long-Run Effects of Psychotherapy on Depression, Beliefs, and Economic Outcomes",Anon. evaluator 2 1,adv_knowledge,90,80,100,
NA,"The Long-Run Effects of Psychotherapy on Depression, Beliefs, and Economic Outcomes",Anon. evaluator 1,journal_predict,4,3.5,4.5,
NA,"The Long-Run Effects of Psychotherapy on Depression, Beliefs, and Economic Outcomes",Anon. evaluator 1,gp_relevance,85,80,90,
NA,"The Long-Run Effects of Psychotherapy on Depression, Beliefs, and Economic Outcomes",Anon. evaluator 1,real_world,83,76,90,
NA,"The Long-Run Effects of Psychotherapy on Depression, Beliefs, and Economic Outcomes",Anon. evaluator 1,open_sci,35,20,50,
NA,"The Long-Run Effects of Psychotherapy on Depression, Beliefs, and Economic Outcomes",Anon. evaluator 1,logic_comms,77,74,80,
NA,"The Long-Run Effects of Psychotherapy on Depression, Beliefs, and Economic Outcomes",Anon. evaluator 1,methods,75,68,82,
NA,"The Long-Run Effects of Psychotherapy on Depression, Beliefs, and Economic Outcomes",Anon. evaluator 1,adv_knowledge,83,76,90,
Banerjee et al. 2023,Universal Basic Income: Short-Term Results from a Long-Term Experiment in Kenya,Anon. evaluator 2 1,journal_predict,4,25,5,
Banerjee et al. 2023,Universal Basic Income: Short-Term Results from a Long-Term Experiment in Kenya,Anon. evaluator 2 1,gp_relevance,70,45,90,
Banerjee et al. 2023,Universal Basic Income: Short-Term Results from a Long-Term Experiment in Kenya,Anon. evaluator 2 1,real_world,87,74,98,
Banerjee et al. 2023,Universal Basic Income: Short-Term Results from a Long-Term Experiment in Kenya,Anon. evaluator 2 1,open_sci,30,10,75,
Banerjee et al. 2023,Universal Basic Income: Short-Term Results from a Long-Term Experiment in Kenya,Anon. evaluator 2 1,logic_comms,76,40,91,
Banerjee et al. 2023,Universal Basic Income: Short-Term Results from a Long-Term Experiment in Kenya,Anon. evaluator 2 1,methods,85,63,95,
Banerjee et al. 2023,Universal Basic Income: Short-Term Results from a Long-Term Experiment in Kenya,Anon. evaluator 2 1,adv_knowledge,85,65,95,
Banerjee et al. 2023,Universal Basic Income: Short-Term Results from a Long-Term Experiment in Kenya,Anon. evaluator 1,journal_predict,4.7,4,5,
Banerjee et al. 2023,Universal Basic Income: Short-Term Results from a Long-Term Experiment in Kenya,Anon. evaluator 1,gp_relevance,60,40,80,
Banerjee et al. 2023,Universal Basic Income: Short-Term Results from a Long-Term Experiment in Kenya,Anon. evaluator 1,real_world,90,80,100,
Banerjee et al. 2023,Universal Basic Income: Short-Term Results from a Long-Term Experiment in Kenya,Anon. evaluator 1,open_sci,90,80,100,
Banerjee et al. 2023,Universal Basic Income: Short-Term Results from a Long-Term Experiment in Kenya,Anon. evaluator 1,logic_comms,80,70,90,
Banerjee et al. 2023,Universal Basic Income: Short-Term Results from a Long-Term Experiment in Kenya,Anon. evaluator 1,methods,95,90,100,
Banerjee et al. 2023,Universal Basic Income: Short-Term Results from a Long-Term Experiment in Kenya,Anon. evaluator 1,adv_knowledge,93,70,100,
NA,When do “Nudges” Increase Welfare?,Anon. evaluator 2 1,journal_predict,4.4,4,4.9,
NA,When do “Nudges” Increase Welfare?,Anon. evaluator 2 1,merits_journal,3.7,3.3,4.1,
NA,When do “Nudges” Increase Welfare?,Anon. evaluator 2 1,gp_relevance,10,1,20,
NA,When do “Nudges” Increase Welfare?,Anon. evaluator 2 1,real_world,24,17,32,
NA,When do “Nudges” Increase Welfare?,Anon. evaluator 2 1,open_sci,97,93,100,
NA,When do “Nudges” Increase Welfare?,Anon. evaluator 2 1,logic_comms,70,66,74,
NA,When do “Nudges” Increase Welfare?,Anon. evaluator 2 1,methods,75,66,84,
NA,When do “Nudges” Increase Welfare?,Anon. evaluator 2 1,adv_knowledge,50,45,55,
NA,When do “Nudges” Increase Welfare?,Anon. evaluator 1,gp_relevance,15,10,20,
NA,When do “Nudges” Increase Welfare?,Anon. evaluator 1,real_world,15,10,20,
NA,When do “Nudges” Increase Welfare?,Anon. evaluator 1,open_sci,95,90,100,
NA,When do “Nudges” Increase Welfare?,Anon. evaluator 1,logic_comms,85,75,90,
NA,When do “Nudges” Increase Welfare?,Anon. evaluator 1,methods,80,50,90,
NA,When do “Nudges” Increase Welfare?,Anon. evaluator 1,adv_knowledge,15,10,20,
NA,Cognitive Behavioral Therapy among Ghana’s Rural Poor Is Effective Regardless of Baseline Mental Distress,Anon. Evaluator 2,merits_journal,4,NA,NA,
NA,Cognitive Behavioral Therapy among Ghana’s Rural Poor Is Effective Regardless of Baseline Mental Distress,Anon. Evaluator 2,overall,75,70,84,
Barberio et al. 2022,Accelerating Vaccine Innovation for Emerging Infectious Diseases via Parallel Discovery,Richard Bruns,overall,40,20,60,
Barberio et al. 2022,Accelerating Vaccine Innovation for Emerging Infectious Diseases via Parallel Discovery,Richard Bruns,merits_journal,2,1,3,
Jack et al. 2022,Money (Not) to Burn: Payments for Ecosystem Services to Reduce Crop Residue Burning,Anon. evaluator 2 1,overall,85,80,90,
Jack et al. 2022,Money (Not) to Burn: Payments for Ecosystem Services to Reduce Crop Residue Burning,Anon. evaluator 2 1,merits_journal,4,NA,NA,
Jack et al. 2022,Money (Not) to Burn: Payments for Ecosystem Services to Reduce Crop Residue Burning,Karthik Tadepalli,merits_journal,4,3,5,
Jack et al. 2022,Money (Not) to Burn: Payments for Ecosystem Services to Reduce Crop Residue Burning,Karthik Tadepalli,overall,90,75,95,
Bettle 2023,Replicability & Generalisability:  A Guide to CEA discounts,Max Meier,overall,40,10,60,
Bettle 2023,Replicability & Generalisability:  A Guide to CEA discounts,Anon. evaluator 1,overall,25,0,50,
Banerjee et al. 2023,Universal Basic Income: Short-Term Results from a Long-Term Experiment in Kenya,Anon. evaluator 2 1,overall,85,65,95,
Banerjee et al. 2023,Universal Basic Income: Short-Term Results from a Long-Term Experiment in Kenya,Anon. evaluator 2 1,merits_journal,4,2.5,5,
Banerjee et al. 2023,Universal Basic Income: Short-Term Results from a Long-Term Experiment in Kenya,Anon. evaluator 1,merits_journal,4.7,4,5,
Banerjee et al. 2023,Universal Basic Income: Short-Term Results from a Long-Term Experiment in Kenya,Anon. evaluator 1,overall,83,93,100,
NA,"The Long-Run Effects of Psychotherapy on Depression, Beliefs, and Economic Outcomes",Anon. evaluator 2 1,overall,92,81,100,
NA,"The Long-Run Effects of Psychotherapy on Depression, Beliefs, and Economic Outcomes",Anon. evaluator 2 1,merits_journal,4.7,4.4,5,
NA,"The Long-Run Effects of Psychotherapy on Depression, Beliefs, and Economic Outcomes",Anon. evaluator 1,merits_journal,4,3.5,4.5,
NA,"The Long-Run Effects of Psychotherapy on Depression, Beliefs, and Economic Outcomes",Anon. evaluator 1,overall,77,70,84,
NA,When do “Nudges” Increase Welfare?,Anon. evaluator 1,merits_journal,4,4,5,
NA,When do “Nudges” Increase Welfare?,Anon. evaluator 2 1,overall,86,76,96,
NA,When do “Nudges” Increase Welfare?,Anon. evaluator 1,journal_predict,4,3.5,4.2,
Bahar et al. 2022,Legalizing Entrepreneurship,Anon. evaluation 1,merits_journal,2.5,2,3,
Bahar et al. 2022,Legalizing Entrepreneurship,Anon. evaluation 2,merits_journal,4.7,4,5,
Bahar et al. 2022,Legalizing Entrepreneurship,Anon. evaluation 2,overall,90,85,97,
Naidu et al. 2023,The Benefits and Costs of Guest Worker Programs: Experimental Evidence From the India-UAE Migration Corridor,Anon. evaluator 2 1,merits_journal,3.5,3,4,
Naidu et al. 2023,The Benefits and Costs of Guest Worker Programs: Experimental Evidence From the India-UAE Migration Corridor,Anon. evaluator 2 1,overall,75,60,90,
Naidu et al. 2023,The Benefits and Costs of Guest Worker Programs: Experimental Evidence From the India-UAE Migration Corridor,Anon. evaluator 1,merits_journal,4.5,4,5,
Akram et al. 2017,Effects of Emigration on Rural Labor Markets,Frank Gyimah Sackey,merits_journal,2.5,1,3,
Akram et al. 2017,Effects of Emigration on Rural Labor Markets,Frank Gyimah Sackey,overall,70,50,78,
Naidu et al. 2023,The Benefits and Costs of Guest Worker Programs: Experimental Evidence From the India-UAE Migration Corridor,Anon. evaluator 1,overall,75,70,85,
NA,When do “Nudges” Increase Welfare?,Anon. evaluator 1,overall,85,70,95,
Bahar et al. 2022,Legalizing Entrepreneurship,Anon. evaluation 1,overall,60,50,70,
Barberio et al. 2022,Accelerating Vaccine Innovation for Emerging Infectious Diseases via Parallel Discovery,Tim Colbourn,overall,60,50,70,
Barberio et al. 2022,Accelerating Vaccine Innovation for Emerging Infectious Diseases via Parallel Discovery,Tim Colbourn,adv_knowledge,60,50,70,
Barberio et al. 2022,Accelerating Vaccine Innovation for Emerging Infectious Diseases via Parallel Discovery,Tim Colbourn,methods,50,40,60,
Barberio et al. 2022,Accelerating Vaccine Innovation for Emerging Infectious Diseases via Parallel Discovery,Tim Colbourn,logic_comms,60,50,70,
Barberio et al. 2022,Accelerating Vaccine Innovation for Emerging Infectious Diseases via Parallel Discovery,Tim Colbourn,open_sci,60,50,70,
Barberio et al. 2022,Accelerating Vaccine Innovation for Emerging Infectious Diseases via Parallel Discovery,Tim Colbourn,real_world,60,50,70,
Barberio et al. 2022,Accelerating Vaccine Innovation for Emerging Infectious Diseases via Parallel Discovery,Tim Colbourn,gp_relevance,80,70,90,
Barberio et al. 2022,Accelerating Vaccine Innovation for Emerging Infectious Diseases via Parallel Discovery,Tim Colbourn,merits_journal,3,2.5,3.5,
Barberio et al. 2022,Accelerating Vaccine Innovation for Emerging Infectious Diseases via Parallel Discovery,Tim Colbourn,journal_predict,3,2.5,3.5,
Kubo et al. 2023,Banning wildlife trade can boost demand for unregulated threatened species,Liew Jia Huan,adv_knowledge,80,NA,NA,
Kubo et al. 2023,Banning wildlife trade can boost demand for unregulated threatened species,Liew Jia Huan,methods,50,NA,NA,
Kubo et al. 2023,Banning wildlife trade can boost demand for unregulated threatened species,Liew Jia Huan,logic_comms,70,NA,NA,
Kubo et al. 2023,Banning wildlife trade can boost demand for unregulated threatened species,Liew Jia Huan,real_world,90,NA,NA,
Kubo et al. 2023,Banning wildlife trade can boost demand for unregulated threatened species,Liew Jia Huan,gp_relevance,65,NA,NA,
Kubo et al. 2023,Banning wildlife trade can boost demand for unregulated threatened species,Liew Jia Huan,journal_predict,2.5,NA,NA,
Kubo et al. 2023,Banning wildlife trade can boost demand for unregulated threatened species,Liew Jia Huan,open_sci,50,NA,NA,
Kubo et al. 2023,Banning wildlife trade can boost demand for unregulated threatened species,Liew Jia Huan,merits_journal,3,NA,NA,
Kubo et al. 2023,Banning wildlife trade can boost demand for unregulated threatened species,Liew Jia Huan,overall,75,NA,NA,
Fangwa et al. 2023,The Governance Of Non-Profits And Their Social Impact: Evidence From A Randomized Program In Healthcare In DRC,Anonymous_2,adv_knowledge,70,55,75,
Fangwa et al. 2023,The Governance Of Non-Profits And Their Social Impact: Evidence From A Randomized Program In Healthcare In DRC,Anonymous_2,methods,60,55,70,
Fangwa et al. 2023,The Governance Of Non-Profits And Their Social Impact: Evidence From A Randomized Program In Healthcare In DRC,Anonymous_2,logic_comms,55,50,65,
Fangwa et al. 2023,The Governance Of Non-Profits And Their Social Impact: Evidence From A Randomized Program In Healthcare In DRC,Anonymous_2,real_world,55,45,75,
Fangwa et al. 2023,The Governance Of Non-Profits And Their Social Impact: Evidence From A Randomized Program In Healthcare In DRC,Anonymous_2,gp_relevance,80,70,90,
Fangwa et al. 2023,The Governance Of Non-Profits And Their Social Impact: Evidence From A Randomized Program In Healthcare In DRC,Anonymous_2,journal_predict,3.6,2.8,4,
Fangwa et al. 2023,The Governance Of Non-Profits And Their Social Impact: Evidence From A Randomized Program In Healthcare In DRC,Anonymous_2,open_sci,45,30,60,
Fangwa et al. 2023,The Governance Of Non-Profits And Their Social Impact: Evidence From A Randomized Program In Healthcare In DRC,Anonymous_2,merits_journal,3.8,3,4.1,
Fangwa et al. 2023,The Governance Of Non-Profits And Their Social Impact: Evidence From A Randomized Program In Healthcare In DRC,Anonymous_2,overall,65,55,74,
NA,Long term cost-effectiveness of resilient foods for global catastrophes compared to artificial general intelligence safety,Anca Hanea,adv_knowledge,80,70,90,
NA,Long term cost-effectiveness of resilient foods for global catastrophes compared to artificial general intelligence safety,Anca Hanea,methods,70,50,90,
NA,Long term cost-effectiveness of resilient foods for global catastrophes compared to artificial general intelligence safety,Anca Hanea,logic_comms,85,65,95,
NA,Long term cost-effectiveness of resilient foods for global catastrophes compared to artificial general intelligence safety,Anca Hanea,real_world,NA,NA,NA,
NA,Long term cost-effectiveness of resilient foods for global catastrophes compared to artificial general intelligence safety,Anca Hanea,gp_relevance,85,70,90,
NA,Long term cost-effectiveness of resilient foods for global catastrophes compared to artificial general intelligence safety,Anca Hanea,journal_predict,3.5,3,5,
NA,Long term cost-effectiveness of resilient foods for global catastrophes compared to artificial general intelligence safety,Anca Hanea,open_sci,73,50,95,
NA,Long term cost-effectiveness of resilient foods for global catastrophes compared to artificial general intelligence safety,Anca Hanea,merits_journal,4,3,5,
NA,Long term cost-effectiveness of resilient foods for global catastrophes compared to artificial general intelligence safety,Anca Hanea,overall,80,60,90,
NA,Cognitive Behavioral Therapy among Ghana’s Rural Poor Is Effective Regardless of Baseline Mental Distress,Anon. Evaluator 1,adv_knowledge,65,NA,NA,
NA,Cognitive Behavioral Therapy among Ghana’s Rural Poor Is Effective Regardless of Baseline Mental Distress,Anon. Evaluator 1,methods,60,NA,NA,
NA,Cognitive Behavioral Therapy among Ghana’s Rural Poor Is Effective Regardless of Baseline Mental Distress,Anon. Evaluator 1,logic_comms,75,NA,NA,
NA,Cognitive Behavioral Therapy among Ghana’s Rural Poor Is Effective Regardless of Baseline Mental Distress,Anon. Evaluator 1,real_world,75,NA,NA,
NA,Cognitive Behavioral Therapy among Ghana’s Rural Poor Is Effective Regardless of Baseline Mental Distress,Anon. Evaluator 1,gp_relevance,75,NA,NA,
NA,Cognitive Behavioral Therapy among Ghana’s Rural Poor Is Effective Regardless of Baseline Mental Distress,Anon. Evaluator 1,journal_predict,NA,NA,NA,
NA,Cognitive Behavioral Therapy among Ghana’s Rural Poor Is Effective Regardless of Baseline Mental Distress,Anon. Evaluator 1,open_sci,50,NA,NA,
NA,Cognitive Behavioral Therapy among Ghana’s Rural Poor Is Effective Regardless of Baseline Mental Distress,Anon. Evaluator 1,merits_journal,4,NA,NA,
NA,Cognitive Behavioral Therapy among Ghana’s Rural Poor Is Effective Regardless of Baseline Mental Distress,Anon. Evaluator 1,overall,75,NA,NA,
NA,Long term cost-effectiveness of resilient foods for global catastrophes compared to artificial general intelligence safety,Alex Bates,adv_knowledge,30,20,60,
NA,Long term cost-effectiveness of resilient foods for global catastrophes compared to artificial general intelligence safety,Alex Bates,methods,50,40,60,
NA,Long term cost-effectiveness of resilient foods for global catastrophes compared to artificial general intelligence safety,Alex Bates,logic_comms,60,40,75,
NA,Long term cost-effectiveness of resilient foods for global catastrophes compared to artificial general intelligence safety,Alex Bates,real_world,NA,NA,NA,
NA,Long term cost-effectiveness of resilient foods for global catastrophes compared to artificial general intelligence safety,Alex Bates,gp_relevance,90,60,95,
NA,Long term cost-effectiveness of resilient foods for global catastrophes compared to artificial general intelligence safety,Alex Bates,journal_predict,2,1,2,
NA,Long term cost-effectiveness of resilient foods for global catastrophes compared to artificial general intelligence safety,Alex Bates,open_sci,70,40,75,
NA,Long term cost-effectiveness of resilient foods for global catastrophes compared to artificial general intelligence safety,Alex Bates,merits_journal,2,1,2,
NA,Long term cost-effectiveness of resilient foods for global catastrophes compared to artificial general intelligence safety,Alex Bates,overall,40,20,60,
Buntaine et al. 2023,Does the Squeaky Wheel Get More Grease? The Direct and Indirect Effects of Citizen Participation on Environmental Governance in China,Robert Kubinec,adv_knowledge,90,85,95,
Buntaine et al. 2023,Does the Squeaky Wheel Get More Grease? The Direct and Indirect Effects of Citizen Participation on Environmental Governance in China,Robert Kubinec,methods,80,70,90,
Buntaine et al. 2023,Does the Squeaky Wheel Get More Grease? The Direct and Indirect Effects of Citizen Participation on Environmental Governance in China,Robert Kubinec,logic_comms,80,75,85,
Buntaine et al. 2023,Does the Squeaky Wheel Get More Grease? The Direct and Indirect Effects of Citizen Participation on Environmental Governance in China,Robert Kubinec,real_world,90,85,95,
Buntaine et al. 2023,Does the Squeaky Wheel Get More Grease? The Direct and Indirect Effects of Citizen Participation on Environmental Governance in China,Robert Kubinec,gp_relevance,90,85,95,
Buntaine et al. 2023,Does the Squeaky Wheel Get More Grease? The Direct and Indirect Effects of Citizen Participation on Environmental Governance in China,Robert Kubinec,journal_predict,4.8,4,5,
Buntaine et al. 2023,Does the Squeaky Wheel Get More Grease? The Direct and Indirect Effects of Citizen Participation on Environmental Governance in China,Robert Kubinec,open_sci,70,60,80,
Buntaine et al. 2023,Does the Squeaky Wheel Get More Grease? The Direct and Indirect Effects of Citizen Participation on Environmental Governance in China,Robert Kubinec,merits_journal,4.8,4.5,5,
Buntaine et al. 2023,Does the Squeaky Wheel Get More Grease? The Direct and Indirect Effects of Citizen Participation on Environmental Governance in China,Robert Kubinec,overall,90,85,95,
Kremer et al. 2020,Advance Market Commitments: Insights from Theory and Experience,David Manheim,adv_knowledge,25,20,40,
Kremer et al. 2020,Advance Market Commitments: Insights from Theory and Experience,David Manheim,methods,95,85,97.5,
Kremer et al. 2020,Advance Market Commitments: Insights from Theory and Experience,David Manheim,logic_comms,75,60,90,
Kremer et al. 2020,Advance Market Commitments: Insights from Theory and Experience,David Manheim,real_world,NA,NA,NA,
Kremer et al. 2020,Advance Market Commitments: Insights from Theory and Experience,David Manheim,gp_relevance,60,40,75,
Kremer et al. 2020,Advance Market Commitments: Insights from Theory and Experience,David Manheim,journal_predict,3,2.5,4.5,
Kremer et al. 2020,Advance Market Commitments: Insights from Theory and Experience,David Manheim,open_sci,NA,NA,NA,
Kremer et al. 2020,Advance Market Commitments: Insights from Theory and Experience,David Manheim,merits_journal,NA,NA,NA,
Kremer et al. 2020,Advance Market Commitments: Insights from Theory and Experience,David Manheim,overall,80,70,90,
Kubo et al. 2023,Banning wildlife trade can boost demand for unregulated threatened species,Anonymous_8,adv_knowledge,70,NA,NA,
Kubo et al. 2023,Banning wildlife trade can boost demand for unregulated threatened species,Anonymous_8,methods,80,NA,NA,
Kubo et al. 2023,Banning wildlife trade can boost demand for unregulated threatened species,Anonymous_8,logic_comms,70,NA,NA,
Kubo et al. 2023,Banning wildlife trade can boost demand for unregulated threatened species,Anonymous_8,real_world,90,NA,NA,
Kubo et al. 2023,Banning wildlife trade can boost demand for unregulated threatened species,Anonymous_8,gp_relevance,80,NA,NA,
Kubo et al. 2023,Banning wildlife trade can boost demand for unregulated threatened species,Anonymous_8,journal_predict,3,NA,NA,
Kubo et al. 2023,Banning wildlife trade can boost demand for unregulated threatened species,Anonymous_8,open_sci,70,NA,NA,
Kubo et al. 2023,Banning wildlife trade can boost demand for unregulated threatened species,Anonymous_8,merits_journal,3,NA,NA,
Kubo et al. 2023,Banning wildlife trade can boost demand for unregulated threatened species,Anonymous_8,overall,75,NA,NA,
Kremer et al. 2020,Advance Market Commitments: Insights from Theory and Experience,Joel Tan,adv_knowledge,90,70,100,
Kremer et al. 2020,Advance Market Commitments: Insights from Theory and Experience,Joel Tan,methods,70,50,90,
Kremer et al. 2020,Advance Market Commitments: Insights from Theory and Experience,Joel Tan,logic_comms,70,50,90,
Kremer et al. 2020,Advance Market Commitments: Insights from Theory and Experience,Joel Tan,real_world,90,70,100,
Kremer et al. 2020,Advance Market Commitments: Insights from Theory and Experience,Joel Tan,gp_relevance,90,70,100,
Kremer et al. 2020,Advance Market Commitments: Insights from Theory and Experience,Joel Tan,journal_predict,5,NA,NA,
Kremer et al. 2020,Advance Market Commitments: Insights from Theory and Experience,Joel Tan,open_sci,50,30,70,
Kremer et al. 2020,Advance Market Commitments: Insights from Theory and Experience,Joel Tan,merits_journal,5,NA,NA,
Kremer et al. 2020,Advance Market Commitments: Insights from Theory and Experience,Joel Tan,overall,79,59,94,
Buntaine et al. 2023,Does the Squeaky Wheel Get More Grease? The Direct and Indirect Effects of Citizen Participation on Environmental Governance in China,Anonymous_10,adv_knowledge,76,68,83,
Buntaine et al. 2023,Does the Squeaky Wheel Get More Grease? The Direct and Indirect Effects of Citizen Participation on Environmental Governance in China,Anonymous_10,methods,72,63,81,
Buntaine et al. 2023,Does the Squeaky Wheel Get More Grease? The Direct and Indirect Effects of Citizen Participation on Environmental Governance in China,Anonymous_10,logic_comms,67,62,78,
Buntaine et al. 2023,Does the Squeaky Wheel Get More Grease? The Direct and Indirect Effects of Citizen Participation on Environmental Governance in China,Anonymous_10,real_world,91,78,94,
Buntaine et al. 2023,Does the Squeaky Wheel Get More Grease? The Direct and Indirect Effects of Citizen Participation on Environmental Governance in China,Anonymous_10,gp_relevance,92,82,95,
Buntaine et al. 2023,Does the Squeaky Wheel Get More Grease? The Direct and Indirect Effects of Citizen Participation on Environmental Governance in China,Anonymous_10,journal_predict,4.6,3.5,5,
Buntaine et al. 2023,Does the Squeaky Wheel Get More Grease? The Direct and Indirect Effects of Citizen Participation on Environmental Governance in China,Anonymous_10,open_sci,48,42,68,
Buntaine et al. 2023,Does the Squeaky Wheel Get More Grease? The Direct and Indirect Effects of Citizen Participation on Environmental Governance in China,Anonymous_10,merits_journal,4.3,3.7,4.8,
Buntaine et al. 2023,Does the Squeaky Wheel Get More Grease? The Direct and Indirect Effects of Citizen Participation on Environmental Governance in China,Anonymous_10,overall,80,71,86,
Liang et al. 2021,The Environmental Effects of Economic Production: Evidence from Ecological Observations,Elias Cisneros,adv_knowledge,90,NA,NA,
Liang et al. 2021,The Environmental Effects of Economic Production: Evidence from Ecological Observations,Elias Cisneros,methods,75,NA,NA,
Liang et al. 2021,The Environmental Effects of Economic Production: Evidence from Ecological Observations,Elias Cisneros,logic_comms,80,NA,NA,
Liang et al. 2021,The Environmental Effects of Economic Production: Evidence from Ecological Observations,Elias Cisneros,real_world,95,NA,NA,
Liang et al. 2021,The Environmental Effects of Economic Production: Evidence from Ecological Observations,Elias Cisneros,gp_relevance,95,NA,NA,
Liang et al. 2021,The Environmental Effects of Economic Production: Evidence from Ecological Observations,Elias Cisneros,journal_predict,4,NA,NA,
Liang et al. 2021,The Environmental Effects of Economic Production: Evidence from Ecological Observations,Elias Cisneros,open_sci,90,NA,NA,
Liang et al. 2021,The Environmental Effects of Economic Production: Evidence from Ecological Observations,Elias Cisneros,merits_journal,4,NA,NA,
Liang et al. 2021,The Environmental Effects of Economic Production: Evidence from Ecological Observations,Elias Cisneros,overall,88,NA,NA,
Kremer et al. 2020,Advance Market Commitments: Insights from Theory and Experience,Dan Tortorice,adv_knowledge,90,NA,NA,
Kremer et al. 2020,Advance Market Commitments: Insights from Theory and Experience,Dan Tortorice,methods,80,NA,NA,
Kremer et al. 2020,Advance Market Commitments: Insights from Theory and Experience,Dan Tortorice,logic_comms,80,NA,NA,
Kremer et al. 2020,Advance Market Commitments: Insights from Theory and Experience,Dan Tortorice,real_world,NA,NA,NA,
Kremer et al. 2020,Advance Market Commitments: Insights from Theory and Experience,Dan Tortorice,gp_relevance,95,NA,NA,
Kremer et al. 2020,Advance Market Commitments: Insights from Theory and Experience,Dan Tortorice,journal_predict,4,NA,NA,
Kremer et al. 2020,Advance Market Commitments: Insights from Theory and Experience,Dan Tortorice,open_sci,90,NA,NA,
Kremer et al. 2020,Advance Market Commitments: Insights from Theory and Experience,Dan Tortorice,merits_journal,4,NA,NA,
Kremer et al. 2020,Advance Market Commitments: Insights from Theory and Experience,Dan Tortorice,overall,80,NA,NA,
Aghion et al. 2017,Artificial Intelligence and Economic Growth,Seth Benzell,adv_knowledge,75,65,85,
Aghion et al. 2017,Artificial Intelligence and Economic Growth,Seth Benzell,methods,80,75,85,
Aghion et al. 2017,Artificial Intelligence and Economic Growth,Seth Benzell,logic_comms,70,60,80,
Aghion et al. 2017,Artificial Intelligence and Economic Growth,Seth Benzell,real_world,NA,NA,NA,
Aghion et al. 2017,Artificial Intelligence and Economic Growth,Seth Benzell,gp_relevance,90,85,100,
Aghion et al. 2017,Artificial Intelligence and Economic Growth,Seth Benzell,journal_predict,NA,NA,NA,
Aghion et al. 2017,Artificial Intelligence and Economic Growth,Seth Benzell,open_sci,95,90,100,
Aghion et al. 2017,Artificial Intelligence and Economic Growth,Seth Benzell,merits_journal,4,3.5,5,
Aghion et al. 2017,Artificial Intelligence and Economic Growth,Seth Benzell,overall,80,70,90,
Alatas et al. 2019,When Celebrities Speak: A Nationwide Twitter Experiment Promoting Vaccination In Indonesia,Anonymous_14,adv_knowledge,55,NA,NA,
Alatas et al. 2019,When Celebrities Speak: A Nationwide Twitter Experiment Promoting Vaccination In Indonesia,Anonymous_14,methods,55,NA,NA,
Alatas et al. 2019,When Celebrities Speak: A Nationwide Twitter Experiment Promoting Vaccination In Indonesia,Anonymous_14,logic_comms,70,NA,NA,
Alatas et al. 2019,When Celebrities Speak: A Nationwide Twitter Experiment Promoting Vaccination In Indonesia,Anonymous_14,real_world,55,NA,NA,
Alatas et al. 2019,When Celebrities Speak: A Nationwide Twitter Experiment Promoting Vaccination In Indonesia,Anonymous_14,gp_relevance,70,NA,NA,
Alatas et al. 2019,When Celebrities Speak: A Nationwide Twitter Experiment Promoting Vaccination In Indonesia,Anonymous_14,journal_predict,3,NA,NA,
Alatas et al. 2019,When Celebrities Speak: A Nationwide Twitter Experiment Promoting Vaccination In Indonesia,Anonymous_14,open_sci,45,NA,NA,
Alatas et al. 2019,When Celebrities Speak: A Nationwide Twitter Experiment Promoting Vaccination In Indonesia,Anonymous_14,merits_journal,3,NA,NA,
Alatas et al. 2019,When Celebrities Speak: A Nationwide Twitter Experiment Promoting Vaccination In Indonesia,Anonymous_14,overall,62,NA,NA,
NA,Long term cost-effectiveness of resilient foods for global catastrophes compared to artificial general intelligence safety,Scott Janzwood,adv_knowledge,70,NA,NA,
NA,Long term cost-effectiveness of resilient foods for global catastrophes compared to artificial general intelligence safety,Scott Janzwood,methods,NA,NA,NA,
NA,Long term cost-effectiveness of resilient foods for global catastrophes compared to artificial general intelligence safety,Scott Janzwood,logic_comms,80,NA,NA,
NA,Long term cost-effectiveness of resilient foods for global catastrophes compared to artificial general intelligence safety,Scott Janzwood,real_world,NA,NA,NA,
NA,Long term cost-effectiveness of resilient foods for global catastrophes compared to artificial general intelligence safety,Scott Janzwood,gp_relevance,80,NA,NA,
NA,Long term cost-effectiveness of resilient foods for global catastrophes compared to artificial general intelligence safety,Scott Janzwood,journal_predict,3.5,NA,NA,
NA,Long term cost-effectiveness of resilient foods for global catastrophes compared to artificial general intelligence safety,Scott Janzwood,open_sci,NA,NA,NA,
NA,Long term cost-effectiveness of resilient foods for global catastrophes compared to artificial general intelligence safety,Scott Janzwood,merits_journal,3.5,NA,NA,
NA,Long term cost-effectiveness of resilient foods for global catastrophes compared to artificial general intelligence safety,Scott Janzwood,overall,65,NA,NA,
Aghion et al. 2017,Artificial Intelligence and Economic Growth,Phil Trammel,adv_knowledge,97,80,100,
Aghion et al. 2017,Artificial Intelligence and Economic Growth,Phil Trammel,methods,70,40,90,
Aghion et al. 2017,Artificial Intelligence and Economic Growth,Phil Trammel,logic_comms,45,30,70,
Aghion et al. 2017,Artificial Intelligence and Economic Growth,Phil Trammel,real_world,NA,NA,NA,
Aghion et al. 2017,Artificial Intelligence and Economic Growth,Phil Trammel,gp_relevance,92,80,100,
Aghion et al. 2017,Artificial Intelligence and Economic Growth,Phil Trammel,journal_predict,3.5,NA,NA,
Aghion et al. 2017,Artificial Intelligence and Economic Growth,Phil Trammel,open_sci,80,NA,NA,
Aghion et al. 2017,Artificial Intelligence and Economic Growth,Phil Trammel,merits_journal,5,NA,NA,
Aghion et al. 2017,Artificial Intelligence and Economic Growth,Phil Trammel,overall,92,80,100,
NA,Cognitive Behavioral Therapy among Ghana’s Rural Poor Is Effective Regardless of Baseline Mental Distress,Anon. Evaluator 2,adv_knowledge,60,55,65,
NA,Cognitive Behavioral Therapy among Ghana’s Rural Poor Is Effective Regardless of Baseline Mental Distress,Anon. Evaluator 2,methods,90,82,94,
NA,Cognitive Behavioral Therapy among Ghana’s Rural Poor Is Effective Regardless of Baseline Mental Distress,Anon. Evaluator 2,logic_comms,70,62,82,
NA,Cognitive Behavioral Therapy among Ghana’s Rural Poor Is Effective Regardless of Baseline Mental Distress,Anon. Evaluator 2,real_world,50,48,52,
NA,Cognitive Behavioral Therapy among Ghana’s Rural Poor Is Effective Regardless of Baseline Mental Distress,Anon. Evaluator 2,gp_relevance,50,40,60,
NA,Cognitive Behavioral Therapy among Ghana’s Rural Poor Is Effective Regardless of Baseline Mental Distress,Anon. Evaluator 2,journal_predict,4,NA,NA,
NA,Cognitive Behavioral Therapy among Ghana’s Rural Poor Is Effective Regardless of Baseline Mental Distress,Anon. Evaluator 2,open_sci,90,80,95,
Alatas et al. 2019,When Celebrities Speak: A Nationwide Twitter Experiment Promoting Vaccination In Indonesia,Anirugh Tagat,adv_knowledge,90,NA,NA,
Alatas et al. 2019,When Celebrities Speak: A Nationwide Twitter Experiment Promoting Vaccination In Indonesia,Anirugh Tagat,methods,80,NA,NA,
Alatas et al. 2019,When Celebrities Speak: A Nationwide Twitter Experiment Promoting Vaccination In Indonesia,Anirugh Tagat,logic_comms,85,NA,NA,
Alatas et al. 2019,When Celebrities Speak: A Nationwide Twitter Experiment Promoting Vaccination In Indonesia,Anirugh Tagat,real_world,100,NA,NA,
Alatas et al. 2019,When Celebrities Speak: A Nationwide Twitter Experiment Promoting Vaccination In Indonesia,Anirugh Tagat,gp_relevance,100,NA,NA,
Alatas et al. 2019,When Celebrities Speak: A Nationwide Twitter Experiment Promoting Vaccination In Indonesia,Anirugh Tagat,journal_predict,4,NA,NA,
Alatas et al. 2019,When Celebrities Speak: A Nationwide Twitter Experiment Promoting Vaccination In Indonesia,Anirugh Tagat,open_sci,80,NA,NA,
Alatas et al. 2019,When Celebrities Speak: A Nationwide Twitter Experiment Promoting Vaccination In Indonesia,Anirugh Tagat,merits_journal,5,NA,NA,
Alatas et al. 2019,When Celebrities Speak: A Nationwide Twitter Experiment Promoting Vaccination In Indonesia,Anirugh Tagat,overall,85,NA,NA,
Liang et al. 2021,The Environmental Effects of Economic Production: Evidence from Ecological Observations,Anonymous_19,adv_knowledge,70,NA,NA,
Liang et al. 2021,The Environmental Effects of Economic Production: Evidence from Ecological Observations,Anonymous_19,methods,70,NA,NA,
Liang et al. 2021,The Environmental Effects of Economic Production: Evidence from Ecological Observations,Anonymous_19,logic_comms,75,NA,NA,
Liang et al. 2021,The Environmental Effects of Economic Production: Evidence from Ecological Observations,Anonymous_19,real_world,60,NA,NA,
Liang et al. 2021,The Environmental Effects of Economic Production: Evidence from Ecological Observations,Anonymous_19,gp_relevance,80,NA,NA,
Liang et al. 2021,The Environmental Effects of Economic Production: Evidence from Ecological Observations,Anonymous_19,journal_predict,4,NA,NA,
Liang et al. 2021,The Environmental Effects of Economic Production: Evidence from Ecological Observations,Anonymous_19,open_sci,65,NA,NA,
Liang et al. 2021,The Environmental Effects of Economic Production: Evidence from Ecological Observations,Anonymous_19,merits_journal,4,NA,NA,
Liang et al. 2021,The Environmental Effects of Economic Production: Evidence from Ecological Observations,Anonymous_19,overall,70,NA,NA,
Haushofer et al. 2020,The Comparative Impact of Cash Transfers and a Psychotherapy Program on Psychological and Economic Well-being,Hannah Metzler,adv_knowledge,90,NA,NA,
Haushofer et al. 2020,The Comparative Impact of Cash Transfers and a Psychotherapy Program on Psychological and Economic Well-being,Hannah Metzler,methods,90,NA,NA,
Haushofer et al. 2020,The Comparative Impact of Cash Transfers and a Psychotherapy Program on Psychological and Economic Well-being,Hannah Metzler,logic_comms,80,NA,NA,
Haushofer et al. 2020,The Comparative Impact of Cash Transfers and a Psychotherapy Program on Psychological and Economic Well-being,Hannah Metzler,real_world,100,NA,NA,
Haushofer et al. 2020,The Comparative Impact of Cash Transfers and a Psychotherapy Program on Psychological and Economic Well-being,Hannah Metzler,gp_relevance,100,NA,NA,
Haushofer et al. 2020,The Comparative Impact of Cash Transfers and a Psychotherapy Program on Psychological and Economic Well-being,Hannah Metzler,journal_predict,4,NA,NA,
Haushofer et al. 2020,The Comparative Impact of Cash Transfers and a Psychotherapy Program on Psychological and Economic Well-being,Hannah Metzler,open_sci,70,NA,NA,
Haushofer et al. 2020,The Comparative Impact of Cash Transfers and a Psychotherapy Program on Psychological and Economic Well-being,Hannah Metzler,merits_journal,5,NA,NA,
Haushofer et al. 2020,The Comparative Impact of Cash Transfers and a Psychotherapy Program on Psychological and Economic Well-being,Hannah Metzler,overall,90,NA,NA,
Haushofer et al. 2020,The Comparative Impact of Cash Transfers and a Psychotherapy Program on Psychological and Economic Well-being,Anonymous_21,adv_knowledge,70,60,90,
Haushofer et al. 2020,The Comparative Impact of Cash Transfers and a Psychotherapy Program on Psychological and Economic Well-being,Anonymous_21,methods,90,85,95,
Haushofer et al. 2020,The Comparative Impact of Cash Transfers and a Psychotherapy Program on Psychological and Economic Well-being,Anonymous_21,logic_comms,75,70,90,
Haushofer et al. 2020,The Comparative Impact of Cash Transfers and a Psychotherapy Program on Psychological and Economic Well-being,Anonymous_21,real_world,75,60,90,
Haushofer et al. 2020,The Comparative Impact of Cash Transfers and a Psychotherapy Program on Psychological and Economic Well-being,Anonymous_21,gp_relevance,90,80,100,
Haushofer et al. 2020,The Comparative Impact of Cash Transfers and a Psychotherapy Program on Psychological and Economic Well-being,Anonymous_21,journal_predict,3,2,4,
Haushofer et al. 2020,The Comparative Impact of Cash Transfers and a Psychotherapy Program on Psychological and Economic Well-being,Anonymous_21,open_sci,50,40,80,
Haushofer et al. 2020,The Comparative Impact of Cash Transfers and a Psychotherapy Program on Psychological and Economic Well-being,Anonymous_21,merits_journal,4,3,4,
Haushofer et al. 2020,The Comparative Impact of Cash Transfers and a Psychotherapy Program on Psychological and Economic Well-being,Anonymous_21,overall,75,65,85,
Acemoglu et al. 2024,NA,GPT-5,overall,86,79,92,"Large, well-powered field experiment plus online study; preregistered, IRB-approved, administrative outcomes, careful design, and mechanism probing. Estimates are credible and policy-relevant. Limits: collaboration only with opposition partners, one partisan arm, potential spillovers, and uncertain availability of full replication materials; external validity beyond Türkiye is open. Overall ranks in the top decile of recent political economy field experiments."
Acemoglu et al. 2024,NA,GPT-5,claims_evidence,88,80,94,Main claims (widespread misperceptions; accurate information shifts beliefs and votes) are clearly stated and supported by convergent online and field evidence. Placebo controls mitigate demand effects; heterogeneity aligns with mechanism theory. Authors are cautious in scope. Minor caveat: longer-run effect is marginal; mechanism causality relies on heterogeneity rather than dedicated manipulation.
Acemoglu et al. 2024,NA,GPT-5,methods,90,82,96,"Neighborhood-level randomization, strong first stages, 2SLS on compliance, administrative outcomes, robustness checks, and an online placebo design; preregistered and IRB-cleared. Threats (interference, partisan implementation, minor imbalance) discussed and largely addressed; SUTVA untestable. Multiple-election replication strengthens credibility. Formal multiple-testing adjustments are not emphasized."
Acemoglu et al. 2024,NA,GPT-5,adv_knowledge,85,75,92,"Rare, large-scale causal evidence that correcting institutional misperceptions can shift votes under authoritarianism. Integrates online and field experiments, examining messenger credibility and targeting the misinformed. Moves debate beyond polarization-only effects. External validity to other settings/issues is uncertain, but contribution is substantive."
Acemoglu et al. 2024,NA,GPT-5,logic_comms,87,80,93,"Questions and theory are explicit; assumptions transparent; analyses and robustness are clearly presented. Figures/tables support the narrative and results are cautiously interpreted. Complexity from bundled/unbundled treatments and multiple panels may tax readers, but the reasoning remains coherent and consistent."
Acemoglu et al. 2024,NA,GPT-5,open_sci,78,65,88,"IRB approvals and AEA RCT registration; instruments and OSM shared; outcomes use public administrative data. It is unclear if full code, randomization files, and canvassing logs are publicly posted; some microdata may be restricted. Replication appears feasible but may not be fully turnkey."
Acemoglu et al. 2024,NA,GPT-5,gp_relevance,90,82,96,"Highly relevant to democracy support under authoritarianism, with practical guidance on information content, messenger credibility, and targeting. Timely, scalable insights and quantified electoral impacts inform policy and civil society strategies. Implementation depends on local legal and ethical constraints."
Aghion et al. 2017,Artificial Intelligence and Economic Growth,GPT-5,overall,71,63,79,"Influential, well-argued theory paper that frames key AI–growth mechanisms (automation, Baumol effects, idea production) and offers clear agendas. Limited empirical validation and open-science practices temper the score, as do strong simplifying assumptions (exogenous automation). Still highly relevant to policy and research, with strong exposition and conceptual contributions."
Aghion et al. 2017,Artificial Intelligence and Economic Growth,GPT-5,claims_evidence,72,60,82,"Main claims are posed as questions and cautiously characterized; evidence is primarily theoretical with illustrative simulations and sectoral facts. Authors discuss limitations (e.g., exogenous automation, bottlenecks, business-stealing) and alternative mechanisms. Empirical support is light and non-identifying, so claims remain partially speculative by design."
Aghion et al. 2017,Artificial Intelligence and Economic Growth,GPT-5,methods,68,55,78,Clean extensions of Zeira and task-based CES frameworks; transparent neoclassical closure and simulations. Assumptions are reasonable for agenda-setting but automation is exogenous; robustness explored qualitatively across parameter regimes. No causal empirics or formal calibration/estimation; limited sensitivity analysis.
Aghion et al. 2017,Artificial Intelligence and Economic Growth,GPT-5,adv_knowledge,78,68,86,"Integrates Baumol’s cost disease with automation, clarifies conditions for balanced growth vs acceleration, and formalizes singularity scenarios. Helped shape subsequent research on AI and growth. Practical guidance is high-level; limited quantification reduces immediate applied impact."
Aghion et al. 2017,Artificial Intelligence and Economic Growth,GPT-5,logic_comms,88,82,94,Questions and assumptions are explicit; reasoning is coherent and transparent. Models are clearly laid out; conclusions match derivations. Writing is accessible and effective for economists and policymakers. Minor reliance on stylized setups does not detract from clarity.
Aghion et al. 2017,Artificial Intelligence and Economic Growth,GPT-5,open_sci,40,25,55,No replication package or code provided; uses public data sources but limited documentation for simulations. Methods are reproducible in principle for theory but empirical sections are not turnkey. Not preregistered; no multiple-testing issues relevant.
Aghion et al. 2017,Artificial Intelligence and Economic Growth,GPT-5,gp_relevance,82,70,90,"Addresses globally salient topics: AI’s effects on growth, labor shares, inequality, market structure. Policy implications (competition, IP, organization) are discussed, though quantification is limited and LMIC-specific analysis is brief. High relevance for priority-setting and foresight."
Akram et al. 2017,Effects of Emigration on Rural Labor Markets,GPT-5,overall,77,70,84,"Overall reflects the mean across categories. Strong saturation-RCT design, clear empirical results, and policy relevance. Credibility is high but tempered by some measurement limitations (imprecise denominators in a subset of villages, retrospective employer outcomes), limited multiple-testing adjustments, and external-validity concerns given later mixed scale-up evidence."
Akram et al. 2017,Effects of Emigration on Rural Labor Markets,GPT-5,claims_evidence,80,73,87,"Main claims—subsidies raise migration; spillovers increase village wages/hours; limited food price effects—are well supported by a saturation RCT, strong first stages, high-frequency household data, and employer/price surveys. Some secondary claims (employer profits, specific prices) are weaker due to retrospective measures and imprecise denominators in some villages. External validity is cautioned."
Akram et al. 2017,Effects of Emigration on Rural Labor Markets,GPT-5,methods,78,70,85,"Well-justified saturation design enabling GE identification; IV with strong first stages; high-frequency measurement reduces recall bias; clustered SEs; checks on spatial spillovers. Assumptions (closed labor markets, short-run technology rigidity) are reasonable but not airtight. Limited multiple-hypothesis adjustments and some retrospective modules reduce robustness."
Akram et al. 2017,Effects of Emigration on Rural Labor Markets,GPT-5,adv_knowledge,75,68,82,"Provides rare experimental evidence on GE spillovers of internal migration, documenting wage, labor-supply, and distributional effects. Influential for debates on mobility policies and program scale-up. Incremental relative to more recent GE work and context-specific; later mixed results at scale temper field-wide impact."
Akram et al. 2017,Effects of Emigration on Rural Labor Markets,GPT-5,logic_comms,85,78,90,"Clear questions and theory organizing empirics; transparent assumptions; consistent logic from first stage to GE outcomes; coherent triangulation across HF surveys, endline, employers, and prices. Tables/labels are clear; limitations acknowledged."
Akram et al. 2017,Effects of Emigration on Rural Labor Markets,GPT-5,open_sci,65,55,75,"Pre-registered (AEA RCT registry 2507) with disclosures and substantial design detail. Public data/code availability is unclear; complex implementation may hinder easy reproduction; limited explicit multiple-testing plans. Better than average pre-2019 standards, below current best practices."
Akram et al. 2017,Effects of Emigration on Rural Labor Markets,GPT-5,gp_relevance,80,72,88,"Highly relevant to LMIC policy on seasonal hunger, internal migration, and rural labor markets; quantifies wage and price effects useful to practitioners. Applicability varies with context and market integration; later scale-up evidence mixed, warranting cautious extrapolation."
Alatas et al. 2019,When Celebrities Speak: A Nationwide Twitter Experiment Promoting Vaccination In Indonesia,GPT-5,overall,84,77,90,Rounded mean of component midpoints. Excellent causal design and scale; strong online evidence and useful policy takeaways. Uncertainty stems from limited offline behavioral results and constraints on data sharing/replication.
Alatas et al. 2019,When Celebrities Speak: A Nationwide Twitter Experiment Promoting Vaccination In Indonesia,GPT-5,claims_evidence,88,80,94,Core questions are clear; endorsement and source-citation effects identified causally with platform-specific variation. Offline impacts are framed as suggestive and caveated. Evidence is strong for online diffusion; offline outcomes rely on survey measures with selection and self-report limits.
Alatas et al. 2019,When Celebrities Speak: A Nationwide Twitter Experiment Promoting Vaccination In Indonesia,GPT-5,methods,90,83,95,Large preregistered field experiment; clever identification exploiting Twitter’s author/retweeter visibility. Robustness via forced-retweet randomization and checks on visible engagement counts; appropriate Poisson models and fixed effects. Assumptions reasonable. Limited power for offline behavior; external validity beyond Twitter/users is constrained.
Alatas et al. 2019,When Celebrities Speak: A Nationwide Twitter Experiment Promoting Vaccination In Indonesia,GPT-5,adv_knowledge,85,75,92,"Provides rare causal separation of endorsement vs reach at national scale; shows source citation can hinder diffusion; informs complex contagion shape. High practical and theoretical relevance for social influence and health communication. Offline behavior effects are limited, tempering the ceiling."
Alatas et al. 2019,When Celebrities Speak: A Nationwide Twitter Experiment Promoting Vaccination In Indonesia,GPT-5,logic_comms,86,78,92,"Goals, design, and assumptions are explicit; reasoning links evidence to claims cleanly. Figures/tables align with narrative; caveats stated. Dense in places but overall very clear and transparent."
Alatas et al. 2019,When Celebrities Speak: A Nationwide Twitter Experiment Promoting Vaccination In Indonesia,GPT-5,open_sci,70,55,85,"Pre-registered; IRB approved; methods and analyses described in detail. Twitter data likely restricted by TOS; code/data availability not fully open, and platform changes hinder reproduction. Still, procedures are documented enough for credible replication in similar contexts."
Alatas et al. 2019,When Celebrities Speak: A Nationwide Twitter Experiment Promoting Vaccination In Indonesia,GPT-5,gp_relevance,84,72,92,"Directly relevant to vaccine promotion and public communications in LMICs; offers actionable guidance on influencer use, messaging, sources, and exposure strategy. Quantifies effects useful for campaign design; downstream behavioral evidence is modest."
Alcott et al. 2024,When do Nudges Increase Welfare?,GPT-5,overall,84,78,90,Strong theoretical contribution plus solid empirical demonstrations; some external-validity and assumption limits temper the score. Results are decision-relevant and clearly communicated. Average across categories reasonably reflects performance; no single metric dominates enough to override the default mean.
Alcott et al. 2024,When do Nudges Increase Welfare?,GPT-5,claims_evidence,85,78,92,"Clear questions and claims; theory tightly linked to empirics. Two incentivized RCTs estimate ATEs, heterogeneity, and covariance with bias/externalities. Sensitivity analyses (pass-through, markups, variance/covariance) aid credibility. Limits: cars choices are hypothetical; drinks bias relies on proxies; key independence/normality assumptions; external validity cautions."
Alcott et al. 2024,When do Nudges Increase Welfare?,GPT-5,methods,82,72,90,"Rigorous sufficient-statistic framework with Weyl–Fabinger supply; careful mapping to estimands. Mixed-effects estimation of Var[τ] via dispersion, and targeting via Cov with bias/externalities. Preregistration, incentivization, and extensive sensitivity. Weaknesses: no PAP, normality/independence assumptions, proxy-based bias in drinks, non-naturalistic car choices, literature-based pass-through."
Alcott et al. 2024,When do Nudges Increase Welfare?,GPT-5,adv_knowledge,90,83,96,"Shifts nudge evaluation from average effects to distortion-variance and targeting; unifies taxes, pass-through, market power, psychic costs. Portable sufficient statistics; dual experiments illustrate feasibility. Likely to influence behavioral public finance and policy appraisal."
Alcott et al. 2024,When do Nudges Increase Welfare?,GPT-5,logic_comms,88,80,94,"Goals and assumptions explicit; derivations and intuition (examples, figures) are clear. Empirical-to-theory mapping is transparent. Caveats and limitations are candid. Minor complexity remains for non-specialists."
Alcott et al. 2024,When do Nudges Increase Welfare?,GPT-5,open_sci,80,70,88,"Trials registered (AEA, ClinicalTrials); IRB approvals; replication files posted. Methods sufficiently detailed for reproduction. No full pre-analysis plan; some data access constraints (panel, shipping logistics). Overall, above-average transparency."
Alcott et al. 2024,When do Nudges Increase Welfare?,GPT-5,gp_relevance,78,68,86,"High policy relevance (labels, sin taxes, nudges) across sectors; guidance on when nudges help or harm welfare, useful for regulators and practitioners. Empirics are US-centric; limited direct cost/practical implementation detail for LMIC contexts, but framework generalizes."
Arora et al. 2023,NA,GPT-5,overall,78,70,86,"Strong causal identification and extensive robustness yield credible, decision-relevant results disentangling knowledge, people, and patents. Communication is clear; practical implications are meaningful. Uncertainty remains around exclusion restrictions for the IVs and generalizability beyond the U.S. context. Open-science practices are moderate. Overall quality is high among recent applied-innovation studies."
Arora et al. 2023,NA,GPT-5,claims_evidence,84,75,90,"Core claims (people positive, university patents crowd out, publications per se limited) are clearly stated and consistently supported across outcomes, specifications, and robustness checks (alternative IVs, Poisson CF, heterogeneity, invention quality). Evidence characterization is cautious. Remaining concerns: possible residual violations of exclusion restrictions and interpretation of Tobin’s Q channel."
Arora et al. 2023,NA,GPT-5,methods,88,80,94,Thoughtful firm-level shift-share IVs using predicted agency R&D from appropriations subcommittee composition; strong first stages; multiple alternative instruments; careful construction of relevance via CPC/OECD and SPECTER; extensive sensitivity/heterogeneity analyses; IV-Poisson for counts. Assumptions are explicit. Residual risks: Bartik identifying assumptions and potential political-economy confounds.
Arora et al. 2023,NA,GPT-5,adv_knowledge,82,72,90,"Novel decomposition of public science into knowledge, human capital, and invention at the firm level; clarifies channels and heterogeneity (frontier vs followers; industries). Results challenge common spillover narratives and inform policy on university commercialization and PhD training. Substantial contribution to innovation economics; some limits to external validity beyond U.S. institutions."
Arora et al. 2023,NA,GPT-5,logic_comms,80,72,88,"Clear motivation, framework, data description, and econometric setup. Logical flow from theory to empirics; assumptions and limitations discussed. Figures/tables integrate with narrative. Minor complexity in instrument construction may challenge some readers; some interpretations (e.g., value effects) could be further unpacked."
Arora et al. 2023,NA,GPT-5,open_sci,60,45,70,"Uses multiple large external datasets; DISCERN dataset link provided; detailed appendices. However, full replication likely requires proprietary data (Dimensions, ProQuest) and code availability is unclear. Reproducibility is credible for those with access but not fully open. Documentation quality is good."
Arora et al. 2023,NA,GPT-5,gp_relevance,72,60,82,"High policy relevance for science/innovation funding, tech transfer, and workforce training. Insights likely generalize qualitatively, but identification and institutional mechanisms are U.S.-specific (appropriations, Bayh–Dole). Practical guidance for incumbents and universities is evident; cost/benefit quantification for interventions is indirect."
Bahar et al. 2022,Legalizing Entrepreneurship,GPT-5,overall,81,76,86,"Overall reflects the mean of category scores. Strong causal identification and policy relevance; careful presentation and triangulation. Open-science limitations and some residual identification assumptions (rain-based RVI, monotonicity, external validity) slightly temper the score."
Bahar et al. 2022,Legalizing Entrepreneurship,GPT-5,claims_evidence,83,75,90,"Clear statement of the question; precise causal claims focused on LATE; multiple robustness checks (placebos, dynamics, panel corroboration). Evidence convincingly supports increased firm creation. Some residual concerns remain about formalization vs. new entry, compliers’ representativeness, and possible alternative channels."
Bahar et al. 2022,Legalizing Entrepreneurship,GPT-5,methods,86,80,92,"Novel, well-argued running-variable instrument with fuzzy RD/IV; strong first stage; balance and profiling; permutation-based expected instrument; complementary panel DiD. Assumptions (rain exogeneity within week×location, monotonicity, no direct effects) are plausible but nontrivial; administrative matching noise possible."
Bahar et al. 2022,Legalizing Entrepreneurship,GPT-5,adv_knowledge,84,76,90,First rigorous estimate (to my knowledge) of legalization’s impact on entrepreneurship in a developing-country context; adds practice-relevant magnitudes and a reusable method. External validity beyond Venezuelans in Colombia is uncertain but the contribution is substantive.
Bahar et al. 2022,Legalizing Entrepreneurship,GPT-5,logic_comms,82,75,88,"Reasoning is transparent; assumptions and design laid out carefully; results tied to claims with clear narrative and figures. Technical sections are dense, which may challenge some readers, but overall argumentation is coherent and consistent."
Bahar et al. 2022,Legalizing Entrepreneurship,GPT-5,open_sci,62,52,72,"Uses administrative data unlikely to be publicly shareable; methods and appendices are detailed, but no explicit code/data repository is indicated. Replication feasible in principle with access, but practical reproducibility is constrained."
Bahar et al. 2022,Legalizing Entrepreneurship,GPT-5,gp_relevance,88,80,95,Highly relevant to migration regularization policies and entrepreneurship in LMICs; produces actionable effect sizes and timing. Findings inform integration strategies and institutional design; generalizability plausible though context-specific factors remain.
Banerjee et al. 2023,Universal Basic Income: Short-Term Results from a Long-Term Experiment in Kenya,GPT-5,overall,90,84,96,"Exceptionally strong, policy-relevant RCT with novel UBI design and careful analysis. Major strengths: scale, pre-registration, multiple arms, high compliance, rich outcomes, and clear caveats. Limitations: short time horizon so far, modest power for cross-arm contrasts and prices, some self-reports, and external validity beyond rural Kenya. Overall score equals mean of component midpoints."
Banerjee et al. 2023,Universal Basic Income: Short-Term Results from a Long-Term Experiment in Kenya,GPT-5,claims_evidence,90,85,96,"Clear questions (UBI vs short-term vs lump-sum), strong multi-source evidence (household, enterprise census, wages, prices), and cautious interpretation. Authors pre-specify aggregates, acknowledge limited power for between-arm two-sided tests and uncertain price effects, and align findings with a simple model without overstating causality on mechanisms."
Banerjee et al. 2023,Universal Basic Income: Short-Term Results from a Long-Term Experiment in Kenya,GPT-5,methods,92,86,97,"Large village-level RCT; strong pre-registration; high response and compliance; migrant tracking; Conley SEs; multiple data modules. Sensible specification choices and transparency on limits. Limits: between-arm power constraints, short-run horizon, some self-reported measures, and limited ability to identify general-equilibrium price effects."
Banerjee et al. 2023,Universal Basic Income: Short-Term Results from a Long-Term Experiment in Kenya,GPT-5,adv_knowledge,93,88,98,"First large UBI RCT with 12-year commitment and cross-arm modality contrasts. Provides rare evidence on structural shifts, occupational choice, enterprise dynamics, mental health, and the importance of tranching and duration. Highly influential for cash-transfer design and understanding savings/credit constraints in LMICs."
Banerjee et al. 2023,Universal Basic Income: Short-Term Results from a Long-Term Experiment in Kenya,GPT-5,logic_comms,90,84,95,"Objectives, concepts, and assumptions are explicit; theory-to-empirics link is clear. Writing is thorough and transparent about caveats and inference limits. Tables and figures generally match narrative and are interpretable; minor density/complexity is expected given scope."
Banerjee et al. 2023,Universal Basic Income: Short-Term Results from a Long-Term Experiment in Kenya,GPT-5,open_sci,78,65,88,"Pre-analysis plan registered; IRBs and conflicts disclosed; design and measures well-documented. Replication seems feasible, but public availability of full data/code isn’t clearly established in the text provided; hence a conservative score pending confirmed open materials."
Banerjee et al. 2023,Universal Basic Income: Short-Term Results from a Long-Term Experiment in Kenya,GPT-5,gp_relevance,94,88,99,"Directly relevant to UBI and cash-transfer policy in LMICs under fiscal and administrative constraints. Results inform modality (lump-sum vs streams), duration, and macro spillovers for practitioners. Communication is accessible for policymakers, with quantitative magnitudes and practical implications."
Barberio et al. 2022,Accelerating Vaccine Innovation for Emerging Infectious Diseases via Parallel Discovery,GPT-5,overall,70,63,78,"Strengths in clarity and high policy relevance offset by reliance on modeling assumptions, moderate methodological novelty, and limited openness. Overall reflects the mean of sub-scores; decisions hinge on simulated evidence with good sensitivity checks but uncertain replicability."
Barberio et al. 2022,Accelerating Vaccine Innovation for Emerging Infectious Diseases via Parallel Discovery,GPT-5,claims_evidence,74,65,83,"Main questions and claims are clear: portfolio economics for mRNA EID vaccines are unattractive without public support. Evidence is simulation-based, calibrated to literature and expert input, with extensive sensitivity analyses. Characterization of limitations is generally accurate, though some strong conclusions hinge on uncertain price/demand assumptions."
Barberio et al. 2022,Accelerating Vaccine Innovation for Emerging Infectious Diseases via Parallel Discovery,GPT-5,methods,70,60,80,"Monte Carlo framework with correlated trial outcomes, outbreak stochasticity, cost models, and sensitivity analysis is reasonable. The biologically motivated correlation metric is plausible but unvalidated; many parameters are assumed. No preregistration or code shown; no multiple-testing issues but model risk remains. Robustness explored but empirical validation is limited."
Barberio et al. 2022,Accelerating Vaccine Innovation for Emerging Infectious Diseases via Parallel Discovery,GPT-5,adv_knowledge,65,52,77,"Extends prior megafund work by adding mRNA-specific parameters, outbreak-driven cash flows, and clearer cost/revenue drivers (e.g., price-per-dose threshold, clinical cost dominance). Useful for policy design, but advances are incremental and depend on assumptions; limited direct empirical contribution."
Barberio et al. 2022,Accelerating Vaccine Innovation for Emerging Infectious Diseases via Parallel Discovery,GPT-5,logic_comms,80,72,88,"Well-structured, transparent about assumptions, clear executive summary and visuals. Reasoning links methods to conclusions coherently; sensitivity analyses support claims. Some parameter choices could use deeper justification, but overall argumentation is easy to follow and consistent."
Barberio et al. 2022,Accelerating Vaccine Innovation for Emerging Infectious Diseases via Parallel Discovery,GPT-5,open_sci,45,30,58,"Parameters are sourced and supplementary materials are referenced, but code/data availability is unclear. Replication would be straightforward with code, yet not evidently provided. No preregistration. Internal consistency appears solid, but openness and reproducibility practices seem limited."
Barberio et al. 2022,Accelerating Vaccine Innovation for Emerging Infectious Diseases via Parallel Discovery,GPT-5,gp_relevance,88,82,95,"Highly relevant to pandemic preparedness, vaccine financing, and policy tools (AMCs, stockpiles, guarantees). Addresses practical constraints (affordability, cannibalization, trial costs) and offers decision-relevant thresholds. Findings are actionable for governments, funders, and CEPI-like entities."
Barker et al. 2021,Cognitive Behavioral Therapy among Ghanas Rural Poor Is Effective Regardless of Baseline Mental Distress,GPT-5,overall,76,68,84,"Well-executed RCT with credible short-term impacts on mental health and skills, strong policy relevance, and clear exposition. Limitations: short follow-up, reliance on self-reports for key outcomes, and modest open-science practices. Percentile reflects balanced strengths across categories."
Barker et al. 2021,Cognitive Behavioral Therapy among Ghanas Rural Poor Is Effective Regardless of Baseline Mental Distress,GPT-5,claims_evidence,75,65,85,Main claims are clearly stated and largely supported by experimental evidence and predictive heterogeneity. The two-pathways mechanism is plausible but partly identified; economic outcomes are proxied and short-term. No long-run evidence; several outcomes are self-reported. Strong but not definitive.
Barker et al. 2021,Cognitive Behavioral Therapy among Ghanas Rural Poor Is Effective Regardless of Baseline Mental Distress,GPT-5,methods,78,68,88,"Clustered RCT with re-randomization, baseline controls, randomization inference, indices, and LASSO with holdout for heterogeneity—appropriate and transparent. Risks: many outcomes without formal FWER/FDR beyond indices, short horizon, unclear preregistration, and possible reporting bias."
Barker et al. 2021,Cognitive Behavioral Therapy among Ghanas Rural Poor Is Effective Regardless of Baseline Mental Distress,GPT-5,adv_knowledge,80,70,90,Shows sizeable short-run impacts of group CBT by lay counselors in a general poor population; challenges targeting-only view; introduces predictive vulnerability heterogeneity. Adds to development and global mental health literatures with a practical delivery model. Lacks long-run and cost-effectiveness estimates.
Barker et al. 2021,Cognitive Behavioral Therapy among Ghanas Rural Poor Is Effective Regardless of Baseline Mental Distress,GPT-5,logic_comms,82,74,90,"Clear framing and theory (bandwidth, vulnerability), design, and results; limitations and contrast with Kenyan null are discussed. Reasoning is mostly transparent; some mechanistic claims remain interpretive. Presentation appears coherent and consistent."
Barker et al. 2021,Cognitive Behavioral Therapy among Ghanas Rural Poor Is Effective Regardless of Baseline Mental Distress,GPT-5,open_sci,55,40,70,"Manual shared and methods described; RI and LASSO details provided. However, no explicit public posting of data/code or preregistration is indicated, limiting ease of replication and reuse."
Barker et al. 2021,Cognitive Behavioral Therapy among Ghanas Rural Poor Is Effective Regardless of Baseline Mental Distress,GPT-5,gp_relevance,85,75,93,"Addresses mental health and human capital in a low-income setting with a scalable delivery model (NSS-compatible), showing meaningful short-run gains. High policy salience. Practical usefulness would increase with costs, implementation detail, and durability evidence."
Bettle 2023,Replicability & Generalisability:  A Guide to CEA discounts,GPT-5,overall,68,55,80,Overall equals the mean of the six category midpoints. Strengths in clarity and practical guidance; moderate originality and limited formal robustness checks or open tools keep the score below top-tier. Uncertainty is higher given limited visibility into full implementation details.
Bettle 2023,Replicability & Generalisability:  A Guide to CEA discounts,GPT-5,claims_evidence,70,55,85,"Main questions (Type M/S errors; external validity of RCTs) are explicit. Evidence is conceptual and literature-based, with a worked example; claims are generally calibrated and caveats noted. Limited new empirical testing constrains strength of evidence."
Bettle 2023,Replicability & Generalisability:  A Guide to CEA discounts,GPT-5,methods,68,50,82,"Applies established statistical ideas (Type M/S, discounting) to CEA with reasonable assumptions. Robustness is discussed qualitatively; little formal sensitivity analysis, preregistration, or multiple-testing correction (mostly not applicable for a guide). Validity hinges on careful interpretation rather than new estimation."
Bettle 2023,Replicability & Generalisability:  A Guide to CEA discounts,GPT-5,adv_knowledge,65,50,80,"Synthesizes dispersed concepts into actionable guidance for CEA practitioners, likely improving practice by tempering overinterpretation and misgeneralization. Contribution is primarily integrative and pedagogical; limited novel methodology or parameter estimates."
Bettle 2023,Replicability & Generalisability:  A Guide to CEA discounts,GPT-5,logic_comms,78,65,90,"Clear structure (summary, key takeaways, guidance, worked example). Concepts defined and reasoning steps explicit; conclusions aligned with presented arguments. Minor quantitative thresholds could use fuller derivations, but overall communication is strong and practitioner-friendly."
Bettle 2023,Replicability & Generalisability:  A Guide to CEA discounts,GPT-5,open_sci,55,35,75,"As a conceptual guide, data/code are not central. Citations and reasoning appear transparent; reproducibility of the worked example likely. However, limited provision of reusable code, datasets, or formal replication materials reduces the open-science score."
Bettle 2023,Replicability & Generalisability:  A Guide to CEA discounts,GPT-5,gp_relevance,72,55,85,"Directly relevant to cost-effectiveness analysis in global health/development and philanthropy. Guidance on discounting noisy evidence and generalization is actionable for analysts and decision-makers, supporting better allocation under uncertainty."
Bhat et al. 2022,The Long-Run Effects of Psychotherapy on Depression Beliefs and Economic Outcomes,GPT-5,overall,88,82,93,"Arithmetic mean of category midpoints. Strong RCTs with long-run follow-up, robust results on mental health and behavioral updating; transparent nulls on economics. Open-science practices are good but not exemplary."
Bhat et al. 2022,The Long-Run Effects of Psychotherapy on Depression Beliefs and Economic Outcomes,GPT-5,claims_evidence,90,82,95,"Clear questions; two randomized trials with 4–5 year follow-up. Strong, well-powered effects for HAP; transparent nulls for THPP and economic outcomes. Expert-forecast benchmarking adds credibility. Limitations and deviations from PAP are disclosed and minor."
Bhat et al. 2022,The Long-Run Effects of Psychotherapy on Depression Beliefs and Economic Outcomes,GPT-5,methods,88,80,94,"Credible RCT design; balanced attrition; validated PHQ-9; incentivized tasks; DML controls; multiple-hypothesis corrections; robustness and mediation analyses. Limits: 24–31% attrition, limited power for some outcomes, some modules added post-PAP, external validity constraints."
Bhat et al. 2022,The Long-Run Effects of Psychotherapy on Depression Beliefs and Economic Outcomes,GPT-5,adv_knowledge,92,85,97,"Major contribution on long-run psychotherapy impacts in LMICs; cost-effectiveness quantified; novel evidence on belief updating and self-perception; recalibrates expert priors; clarifies limits on economic outcomes, guiding complementary interventions."
Bhat et al. 2022,The Long-Run Effects of Psychotherapy on Depression Beliefs and Economic Outcomes,GPT-5,logic_comms,90,83,95,"Goals, concepts, and assumptions are clear. Argument flows logically; analyses match claims; nulls and caveats are explicit. Tables/figures are interpretable; consistency across sections is strong."
Bhat et al. 2022,The Long-Run Effects of Psychotherapy on Depression Beliefs and Economic Outcomes,GPT-5,open_sci,74,60,85,"IRB, preregistration, and pre-analysis plan; multiple-hypothesis adjustments; expert forecasts via SSPP. Replication seems feasible, but public data/code availability is unclear/limited due to human-subject constraints."
Bhat et al. 2022,The Long-Run Effects of Psychotherapy on Depression Beliefs and Economic Outcomes,GPT-5,gp_relevance,91,84,96,"High policy relevance for mental health scale-up in LMICs; durable, low-cost effects; quantified cost per depression-month averted. Practical insights on lack of economic gains inform program design and integration with other supports."
Bhattacharya and Packalen 2020,Stagnation and Scientific Incentives,GPT-5,overall,57,45,70,"Overall set to the mean of component midpoints. Clear, persuasive synthesis with actionable proposals, but causal evidence is limited and open-science practices are weak. Strong communication and relevance raise the score; methods and evidentiary strength are closer to median relative to recent science-of-science work."
Bhattacharya and Packalen 2020,Stagnation and Scientific Incentives,GPT-5,claims_evidence,55,40,70,"Main claim—citation-centric incentives reduce exploration and contribute to stagnation—is supported by a conceptual model, illustrative case studies (PCR, CRISPR), descriptive bibliometrics, and related literature. However, causal identification is limited, biomedicine-heavy, and robustness is modest. Characterization of evidence is mostly fair but occasionally overreaches on causality."
Bhattacharya and Packalen 2020,Stagnation and Scientific Incentives,GPT-5,methods,50,35,65,"Uses a simple lifecycle model and a text-based novelty metric (UMLS concept vintage) with descriptive analyses. Reasonable and transparent, but lacks causal identification, pre-registration, and extensive sensitivity checks. Replicable in principle but dependent on proprietary data and not fully specified for exact reproduction."
Bhattacharya and Packalen 2020,Stagnation and Scientific Incentives,GPT-5,adv_knowledge,60,45,75,"Advances the policy conversation by foregrounding novelty metrics (“edge factors”) alongside impact and by linking incentives to exploration. Adds synthesis and practical recommendations more than new empirical breakthroughs. Contribution is useful and timely, though overlapping with concurrent science-of-science literature."
Bhattacharya and Packalen 2020,Stagnation and Scientific Incentives,GPT-5,logic_comms,75,65,85,"Clear framing, definitions, and argument flow; figures clarify the lifecycle thesis. Reasoning is largely transparent with apt examples. Some causal claims are stronger than the evidence warrants, but overall communication quality is high."
Bhattacharya and Packalen 2020,Stagnation and Scientific Incentives,GPT-5,open_sci,30,15,45,"No evident shared code/data; relies on PubMed/Web of Science with limited reproducibility detail. No preregistration, limited robustness materials, and no replication package. Methods are described but not to the level enabling straightforward reanalysis."
Bhattacharya and Packalen 2020,Stagnation and Scientific Incentives,GPT-5,gp_relevance,70,55,85,"Highly relevant to funders, universities, and policymakers concerned with research productivity worldwide. Recommendations (dual metrics; search engine changes) are actionable, though implementation challenges and cost-benefit quantification are not deeply developed."
Bruers 2021,The animal welfare cost of meat: evidence from a survey of hypothetical scenarios among Belgian consumers,GPT-5,overall,48,35,60,"Overall reflects the mean of sub-scores. The paper is conceptually interesting and clearly presented, but empirical support is weak due to hypothetical elicitation issues, extreme skew/outliers, small effective sample sizes, and sensitivity to researcher decisions. Policy relevance is high but evidence quality limits confidence."
Bruers 2021,The animal welfare cost of meat: evidence from a survey of hypothetical scenarios among Belgian consumers,GPT-5,claims_evidence,40,25,55,"Main questions are explicit and results reported transparently. However, claims about magnitudes (e.g., welfare costs exceeding climate costs) rest on highly hypothetical WTP/WTA with extreme skew, small N after exclusions, and strong sensitivity to outlier handling. External validity is limited (Belgium-only). Authors acknowledge many limitations, but some abstract statements are stronger than warranted."
Bruers 2021,The animal welfare cost of meat: evidence from a survey of hypothetical scenarios among Belgian consumers,GPT-5,methods,35,25,50,"Uses contingent valuation with a novel ‘pill’ scenario, cheap talk, certainty scales, randomization, and comprehension checks; applies nonparametric tests and sensitivity analyses. Yet heavy attrition, ex post exclusion rules, extreme outliers, lack of preregistration/multiplicity controls, small sample, and epistemically transformative content undermine validity and robustness."
Bruers 2021,The animal welfare cost of meat: evidence from a survey of hypothetical scenarios among Belgian consumers,GPT-5,adv_knowledge,55,45,65,"Introduces and operationalizes a non-anthropocentric SWF with representative-agent WTP/WTA for animal welfare, linking to optimal taxation and cross-externality concerns. Provides first-cut estimates and comparisons to prior modeling work. Despite weak empirics, the conceptual framing can stimulate better-designed follow-ups."
Bruers 2021,The animal welfare cost of meat: evidence from a survey of hypothetical scenarios among Belgian consumers,GPT-5,logic_comms,60,50,70,Clear motivation and theoretical setup; assumptions are mostly explicit; limitations and sensitivity are candidly discussed. Some overreach between evidence and conclusions; complex exclusions/outlier handling can confuse. Tables generally align with narrative.
Bruers 2021,The animal welfare cost of meat: evidence from a survey of hypothetical scenarios among Belgian consumers,GPT-5,open_sci,30,20,45,"No preregistration, data, or code availability indicated. Survey instrument only partially reproduced. Outlier and winsorization choices are described but not fully auditable without materials. Replication would be approximate rather than exact."
Bruers 2021,The animal welfare cost of meat: evidence from a survey of hypothetical scenarios among Belgian consumers,GPT-5,gp_relevance,65,50,80,"Topic (animal welfare externalities, meat taxation, cross-externality trade-offs) is globally salient for policy and prioritization. Findings could inform debates (e.g., chicken vs beef). Generalizability is limited by the Belgian sample and hypothetical method, but practical relevance remains notable."
Buntaine et al. 2023,Does the Squeaky Wheel Get More Grease? The Direct and Indirect Effects of Citizen Participation on Environmental Governance in China,GPT-5,overall,86,82,90,Exceptional large-scale RCT with clear mechanisms and GE tests; claims are well supported and policy-relevant. Minor deductions for open-science limitations and context-specificity. Overall reflects the mean of component scores.
Buntaine et al. 2023,Does the Squeaky Wheel Get More Grease? The Direct and Indirect Effects of Citizen Participation on Environmental Governance in China,GPT-5,claims_evidence,92,86,97,"Main questions are explicit; evidence is strong: nationwide firm-level RCT, cross-randomized intensity, and appeal-level visibility experiment. Effects on violations, emissions, regulator behavior, and ambient SO2 triangulate. Alternative mechanisms probed and largely ruled out. External validity is the main caveat."
Buntaine et al. 2023,Does the Squeaky Wheel Get More Grease? The Direct and Indirect Effects of Citizen Participation on Environmental Governance in China,GPT-5,methods,90,83,95,"Well-justified design; preregistered; firm FE, province×day FE, appropriate clustering, event studies, alternative definitions, manipulation checks, and GE design. Appealing identification at scale. Some multiple-testing risk and a few appeal-level analyses are cross-sectional, but overall robustness is high."
Buntaine et al. 2023,Does the Squeaky Wheel Get More Grease? The Direct and Indirect Effects of Citizen Participation on Environmental Governance in China,GPT-5,adv_knowledge,90,82,95,First experimental evidence at national scale on citizen participation’s direct and indirect effects in environmental governance; identifies regulator responsiveness via social media visibility. Influential for political economy and policy design. Generalizability beyond China is uncertain but insights are substantial.
Buntaine et al. 2023,Does the Squeaky Wheel Get More Grease? The Direct and Indirect Effects of Citizen Participation on Environmental Governance in China,GPT-5,logic_comms,88,80,94,"Clear goals, concepts, and transparent reasoning. Results logically support conclusions; figures/tables align with narrative. Length and technical density may limit accessibility for some practitioners, but exposition is careful and accurate."
Buntaine et al. 2023,Does the Squeaky Wheel Get More Grease? The Direct and Indirect Effects of Citizen Participation on Environmental Governance in China,GPT-5,open_sci,72,60,84,"AEA RCT registry and detailed appendices/protocols. However, core administrative data are not fully public; code/materials availability is not fully clear, limiting turnkey replication. Documentation quality is good given constraints."
Buntaine et al. 2023,Does the Squeaky Wheel Get More Grease? The Direct and Indirect Effects of Citizen Participation on Environmental Governance in China,GPT-5,gp_relevance,86,76,92,"High relevance to environmental governance, accountability, and cost-effective compliance tools in LMICs. Actionable insights for regulators/NGOs. Institutional features (CEMS scale, Chinese social media) may limit direct transfer, but principles generalize well."
Carson et al. 2023,Choose Your Moments: [NIH] Peer Review and Scientific Risk Taking,GPT-5,overall,75,70,82,"Overall quality is strong: clear question, careful experimental design, robust analysis, and practical implications. Limits include stated-preference nature, modest response rate, and incomplete openness. The midpoint equals the mean of the six category midpoints; no single metric dominates decision relevance."
Carson et al. 2023,Choose Your Moments: [NIH] Peer Review and Scientific Risk Taking,GPT-5,claims_evidence,80,70,88,"Claims are clear and appropriately bounded: scientists value dissensus (variance), experts more so; bimodality not preferred; tighter budgets reduce tolerance; potential funding reversals. Evidence: two well-powered DCEs with NIH-funded scientists, randomized proposal proximity, multiple robustness checks, and application to external datasets. Main caveats: stated preferences not revealed behavior, selection/response bias, and no preregistration."
Carson et al. 2023,Choose Your Moments: [NIH] Peer Review and Scientific Risk Taking,GPT-5,methods,78,68,86,"Strong DCE design (BIBD), randomized expertise proximity, fixed effects, clustered SEs, multinomial and G-MNL robustness, and placebo/hover checks. Sensible modeling of score moments and heterogeneity. Limits: hypothetical choices, potential multiple-testing without formal adjustment, modest attention verification, and external validity to real funding outcomes."
Carson et al. 2023,Choose Your Moments: [NIH] Peer Review and Scientific Risk Taking,GPT-5,adv_knowledge,72,60,82,Provides quantitative evidence that variance (dissensus) contains valued information and that experts are more tolerant; budgets matter asymmetrically. Offers actionable insight for funding rules and tie-breaking. Contribution is meaningful but incremental within science-of-science literature; does not establish causal effects of alternative aggregation on scientific impact.
Carson et al. 2023,Choose Your Moments: [NIH] Peer Review and Scientific Risk Taking,GPT-5,logic_comms,85,78,92,"Well-structured and transparent. Clear exposition of NIH context, experimental design, estimation, robustness, and limits. Results logically follow from analyses; figures/tables support narrative. Claims are nuanced and consistent with evidence."
Carson et al. 2023,Choose Your Moments: [NIH] Peer Review and Scientific Risk Taking,GPT-5,open_sci,60,45,75,"Data appendix provided; methods described in detail. However, it is unclear if full de-identified data and code are publicly available; no preregistration noted. Replication appears feasible but not turnkey. Some constraints may stem from confidentiality of participants and prior datasets."
Carson et al. 2023,Choose Your Moments: [NIH] Peer Review and Scientific Risk Taking,GPT-5,gp_relevance,75,65,85,"High relevance for funders worldwide (NIH, NSF, philanthropies) considering reforms to peer-review aggregation. Offers practical guidance (use of variance, tie-breaking), with quantified potential reversals. Implementation requires piloting and context-specific validation; benefits span many research areas and countries."
Chuard et al. 2022,Economic vs. Epidemiological Approaches to Measuring the Human Capital Impacts of Infectious Disease Elimination,GPT-5,overall,74,67,81,"Overall quality is strong: clear questions, sound methods, careful comparisons, and policy-relevant conclusions. Main weaknesses are limited open-science practices and reliance on U.S. context with some measurement constraints. Score equals the mean of component midpoints."
Chuard et al. 2022,Economic vs. Epidemiological Approaches to Measuring the Human Capital Impacts of Infectious Disease Elimination,GPT-5,claims_evidence,80,72,88,"Research questions are explicit and the central claim—severity proxies outperform infection counts for long-run outcomes—is well supported. Predictive checks validate the epidemiological model for outbreaks; reduced-form estimates are robust and transparently contrasted. Limitations (age-missing case data, mortality as severity proxy) are acknowledged and evidence is characterized appropriately."
Chuard et al. 2022,Economic vs. Epidemiological Approaches to Measuring the Human Capital Impacts of Infectious Disease Elimination,GPT-5,methods,78,70,86,"Methodology is well-justified: SIR-based accounting with reporting-rate estimation, sensitivity analyses, and reduced-form designs with fixed effects and clustered SEs. Assumptions are reasonable and tested. Constraints include national (not state) vaccination rollout data, age-agnostic infection allocation, no preregistration, and limited multiple-testing adjustments."
Chuard et al. 2022,Economic vs. Epidemiological Approaches to Measuring the Human Capital Impacts of Infectious Disease Elimination,GPT-5,adv_knowledge,74,63,83,"The paper advances understanding by directly comparing epidemiological accounting with reduced-form approaches and highlighting disease severity’s importance for long-run human capital. It refines methodological guidance rather than introducing a new identification strategy; complements contemporaneous work (e.g., Atwood 2022) with clear implications for applied research."
Chuard et al. 2022,Economic vs. Epidemiological Approaches to Measuring the Human Capital Impacts of Infectious Disease Elimination,GPT-5,logic_comms,85,77,92,Argumentation is clear and coherent; assumptions and steps are explicit; validations and robustness checks are logically tied to claims. Narrative is easy to follow and conclusions remain aligned with presented evidence. Presentation quality is high.
Chuard et al. 2022,Economic vs. Epidemiological Approaches to Measuring the Human Capital Impacts of Infectious Disease Elimination,GPT-5,open_sci,55,40,67,"Uses publicly available datasets, but there is no explicit replication package or code release noted. Methods are described sufficiently for careful replication, yet effort would be nontrivial. Data provenance is clear; reusable outputs (e.g., cohort infection shares) are not evidently shared."
Chuard et al. 2022,Economic vs. Epidemiological Approaches to Measuring the Human Capital Impacts of Infectious Disease Elimination,GPT-5,gp_relevance,70,60,80,"Highly relevant to vaccination policy and prioritization; emphasizes benefits where disease severity is high, aligning with LMIC priorities. However, empirical evidence is U.S.-based and lacks explicit cost-effectiveness metrics, limiting immediate operational applicability across settings."
Clancy 2024,The Returns to Science In the Presence of Technological Risks,GPT-5,overall,76,68,84,Arithmetic mean of the six category midpoints. Strong global relevance and careful modeling are offset by reliance on subjective forecasts and uncertain open-science practices.
Clancy 2024,The Returns to Science In the Presence of Technological Risks,GPT-5,claims_evidence,75,60,85,"Two clear core questions, transparent quantitative model integrating income and health, and use of historical growth evidence plus forecast data. Evidence strength hinges on elicited forecasts and normative choices; limited empirical validation. Uncertainty and break-even conditions are characterized well."
Clancy 2024,The Returns to Science In the Presence of Technological Risks,GPT-5,methods,78,65,88,"Coherent expected-utility framework with explicit parameters and extensive sensitivity analyses (timing of perils, extinction, risk-reducing science, race-to-safety). Assumptions are stated and explored. No preregistration; parameters partly speculative; robustness to alternative utility/discounting only partly addressed."
Clancy 2024,The Returns to Science In the Presence of Technological Risks,GPT-5,adv_knowledge,82,70,92,Quantifies the science-versus-risk tradeoff and offers decision thresholds; integrates metascience and biosecurity insights. Likely to inform funders and prioritization and moves discourse beyond qualitative debate.
Clancy 2024,The Returns to Science In the Presence of Technological Risks,GPT-5,logic_comms,80,70,90,Clear structure and goals; explicit assumptions and logical steps; conclusions match model outputs; decision-relevant thresholds communicated. Some risk of overreliance on forecast-driven results.
Clancy 2024,The Returns to Science In the Presence of Technological Risks,GPT-5,open_sci,55,35,75,Uses public forecast data and is transparent about parameters. Unclear if full replication package/code is released; no preregistration; reproduction may require bespoke implementation.
Clancy 2024,The Returns to Science In the Presence of Technological Risks,GPT-5,gp_relevance,88,78,95,"Directly addresses high-stakes global priorities (returns to science, biosecurity, existential risk). Provides policy-relevant thresholds and comparative ROI useful to decision-makers and metascience strategy."
Crawfurd et al. 2023,How Much Would Reducing Lead Exposure Improve Childrens Learning in the Developing World?,GPT-5,overall,80,72,88,"Overall reflects strong, policy-relevant synthesis with careful methods and transparent caveats, offset by reliance on observational studies and unclear openness. Score equals the rounded mean of component midpoints."
Crawfurd et al. 2023,How Much Would Reducing Lead Exposure Improve Childrens Learning in the Developing World?,GPT-5,claims_evidence,80,70,88,"Clear central question; main quantitative claims are anchored in a systematic review/meta-analysis with publication-bias adjustments. Authors explicitly note non-experimental limits, explore unobserved confounding, and triangulate with natural experiments. Claims about learning-gap share and policy impacts are cautious and quantified."
Crawfurd et al. 2023,How Much Would Reducing Lead Exposure Improve Childrens Learning in the Developing World?,GPT-5,methods,78,68,86,"Appropriate meta-analytic approach: structured search, harmonization, re-expression of coefficients, random-effects/meta-regression, publication-bias adjustments, and sensitivity to unobserved confounding. Limitations remain: observational base, potential residual confounding, heterogeneity, and small natural experiment set; preregistration/multiplicity controls unclear."
Crawfurd et al. 2023,How Much Would Reducing Lead Exposure Improve Childrens Learning in the Developing World?,GPT-5,adv_knowledge,83,74,91,"Provides an updated LMIC-focused effect size, reconciles heterogeneous literature, and quantifies contribution to global learning gaps. Offers decision-relevant elasticities and simulations useful to funders and policymakers. Adds nuanced comparisons to prior reviews and highlights priority populations for targeted interventions."
Crawfurd et al. 2023,How Much Would Reducing Lead Exposure Improve Childrens Learning in the Developing World?,GPT-5,logic_comms,82,72,90,Objectives and assumptions are explicit; reasoning is transparent with clear derivations for re-scaling and bias adjustments. Narrative links evidence to conclusions and policy simulations. Writing and structure facilitate understanding; conclusions align with presented evidence and caveats.
Crawfurd et al. 2023,How Much Would Reducing Lead Exposure Improve Childrens Learning in the Developing World?,GPT-5,open_sci,65,40,85,"Methods and data sources are described, but availability of full extraction datasets, analysis code, and preregistration is unclear from the provided text. Replicability likely feasible if materials are shared; uncertainty warrants a wide interval."
Crawfurd et al. 2023,How Much Would Reducing Lead Exposure Improve Childrens Learning in the Developing World?,GPT-5,gp_relevance,90,82,96,"Topic is highly salient for LMIC health and education. Estimates directly inform regulation, remediation, and clinical/policy prioritization. Communication of magnitudes (SD gains) is actionable for decision-makers; simulations map to real interventions and target populations."
Epperson and Gerster 2024,Willful Ignorance and Moral Behavior,GPT-5,overall,77,70,84,"Strong causal design combining lab and field shows short-term, sizable effects and decay; clear heterogeneity. Some limits: student sample, small N (COVID), outcome restricted to canteen purchases, privacy-restricted data. Overall score reflects balanced strength across criteria."
Epperson and Gerster 2024,Willful Ignorance and Moral Behavior,GPT-5,claims_evidence,82,72,90,"Main questions are explicit; claims align with evidence. Causal identification via randomized price/WTP with IPW is persuasive; lab–field replication strong. Exploratory mechanisms are labeled as such. Limits: narrow population, context-specific video, outcomes exclude off-canteen consumption."
Epperson and Gerster 2024,Willful Ignorance and Moral Behavior,GPT-5,methods,79,70,86,"Innovative use of incentivized WTP to randomize exposure; IPW with known propensities; preregistration; robustness checks and placebo windows. Reasonable assumptions. Constraints: reduced sample, possible meal misclassification, limited external validity, potential residual confounds in field behavior."
Epperson and Gerster 2024,Willful Ignorance and Moral Behavior,GPT-5,adv_knowledge,77,65,85,"Provides rare field-based causal evidence on willful ignorance’s behavioral consequences and decay; clarifies heterogeneity (avoiders vs seekers); informs intervention design and cost-effectiveness. Contributions are meaningful but bounded by domain, sample, and short-lived effects."
Epperson and Gerster 2024,Willful Ignorance and Moral Behavior,GPT-5,logic_comms,84,76,92,"Clear writing, transparent logic, well-defined constructs, and thorough appendices. Figures and tables support arguments; limitations discussed. Minor complexity (bin pooling, multiple windows) could be streamlined further."
Epperson and Gerster 2024,Willful Ignorance and Moral Behavior,GPT-5,open_sci,73,62,84,"Pre-registered (AEARCTR), IRB-approved, detailed materials and appendices; VR content public. Likely data-sharing limits due to privacy; code availability not clearly stated. Replication feasible in principle with access to canteen data."
Epperson and Gerster 2024,Willful Ignorance and Moral Behavior,GPT-5,gp_relevance,68,55,78,"Relevant to animal welfare, climate, and design of information campaigns broadly. Practical insight: target avoiders; expect decay. External validity beyond students and meat context uncertain; effects short-lived and cost-effectiveness modest."
Fangwa et al. 2023,The Governance Of Non-Profits And Their Social Impact: Evidence From A Randomized Program In Healthcare In DRC,GPT-5,overall,81,76,87,"Overall quality is strong: a randomized program with careful analysis, clear writing, and high policy relevance. Limits include partial generalizability, inability to unbundle components, and moderate openness. The score is the rounded mean of the six category midpoints."
Fangwa et al. 2023,The Governance Of Non-Profits And Their Social Impact: Evidence From A Randomized Program In Healthcare In DRC,GPT-5,claims_evidence,84,75,90,"Clear questions and claims; evidence aligns well. Randomized assignment within PDSS plus DiD/event-study supports causal claims for the bundle. Auxiliary outside-group analyses are correlational and presented cautiously. Authors appropriately note context limits and mechanisms inferred via interviews and quality-scores, not experimental decomposition."
Fangwa et al. 2023,The Governance Of Non-Profits And Their Social Impact: Evidence From A Randomized Program In Healthcare In DRC,GPT-5,methods,86,78,92,"Strong design: randomized assignment, DiD with unit and time FE, event-time plots, block-bootstrapped SEs, multiple-testing adjustments, WLS for ratios, and contamination checks. Heterogeneity and mechanism probes add credibility. Limitations: no preregistration, imperfect ability to separate components, and non-causal matched comparisons."
Fangwa et al. 2023,The Governance Of Non-Profits And Their Social Impact: Evidence From A Randomized Program In Healthcare In DRC,GPT-5,adv_knowledge,80,70,88,"Advances governance/PBF literature by demonstrating complementarities of incentives with auditing and feedback in LMIC non-profits, with sizable efficiency and mortality effects. Offers practical insight on funding vs governance. Generalizability and inability to isolate components temper the contribution."
Fangwa et al. 2023,The Governance Of Non-Profits And Their Social Impact: Evidence From A Randomized Program In Healthcare In DRC,GPT-5,logic_comms,85,78,92,"Well-structured and transparent. Assumptions, context, design, and equations are clearly explained; results are linked to claims with appropriate caveats. Good discussion of alternative explanations and limitations. Minor complexity remains around mechanism inference."
Fangwa et al. 2023,The Governance Of Non-Profits And Their Social Impact: Evidence From A Randomized Program In Healthcare In DRC,GPT-5,open_sci,62,45,75,"Methods are described in detail and a data appendix exists, but underlying administrative data/interview data are likely restricted; replication materials and preregistration are not clearly provided. Transparency is reasonable; full reproducibility appears limited."
Fangwa et al. 2023,The Governance Of Non-Profits And Their Social Impact: Evidence From A Randomized Program In Healthcare In DRC,GPT-5,gp_relevance,90,85,97,"Highly relevant to LMIC health systems, donors, and ministries. Addresses SDG-aligned outcomes with actionable insights (governance plus A&F). Policy implications are clear; effects on mortality and efficiency are quantified. Findings are timely and decision-useful."
Haushofer et al. 2020,The Comparative Impact of Cash Transfers and a Psychotherapy Program on Psychological and Economic Well-being,GPT-5,overall,86,80,91,"High-quality, policy-relevant multi-arm RCT with strong design and careful inference. Cash effects are robust; PM+ nulls are well-characterized. Communication is excellent. Open-science practices are good (pre-registration) but data/code availability is unclear, slightly lowering the aggregate. Overall equals mean of category midpoints."
Haushofer et al. 2020,The Comparative Impact of Cash Transfers and a Psychotherapy Program on Psychological and Economic Well-being,GPT-5,claims_evidence,88,78,94,"Clear questions; multi-arm randomized design targets them directly. Evidence is strong for cash, null for PM+, and authors characterize findings cautiously. They probe alternative explanations (power, demand, timing) and add Bayesian framing for nulls. Some reliance on self-reports remains, though mitigated by envelope/smiley tasks."
Haushofer et al. 2020,The Comparative Impact of Cash Transfers and a Psychotherapy Program on Psychological and Economic Well-being,GPT-5,methods,90,80,95,"Large, pre-registered cluster RCT with ANCOVA, stratification, spillover arms, FDR correction, power analysis, heterogeneity, timing analyses, and demand-effect test. Low attrition and good balance. Minor limitations: reliance on self-reports, no very-short-run endline, and many outcomes increase multiple-testing burden."
Haushofer et al. 2020,The Comparative Impact of Cash Transfers and a Psychotherapy Program on Psychological and Economic Well-being,GPT-5,adv_knowledge,87,80,93,"Head-to-head test of cash vs. psychotherapy at 1-year horizon in LMICs fills a key gap; robust cash effects, well-evidenced nulls for PM+, and cost comparisons inform prioritization. Provides thresholds for PM+ cost-effectiveness and insights on transfer frequency. Valuable for research and practice."
Haushofer et al. 2020,The Comparative Impact of Cash Transfers and a Psychotherapy Program on Psychological and Economic Well-being,GPT-5,logic_comms,88,80,95,Argumentation is clear and transparent; assumptions and limitations are explicit. Results are tied carefully to claims; visuals and structure aid comprehension. Discussion thoughtfully situates findings within literature and policy without overreach.
Haushofer et al. 2020,The Comparative Impact of Cash Transfers and a Psychotherapy Program on Psychological and Economic Well-being,GPT-5,open_sci,74,60,85,"Strong pre-registration and detailed methods enhance reproducibility; data integrity checks are documented. However, availability of analysis code and de-identified data is not clearly stated, limiting full reproducibility. Appendices are useful, suggesting above-median but not top-tier openness."
Haushofer et al. 2020,The Comparative Impact of Cash Transfers and a Psychotherapy Program on Psychological and Economic Well-being,GPT-5,gp_relevance,90,82,97,"Directly relevant to global poverty and mental health policy. Quantifies economic and psychological impacts and compares costs, offering actionable insights for donors and implementers in LMICs. Findings are readily interpretable for policymakers."
Hill et al. 2024,Adaptability and the Pivot Penalty in Science,GPT-5,overall,83,75,90,"Default equals mean of category midpoints. Strong large-scale, multi-domain evidence with clear framing and policy relevance. Main caveats are causality limits (citation-based impact, selection into pivots), possible construct validity issues in the pivot metric, and unknowns about code/data release. Nonetheless, findings appear robust and consequential."
Hill et al. 2024,Adaptability and the Pivot Penalty in Science,GPT-5,claims_evidence,83,74,90,"Claims are clear (pervasive, growing pivot penalty; weak outsider advantage). Evidence spans millions of papers/patents, cross-fields, and event studies (COVID, push shocks). Strength stems from within-author analyses and broad consistency. Limits: impact proxied by citations, residual confounding/selection, and strong language (“nearly universal”) may outpace causal identification."
Hill et al. 2024,Adaptability and the Pivot Penalty in Science,GPT-5,methods,85,76,92,"Pivot metric (1−cosine similarity of reference-journal or CPC distributions) is reasonable and scalable; within-person comparisons and multiple contexts bolster robustness. Likely extensive sensitivity checks. Remaining risks: measurement error in topic distance, audience/reputation channels, field/time normalization of citations, and potential multiple-testing concerns across many cuts."
Hill et al. 2024,Adaptability and the Pivot Penalty in Science,GPT-5,adv_knowledge,88,80,95,"Introduces a generalizable pivot measure and documents a large, growing penalty across science and technology, challenging common outsider/novelty narratives. Integrates shocks (COVID) to probe adaptability. Offers actionable implications for careers, funding, and organizational strategy. High incremental value to science-of-science and innovation policy."
Hill et al. 2024,Adaptability and the Pivot Penalty in Science,GPT-5,logic_comms,87,78,94,"Goals and constructs are well defined; reasoning is transparent; metric and intuition are clearly laid out. Narrative links evidence to claims coherently, with appropriate caveats noted. Minor risk of occasional overgeneralization and the usual complexity of field/period controls that can be hard to follow without appendices."
Hill et al. 2024,Adaptability and the Pivot Penalty in Science,GPT-5,open_sci,70,55,82,"Scale suggests reproducible pipelines; patents/Dimensions are accessible, though Dimensions is partly restricted. Code/data availability is uncertain from the excerpt; likely partial release (common in this group), but full replication may require licensed data. Clarity of methods appears good; full computational reproducibility depends on shared code and documentation."
Hill et al. 2024,Adaptability and the Pivot Penalty in Science,GPT-5,gp_relevance,86,77,93,"Directly relevant to policy on funding, crisis response (COVID case), and strategic specialization vs exploration across domains (health, climate, tech). Offers quantified, general patterns; less direct on cost-effectiveness or implementation playbooks, but highly informative for portfolio and talent management at agencies and institutions."
Jack et al. 2022,Money (Not) to Burn: Payments for Ecosystem Services to Reduce Crop Residue Burning,GPT-5,overall,86,80,92,"Strong RCT with clear, policy-relevant findings; robust evidence using both administrative monitoring and remote sensing; thoughtful cost-effectiveness. Some methodological caveats (self-initiated monitoring, RS labeling/training asymmetries, endline attrition) temper confidence slightly. Overall reflects mean of component scores."
Jack et al. 2022,Money (Not) to Burn: Payments for Ecosystem Services to Reduce Crop Residue Burning,GPT-5,claims_evidence,87,80,93,"Main questions are clear; claims tightly tied to experimental evidence. Consistent treatment effects across compliance and satellite-based outcomes; cost-effectiveness contextualized. Authors accurately characterize limitations (threshold sensitivity, potential inframarginality, monitoring reliance). Some reliance on treatment-group labels for RS negatives and self-requested verification modestly weakens evidentiary strength."
Jack et al. 2022,Money (Not) to Burn: Payments for Ecosystem Services to Reduce Crop Residue Burning,GPT-5,methods,85,78,91,"Clustered RCT with stratification; pre-analysis plan; appropriate inference (clustering, Lee bounds); well-motivated ML remote sensing with validation. Credible cost-effectiveness setup. Limitations: farmer-initiated monitoring may induce selection; RS model uses negatives from treatment only; heterogeneity analyses underpowered; some design features (caps, timing) constrain external validity."
Jack et al. 2022,Money (Not) to Burn: Payments for Ecosystem Services to Reduce Crop Residue Burning,GPT-5,adv_knowledge,90,84,96,"Novel, policy-relevant test of PES contract timing for pollution abatement; first rigorous comparison for crop-residue burning. Demonstrates that partial upfront payments can outperform standard PES, informing contract design in LMICs. Provides actionable magnitudes for additionality and costs, advancing both PES and air-pollution control literatures."
Jack et al. 2022,Money (Not) to Burn: Payments for Ecosystem Services to Reduce Crop Residue Burning,GPT-5,logic_comms,88,82,93,"Clear motivation, transparent reasoning, and consistent linkage between hypotheses, design, and results. Assumptions and tradeoffs (RS thresholds, compliance definition) are explicit. Presentation is careful; minor complexity around RS thresholding could challenge some readers but is handled responsibly."
Jack et al. 2022,Money (Not) to Burn: Payments for Ecosystem Services to Reduce Crop Residue Burning,GPT-5,open_sci,72,60,85,"AEARCTR preregistration; clear methods; appendices detail RS model and protocols. As a working paper, public code/data availability is unclear; RS inputs partly proprietary (Planet), limiting full replication. Likely reproducible with provided descriptions, but not yet exemplary on data/code release."
Jack et al. 2022,Money (Not) to Burn: Payments for Ecosystem Services to Reduce Crop Residue Burning,GPT-5,gp_relevance,95,90,99,"Addresses a major health and environmental externality in India with global analogs. Estimates substantial cost-effectiveness relative to alternatives (e.g., scrubbers). Findings are directly actionable for policymakers and implementers; scalability considerations are discussed. High practical importance for climate and air-quality policy."
Kremer et al. 2020,Advance Market Commitments: Insights from Theory and Experience,GPT-5,overall,69,62,76,Arithmetic mean of sub-scores. Strong clarity and exceptional global relevance are offset by modest methodological depth and limited open-science artifacts for a short P&P piece.
Kremer et al. 2020,Advance Market Commitments: Insights from Theory and Experience,GPT-5,claims_evidence,68,55,80,"Questions and claims are clear; evidence blends theory, program facts, and suggestive comparisons. Authors are candid about counterfactual uncertainty and avoid over-claiming. Limited causal identification and reliance on external estimates constrain strength."
Kremer et al. 2020,Advance Market Commitments: Insights from Theory and Experience,GPT-5,methods,55,40,68,Sound theoretical framing (holdup/capacity) and reasonable assumptions for design questions. Empirical content is descriptive; no preregistration or robustness checks. Appropriate for a synthesis note but not a rigorous causal study.
Kremer et al. 2020,Advance Market Commitments: Insights from Theory and Experience,GPT-5,adv_knowledge,65,55,78,"Useful synthesis of AMC theory with practical design insights (capacity-linked subsidies, asymmetric loss). Incremental relative to prior work and pilot documentation, but policy-relevant and informative for future AMCs."
Kremer et al. 2020,Advance Market Commitments: Insights from Theory and Experience,GPT-5,logic_comms,85,78,95,"Clear, tightly argued, and well-caveated. Assumptions explicit; conclusions align with presented evidence. Accessible to policymakers; coherent link from theory to design and experience."
Kremer et al. 2020,Advance Market Commitments: Insights from Theory and Experience,GPT-5,open_sci,50,30,62,"Cites public sources and provides clear factual references, but no new data or code; limited reusable materials. Replicability needs are modest given the format, yet transparency could be stronger."
Kremer et al. 2020,Advance Market Commitments: Insights from Theory and Experience,GPT-5,gp_relevance,90,82,98,Directly addresses high-priority global health policy with concrete implications for lifesaving interventions and procurement design. Actionable insights for donors and governments; high practical usefulness.
Kremer et al. 2022,Water Treatment and Child Mortality: A Meta-analysis and Cost-effectiveness Analysis,GPT-5,overall,87,82,92,"Arithmetic mean of other six midpoints. Strong, policy-relevant synthesis with robust analyses and clear conclusions; slight deductions for data/code availability and residual uncertainties about heterogeneity and moderators."
Kremer et al. 2022,Water Treatment and Child Mortality: A Meta-analysis and Cost-effectiveness Analysis,GPT-5,claims_evidence,88,80,95,Clear primary claim (water treatment reduces U5 mortality) supported by pooled RCT evidence; both frequentist and Bayesian estimates; extensive sensitivity checks; publication-bias tests; predictive effects for new settings; conservative alternative model discussed. Claims are proportionate and limitations explicit.
Kremer et al. 2022,Water Treatment and Child Mortality: A Meta-analysis and Cost-effectiveness Analysis,GPT-5,methods,86,78,92,"Pre-registered PRISMA review; appropriate rare-event handling; random-effects and Bayesian models; clustering accounted for; meta-regression; broad sensitivity analyses. Constraints: limited power for moderators, reliance on some non-public author data, and unavoidable heterogeneity. OR choice reasonable; RR explored indirectly."
Kremer et al. 2022,Water Treatment and Child Mortality: A Meta-analysis and Cost-effectiveness Analysis,GPT-5,adv_knowledge,92,85,98,"Delivers credible pooled RCT estimate of mortality effects long missing in WASH, shifting focus from diarrhea proxies to mortality. Coupled with careful cost-effectiveness across delivery models, it substantially affects prioritization and funding decisions."
Kremer et al. 2022,Water Treatment and Child Mortality: A Meta-analysis and Cost-effectiveness Analysis,GPT-5,logic_comms,87,80,94,"Well-structured argument; assumptions, models, and limitations are explicit; figures/tables align with narrative; predictive vs mean effects clearly distinguished; policy implications clearly communicated. Some density typical of a working paper."
Kremer et al. 2022,Water Treatment and Child Mortality: A Meta-analysis and Cost-effectiveness Analysis,GPT-5,open_sci,74,60,85,"AEA registration and PRISMA compliance; substantial supplementary detail. However, full analysis code and harmonized datasets do not appear publicly archived; several inputs are author-provided and not easily reusable, limiting turnkey replication."
Kremer et al. 2022,Water Treatment and Child Mortality: A Meta-analysis and Cost-effectiveness Analysis,GPT-5,gp_relevance,95,90,99,"Directly targets a major global health burden with scalable interventions; provides DALY and net-benefit estimates, thresholds, and delivery options (dispensers, inline, MCH). Highly actionable for LMIC policymakers and funders."
Kubo et al. 2023,Banning wildlife trade can boost demand for unregulated threatened species,GPT-5,overall,69,60,78,"Overall reflects solid quasi-experimental design and policy relevance, tempered by measurement limits (online auctions only), short post-period, and partially ad hoc substitute selection. Set to the rounded mean of other categories."
Kubo et al. 2023,Banning wildlife trade can boost demand for unregulated threatened species,GPT-5,claims_evidence,68,58,78,"Clear main claim; SDID on 10-year panel with sensitivity/placebo tests supports positive spillovers. Evidence limited by single-year post period, reliance on one platform, imperfect substitutability assignment, and incomplete species identification among controls. Price effects not causally estimated."
Kubo et al. 2023,Banning wildlife trade can boost demand for unregulated threatened species,GPT-5,methods,70,60,80,"Appropriate use of SDID with seasonality controls and announcement-period exclusion; robustness and placebo checks add credibility. Risks: short post window, measurement error from NLP classification, potential residual confounding, and no multiple-testing adjustment across taxa."
Kubo et al. 2023,Banning wildlife trade can boost demand for unregulated threatened species,GPT-5,adv_knowledge,75,65,85,"Makes a timely, policy-relevant contribution by quantifying spillovers to unregulated species using causal inference in conservation trade. Extends focus beyond banned species; generalizable insight despite Japan-specific setting."
Kubo et al. 2023,Banning wildlife trade can boost demand for unregulated threatened species,GPT-5,logic_comms,72,62,82,Questions and conclusions are clearly stated; reasoning is mostly transparent and consistent with results. Minor gaps include limited elaboration of mechanisms and some brevity on data processing details.
Kubo et al. 2023,Banning wildlife trade can boost demand for unregulated threatened species,GPT-5,open_sci,55,40,70,"Data source is public and methods described; SI reportedly includes datasets. However, no explicit code repository or full reproducible pipeline is cited; some controls lack species-level IDs, hindering full replication."
Kubo et al. 2023,Banning wildlife trade can boost demand for unregulated threatened species,GPT-5,gp_relevance,72,60,84,Highly relevant to wildlife-trade policy and biodiversity priorities; insights on unintended consequences and monitoring are actionable. Lacks quantified cost-benefit and cross-platform validation; external validity outside Japan is plausible but unproven.
Liang et al. 2021,The Environmental Effects of Economic Production: Evidence from Ecological Observations,GPT-5,overall,78,70,86,"Arithmetic mean of component scores. Strong causal evidence and contribution counterbalanced by residual concerns on spatial scale, sampling representativeness, and unclear replication package availability."
Liang et al. 2021,The Environmental Effects of Economic Production: Evidence from Ecological Observations,GPT-5,claims_evidence,80,70,90,"Clear questions; multiple complementary designs (panel FE, defense shift–share, upwind pollution IV, CAA policy). Effects are plausible, heterogeneous, and mechanisms partially quantified. Limitations (BioTIME representativeness, scale mismatch) acknowledged; claims mostly calibrated to evidence."
Liang et al. 2021,The Environmental Effects of Economic Production: Evidence from Ecological Observations,GPT-5,methods,78,68,88,"Reasonable and well-justified designs: FE panels, standard shift–share for military shocks, transported pollution IV, and regulatory DiD. Robustness appears broad. Residual risks: shift–share exposure endogeneity, site–state scale mismatch, sampling effort/detection biases, and multiple testing."
Liang et al. 2021,The Environmental Effects of Economic Production: Evidence from Ecological Observations,GPT-5,adv_knowledge,85,78,92,"Large, multi-taxa biodiversity panel brought into economics; first broad causal estimates of GDP impacts; quantifies air pollution channel and shows regulatory mitigation and protected areas relevance. High value for macro–environment linkages and parameters for future work."
Liang et al. 2021,The Environmental Effects of Economic Production: Evidence from Ecological Observations,GPT-5,logic_comms,82,74,90,Goals and assumptions explicit; reasoning and limitations transparent; conclusions align with presented evidence. Complex channel decomposition is generally clear but could be streamlined further for non-specialists.
Liang et al. 2021,The Environmental Effects of Economic Production: Evidence from Ecological Observations,GPT-5,open_sci,65,50,78,"Relies on public datasets (BioTIME, pollution, regulations). However, the excerpt does not confirm full replication materials. Replicability hinges on releasing compiled data processing, site-level measures, and code with clear documentation."
Liang et al. 2021,The Environmental Effects of Economic Production: Evidence from Ecological Observations,GPT-5,gp_relevance,75,65,85,"US-focused but mechanisms generalize. Policy relevance high (pollution regulation co-benefits, protected areas). Useful elasticities provided; less emphasis on cost–benefit or implementation details. Informative for global biodiversity and environmental-economic policy."
Schuett et al. 2023,Towards best practices in AGI safety and governance,GPT-5,overall,84,80,88,"High-quality, timely expert survey with preregistration and open materials. Clear claims backed by descriptive evidence; strong communication and practical relevance. Main limitations are purposive sampling, modest N, and limited generalizability. Overall equals the arithmetic mean of category midpoints."
Schuett et al. 2023,Towards best practices in AGI safety and governance,GPT-5,claims_evidence,82,75,88,Main claims are descriptive and closely match the data. Uncertainty and limitations are stated; no major overreach. Statistics and item-level results are reported transparently with appropriate caveats.
Schuett et al. 2023,Towards best practices in AGI safety and governance,GPT-5,methods,76,66,84,"Purposive sampling (51/92 responses), Likert items, nonparametric tests with Holm-Bonferroni, preregistered plan largely followed. Reasonable for the questions, but selection/self-selection bias, small subgroup Ns, optional items reducing n, and limited representativeness constrain validity."
Schuett et al. 2023,Towards best practices in AGI safety and governance,GPT-5,adv_knowledge,79,72,86,"Synthesizes expert consensus on 50 practices, providing a useful foundation for standards, audits, and risk management. Adds structured priorities more than novel theory; actionable for labs and policymakers."
Schuett et al. 2023,Towards best practices in AGI safety and governance,GPT-5,logic_comms,88,84,93,"Clear goals, definitions, and argumentation; results aligned with conclusions. Figures/tables are informative; limitations and deviations from the PAP are explicit. Easy to follow throughout."
Schuett et al. 2023,Towards best practices in AGI safety and governance,GPT-5,open_sci,91,86,96,"Pre-registration, pre-analysis plan, code, and data on OSF; deviations documented. Some data withheld to protect anonymity, but replication is still highly feasible."
Schuett et al. 2023,Towards best practices in AGI safety and governance,GPT-5,gp_relevance,87,82,92,"Directly informs AGI lab practices and emerging policy (US/EU/UK). Timely and practically useful. Generalizability limited by expert sample composition and focus, but relevance to global AI governance is high."
Trammel and Aschenbrenner 2025,Existential risk and growth,GPT-5,overall,81,74,88,"A strong theoretical contribution with clear propositions, useful decomposition (state vs transition risk), and a policy layer yielding an x-risk Kuznets curve. Methods and logic are solid; relevance is high. Main uncertainty stems from empirical calibrations, stylized assumptions (planner, isoelastic utility, 1D technology), and unknown magnitude of policy frictions. Overall = mean of sub-scores."
Trammel and Aschenbrenner 2025,Existential risk and growth,GPT-5,claims_evidence,75,65,85,"Claims are clearly framed as positive (not normative). Evidence is theoretical: formal models, propositions, and proofs. Scope conditions and limitations are articulated. No empirical validation or calibration; depends on stylized assumptions. Good characterization of what follows under different γ and policy regimes."
Trammel and Aschenbrenner 2025,Existential risk and growth,GPT-5,methods,82,75,90,"Careful formal modeling; explores multiple regimes (state/transition risk, accrued stock, optimal policy, frictions). Clear first-order conditions and comparative statics; proofs promised in appendices. Assumptions (one-dimensional tech, representative planner, η>1) limit realism but are standard and justified for purpose."
Trammel and Aschenbrenner 2025,Existential risk and growth,GPT-5,adv_knowledge,86,78,92,"Advances the literature by challenging ‘stagnation is safe,’ distinguishing state vs transition risk, deriving risk-minimizing growth, and introducing an existential-risk Kuznets curve. Likely to influence debates on growth, AI risk, and policy priorities; provides conditions guiding future empirical/theoretical work."
Trammel and Aschenbrenner 2025,Existential risk and growth,GPT-5,logic_comms,82,75,88,Reasoning is transparent; assumptions explicit; logical steps clear. Definitions and notation are consistent; diagrams aid intuition. Dense and technical at times; accessibility for non-specialists is limited but acceptable for a theory paper.
Trammel and Aschenbrenner 2025,Existential risk and growth,GPT-5,open_sci,72,60,85,Derivations and proofs indicated; simulations documented with code in Appendix C; no proprietary data. Methods appear replicable. No preregistration (not expected for theory). Score depends on actual code availability and documentation quality.
Trammel and Aschenbrenner 2025,Existential risk and growth,GPT-5,gp_relevance,88,80,95,"Directly addresses existential risk policy and growth—core to global priorities (AI, bio, climate). Offers decision-relevant conditions (γ, elasticities, policy frictions). Absent calibrated estimates, but provides a framework to guide practical prioritization and research agendas."
Walker et al. 2023,Intergenerational Child Mortality Impacts of Deworming: Experimental Evidence from Two Decades of the Kenya Life Panel Survey,GPT-5,overall,82,73,90,"Strong causal design with unusually long follow-up and clear policy relevance. Some uncertainty remains around measurement (self-reported child deaths), mediation not causal, and external validity beyond high-prevalence settings. Midpoint equals mean of component midpoints."
Walker et al. 2023,Intergenerational Child Mortality Impacts of Deworming: Experimental Evidence from Two Decades of the Kenya Life Panel Survey,GPT-5,claims_evidence,82,70,90,"Main claim (22% U5MR reduction) is clearly stated, statistically supported, and robust across LPM/logit/probit and weights; IMR null appropriately noted. Dose-response strengthens credibility. Mechanism claims are carefully framed as exploratory correlations, not causal mediation, with limitations acknowledged."
Walker et al. 2023,Intergenerational Child Mortality Impacts of Deworming: Experimental Evidence from Two Decades of the Kenya Life Panel Survey,GPT-5,methods,80,68,88,"Leverages randomized phase-in, high tracking, appropriate clustering and FE, prespecified analyses, and multiple robustness checks. Sensible handling of cross-cutting experiments. Limitations: parent-reported mortality and miscarriages, limited multiple-testing adjustments for many secondary outcomes, and non-causal mediation; possible assortative marriage effects."
Walker et al. 2023,Intergenerational Child Mortality Impacts of Deworming: Experimental Evidence from Two Decades of the Kenya Life Panel Survey,GPT-5,adv_knowledge,88,78,95,"Rare intergenerational experimental evidence from SSA on a major health program; large, policy-relevant effect sizes; links adolescent health to next-generation survival and informs cost-effectiveness parameters. Substantially advances debates on deworming externalities and long-run benefits."
Walker et al. 2023,Intergenerational Child Mortality Impacts of Deworming: Experimental Evidence from Two Decades of the Kenya Life Panel Survey,GPT-5,logic_comms,83,72,92,"Clear research questions, transparent exposition, and well-labeled results. Assumptions and limitations are stated (e.g., no formal mediation). Reasoning aligns with presented evidence; heterogeneity and mechanism sections are cautious. Dense in places but generally easy to follow."
Walker et al. 2023,Intergenerational Child Mortality Impacts of Deworming: Experimental Evidence from Two Decades of the Kenya Life Panel Survey,GPT-5,open_sci,70,55,85,"Pre-registered (AEA registry), extensive appendices, and clear methods. Likely data access constraints due to confidentiality; full public replication materials are not fully evident from the WP text. Credible replication feasible with data access, but not turnkey open dataset/code."
Walker et al. 2023,Intergenerational Child Mortality Impacts of Deworming: Experimental Evidence from Two Decades of the Kenya Life Panel Survey,GPT-5,gp_relevance,90,80,97,Addresses child mortality in LMICs and a widely implemented intervention (school deworming). Quantified effects and IRR are directly useful for policymakers. External validity strongest where helminth prevalence is high; nonetheless highly relevant to global health priorities.
