paper,metric,metric_type,value,lo,hi,rationale,scale_min,scale_max
Acemoglu et al. 2024,overall,percentile,92.0,85.0,96.0,"Ambitious dual RCTs (online and large-scale field), clear identification, strong first stages, administrative outcomes, thorough robustness, and coherent mechanisms. Limits: single-country/time context, bundled field treatments/no field placebo, ballot-box aggregation, possible spillovers. Effects modest but policy-relevant.",0,100
Acemoglu et al. 2024,claims_evidence,percentile,91.0,85.0,96.0,"Core claims are specific and matched to evidence: misperceptions exist and factual info shifts beliefs and voting. Placebo controls online, heterogeneity aligned with priors, admin vote outcomes. Caveats: V-DEM treated as ground truth; belief indices have measurement error; generalization stated cautiously.",0,100
Acemoglu et al. 2024,methods,percentile,90.0,84.0,95.0,"Neighborhood randomization with 2SLS on completed conversations, strong first stages, clustered SEs, pre-analysis, many robustness checks. Online RCT with placebo addresses demand. Remaining issues: ballot-box aggregation, potential spillovers/contamination, messenger heterogeneity, no individual linkage, one-city field site.",0,100
Acemoglu et al. 2024,advancing_knowledge,percentile,88.0,80.0,94.0,"Provides rare causal, large-scale evidence that accurate, credible information can reduce authoritarian support via belief correction; shows messenger credibility matters. Integrates online and field results. Advances political economy of persuasion under authoritarianism. External validity constrained to context.",0,100
Acemoglu et al. 2024,logic_communication,percentile,93.0,88.0,97.0,"Questions, treatments, and outcomes are clearly defined; reasoning transparent; figures/tables consistent; robustness and heterogeneity well organized; mechanisms carefully argued. Minor concern: reliance on V-DEM as benchmark may be debated, but this is stated and triangulated.",0,100
Acemoglu et al. 2024,open_science,percentile,72.0,60.0,85.0,"Pre-registered (AEA RCT), IRB approvals, detailed appendices and supplementary materials; uses public administrative data. Code/data availability not fully clear; individual microdata likely restricted; replication package not explicitly provided. Overall reasonably replicable given detail.",0,100
Acemoglu et al. 2024,global_relevance,percentile,95.0,90.0,99.0,"Highly relevant to democratic resilience, misinformation, and election integrity. Delivers actionable insights (credible, factual messaging; non-affiliated messengers) with quantified effects. Policy implications for civic orgs and donors. External validity caveats acknowledged.",0,100
Acemoglu et al. 2024,tier_should,tier,4.4,3.8,4.9,"Methodologically strong, policy-relevant, and well-argued with large-scale field evidence. Fits top field or marginal A-journal standards in political economy/development/political science. Limits on generalizability and some design constraints keep it just shy of top general journals.",0,5
Acemoglu et al. 2024,tier_will,tier,4.3,3.6,4.8,"Given design quality, scale, and clear results, likely to land in a top field or marginal A journal. Publication path may hinge on perceived external validity and debates over mechanisms/benchmarks; nonetheless strong prospects.",0,5
Adena and Hager 2024,overall,percentile,86.0,78.0,91.0,"Large, well-powered geo-randomized field experiment with strong external validity. Clear causal effects on donations, profitability, and crowd-out; extensive robustness (DiD, RI, spillovers, heterogeneity). Some uncertainty from aggregate PLZ data, partial competitor coverage, and prereg changes. Highly useful to practice and scholarship.",0,100
Adena and Hager 2024,claims_evidence,percentile,88.0,80.0,93.0,"Main claims are specific and tested with randomized assignment, full-universe donation outcomes, and multiple windows. Strong frequency effects; revenue effects positive but less precise. Substitution evidenced via two datasets. Limitations (overlap, measurement, precision) acknowledged; characterization of evidence is careful.",0,100
Adena and Hager 2024,methods,percentile,86.0,78.0,91.0,"Justified geo-randomization with blocking and 2x2 factorial; appropriate linear/DiD models, blocks FE, RI tests, spillover modeling, heterogeneity. Sensitivity to post windows, winsorization checks. Limits: aggregate outcomes, potential spatial correlation, partial prereg deviations, limited multiple-testing adjustments.",0,100
Adena and Hager 2024,advancing_knowledge,percentile,85.0,75.0,90.0,Shifts focus from clicks to total giving across channels/time; quantifies ROI; documents inter-charity crowd-out at scale; evaluates content vs allocation strategies. High practical value for NGOs/digital ads. External validity beyond Germany/SvC and for targeted campaigns is plausible but not guaranteed.,0,100
Adena and Hager 2024,logic_communication,percentile,87.0,80.0,92.0,"Objectives and constructs are clear; assumptions explicit; analysis flows logically; figures/tables support claims; limitations transparent. Some complexity juggling multiple datasets and normalizations, but reasoning remains coherent and consistent.",0,100
Adena and Hager 2024,open_science,percentile,62.0,50.0,72.0,"Pre-registered; detailed appendix with design, balance, and robustness. However, no public microdata or code evident (confidentiality); prereg modifications noted; replication possible in principle but not turnkey.",0,100
Adena and Hager 2024,global_relevance,percentile,78.0,68.0,85.0,Directly actionable for charities/fundraisers on social media ROI and crowd-out implications. Useful for prioritizing fundraising spend. Less direct for broader public policy; country- and organization-specific context tempers universality.,0,100
Adena and Hager 2024,tier_should,tier,4.2,3.6,4.7,"Novel, nationwide randomized field experiment with strong identification and practical contributions. Suitable for top field journals (applied micro/marketing/management/NP). Aggregate data and scope modestly limit A-journal likelihood but merit is high.",0,5
Adena and Hager 2024,tier_will,tier,3.9,3.2,4.5,"Likely placement in a strong/top field journal (applied micro, marketing/management science, nonprofit). A-journal possible but uncertain given scope, data access, and niche audience.",0,5
Aghion et al. 2017,overall,percentile,93.0,87.0,97.0,Agenda-setting synthesis linking AI-as-automation to growth via task-based CES (ρ<0) and Baumol constraints; extends to idea production and singularities; includes firm-level channels and stylized evidence. Strong theory and communication; limited causal empirics and exogenous automation path temper strength.,0,100
Aghion et al. 2017,claims_evidence,percentile,82.0,75.0,88.0,"Main claims are clearly framed and supported by formal derivations, simulations, and sectoral capital-share trends. Evidence is primarily theoretical/descriptive; βt is exogenous; no identification. Characterization of evidence and caveats is accurate and balanced.",0,100
Aghion et al. 2017,methods,percentile,85.0,78.0,90.0,"Solid growth-theory methods (Zeira-style tasks, CES aggregation, Schumpeterian appendix). Conditions for balanced growth and singularities are explicit; regime-switching explored. Limited robustness/sensitivity or calibration; some knife-edge assumptions acknowledged.",0,100
Aghion et al. 2017,advancing_knowledge,percentile,92.0,86.0,96.0,"Integrates automation with Baumol’s disease, clarifies when AI shifts growth and income shares, formalizes conditions for (non)singularities, and outlines firm-level channels. High conceptual value and agenda-setting impact for AI–macro research and policy debates.",0,100
Aghion et al. 2017,logic_communication,percentile,91.0,86.0,95.0,"Goals and questions are clear; assumptions (βt, ρ, φ) explicit; logical steps and proofs transparent; figures aid intuition. Objections (bottlenecks, search limits, creative destruction) are well reasoned. Notation heavy but consistent and readable.",0,100
Aghion et al. 2017,open_science,percentile,45.0,35.0,55.0,"Models and data sources are described, but no code or replication package; simulations not directly reproducible; limited reusable tools or datasets. Open working-paper availability helps, yet replicability is moderate at best.",0,100
Aghion et al. 2017,global_relevance,percentile,84.0,76.0,90.0,"Highly relevant for long-run growth, factor shares, and AI policy. Provides mechanisms and qualitative guidance on constraints and risks; limited actionable, quantified policy metrics or implementation analysis.",0,100
Aghion et al. 2017,tier_should,tier,4.3,3.8,4.8,Strong theoretical contribution and synthesis with clear implications; suitable for top field or marginal A-journal. Lack of causal empirics/calibration likely keeps it just below top general outlets.,0,5
Aghion et al. 2017,tier_will,tier,4.1,3.6,4.6,Likely to publish in a leading field or marginal A-journal given topic salience and quality. Empirical lightness could steer it to strong field journals; interest in AI–macro may nudge upward.,0,5
Akram et al. 2017,overall,percentile,91.0,86.0,95.0,"Large, well-executed saturation RCT measuring direct and GE spillovers on migration, wages, hours, prices. Multi-source data, clear modeling and robust checks. Some results rely on retrospective employer data and a few weak first-stage IVs; open-science practices moderate. Overall highly convincing and useful.",0,100
Akram et al. 2017,claims_evidence,percentile,88.0,83.0,93.0,"Main claims (strategic complementarities, increased migration, higher ag wages, more work hours, slight food price rise, limited intra-household substitution) are well supported by randomized saturation, village-level IV, and high-frequency data. Profit effects are less robust; some recall-based measures temper certainty.",0,100
Akram et al. 2017,methods,percentile,87.0,82.0,92.0,Strong design: cluster saturation to identify GE effects; appropriate clustering; balance and interference checks; IV with strong village first stage for key outcomes. High-frequency surveys reduce recall bias. Some specifications have weaker instruments; employer surveys are retrospective; multiple outcomes not fully multiplicity-adjusted.,0,100
Akram et al. 2017,advancing_knowledge,percentile,92.0,87.0,97.0,"Provides rare, credible GE evidence on internal seasonal migration subsidies, quantifying wage and price effects and spillovers. Directly informs debates on mobility restrictions vs. connectivity investments. High practical and research value; external validity outside context remains to be established.",0,100
Akram et al. 2017,logic_communication,percentile,90.0,85.0,95.0,"Clear theory-to-empirics mapping, transparent assumptions, coherent narrative across multiple datasets. Tables and timing are well explained; robustness and mechanisms discussed. Some sections dense and p-value centric, but overall reasoning is tight and consistent with evidence.",0,100
Akram et al. 2017,open_science,percentile,62.0,50.0,74.0,"Trial was registered; sampling and protocols are described in detail. However, no clear public replication package or open data/code indicated; several datasets are proprietary field surveys. Replicability is possible in principle but not maximized.",0,100
Akram et al. 2017,global_relevance,percentile,93.0,88.0,97.0,"Highly relevant to development policy: seasonal hunger, internal migration, rural wages, employer impacts, and prices. Quantifies effects decision-makers need. Results are communicated in practitioner-relevant terms, with magnitudes and mechanisms.",0,100
Akram et al. 2017,tier_should,tier,4.3,3.8,4.8,"Methodologically strong, policy-relevant RCT with credible GE estimates merits a top field or marginal general-interest outlet. Minor weaknesses (some retrospective measures, a few weak IVs, limited multiplicity adjustment) likely prevent top-5 placement but still very strong.",0,5
Akram et al. 2017,tier_will,tier,4.2,3.5,4.7,"Given rigor, scope, and policy salience, it is likely to land in a top field journal or marginal A-level outlet. Some fragility in employer/profit results and data-sharing limits may reduce chances at the very top, but prospects remain strong.",0,5
Alatas et al. 2019,overall,percentile,87.0,80.0,92.0,"Large-scale randomized Twitter experiment separates reach from endorsement; strong online effects and careful tests; offline impacts are suggestive. Clear design and analysis; useful policy insights. Limits: generalizability beyond Indonesia/Twitter circa 2015, self-reported offline outcomes, evolving platform mechanics.",0,100
Alatas et al. 2019,claims_evidence,percentile,86.0,78.0,92.0,"Claims (endorsement boosts diffusion; sources dampen; concave exposure; exposure affects awareness/knowledge) are explicit and mostly backed by randomization and robustness (forced RTs, RI p-values). Offline effects are cautiously framed; some p-values marginal and outcomes self-reported.",0,100
Alatas et al. 2019,methods,percentile,85.0,77.0,91.0,"Strong design: within-celebrity randomization, forced retweets to address selection, FE, Poisson models, RI p-values, preregistration. Concerns: interference/spillovers, exposure measurement, survey selection, multiple testing, limited power for behavior, external validity across platforms/times.",0,100
Alatas et al. 2019,advancing_knowledge,percentile,84.0,76.0,90.0,Causally isolates endorsement vs reach at scale; practical insights for seeding and message design. Adds to diffusion/public health comms. Less novel now than at release; behavioral outcomes limited and suggestive; Twitter-specific context tempers breadth.,0,100
Alatas et al. 2019,logic_communication,percentile,88.0,82.0,94.0,"Questions and design are clear; reasoning transparent; figures/tables align; appendices aid interpretation. Appropriate caution on offline results. Some notational complexity and many specifications, but narrative remains coherent.",0,100
Alatas et al. 2019,open_science,percentile,66.0,55.0,76.0,"Pre-registered, IRB-approved, and design well documented. Full replication data/code not clearly public; Twitter TOS limits sharing; survey materials partially described. Above-average transparency but not exemplary for reproducibility.",0,100
Alatas et al. 2019,global_relevance,percentile,82.0,72.0,90.0,"Highly relevant to vaccine promotion and health messaging in LMICs; actionable takeaways (influencer seeding, sourcing caution, exposure strategy). Limited quantified cost-effectiveness; offline effects modest; platform changes may affect applicability.",0,100
Alatas et al. 2019,tier_should,tier,4.3,3.8,4.7,"Deserves a top field/marginal A placement: compelling RCT, novel identification, strong online evidence, and clear policy implications. Constraints on offline outcomes and generalizability likely keep it short of top general-interest journals.",0,5
Alatas et al. 2019,tier_will,tier,4.2,3.6,4.6,"Likely to publish in a strong field or marginal A journal given rigor and timeliness. Some venues may hesitate due to modest offline impacts, platform specificity, and replication/data-sharing limits.",0,5
Alcott et al. 2024,overall,percentile,92.0,86.0,96.0,"Novel sufficient-statistics welfare framework for nudges with taxes and pass-through, combined with two incentivized experiments. Strong theoretical clarity and careful estimation of heterogeneity/targeting. Limits: measurement assumptions, external validity, simplified settings, and some large SEs.",0,100
Alcott et al. 2024,claims_evidence,percentile,88.0,82.0,93.0,"Claims are clearly posed and appropriately qualified. Theory is rigorous; experiments identify ATEs, variance, and covariance/targeting. Some dependence on normality/orthogonality and bias-proxy assumptions; pass-through/markup are imputed from external evidence. Results consistent and nuanced.",0,100
Alcott et al. 2024,methods,percentile,86.0,80.0,91.0,"Sound public-finance modeling; correct derivations and sufficient-statistics. Within-subject RCT-style designs and mixed-effects estimation are reasonable. Assumptions (normality, independence of measurement error, trimming) and artefactual tasks limit robustness; cars choices not real purchases.",0,100
Alcott et al. 2024,advancing_knowledge,percentile,92.0,87.0,97.0,"Shifts welfare evaluation of nudges from average effects to variance/targeting and interaction with taxes/pass-through. Provides portable formulas and two applications, offering a template with clear policy implications across domains. Likely to influence research and practice.",0,100
Alcott et al. 2024,logic_communication,percentile,93.0,88.0,97.0,Goals and concepts explicit; assumptions stated; logic flows with proofs and graphical intuition. Figures/tables align with narrative; notation consistent. Limitations and scope are candidly discussed. Writing is clear despite technical depth.,0,100
Alcott et al. 2024,open_science,percentile,85.0,78.0,92.0,"Trials registered; IRB approved; replication files announced; extensive appendices. No pre-analysis plan (argued infeasible) and some external inputs assumed (e.g., pass-through, SCC). Overall likely reproducible with available code/data.",0,100
Alcott et al. 2024,global_relevance,percentile,90.0,84.0,95.0,"Highly relevant to health and climate policy. Offers practitioners a quantifiable framework to judge nudges vs taxes under realistic market features (pass-through, markups). Provides actionable insights with clear caveats on generalizability.",0,100
Alcott et al. 2024,tier_should,tier,4.6,4.1,5.0,"Conceptual advance plus competent empirics with strong policy salience. Merits top field or general-interest outlet; with polishing, plausible for an A journal.",0,5
Alcott et al. 2024,tier_will,tier,4.4,3.8,4.9,"Likely to publish in a top field or AEJ-level journal; nontrivial chance at an A journal given breadth and clarity, but empirical limitations may steer to top field.",0,5
Angrist et al. 2023,overall,percentile,93.0,87.0,97.0,"Multi-country RCTs during real disruptions with consistent, large learning gains for phone tutoring; credible phone-assessment validation; government-versus-NGO scale evidence; quantified cost-effectiveness; strong engagement and heterogeneity checks. Limits: mixed randomization units, phone-only testing, limited evidence of open materials/code.",0,100
Angrist et al. 2023,claims_evidence,percentile,94.0,89.0,98.0,"Claims (phone tutoring effective across contexts; SMS mixed; government delivery comparable; high cost-effectiveness) are tightly linked to RCT evidence, pooled and country estimates, measurement validity checks, and a typhoon quasi-experiment. Effects and uncertainty are reported transparently; conclusions generally match evidence.",0,100
Angrist et al. 2023,methods,percentile,90.0,84.0,95.0,"Clear RCT designs with stratification; ITT OLS with clustered SEs; balance/attrition checks; validity tests for phone assessments; heterogeneity and delivery-model analyses; LAYS cost-effectiveness. Caveats: mixed randomization levels, limited multiple-testing discussion, unclear pre-analysis plan, residual concerns about phone-only measurement.",0,100
Angrist et al. 2023,advancing_knowledge,percentile,95.0,90.0,99.0,"Fills a major gap on education in emergencies with multi-country experimental evidence, including government delivery at scale. Quantifies learning recovery, teacher-practice shifts, and cost-effectiveness, offering directly actionable guidance for systems facing shocks. Strong external validity contribution.",0,100
Angrist et al. 2023,logic_communication,percentile,90.0,85.0,95.0,"Objectives, interventions, and estimands are well articulated. Tables/figures support the narrative; assumptions, context, and limits are discussed. Reasoning is transparent and conclusions are proportionate to results. Minor complexity from multiple contexts is handled clearly.",0,100
Angrist et al. 2023,open_science,percentile,62.0,45.0,78.0,"Designs, measures, and appendices are described in useful detail; monitoring reported. However, no explicit public replication package, code, or data are indicated; the emergencies database availability is unclear; pre-analysis plan not cited. Replicability moderate but not exemplary.",0,100
Angrist et al. 2023,global_relevance,percentile,98.0,94.0,100.0,"Directly targets continuity of learning in LMIC emergencies; integrates with government systems; provides costs, LAYS, and engagement metrics; evidence spans multiple contexts and an additional shock. Highly actionable for ministries and donors prioritizing resilience.",0,100
Angrist et al. 2023,tier_should,tier,4.3,3.7,4.8,"On merit, this warrants a top field or marginal A-journal: multi-country RCTs, strong external validity, policy relevance, government scale evidence, and high cost-effectiveness with careful measurement. Minor methodological and openness limitations prevent a clear top-general placement.",0,5
Angrist et al. 2023,tier_will,tier,3.9,3.2,4.4,"Most likely in a strong/top field outlet in development/education or an applied general-interest field journal. High policy salience and rigorous design raise prospects, but mixed novelty to theory and open-science gaps may limit placement in top general journals.",0,5
Arora et al. 2023,overall,percentile,89.0,82.0,95.0,"Ambitious, well-executed empirical study separating knowledge, people, and inventions; novel IV strategy and rich data. Results are clear, large, and robust with heterogeneity analyses. Remaining concerns: exclusion restrictions for Bartik IVs, measurement error in textual similarity, and data-access dependence.",0,100
Arora et al. 2023,claims_evidence,percentile,88.0,80.0,93.0,"Main questions and claims are explicit; extensive evidence across patents, publications, AMWS scientists, R&D, and Tobin’s Q. Multiple robustness checks (alt IVs, alt measures, CF Poisson, industry/frontier heterogeneity) bolster claims. Some reliance on constructed exposures and IV assumptions limits certainty.",0,100
Arora et al. 2023,methods,percentile,86.0,78.0,91.0,"Innovative Bartik IVs using subcommittee politics to predict agency R&D; strong first stages; firm/year FE; careful exposure shares; alternative estimators. Risks remain: exclusion restriction, potential correlated shocks, stability of shares, advisor-funding linkage noise, SPECTER matching error.",0,100
Arora et al. 2023,advancing_knowledge,percentile,92.0,86.0,97.0,"Sharp contribution distinguishing abstract knowledge vs embodied people/inventions; challenges canonical spillover view; quantifies crowding-out and complements; frontier vs follower insights. High policy salience for public R&D, tech transfer, and workforce training.",0,100
Arora et al. 2023,logic_communication,percentile,86.0,80.0,91.0,"Clear conceptual framework with testable predictions; consistent empirical narrative; thorough appendices and tables. Some complexity in constructs (textual similarity, crosswalks) may tax non-specialists, but overall reasoning is transparent and aligned with evidence.",0,100
Arora et al. 2023,open_science,percentile,65.0,55.0,75.0,"Data sources and construction are documented; some datasets shared. However, key inputs (Dimensions, PQDT) are licensed; SPECTER pipeline and full code/embeddings not clearly open; heavy HPC needs hinder reproducibility. Internal consistency checks are strong.",0,100
Arora et al. 2023,global_relevance,percentile,85.0,78.0,92.0,"Highly relevant to science policy, R&D funding design, Bayh–Dole/tech transfer, and corporate innovation strategy. Provides elasticities and sectoral heterogeneity. Less detailed on implementation costs/benefits, but actionable for policymakers and large firms.",0,100
Arora et al. 2023,tier_should,tier,4.3,3.7,4.8,"Major, policy-relevant contribution with credible (if debatable) identification, rich data, and broad implications. Methods and robustness justify top field or marginal A placement; residual identification/measurement caveats likely prevent clear A+ placement.",0,5
Arora et al. 2023,tier_will,tier,3.9,3.2,4.4,"High-visibility, novel design and results suggest publication in a strong top field or marginal A outlet. Debates over IV validity/data access may steer toward top field journals rather than elite general-interest outlets.",0,5
Bahar et al. 2022,overall,percentile,90.0,83.0,95.0,"Large, high-quality admin data linked to full registry; novel RD–IV using rain-induced permutations; strong first stage; clear placebos and panel corroboration; policy-relevant findings. Some reliance on modeling the running variable and limited replicability temper confidence slightly.",0,100
Bahar et al. 2022,claims_evidence,percentile,88.0,80.0,93.0,"Claims are clear (PEP boosts firm creation 1.2–1.8 pp; effects grow; larger than relocation). Supported by IV estimates, balance tests, placebo years, heterogeneity, and DiD panel. Some residual concern about formalization vs new entry and other behavioral channels remains.",0,100
Bahar et al. 2022,methods,percentile,85.0,77.0,91.0,Innovative ‘running-variable instrument’ leveraging rainfall and batching; controls for expected instrument; strong F-stats; RD diagnostics and balance. Assumptions on within-city-week rain as-if random and mapping from rain to queue numbers are nontrivial; permutation/reordering steps add complexity.,0,100
Bahar et al. 2022,advancing_knowledge,percentile,89.0,82.0,95.0,"Provides first causal estimate (to my knowledge) of legalization’s impact on immigrant entrepreneurship in a developing-country context; timing and magnitudes are policy-relevant. Method generalizes to threshold settings. Strong contribution to migration, entrepreneurship, and applied causal design.",0,100
Bahar et al. 2022,logic_communication,percentile,87.0,80.0,92.0,"Goals and assumptions are explicit; design formalized and motivated; figures clarify the instrument and thresholds; placebos and pre-trends align with claims. Some dense technical steps (e.g., prediction reordering) could be clearer, but argument remains coherent and consistent.",0,100
Bahar et al. 2022,open_science,percentile,45.0,30.0,60.0,"Careful description and extensive appendix, but no evident replication package or public code/data. Admin data likely restricted. Reproducibility would be strengthened by code for matching, simulations, and first/second-stage analyses.",0,100
Bahar et al. 2022,global_relevance,percentile,93.0,86.0,97.0,"Directly relevant to global migration policy and regularization programs; quantifies impacts useful for governments and practitioners. Mechanisms (legal rights, time to apply) generalize, though external validity beyond Colombia may vary.",0,100
Bahar et al. 2022,tier_should,tier,4.2,3.7,4.7,"Merits top field or marginal A-journal: credible causal design, important policy question, novel method, sizable effects. Some methodological complexity and replicability limits may keep it just below top general journals.",0,5
Bahar et al. 2022,tier_will,tier,3.9,3.4,4.3,"Likely to publish in a strong/top field journal (e.g., AEJ-type, JDE, JPubE). Novelty and policy relevance are strong; methodological novelty plus limited open materials may reduce odds of top general journal placement.",0,5
Banerjee et al 2022,overall,percentile,94.0,88.0,98.0,"Invents TVA for factorial policy selection, proves support recovery and post-selection inference under clear assumptions, validates via simulations, and applies to a large RCT to pick effective and cost‑effective bundles. Some strong assumptions (beta‑min, homoskedasticity) and selection‑conditional inference caveats temper certainty.",0,100
Banerjee et al 2022,claims_evidence,percentile,92.0,85.0,96.0,"Research questions and targets (best and cost‑effective policy) are explicit. Evidence combines a 915‑village factorial RCT with validated admin data, structured pooling, and winner’s‑curse adjustment. Power and multiple‑testing are addressed. Reliance on asymptotics and tuning choices remains.",0,100
Banerjee et al 2022,methods,percentile,93.0,86.0,97.0,"Methodologically strong: lattice‑based pooling rules, Puffer‑LASSO to handle collinearity, consistency results, post‑selection OLS, and hybrid correction for selection. Extensive simulations. Assumptions (beta‑min, K<n, homoskedasticity) and noise inflation under preconditioning, plus λ choice, are limitations.",0,100
Banerjee et al 2022,advancing_knowledge,percentile,91.0,83.0,96.0,"Provides a general, practical pipeline for selecting bundled policies from large factorials; informs immunization policy with quantified effects and cost‑effectiveness; shows complementarities. Useful beyond this setting. Extensions (heteroskedasticity, K≥n, open tools) would broaden impact.",0,100
Banerjee et al 2022,logic_communication,percentile,90.0,82.0,95.0,"Clear framing, definitions, assumptions, Hasse diagrams, and algorithms; rigorous propositions with proofs; results tied back to policy. Dense exposition may limit accessibility; some post‑selection inference issues are noted but not fully resolved in theory.",0,100
Banerjee et al 2022,open_science,percentile,68.0,55.0,80.0,"Detailed appendices, simulation designs, robustness checks, and intervention descriptions aid reproducibility. However, code/data availability is not clearly provided; admin data likely restricted; full replication would require released materials.",0,100
Banerjee et al 2022,global_relevance,percentile,93.0,86.0,98.0,"Directly targets low immunization in LMICs and offers a scalable way to choose among nudges; quantifies effects and per‑dollar gains; shows complementarity of ambassadors, SMS, incentives. Framework generalizes to other global‑priority bundles and informs implementation.",0,100
Banerjee et al 2022,tier_should,tier,4.6,4.1,5.0,"Strong, novel methodology with rigorous theory plus a high‑quality application and clear policy value. Fit for a top field or A‑journal in applied econometrics/development. Assumptions and selection‑inference caveats modestly limit ceiling.",0,5
Banerjee et al 2022,tier_will,tier,4.4,3.8,5.0,"Likely to place in a top field or marginal A‑journal given methodological contribution and impactful application. Some journals may be cautious about selection‑conditional inference details and data/code availability, creating variance in outcomes.",0,5
Banerjee et al. 2022,overall,percentile,92.0,87.0,97.0,"Novel, well-justified method (TVA) for high-dimensional factorial RCTs, with theory, simulations, and a large policy-relevant application. Thoughtful adjustment for winner’s curse. Assumptions (sparsity, beta-min, homoskedasticity) limit generality somewhat; replication materials not fully clear. Substantial impact for practice and methods.",0,100
Banerjee et al. 2022,claims_evidence,percentile,91.0,86.0,96.0,"Core questions are explicit: select/prune/pool policy variants and estimate best policy. Provides proofs, clear assumptions, simulations under multiple regimes, and a sizable RCT application. Correctly notes non-uniform post-selection inference and scope limits. Empirical results align with design; cost-effectiveness addressed.",0,100
Banerjee et al. 2022,methods,percentile,92.0,88.0,97.0,"Method combines Puffer-transformed LASSO for support recovery, pooling via lattice structure, post-selection OLS, and hybrid CIs for winner’s curse. Addresses irrepresentability; states growth and beta-min assumptions. Robust simulations; sensitivity analyses. Limits: homoskedasticity, reliance on sparsity, pointwise asymptotics.",0,100
Banerjee et al. 2022,advancing_knowledge,percentile,90.0,85.0,96.0,"Contributes a principled, general approach to policy selection from large factorial designs; advances post-selection inference in applied settings. Application yields actionable guidance for immunization policy and highlights complementarities. Likely to inform future experimental designs beyond this domain.",0,100
Banerjee et al. 2022,logic_communication,percentile,87.0,80.0,93.0,"Reasoning is transparent; assumptions and steps are explicit; diagrams/algorithms aid comprehension. Dense technical sections may challenge some readers, but applied sections summarize implications well. Conclusions track evidence and limitations are candid.",0,100
Banerjee et al. 2022,open_science,percentile,65.0,50.0,80.0,"Detailed methodological exposition and appendices; algorithms and robustness checks are extensive. However, code and data availability are not clearly provided for full replication; sensitive admin data may constrain sharing. Openness is moderate rather than exemplary.",0,100
Banerjee et al. 2022,global_relevance,percentile,93.0,88.0,98.0,"High relevance for global health policy and resource allocation. Findings on immunization and cost-effectiveness are actionable. TVA is broadly applicable to multi-arm, multi-dose policy problems common in LMIC settings and beyond, improving decision quality.",0,100
Banerjee et al. 2022,tier_should,tier,4.6,4.2,5.0,Methodological innovation with strong theory and a compelling large-scale application. Practical policy value plus generalizability. Merits a top field or general-interest outlet; borderline A-journal quality on content alone.,0,5
Banerjee et al. 2022,tier_will,tier,4.4,3.8,4.9,"Bridging theory and applied development may steer toward top field journals in econ/stats or strong interdisciplinary outlets. Publication prospects are very strong, though cross-field fit and replication assets may affect placement.",0,5
Banerjee et al. 2023,overall,percentile,93.0,88.0,97.0,"Large, carefully executed cluster RCT comparing long-term UBI, short-term UBI, and lump-sum transfers. Strong internal validity, rich multi-source data, clear pre-spec, and sensible theory. Important early results. Limits: short horizon, many outcomes, limited cross-arm power, some measurement issues.",0,100
Banerjee et al. 2023,claims_evidence,percentile,92.0,87.0,96.0,"Main questions and contrasts are explicit. Claims are generally calibrated to evidence, with frequent caveats on precision (e.g., prices) and power for pairwise tests. Pre-registered aggregates reduce cherry-picking. One-sided tests justified by theory. Clear when effects are null or borderline.",0,100
Banerjee et al. 2023,methods,percentile,90.0,84.0,94.0,"Village-level stratified randomization; high response; Conley SEs; enterprise census, markets, elder surveys; migrant tracking; pre-analysis plan. Sensible specifications. Limits: multiplicity (many outcomes), self-reports, net revenue excludes household labor, short time window, limited external spillover identification.",0,100
Banerjee et al. 2023,advancing_knowledge,percentile,96.0,92.0,99.0,First large-scale universal UBI RCT with 12-year commitment; early GE effects and tranching comparison (stream vs lump-sum) are novel and policy-relevant. Updates beliefs on savings/credit constraints and labor supply under UBI. Valuable to development policy and research agendas.,0,100
Banerjee et al. 2023,logic_communication,percentile,91.0,87.0,95.0,"Questions, setup, and theory–evidence link are clear. Assumptions and limitations are stated. Tables and appendices are comprehensive; narrative is coherent. Some density and breadth may tax readers, but conclusions track presented evidence; no overreach.",0,100
Banerjee et al. 2023,open_science,percentile,82.0,72.0,90.0,"Pre-analysis plan registered; design, balance, and integrity checks reported; IRB and conflicts disclosed. Replication seems feasible with shared data/code, but public code/data availability is not clearly documented here; some outcomes added via later phone survey.",0,100
Banerjee et al. 2023,global_relevance,percentile,96.0,92.0,99.0,"Directly informs UBI and cash transfer design in LMICs; quantifies economic and welfare effects and labor responses; tranching implications matter for implementers. Communicates uncertainties. External validity beyond setting/time remains to be seen, but practical value is high.",0,100
Banerjee et al. 2023,tier_should,tier,4.6,4.2,5.0,"Methodologically rigorous, novel, and highly policy-relevant. Even as an early round, results substantially advance understanding of UBI and transfer design. Merits a top field or marginal A-journal; with longer-term follow-ups, could warrant top general outlet.",0,5
Banerjee et al. 2023,tier_will,tier,4.4,3.8,5.0,"Likely to place in a strong top field or marginal A-journal given scale, novelty, and careful execution. Early horizon and cross-arm power limits may temper top-5 probability until longer-term results arrive.",0,5
Barberio et al. 2022,overall,percentile,78.0,70.0,86.0,"Well-scoped Monte Carlo of an mRNA EID vaccine megafund with transparent assumptions, correlated trial modeling, and broad sensitivity analysis. Insights are policy-relevant. Limitations: strong simplifying assumptions on demand/pricing, no code, limited validation/optimization.",0,100
Barberio et al. 2022,claims_evidence,percentile,77.0,70.0,84.0,"Main claims are clear and supported by simulation calibrated to literature and expert input; drivers explored with sensitivity analyses. However, evidence is model-based with uncertain outbreak/demand parameters and no empirical back-testing or external validation.",0,100
Barberio et al. 2022,methods,percentile,72.0,64.0,79.0,"Appropriate stochastic framework (correlated Bernoulli, outbreak process), biologically motivated correlation metric, manufacturing cost model, clear timelines. But key assumptions (dose needs, prices, cannibalization, phase-3 gating, discount rate) are strong; AMCs/stockpiles modeled only qualitatively.",0,100
Barberio et al. 2022,advancing_knowledge,percentile,84.0,76.0,90.0,"Extends prior vaccine megafund work by modeling outbreak stochasticity and full value chain for mRNA, quantifies price/subsidy thresholds, and highlights clinical trial costs as bottleneck—useful for policy design. Less novel methodologically; doesn’t implement policy instruments within the core model.",0,100
Barberio et al. 2022,logic_communication,percentile,86.0,80.0,92.0,"Goals, assumptions, and parameters are explicit; figures/tables align with narrative; reasoning is coherent and cautious about scope. Minor gaps (e.g., choice of disease X parameters, affordability modeling) but overall very clear.",0,100
Barberio et al. 2022,open_science,percentile,48.0,35.0,60.0,"Parameters and formulas documented with a supplement and literature sources, internal numbers consistent. But no code or data provided; replication would be nontrivial; no preregistration or robustness repository.",0,100
Barberio et al. 2022,global_relevance,percentile,93.0,88.0,97.0,"High practical relevance to pandemic preparedness and financing; provides quantitative thresholds and subsidy estimates that inform AMCs, stockpiles, guarantees. Some real-world factors (equity, procurement heterogeneity) are simplified.",0,100
Barberio et al. 2022,tier_should,tier,3.6,3.0,4.3,Solid applied contribution with clear modeling and policy insight; moderate methodological novelty and reliance on assumptions; limited openness. Fits strong field or marginal top field journals in health policy/OR/finance.,0,5
Barberio et al. 2022,tier_will,tier,3.4,2.8,4.1,"Given cross-disciplinary scope and modeling nature, likely in a strong field journal; A-journal possible but less likely without code/empirical validation.",0,5
Barker et al. 2021,overall,percentile,86.0,78.0,92.0,"Large, well-executed RCT of lay-delivered CBT in rural Ghana. Strong short-term impacts on mental/physical health and socioemotional skills; thoughtful RI-based inference and HTE. Clear framing and discussion of alternatives. Limits: reliance on self-reports, short horizon, modest cognitive/economic effects, limited cost-effectiveness and objective outcomes.",0,100
Barker et al. 2021,claims_evidence,percentile,82.0,74.0,89.0,"Main claims (short-run effects; two channels) are well stated and supported: significant indices, HTE by predicted distress for health; bandwidth gains broadly. Authors acknowledge time horizon. Weaknesses: mostly self-reported outcomes, small cognitive effects, limited objective economic measures; demand effects and social desirability cannot be ruled out.",0,100
Barker et al. 2021,methods,percentile,84.0,76.0,90.0,"Credible multi-stage RCT; rerandomization with transparent balance checks; randomization inference; indices to address multiplicity; cross-validated LASSO with holdout for HTE. Large sample and power. Limits: self-report bias, no blinding, short follow-up, many outcomes, unclear preregistration; objective outcomes scarce.",0,100
Barker et al. 2021,advancing_knowledge,percentile,80.0,70.0,88.0,"Shifts therapy from targeted clinical use to general human capital strategy among the poor; operationalizes ‘vulnerability’ via predictive HTE; demonstrates scalable lay delivery. Useful to policy and program design. However, lack of long-run outcomes and cost-effectiveness curbs immediate implementation guidance; external validity still uncertain.",0,100
Barker et al. 2021,logic_communication,percentile,85.0,78.0,92.0,"Goals and mechanisms clearly articulated; links to scarcity/bandwidth theory; transparent assumptions; thorough tables and appendices; consistent conclusions. Some complexity in randomization and RI may challenge non-experts; bandwidth construct could be operationalized further, but overall reasoning is clear and balanced.",0,100
Barker et al. 2021,open_science,percentile,62.0,50.0,72.0,"Methods, instruments, and ethics are well documented; intervention manual available. However, code/data availability is unclear; replication would be nontrivial given complex RI and sampling weights. More open materials (analysis code, deidentified data, pre-analysis plan) would substantially improve reproducibility.",0,100
Barker et al. 2021,global_relevance,percentile,88.0,80.0,94.0,Highly relevant to global priorities: scalable therapy for the poor with promising human capital effects. Actionable insights for delivery by non-specialists. Limits: no long-run follow-up yet and limited cost data restrain prioritization and budgeting; contextual factors may affect generalizability.,0,100
Barker et al. 2021,tier_should,tier,3.7,3.2,4.2,"Merits publication in a strong field journal; potentially marginal A with longer-term or more objective outcomes. Strong design and policy relevance, but short horizon and self-reported outcomes temper fit for top-tier general outlets.",0,5
Barker et al. 2021,tier_will,tier,3.5,3.0,4.0,Likely to place in a strong development/applied econ field journal; could reach marginal A if complemented by longer-run or objective impacts. Some uncertainty due to reliance on self-reports and lack of cost-effectiveness at this stage.,0,5
Benabou et al. 2023,overall,percentile,86.0,80.0,91.0,"Ambitious, well-executed multi-game experimental study introducing an EVM paradigm. Preregistered, careful attention/comprehension checks, aligned robustness, clear findings (context-dependent EVM, SVO consistency, trolley non-predictive). Limits: student/online sample, correlational analysis, unclear data/code.",0,100
Benabou et al. 2023,claims_evidence,percentile,88.0,83.0,93.0,"Core claims (prevalence of deontological choices; weak cross-task consistency; trolley weak predictor; SVO stability; questionnaires limited) are explicit and supported by within-subject design (12 tasks, N≈548), preregistration, aligned variants, comprehension/memory checks, and appropriate stats.",0,100
Benabou et al. 2023,methods,percentile,84.0,78.0,90.0,"Design is appropriate and transparent: randomization, incentives incl. real-stakes SAL, preregistered tests, attention/comprehension checks, correlations/PCA. Caveats: convenience student sample; dichotomous EVM outcomes; multiple testing mostly descriptive; mechanisms not structurally modeled.",0,100
Benabou et al. 2023,advancing_knowledge,percentile,85.0,78.0,90.0,Introduces flexible EVM tasks beyond trolley and shows EVM choices are context-dependent while SVO preferences are consistent. Important for behavioral ethics and AI/AV ethics. Less direct policy quantification; external validity and cultural generalizability remain open.,0,100
Benabou et al. 2023,logic_communication,percentile,88.0,82.0,93.0,Questions and constructs are clear; tasks and treatments well-documented; figures/tables align; conclusions match evidence and note limits. Minor issues: length/density; limited reporting of effect sizes/multiplicity adjustments.,0,100
Benabou et al. 2023,open_science,percentile,74.0,60.0,85.0,"Strong on transparency: preregistration, ethics approvals, detailed procedures, aligned replications. Data/code availability not explicit here; replicability would benefit from open materials and analysis code.",0,100
Benabou et al. 2023,global_relevance,percentile,66.0,55.0,75.0,"Relevance for AI/AV ethics, policy evaluation of moral tradeoffs, and design of experiments/surveys. Limited immediate practitioner guidance or cost–benefit quantification; sample mainly Western students reduces direct global applicability.",0,100
Benabou et al. 2023,tier_should,tier,4.2,3.6,4.7,"Rigor, novelty, and broad interest justify top field or marginal A placement in behavioral/experimental econ or interdisciplinary outlets. Slight limits: external validity and mainly descriptive mechanisms.",0,5
Benabou et al. 2023,tier_will,tier,4.0,3.2,4.5,Likely to publish in a strong field or marginal A journal given design quality and interest across econ/psych; A-journal possible but uncertain due to external validity and descriptive focus.,0,5
Benjamin et al. 2023,overall,percentile,92.0,88.0,96.0,"Innovative framework to measure/adjust scale-use heterogeneity with clear theory (shifter/stretcher), multiple estimators, simulations, and validations. Empirical applications illuminate when adjustments matter. Limits: MTurk sample, assumption set (linearity, independence), and reliance on well-designed CQs. Still, substantial rigor and likely field impact.",0,100
Benjamin et al. 2023,claims_evidence,percentile,87.0,82.0,92.0,"Main claims are tightly scoped, assumptions explicit, and supported by derivations, simulations, and multiple empirical checks (including validation versus objective measures). They discuss threats (vignette biases, height dependence) and show when adjustments change results. External validity beyond MTurk is noted but limited.",0,100
Benjamin et al. 2023,methods,percentile,90.0,86.0,95.0,"Strong econometric development (linear translation, MOM, semi-parametric, comprehensive MLE), bias decompositions, finite-sample simulations, and persistence analysis. Assumptions are justified and tested where possible; tradeoffs are transparent. Some dependence on parametric choices and independence assumptions remains.",0,100
Benjamin et al. 2023,advancing_knowledge,percentile,84.0,77.0,90.0,"Bridges SWB, psychometrics, and econometrics; provides practical tools to correct a known confound. Impacts estimation of means, variances, regressions, and factor structures; reframes SWB inequality and policy-relevant inferences. Value is high even with non-representative data, as methods generalize.",0,100
Benjamin et al. 2023,logic_communication,percentile,90.0,86.0,94.0,"Clear articulation of goals, concepts, assumptions, and implications. Logical flow from theory to estimators to applications. Figures/tables aid interpretation; height dependence insight is well-motivated. Lengthy, but reasoning is transparent and caveats are candid.",0,100
Benjamin et al. 2023,open_science,percentile,72.0,58.0,85.0,Pre-registration and extensive appendices strengthen credibility. Assumptions and procedures are specified enough for replication in principle. Unclear if full code and de-identified data are openly available; HPC mention suggests complex pipelines. Openness above average but not exemplary.,0,100
Benjamin et al. 2023,global_relevance,percentile,78.0,70.0,86.0,SWB is central to policy and global priorities; uncorrected scale use can mislead inequality and welfare analyses. Methods are applicable to surveys and experiments; guidance for practitioners is actionable. External validity limits from MTurk and CQ design choices slightly temper immediate policy uptake.,0,100
Benjamin et al. 2023,tier_should,tier,4.5,4.0,5.0,"Conceptually strong and methodologically rigorous with broad applicability to SWB and survey measurement. Merits a top field to A-journal given novelty, careful theory, and convincing applications, despite sample limitations and reliance on assumptions for identification.",0,5
Benjamin et al. 2023,tier_will,tier,4.3,3.7,4.8,"Likely to place in a top field or marginal A-journal. Strong methods and clear contributions; some editors may flag MTurk sample and assumption reliance, but impact on SWB practice is significant, supporting high-tier publication prospects.",0,5
Bergeron et al. 2024,overall,percentile,88.0,82.0,93.0,"Ambitious blend of evolutionary theory and broad empirics. Clear, testable predictions borne out in DRC and WVS with multiple validations and robustness checks. Limits: largely associative identification, perception-based measures, and some speculative historical extrapolation. Still a substantial, coherent contribution.",0,100
Bergeron et al. 2024,claims_evidence,percentile,78.0,70.0,86.0,"Claims are precise and mostly matched by evidence across two DRC samples and large WVS. Validations (vignettes, rainfall/GDP growth, clustering, RI p-values) strengthen credibility. But designs are observational, with potential endogeneity, reverse causality, and multiple testing concerns; sigma/alpha measured imperfectly.",0,100
Bergeron et al. 2024,methods,percentile,80.0,72.0,88.0,"Formal evolutionary model with clean derivations and comparative statics; sensible extensions. Empirics use PCA indices, FE, clustering, RI, and within-‘alpha’ deciles. However, no causal design/IV; perceptions proxy for α; σ measure indirect; limited correction for multiplicity; structural calibration absent.",0,100
Bergeron et al. 2024,advancing_knowledge,percentile,86.0,80.0,92.0,"Introduces and formalizes ‘demotivating beliefs’ linked to zero-sum environments; predicts welfare–well-being divergence; connects to innovation barriers. Bridges cultural evolution and development with consistent cross-context evidence. Actionable levers are less developed, but conceptual advance is substantial.",0,100
Bergeron et al. 2024,logic_communication,percentile,90.0,85.0,95.0,"Clear goals, definitions, and transparent assumptions. Predictions summarized; proofs supplied; variable construction well-documented; many informative figures and robustness checks. Historical discussion is flagged as suggestive. Writing is coherent and easy to follow.",0,100
Bergeron et al. 2024,open_science,percentile,62.0,45.0,75.0,"Surveys, instruments, and construction details provided; WVS/CRU/GDP sources are public. However, no explicit replication package or code link; DRC microdata availability unclear. Reproducibility plausible but not guaranteed without code/data release.",0,100
Bergeron et al. 2024,global_relevance,percentile,82.0,72.0,90.0,"Highly relevant to development, social cohesion, and policy framing of competition/zero-sum thinking; links beliefs to welfare and well-being. Offers quantitative proxies and broad evidence. Practical policy guidance is indirect and causal levers are not pinned down.",0,100
Bergeron et al. 2024,tier_should,tier,4.3,3.7,4.8,"Strong theory plus broad, careful empirics with novel cross-walk between micro beliefs and macro outcomes. Identification limits likely preclude top-5, but merits top field or marginal A outlet based on rigor, breadth, and contribution.",0,5
Bergeron et al. 2024,tier_will,tier,4.0,3.3,4.6,Likely to publish in a top field or marginal A journal given breadth and interest; observational identification may deter the very top general journals but still attractive to strong field outlets.,0,5
Bettle 2023,overall,percentile,78.0,70.0,86.0,"Clear, practical framework linking internal (Type M/S) and external validity to CEA discounts. Well-grounded in literature and offers actionable steps and examples. Novelty is moderate and empirical validation is limited; relies on synthesis and heuristics rather than new analyses.",0,100
Bettle 2023,claims_evidence,percentile,74.0,65.0,85.0,"Questions and claims are explicit; evidence draws on credible replication/heterogeneity literature. Provides quantitative rules-of-thumb (Type M 50–60%, rare Type S, ~99% heterogeneity). Limited original estimation, some dependence on preprints/judgment, and no formal meta-analysis.",0,100
Bettle 2023,methods,percentile,76.0,68.0,84.0,"Approach is reasonable: emphasize power, publication bias, retrodesign, and mechanistic external validity. Assumptions are stated and guidance is operational. However, no preregistered review protocol, limited robustness checks, and several heuristic steps remain subjective.",0,100
Bettle 2023,advancing_knowledge,percentile,75.0,66.0,84.0,"Useful standardization for CEAs, likely to improve practice and reduce overestimation. Value concentrated in applied decision-making for global dev/EA. Less contribution to academic theory; limited new empirical results or tools.",0,100
Bettle 2023,logic_communication,percentile,84.0,78.0,90.0,"Very clear structure and goals; key concepts defined; reasoning transparent with figures and a worked example. Conclusions align with cited evidence. Minor areas rely on heuristics without full quant justification, but overall communication is strong.",0,100
Bettle 2023,open_science,percentile,60.0,50.0,70.0,"Synthesis piece with references and some pointers to tools. No replication package, datasets, or code; the proposed discount library/tools are not fully provided. Internal consistency is good; reproducibility of recommendations could be improved with open calculators/templates.",0,100
Bettle 2023,global_relevance,percentile,80.0,72.0,88.0,"Directly addresses how to translate RCT evidence into CEAs for global health/development. Emphasizes external validity, scale-up, and uncertainty; provides quantifiable guidance that practitioners can use in prioritization and policy.",0,100
Bettle 2023,tier_should,tier,3.2,2.6,3.8,Strong applied methodological guide suitable for evaluation/evidence-use journals or top field outlets focused on development policy/practice. Not A-journal novelty but substantial practical value and clarity justify top B/strong field placement.,0,5
Bettle 2023,tier_will,tier,2.7,2.0,3.4,"As a practitioner-oriented report, more likely to land in a decent field/policy-evaluation journal or remain as an institutional report. If submitted, odds favor marginal-to-strong field journals over top field/A-journals.",0,5
Bhat et al. 2022,overall,percentile,92.0,87.0,96.0,"Compelling long-run follow-up of two psychotherapy RCTs in India. Strong, transparent analyses (pre-registration, ITT, DML, multiple-testing control), innovative belief-updating tasks, and clear policy relevance with cost-effectiveness. Limits: attrition (balanced), one trial null on MH, limited power for some econ outcomes, external validity.",0,100
Bhat et al. 2022,claims_evidence,percentile,90.0,84.0,95.0,"Main claims are clear and matched to evidence: sustained depression reductions (HAP), mechanisms via beliefs, null economic outcomes. Balanced attrition; preregistered; FDR corrections; robustness checks; incentivized measures. Some reliance on self-reports; preference/economic outcomes less powered; THPP null limits generalization.",0,100
Bhat et al. 2022,methods,percentile,88.0,82.0,93.0,"Sound RCT follow-up; careful measurement; DML controls; structural belief-updating model; mediation; expert-forecast benchmarking; multiple robustness and FDR. Assumptions reasonable. Limitations: underpowered for some labor/consumption outcomes, possible measurement error/comprehension in tasks, one trial with high spontaneous remission.",0,100
Bhat et al. 2022,advancing_knowledge,percentile,92.0,86.0,96.0,"Rare long-run evidence on psychotherapy in LMICs; quantifies persistence and cost-effectiveness; novel behavioral insights on self-confidence/updating; updates expert priors; clarifies limited labor-market spillovers, guiding integration with economic interventions.",0,100
Bhat et al. 2022,logic_communication,percentile,90.0,84.0,95.0,Goals and concepts are clear; assumptions and analysis pathways explicit; tables/figures well-integrated; limitations and alternative explanations discussed. Dense in places but arguments remain coherent and consistent with evidence.,0,100
Bhat et al. 2022,open_science,percentile,74.0,60.0,85.0,"Pre-registered; detailed protocols, appendices, and task descriptions; expert forecasts shared. However, public code/data availability is unclear; full computational reproducibility may be limited without additional materials.",0,100
Bhat et al. 2022,global_relevance,percentile,93.0,88.0,97.0,"Directly relevant to global mental health and poverty policy in LMICs. Provides credible cost-effectiveness (depression-months averted/$), practical insights on beliefs/demand, and realistic take on economic outcomes, informing program design and scale-up.",0,100
Bhat et al. 2022,tier_should,tier,4.6,4.2,4.9,"Merits top field or marginal A-journal: rigorous RCT evidence with long-run follow-up, novel behavioral mechanisms, strong policy relevance and cost-effectiveness. Minor limits (power for econ outcomes, one trial null) slightly temper general-interest reach.",0,5
Bhat et al. 2022,tier_will,tier,4.4,3.8,4.8,"Likely to place in a strong top field or marginal A-journal in development/health/behavioral econ. The null on economic outcomes may reduce general-interest odds, but methodological strength and policy relevance support high-tier publication.",0,5
Bhattacharya and Packalen 2020,overall,percentile,74.0,65.0,82.0,"Persuasive, policy-relevant synthesis linking incentive metrics to exploration. Clear framework and concrete proposals (edge/novelty metrics). Limited new empirical identification within this paper tempers confidence, but contribution to debate is substantive.",0,100
Bhattacharya and Packalen 2020,claims_evidence,percentile,61.0,50.0,70.0,"Main claims are clearly stated; supportive literature and one descriptive analysis (novelty vs. citations) are presented. However, causal links from citation-focused incentives to stagnation are argued rather than demonstrated here; reliance on prior work limits evidential strength.",0,100
Bhattacharya and Packalen 2020,methods,percentile,57.0,47.0,67.0,"Simple lifecycle model is reasonable; text-based novelty measurement approach is outlined with awareness of pitfalls (synonyms, gaming). Yet this paper provides little new operational detail, validation, or robustness checks; bias mitigation and alternative explanations are not rigorously tested.",0,100
Bhattacharya and Packalen 2020,advancing_knowledge,percentile,73.0,62.0,83.0,Shifts focus from impact-only metrics to a balanced impact/novelty evaluation; offers implementable changes for funders and platforms. Adds value for science policy and incentive design despite modest methodological innovation within the paper.,0,100
Bhattacharya and Packalen 2020,logic_communication,percentile,81.0,73.0,88.0,"Well-organized narrative, explicit assumptions, helpful figures, and clear definitions. Reasoning is mostly transparent; acknowledges limitations. Occasional overreach in attributing stagnation causally to citations without full identification.",0,100
Bhattacharya and Packalen 2020,open_science,percentile,40.0,28.0,55.0,"Methods are described conceptually but not to replication-ready detail; no code/data are provided for the empirical illustration. Prior datasets and tools are referenced, but reproducibility from this paper alone is limited.",0,100
Bhattacharya and Packalen 2020,global_relevance,percentile,84.0,74.0,92.0,"Topic directly impacts global science productivity and innovation policy. Recommendations are actionable for funders, universities, and platforms. While quantitative policy tradeoffs are not fully estimated, practical relevance is high.",0,100
Bhattacharya and Packalen 2020,tier_should,tier,3.8,3.3,4.3,"Strong, timely contribution to science-of-science and policy discourse, suitable for a top field journal. Lack of rigorous new empirical identification and limited replication materials likely preclude an A-journal but merit high field placement.",0,5
Bhattacharya and Packalen 2020,tier_will,tier,3.4,2.8,4.0,"As a conceptually driven, policy-oriented piece with limited new empirical work, it is most likely to publish in a strong field journal; with careful framing, a top field outlet is plausible but less certain.",0,5
Bilal and Kaenzig 2024,overall,percentile,95.0,90.0,98.0,"Innovative time-series design on global temperature with extensive robustness, strong panel corroboration, and structural mapping to welfare/SCC. Clear logic and large policy relevance. Residual concerns: small T sample, remaining identification risks, linearity, and aggregation choices. Still, quality and potential impact are exceptional.",0,100
Bilal and Kaenzig 2024,claims_evidence,percentile,90.0,85.0,95.0,"Main questions are explicit; shocks defined; impulse responses sizable and persistent; many robustness checks (controls, alternative filters, subsamples, Granger tests, spillovers, extremes). Structural translation and sensitivity are transparent. Causality still hinges on orthogonality and controls; limited sample leaves tail risks.",0,100
Bilal and Kaenzig 2024,methods,percentile,88.0,80.0,93.0,"Local projections with Hamilton-filtered shocks, Driscoll–Kraay SEs, rich controls, reverse-causality adjustment, and panel validation are appropriate. Structural estimation via sequence-space inversion is elegant and conservative. Limitations: short global series, linearity, expectations treatment, and potential omitted global confounders.",0,100
Bilal and Kaenzig 2024,advancing_knowledge,percentile,97.0,93.0,99.0,"Reorients climate–macro from local to global temperature, links to extremes, reconciles gaps, and provides macro-consistent damage functions and SCC/DCC with policy implications. High likelihood of shaping subsequent research and policy modeling.",0,100
Bilal and Kaenzig 2024,logic_communication,percentile,92.0,85.0,96.0,"Clear framing, definitions, and transparent reasoning. Figures and appendices support claims; assumptions and limitations are stated; sensitivity is broad. Some technical density may challenge non-specialists, but argument flow is coherent.",0,100
Bilal and Kaenzig 2024,open_science,percentile,74.0,60.0,85.0,"Relies on public datasets; construction steps, filters, and estimation procedures are detailed; numerous robustness checks. However, no explicit code/data replication package is evident here; some replication burden remains.",0,100
Bilal and Kaenzig 2024,global_relevance,percentile,98.0,94.0,100.0,"Directly informs SCC, welfare losses, and policy cost-effectiveness under plausible warming. Highly actionable for governments and international bodies; communicates headline magnitudes accessibly while noting caveats.",0,100
Bilal and Kaenzig 2024,tier_should,tier,4.8,4.3,5.0,"Merits top general-interest or top field outlet: novel identification (global temperature shocks), strong robustness, and impactful structural implications. Remaining debates on identification/magnitude do not outweigh contribution.",0,5
Bilal and Kaenzig 2024,tier_will,tier,4.6,3.8,5.0,"High chance of A or top field publication given novelty, rigor, and policy salience. Controversy and small T-sample may lengthen review or shift to top field, but outlook remains very strong.",0,5
Blimpo and Castaneda-Dower 2025,overall,percentile,78.0,65.0,88.0,"Well-executed RCT with clear balance, robust ITT and IV results, and a coherent mechanism linking civic info to sorting in tax participation. Strong policy relevance. Limits: modest sample, single-city context, measurement noise (revenue, missing tax receipts), some marginal p-values, and limited open-science practices.",0,100
Blimpo and Castaneda-Dower 2025,claims_evidence,percentile,75.0,60.0,85.0,"Main claims are clearly stated and largely supported: info improved knowledge, reduced extensive participation, increased activity and revenues via composition. Heterogeneity, qualitative follow-ups, and a simple model triangulate. Weaknesses: many missing tax amounts, zero imputation, some effects borderline without controls.",0,100
Blimpo and Castaneda-Dower 2025,methods,percentile,72.0,55.0,85.0,"Sampling frame reasonable, randomization balanced, ANCOVA and IV appropriate, robustness with controls; model rationalizes findings. Concerns: modest N, self-reported revenue proxies, partial outcome verification, potential spillovers not tightly bounded, no pre-analysis plan, single site.",0,100
Blimpo and Castaneda-Dower 2025,advancing_knowledge,percentile,80.0,65.0,90.0,"Provides novel and policy-relevant insight: civic information can empower informal firms, shift compliance composition, increase activity and taxable revenue without widening the base. Adds to tax mobilization and state capacity literature focused on MIEs. Useful for intervention design.",0,100
Blimpo and Castaneda-Dower 2025,logic_communication,percentile,80.0,70.0,90.0,"Questions, theory, and empirical results are laid out clearly. Assumptions are stated; alternative explanations considered. Tables and figures support the narrative. Some exploratory analyses risk over-interpretation, but overall reasoning is coherent and consistent with evidence.",0,100
Blimpo and Castaneda-Dower 2025,open_science,percentile,40.0,25.0,60.0,"Procedures are described in useful detail, but no pre-registration, data, or code availability is indicated. Several measures rely on constructed variables; replicability would benefit from shared materials. Internal consistency appears good.",0,100
Blimpo and Castaneda-Dower 2025,global_relevance,percentile,85.0,70.0,95.0,"Highly relevant to LMIC tax policy, informality, and state capacity. Offers actionable insights on taxpayer education and targeting. External validity may be limited by single-city context, but mechanisms likely travel across similar settings.",0,100
Blimpo and Castaneda-Dower 2025,tier_should,tier,3.8,3.2,4.4,"Merits publication in a strong field or marginal top field journal: solid RCT, novel mechanism, and policy salience. Constraints (measurement gaps, modest N, single context, limited open science) likely keep it below top general journals.",0,5
Blimpo and Castaneda-Dower 2025,tier_will,tier,3.4,2.8,4.0,"Likely outcome is a top B/strong field or possibly top field development/public finance outlet. Interest and novelty are strong, but data limitations and scope may deter A-journal acceptance.",0,5
Bruers 2021,overall,percentile,54.0,42.0,65.0,"Novel attempt to monetize animal-welfare externalities with a clear theory and sensitivity checks; however, reliance on highly hypothetical scenarios, small effective samples, extreme skew/outliers, and ad hoc exclusions limit credibility and precision. Some policy extrapolations outrun the evidence.",0,100
Bruers 2021,claims_evidence,percentile,48.0,35.0,58.0,"Main questions are explicit; results show consistent sign patterns. Yet evidence is hypothetical with large WTA–WTP gaps, selection and outlier issues, and weak power. Authors note limits, but claims about tax design and magnitudes exceed what the data can firmly support.",0,100
Bruers 2021,methods,percentile,37.0,25.0,48.0,"Imaginative CV design but vulnerable to transformative-experience and hypothetical bias. High attrition, arbitrary outlier handling, and mixing Belgian valuations with US market data weaken validity. Nonparametric tests are appropriate; robustness limited.",0,100
Bruers 2021,advancing_knowledge,percentile,62.0,50.0,75.0,"Provides rare quantitative estimates of animal-welfare costs and highlights misalignment with consumer WTP and climate taxes. Offers decision-relevant orders of magnitude and frames future research, despite low precision and contested methodology.",0,100
Bruers 2021,logic_communication,percentile,64.0,52.0,76.0,"Clear framing, transparent assumptions, and extensive caveats. Tables are readable. Some leaps (survey-to-kg costs, cross-context extrapolations) and exclusion thresholds could be better justified; conclusions should be hedged more.",0,100
Bruers 2021,open_science,percentile,30.0,15.0,45.0,Methods described but no public data/code indicated. Questionnaire not fully reproduced; outlier and weighting choices only partly specified. Independent reproduction would be difficult.,0,100
Bruers 2021,global_relevance,percentile,70.0,58.0,82.0,"Directly relevant to animal welfare prioritization and meat taxation. Provides per-kg ranges and policy implications. External validity is uncertain, but the questions and comparisons are practically important for policymakers and advocates.",0,100
Bruers 2021,tier_should,tier,2.3,1.6,3.0,"Thought-provoking with important topic and insights, but methodological weaknesses (hypothetical bias, attrition, outliers) limit reliability. Suits a decent field journal after strengthening robustness and transparency rather than a top outlet.",0,5
Bruers 2021,tier_will,tier,1.9,1.2,2.6,"Given contentious methods and extrapolations, more likely to land in a marginal-to-solid field journal in environmental/animal-welfare economics or interdisciplinary policy venues than in top field journals.",0,5
Buntaine et al. 2023,overall,percentile,94.0,89.0,97.0,"Nationwide RCT leveraging real-time emissions data; strong identification; mechanism test via visibility; GE design; multiple outcomes including ambient pollution. Results are large and policy-relevant. Limits: 8-month horizon, concentration focus, administrative data access, some mechanism inference remains suggestive.",0,100
Buntaine et al. 2023,claims_evidence,percentile,92.0,88.0,96.0,"Main claims are precise and supported by firm-level ITT, event studies, heterogeneity, and ambient outcomes. Mechanism evidenced by randomized boosts in social media visibility and regulator responses; alternative channels probed. Some mechanisms cannot be fully ruled in/out.",0,100
Buntaine et al. 2023,methods,percentile,92.0,88.0,96.0,"Thoughtful multi-arm firm-level randomization plus cross-randomized intensity; appropriate FE, two-way clustering; balance checks; verification of violations; IV robustness. Concerns: short window, manual screening may introduce judgment, limited pre-spec detail visible.",0,100
Buntaine et al. 2023,advancing_knowledge,percentile,93.0,88.0,97.0,"Rare, large-scale experimental evidence on citizen participation and social media in environmental enforcement, including GE effects. Offers actionable insights for governance and regulation design; quantifies sizable impacts. High relevance beyond the specific context.",0,100
Buntaine et al. 2023,logic_communication,percentile,90.0,85.0,95.0,"Clear set-up, definitions, and reasoning; consistent tables/figures; limitations noted. Narrative links claims to evidence transparently. Minor areas could be tighter (e.g., discussion of concentration vs emissions, selection in violation verification).",0,100
Buntaine et al. 2023,open_science,percentile,65.0,55.0,75.0,"RCT registered; data appendix and methodological detail. However, core administrative datasets likely restricted; unclear if replication code and full data are public. Replicability feasible in method but constrained by access.",0,100
Buntaine et al. 2023,global_relevance,percentile,92.0,86.0,96.0,Directly informs design of complaint and social media mechanisms for environmental governance with large welfare stakes. Quantifies effects and hints at cost-effectiveness. Lessons generalize to other regulatory contexts.,0,100
Buntaine et al. 2023,tier_should,tier,4.6,3.8,5.0,"Innovative national-scale RCT with GE analysis, strong causal evidence, and clear policy relevance. Merits top field or marginal A placement on content and rigor.",0,5
Buntaine et al. 2023,tier_will,tier,4.3,3.5,4.8,"Likely to place in a top field or marginal A venue. High quality and impact, though topic specialization and data access constraints may reduce A-journal odds.",0,5
Carson et al. 2023,overall,percentile,81.0,74.0,88.0,"Rigorous discrete choice experiments with active biomedical scientists; strong econometric modeling and robustness; thoughtful heterogeneity and budget tests; clear policy implications. Limits: hypothetical choices, 9% response rate, external validity to real funding outcomes, and selection concerns.",0,100
Carson et al. 2023,claims_evidence,percentile,82.0,75.0,88.0,"Claims are clear and tightly linked to evidence. Randomized score distributions, best–worst ranking, fixed-effects conditional logit, MNL/G-MNL checks, and placebo strengthen inference. External applications illustrate stakes. No causal link to downstream scientific impact; sample selection risk.",0,100
Carson et al. 2023,methods,percentile,78.0,70.0,85.0,"Well-justified DCE/BIBD, transparent modeling, clustered SEs, fixed effects, heterogeneity via MeSH, placebo via hover, and sensitivity checks. Weaknesses: hypothetical/stated preference, low response rate, potential nonresponse bias, scale heterogeneity, proxy measurement of expertise.",0,100
Carson et al. 2023,advancing_knowledge,percentile,77.0,68.0,85.0,"Advances science-of-science by quantifying preference for dissensus, expert tolerance, and budget effects; provides actionable guidance (incorporate variance, tie-breaking). Contribution is policy-relevant but indirect—no measured impact on actual scientific outcomes; field scope is biomedical.",0,100
Carson et al. 2023,logic_communication,percentile,86.0,80.0,92.0,"Goals, assumptions, and hypotheses are explicit. Design and randomization are clear; analyses and robustness well explained; tables/figures align with narrative. Limitations noted. Logical flow from theory to evidence to implications is strong.",0,100
Carson et al. 2023,open_science,percentile,60.0,45.0,70.0,"Design and estimation details are clear; a data appendix is provided. However, no clear public release of full microdata/code; replication may be constrained by confidentiality. Reasonable transparency for methods but limited full reproducibility.",0,100
Carson et al. 2023,global_relevance,percentile,73.0,62.0,82.0,"Highly relevant to global research funding policy; practical insights (use variance, expert weighting, budget effects) could shift large allocations. Focused on NIH/biomed; limited cross-domain quantification and no direct cost–benefit estimates.",0,100
Carson et al. 2023,tier_should,tier,4.2,3.6,4.7,"Strong, policy-relevant science-of-science with rigorous experimental design and careful analysis. Merits a top field outlet (e.g., Management Science/Research Policy/PNAS-type). Lacks hard outcome validation for generalist flagship journals.",0,5
Carson et al. 2023,tier_will,tier,3.9,3.2,4.5,"Likely to place in a strong/top field journal in management/science policy/econ of science. Generalist A-journals less likely given stated-preference design and no outcome data, though high-profile field outlets are plausible.",0,5
Caviola et al. 2022,overall,percentile,84.0,76.0,90.0,"Nine well-powered experiments systematically probe population-ethics intuitions. Multiple preregistrations, converging manipulations, transparent reporting. Limits: US online samples, hypothetical vignettes, scale comprehension/construct validity concerns, external validity. Still a substantial, coherent contribution.",0,100
Caviola et al. 2022,claims_evidence,percentile,82.0,74.0,90.0,"Questions are explicit (valence asymmetry, average vs total, creation value). Evidence is multi-pronged and generally strong; reflection manipulations support interpretation. Alternative explanations and limits discussed. Some comprehension failures and reliance on self-reports reduce strength.",0,100
Caviola et al. 2022,methods,percentile,79.0,70.0,86.0,"Random assignment, attention checks, power analyses, appropriate t-tests/ANOVAs; several preregistrations; OSF materials. Main weaknesses: hypothetical ratings, MTurk/Prolific convenience samples, framing/scale interpretation, limited external validity. Robust within these constraints.",0,100
Caviola et al. 2022,advancing_knowledge,percentile,77.0,68.0,86.0,"Provides one of the first systematic psychological mappings of population-ethics intuitions; clarifies patterns (suffering overweight, averagism vs totalism, intuition vs reflection). Valuable to moral psychology/philosophy. Less direct for interventions; generalizability bounded to vignettes.",0,100
Caviola et al. 2022,logic_communication,percentile,88.0,82.0,94.0,"Goals, constructs, and assumptions are clear; reasoning transparent and consistent with evidence; limitations candid. Figures/tables aid comprehension. Minor residual ambiguity around happiness-scale interpretation.",0,100
Caviola et al. 2022,open_science,percentile,93.0,88.0,98.0,"Data/materials/code shared; multiple preregistrations; full reporting of measures, exclusions, and power justifications. Replication feasible; high transparency and integrity.",0,100
Caviola et al. 2022,global_relevance,percentile,66.0,52.0,78.0,Indirectly informs global priorities via empirical inputs to population ethics/longtermism. No direct policy tests or quantified impacts; US-centric samples and hypothetical contexts limit immediate applicability.,0,100
Caviola et al. 2022,tier_should,tier,4.3,3.8,4.7,"On merit, fits a top field journal: rigorous, transparent, and novel empirical contribution at the psychology–ethics interface. Not a methodological breakthrough or direct policy study, but strong execution and clarity.",0,5
Caviola et al. 2022,tier_will,tier,4.2,3.6,4.7,"Given rigor, novelty, and breadth, likely to publish in a strong/top field cognitive or moral psychology outlet. Some risk from external-validity and construct concerns, but overall strong publishability.",0,5
Chuard et al. 2022,overall,percentile,78.0,70.0,86.0,"Strong, careful head-to-head of epidemiological accounting vs reduced-form methods around US measles vaccine. Predictive validation, extensive checks, and transparent nulls. Reduced-form results robust and policy-relevant. Limits: inferred reporting rates, national vaccine series, migration/measurement error, moderate novelty.",0,100
Chuard et al. 2022,claims_evidence,percentile,80.0,72.0,88.0,"Claims are clear and testable: SIR-based infection shares vs mortality-based reduced form for long-run outcomes. Evidence includes predictive checks, cohort regressions with FE/trends, Bartik, and mortality validation. Characterizes limitations. Remaining concerns: national rollout data, reporting-rate estimation, residual confounding.",0,100
Chuard et al. 2022,methods,percentile,73.0,65.0,82.0,"Dynamic accounting grounded in SIR; reporting-rate correction; distributes cases by susceptibles; validated by outbreak prediction. Econometrics standard (state/cohort/age FE, clustering). Sensitivity across key parameters. Assumptions (age-invariant risk, no migration, birth-year error) and lack of state vaccine data may bias. RF relies on parallel trends.",0,100
Chuard et al. 2022,advancing_knowledge,percentile,75.0,67.0,83.0,Clarifies when epidemiological modeling helps (short-run prediction) and when reduced-form severity proxies better capture human-capital effects. Provides useful guidance for applied micro and vaccine policy. Adds evidence alongside contemporaneous work; contribution is incremental rather than a breakthrough.,0,100
Chuard et al. 2022,logic_communication,percentile,82.0,74.0,90.0,"Goals and contrasts are clear; assumptions and construction of measures explained; figures/tables support arguments; null and counterintuitive signs discussed candidly. Some implementation details (mobility handling, more formal diagnostics) could be expanded but overall communication is strong.",0,100
Chuard et al. 2022,open_science,percentile,55.0,40.0,70.0,"Data sources are public and well referenced; construction steps described. However, no explicit replication package/code release or shared constructed panels is evident. Some choices (reporting-rate estimation functions) would benefit from code and metadata to ensure reproducibility.",0,100
Chuard et al. 2022,global_relevance,percentile,72.0,62.0,82.0,"Vaccination and disease-elimination valuation matter globally. Results emphasize benefits where disease severity is high, guiding LMIC prioritization and maintenance of coverage. Evidence is US-focused and doesn’t quantify costs/benefits, limiting immediate policy calculus but still practically informative.",0,100
Chuard et al. 2022,tier_should,tier,3.8,3.0,4.5,"Merits a strong field or marginal top-field outlet in applied micro/health (clear question, credible methods, robust results, policy relevance). Novelty is moderate and some identification/data limitations remain, likely keeping it below a top general-interest journal.",0,5
Chuard et al. 2022,tier_will,tier,3.6,2.8,4.2,"Likely to place in a top field/strong B journal in health/applied micro. Solid execution and relevance, but incremental contribution and data limitations may limit reach to marginal A. Some chance of lower if referees emphasize identification concerns; some chance higher if framed for health econ.",0,5
Clancy 2024,overall,percentile,86.0,78.0,92.0,"Ambitious, careful quantitative synthesis linking returns to science with biorisk. Transparent modeling, extensive sensitivity analyses, integration of forecasting evidence, and strong policy relevance. Main limitations: reliance on strong assumptions and rough calibrations, partial reproducibility. Still high-quality and influential work.",0,100
Clancy 2024,claims_evidence,percentile,84.0,75.0,90.0,"Core questions explicit; quantitative answers with clear premises. Uses multiple scenarios, break-evens, and sensitivity checks; uncertainty and scope limits are stated. Evidence is largely indirect (forecasts, historical trends, stylized parameters) with limited empirical validation or out-of-sample checks.",0,100
Clancy 2024,methods,percentile,78.0,68.0,86.0,"Tractable welfare models with novel elements (epistemic-regime discounting, time-of-perils, extinction module). Solid decomposition and robustness checks. Some key parameters are judgment-based (lags, science shares, diffusion), and external forecasts drive results; code availability is unclear.",0,100
Clancy 2024,advancing_knowledge,percentile,85.0,76.0,92.0,"Substantial contribution to metascience and biosecurity policy: actionable thresholds, ROI estimates, and a clear framework to weigh growth vs risk. Connects growth/health economics with GCR forecasting. Less novel mathematically, but high added value for decision-making.",0,100
Clancy 2024,logic_communication,percentile,88.0,80.0,94.0,"Very clear structure, transparent assumptions, and derivations; appendices bridge steps; uncertainty and caveats prominent. Figures/tables are helpful. Some length and repetition; a few parameter choices could be more tightly justified or summarized.",0,100
Clancy 2024,open_science,percentile,58.0,45.0,70.0,"Equations and parameter sources are detailed; spreadsheets are referenced. However, full replication materials (code/data for the Python model and calculations) do not appear to be provided. Releasing code/notebooks and data would materially improve reproducibility.",0,100
Clancy 2024,global_relevance,percentile,92.0,85.0,97.0,"Directly relevant to philanthropy, metascience, and biosecurity. Produces decision-relevant thresholds and ROI ranges, considers extinction risk, and discusses policy levers (accelerate, race to safety). High salience for global priorities and practitioners.",0,100
Clancy 2024,tier_should,tier,3.6,3.0,4.2,"On merit, suitable for a strong field journal at the econ/technology-policy interface given rigor, transparency, and policy salience. Heavy reliance on forecasts and limited empirical tests may preclude a top general journal but justifies high field-level placement.",0,5
Clancy 2024,tier_will,tier,2.8,2.0,3.5,"Given report-style framing, limited empirical testing, and incomplete replication package, publication most likely in a decent-to-strong field/policy journal or as a well-cited institutional report rather than a top field or general journal.",0,5
Crawfurd et al. 2023,overall,percentile,84.0,78.0,90.0,"Comprehensive, careful meta-analysis tying lead exposure to learning with transparent adjustments (publication bias, covariates, Oster bounds), inclusion of quasi-experimental evidence, and policy simulations. Main limitations: observational base, re-expression of coefficients, high heterogeneity, some imputations/data gaps.",0,100
Crawfurd et al. 2023,claims_evidence,percentile,86.0,80.0,92.0,Clear primary claims; extensive evidence synthesis across IQ and test scores; adjusts for observed confounders and publication bias; compares with IV studies; sensitivity via Oster. Characterizes evidence cautiously as non-experimental. Remaining risks from observational bias and measurement/transformations.,0,100
Crawfurd et al. 2023,methods,percentile,83.0,75.0,88.0,"Systematic search; dual extraction; robust variance estimation; PET-PEESE, Egger, trim-and-fill; evaluation and choice of re-expression algorithm using microdata; heterogeneity explored. Constraints: reliance on reported summaries, imputations, potential bias from re-expression, residual small-study effects.",0,100
Crawfurd et al. 2023,advancing_knowledge,percentile,82.0,75.0,90.0,"Extends prior IQ-focused work to reading/math, provides LMIC-focused effect sizes and simulations quantifying learning-gap contributions; compiles actionable benchmarks for interventions. Not groundbreaking methodologically but highly useful for policy and prioritization.",0,100
Crawfurd et al. 2023,logic_communication,percentile,88.0,82.0,94.0,"Goals, assumptions, and specifications are explicit; figures (forest, funnel, spec curve) support arguments; reasoning links adjustments to conclusions; limitations discussed. Some technical density, but narrative remains coherent and policy-relevant.",0,100
Crawfurd et al. 2023,open_science,percentile,56.0,35.0,70.0,"Procedures and assumptions are described in detail with appendices. However, no explicit provision of full replication code/data evident; several imputations reduce reproducibility. Replication feasible with effort but not turnkey.",0,100
Crawfurd et al. 2023,global_relevance,percentile,91.0,85.0,97.0,Directly relevant to global education and environmental health policy; quantifies plausible learning gains and links to feasible interventions; provides magnitudes usable by practitioners and funders; communicates implications clearly.,0,100
Crawfurd et al. 2023,tier_should,tier,4.2,3.6,4.6,"Merits top field/marginal A-journal in development/public health/environmental health: strong synthesis, careful bias adjustments, clear policy value. Novelty moderate but impact high.",0,5
Crawfurd et al. 2023,tier_will,tier,3.8,3.2,4.3,"Likely placement in strong field journal (development, environmental health, public health) or marginal top field. High policy relevance but meta-analytic/observational focus may limit A-journal odds.",0,5
Denkenberger et al. 2022,overall,percentile,72.0,60.0,82.0,"Timely, policy-relevant comparison with clear structure, two parameterizations, and sensitivity work. However, results hinge on speculative priors, a small potentially biased expert survey, independence and time-horizon assumptions, and limited external validation. Informative and thought-provoking, but fragile in places.",0,100
Denkenberger et al. 2022,claims_evidence,percentile,60.0,45.0,75.0,"Main claim—resilient foods are more cost-effective at the margin than AGI safety—is supported within their Monte Carlo framework and sensitivity analyses. Yet key inputs are subjective, survey N is small, and differing horizons/metrics (per $ vs per researcher) complicate inference. Confidence values reflect assumed distributions, not empirical frequencies.",0,100
Denkenberger et al. 2022,methods,percentile,57.0,40.0,70.0,"Approach (Monte Carlo/Latin hypercube, beta/lognormal priors, parameter tables) is transparent and reasonable for deep uncertainty. But core parameters are weakly grounded; survey design risks bias; submodels treated as independent; time-horizon mismatch; limited calibration/validation. Robustness checks help but cannot offset structural fragility.",0,100
Denkenberger et al. 2022,advancing_knowledge,percentile,72.0,60.0,85.0,"Among the first quantitative longtermist CE comparisons of resilient foods vs AGI safety. Integrates literature, highlights levers, and surfaces research priorities. Even if conclusions are uncertain, it advances discussion and provides a reusable framing/tool for funders and DRR planners.",0,100
Denkenberger et al. 2022,logic_communication,percentile,74.0,65.0,85.0,"Clear goals, explicit assumptions, well-labeled figures/tables, and a thorough uncertainty discussion. Reasoning is mostly transparent and consistent with evidence presented. Some conflation of modeled probabilities with real-world confidence and occasional dense exposition, but overall strong.",0,100
Denkenberger et al. 2022,open_science,percentile,62.0,45.0,75.0,"Guesstimate models and parameter ranges are shared; methods sufficiently described to approximate replication. However, full Analytica code/data are by request, survey microdata are limited, and exact reproducibility is only moderate. Useful as a building block but not fully open.",0,100
Denkenberger et al. 2022,global_relevance,percentile,86.0,75.0,95.0,"Directly targets high-stakes global priorities: food resilience under sun-blocking events and existential risk portfolio. Produces actionable takeaways on timing, funding, and R&D planning. Communicates implications for practitioners and funders, with quantified estimates and sensitivities.",0,100
Denkenberger et al. 2022,tier_should,tier,3.4,2.7,4.0,"Strong applied contribution with clear policy relevance, careful caveats, and a novel comparative framework. Methods’ speculative elements and survey limitations likely preclude top general journals but fit well in strong field journals focused on risk/disaster policy or GCR.",0,5
Denkenberger et al. 2022,tier_will,tier,3.2,2.5,3.8,"Given topic relevance to disaster risk reduction and GCR, plus clear presentation, publication in a top B/strong field journal is likely. Structural uncertainties and subjective inputs may limit ascent to marginal A-journals absent additional validation or data.",0,5
Dullaghan and Zhang 2022,overall,percentile,68.0,58.0,77.0,"Well-executed applied forecasting on cultured meat trajectories; transparent and cautious claims; synthesizes TEAs and expert forecasts; small, selected panel and time-limited elicitation limit robustness; still useful for strategic decisions; open materials and clear cruxes increase credibility.",0,100
Dullaghan and Zhang 2022,claims_evidence,percentile,72.0,62.0,82.0,"Questions and claims are explicit; results framed probabilistically with caveats; evidence draws on TEAs and a curated forecasting panel; acknowledges errors and uncertainty; limits include small N, potential selection bias, and reliance on secondary sources for some inputs.",0,100
Dullaghan and Zhang 2022,methods,percentile,56.0,45.0,66.0,"Structured elicitation with independent forecasts and geometric-mean-of-odds aggregation; signpost design and basic correlation analysis. Limited by small panel, short forecasting window, few robustness/sensitivity checks, no calibration/backtesting, and some wording ambiguities.",0,100
Dullaghan and Zhang 2022,advancing_knowledge,percentile,69.0,58.0,78.0,Clarifies realistic production timelines; counters overly optimistic narratives; provides decision-relevant signposts and R&D levers; likely to inform funding strategy in animal welfare. Contribution is more integrative than novel; applicability strongest within alt-protein/EA practice.,0,100
Dullaghan and Zhang 2022,logic_communication,percentile,74.0,64.0,83.0,"Goals, definitions, and cruxes are clear; reasoning is transparent; tables/figures aid comprehension; conclusions match evidence. Minor issues: 51% definition ambiguity and an input-wording error, both noted with commendable transparency.",0,100
Dullaghan and Zhang 2022,open_science,percentile,71.0,61.0,81.0,"Shares anonymized forecasts, reasoning, and some code/data; references and materials documented for replication; clear methods description. Not preregistered; some analyses rely on external spreadsheets and partial code availability.",0,100
Dullaghan and Zhang 2022,global_relevance,percentile,70.0,60.0,80.0,Salient for farmed-animal welfare strategy and public R&D prioritization; quantifies timelines and signposts with practical implications. Less detail on implementation pathways or cost-benefit; focus on probabilities over policy design.,0,100
Dullaghan and Zhang 2022,tier_should,tier,2.8,2.2,3.4,"As an applied forecasting study, merits a strong field journal if adapted (clear framing, useful insights). Methods limits (small N, limited validation) likely cap it below top field. With added calibration/sensitivity and expanded data, could reach upper B-tier.",0,5
Dullaghan and Zhang 2022,tier_will,tier,2.1,1.5,2.7,"Given its current report/brief format, it is more likely to remain as a public report or land in a decent applied/field outlet. Without substantial methodological expansion or new data, unlikely to reach top field journals.",0,5
Epperson and Gerster 2024,overall,percentile,86.0,78.0,92.0,"Strong mixed lab–field design identifies causal short-run effects of willful ignorance on meat consumption and fade-out; heterogeneity well characterized. Methods transparent and pre-registered. Limits: student sample, N below prereg goal, outcomes limited to canteen behavior, effects short-lived.",0,100
Epperson and Gerster 2024,claims_evidence,percentile,85.0,77.0,91.0,"Claims (avoidance is consequential; avoiders respond more; effects decay) are clear and matched to evidence via WTP-based assignment/IPW, lab-field replication, and time dynamics. Placebos/robustness support. Mechanism (affect) is exploratory and not causal; some field heterogeneity tests are imprecise.",0,100
Epperson and Gerster 2024,methods,percentile,84.0,75.0,90.0,"Innovative WTP-based randomization with IPW satisfies identification; preregistration, placebos, and robustness (empirical/theoretical propensities, WLS). Careful outcome definitions. Risks: student sample, meal misclassification, limited power (COVID truncation), deviation from prereg to moving windows (well-justified).",0,100
Epperson and Gerster 2024,advancing_knowledge,percentile,82.0,72.0,90.0,"Advances evidence that willful ignorance matters in real decisions; quantifies short-lived effects, heterogeneity by information preference, and cost-effectiveness; offers design guidance. External validity beyond students/VR/meat domain and persistence remain open.",0,100
Epperson and Gerster 2024,logic_communication,percentile,88.0,80.0,94.0,"Goals, constructs, and assumptions are explicit; reasoning coherent; statistics and identification are well explained; appendices provide legal/video details and robustness. Some sections are long, but conclusions track evidence; mechanism claims are cautious.",0,100
Epperson and Gerster 2024,open_science,percentile,68.0,55.0,80.0,"Pre-registered; IRB; detailed appendices, transcripts, and clear methods enable conceptual replication. However, field data likely cannot be shared; code/data availability not clearly provided, limiting full computational reproducibility.",0,100
Epperson and Gerster 2024,global_relevance,percentile,76.0,66.0,86.0,"Relevant to animal welfare/climate and design of information campaigns. Quantifies effect sizes, decay, and cost-effectiveness with actionable implications (target avoiders, small incentives). Generalizability beyond student canteens/VR medium uncertain.",0,100
Epperson and Gerster 2024,tier_should,tier,4.0,3.4,4.5,"Rigorous causal design with lab–field bridge and policy-relevant insights merits strong field or marginal A-tier consideration. Novel identification and heterogeneity/dynamics analysis. Constraints: student sample, modest N, short-lived effects, partial deviation from prereg (well defended).",0,5
Epperson and Gerster 2024,tier_will,tier,3.6,3.0,4.2,Likely placement in a strong field/top B outlet; a chance at marginal A with positioning to broader policy/behavioral audiences. COVID-shortened sample and limited persistence may temper outcomes. Expect 3–4 tier range.,0,5
Fangwa et al. 2023,overall,percentile,85.0,75.0,92.0,"Strong randomized governance program in DRC; clean identification; large, policy-relevant effects on efficiency and infant outcomes; thoughtful checks and dynamics. Limits: cannot unbundle components; nonpublic data; outside-group comparison observational; single-country sector. High practical relevance.",0,100
Fangwa et al. 2023,claims_evidence,percentile,86.0,80.0,92.0,Clear theory of complementarities; randomized assignment to governance vs funding; DiD with FE; event-study shows no pretrends; robust SEs and multiple checks; large effects on productivity and perinatal mortality. Mechanism evidence via audit quality scores and interviews. Main caveat: bundled treatment prevents isolating components.,0,100
Fangwa et al. 2023,methods,percentile,84.0,76.0,90.0,RCT within program; DiD with center and time FE; event-study dynamics; block-bootstrapped SEs; WLS for ratios; multiple-testing adjustment; balance tests; contamination checks. Outside-group analysis is matched observational; admin data measurement issues possible; components not separately identified.,0,100
Fangwa et al. 2023,advancing_knowledge,percentile,80.0,70.0,88.0,Advances debate on pay-for-performance by showing complementarity with auditing & feedback in LMICs; quantifies sizable improvements in efficiency and birth outcomes; informative implementation details and timing. Less novel methodologically; context-specific; components not unbundled.,0,100
Fangwa et al. 2023,logic_communication,percentile,85.0,78.0,92.0,"Goals, constructs, and design are clearly laid out; outcomes well defined; reasoning transparent; figures/tables support claims; dynamics and robustness strengthen narrative. Mechanism claims are plausible and cautiously supported but partly inferential from interviews and quality indices.",0,100
Fangwa et al. 2023,open_science,percentile,55.0,40.0,70.0,"Administrative data access is restricted; data appendix describes indicators and scoring; interviews ‘available on request’; no public code noted. Methods sufficiently detailed for replication in principle, but full reproducibility is limited without data/code release.",0,100
Fangwa et al. 2023,global_relevance,percentile,90.0,82.0,96.0,"Highly relevant to health systems in LMICs and donor policy; actionable findings on governance vs funding; credible effect sizes on mortality and efficiency; clear implementation guidance. Cost-effectiveness not fully quantified, but VSL back-of-envelope provided.",0,100
Fangwa et al. 2023,tier_should,tier,3.8,3.2,4.4,"Merits a top field/marginal A journal in development/health/management: strong design, substantive impacts, and policy relevance. Falls short of A-journal due to bundled treatment, limited data access, and single-country scope.",0,5
Fangwa et al. 2023,tier_will,tier,3.5,3.0,4.2,Likely outcome is top B/strong field or marginal top field. Strong identification and policy relevance help; generalizability and data-access constraints may limit A-journal chances.,0,5
Frech et al. 2023,overall,percentile,76.0,68.0,84.0,"Strong theoretical framing and policy relevance; transparent empirical construction using RAND data; supportive regressions. Limitations include rough MC assumptions, basket/discount differences, and limited identification. Solid contribution but not definitive.",0,100
Frech et al. 2023,claims_evidence,percentile,70.0,60.0,80.0,"Main claims (ROW contributes; GDP predicts contributions; partial free-riding) are supported by simple calculations and OLS. However, MC proxies are coarse, revenue measures may mix list/net prices, and the ‘exploitation’ elasticity >1 is sensitive to controls.",0,100
Frech et al. 2023,methods,percentile,68.0,58.0,78.0,"Public-good models well outlined; implementation is reasonable with two MC scenarios and sensitivity checks. Yet, assumptions (uniform MC, homogeneous benefits), limited treatment of endogeneity/influential points, and lack of granular rebate data constrain robustness.",0,100
Frech et al. 2023,advancing_knowledge,percentile,67.0,55.0,78.0,"Extends prior public-good framing with quantitative country contributions and simple regressions; clarifies extent of free-riding. Adds useful synthesis and policy framing, though originality/causal leverage are modest.",0,100
Frech et al. 2023,logic_communication,percentile,78.0,70.0,86.0,"Clear articulation of theory-to-empirics pipeline; formulas and tables aid transparency; assumptions and caveats stated. Some length/redundancy, but reasoning is coherent and conclusions match evidence.",0,100
Frech et al. 2023,open_science,percentile,55.0,40.0,68.0,"Uses public sources (RAND, PWT) and describes construction, enabling partial replication. However, no code or replication package provided; potential reliance on proprietary mappings and unclear net vs list price harmonization.",0,100
Frech et al. 2023,global_relevance,percentile,82.0,74.0,90.0,"Highly relevant to drug pricing, international cost-sharing, and innovation incentives. Direct implications for OECD policy coordination. Would benefit from explicit policy simulations and quantified welfare impacts.",0,100
Frech et al. 2023,tier_should,tier,3.4,2.8,4.1,"Merits a strong field journal: clear theory, transparent empirics, and policy relevance. Assumptions and identification limits likely preclude top general journals but fit top field outlets in health/policy.",0,5
Frech et al. 2023,tier_will,tier,3.2,2.5,3.8,"Likely outcome is a solid/top field journal in health economics or policy. Good fit and relevance, though simplifying assumptions and limited identification may cap placement below marginal A-journals.",0,5
Hahn et al. 2025,overall,percentile,96.0,91.0,99.0,"Ambitious, rigorous welfare synthesis of 96 climate policies using a harmonized MVPF framework and a new sufficient-statistics treatment of learning-by-doing. Strong robustness and clear contrasts to cost-per-ton. Minor limitations stem from SCC incidence choices and reliance on assumed isoelasticities and LBD causality.",0,100
Hahn et al. 2025,claims_evidence,percentile,93.0,88.0,97.0,"Main claims are explicit and consistently supported by harmonized translations from causal estimates to MVPFs, extensive sensitivity (SCC, LBD on/off), and publication-bias checks. Some components (e.g., cap-and-trade extrapolation, international incidence) rest on nontrivial assumptions.",0,100
Hahn et al. 2025,methods,percentile,95.0,90.0,99.0,"Well-justified MVPF framework, clear normative setup, careful handling of pass-through, markups, rebound, local/global pollutants, fiscal externalities, and an analytically derived LBD term. Assumptions (isoelastic demand/costs, constant elasticities, SCC incidence shares) are reasonable but still consequential.",0,100
Hahn et al. 2025,advancing_knowledge,percentile,94.0,90.0,98.0,Shifts policy comparison from heterogeneous cost/ton metrics to a unified MVPF lens; adds quantitative LBD integration; provides actionable cross-policy prioritization and bridges to budget-neutral tradeoffs. Likely to influence research and practice.,0,100
Hahn et al. 2025,logic_communication,percentile,92.0,88.0,96.0,"Clear objectives, transparent decomposition of WTP and costs, and thorough appendices. Figures and category averages aid comprehension. Some sections are intricate (notation, multiple assumptions), but overall reasoning is coherent and well-aligned with evidence.",0,100
Hahn et al. 2025,open_science,percentile,85.0,78.0,92.0,States code availability and uses public data/models; detailed appendices and component breakdowns aid reproducibility. Full replication is demanding across 96 studies; some inputs lack SEs; several external models/data dependencies.,0,100
Hahn et al. 2025,global_relevance,percentile,97.0,94.0,100.0,"Directly targets climate mitigation portfolio design and revenue raising; provides policy-relevant MVPFs, sensitivities, and international extensions. Highly useful for practitioners and prioritization under real-world constraints.",0,100
Hahn et al. 2025,tier_should,tier,4.7,4.2,5.0,Methodologically strong with clear policy relevance and broad synthesis; merits a top journal or top field outlet. The LBD integration and harmonized MVPF advances the literature beyond prior cost-per-ton frameworks.,0,5
Hahn et al. 2025,tier_will,tier,4.4,3.8,4.9,"Likely to place in a top field or marginal A journal given breadth, novelty, and policy salience. Placement depends on referee views on assumptions (SCC incidence, isoelasticity, LBD causality) and fit with general-interest venues.",0,5
Haushofer et al. 2020,overall,percentile,89.0,83.0,94.0,"Large, well-powered, preregistered RCT compares cash vs. psychotherapy and their combo. Clear positive impacts of cash, credible nulls for PM+ at 1 year, careful spillover and heterogeneity checks, cost framing, and transfer frequency test. Some reliance on self-reports and external validity limits remain.",0,100
Haushofer et al. 2020,claims_evidence,percentile,91.0,86.0,96.0,"Research questions and benchmarks are explicit; main claims (cash improves econ/psych outcomes; PM+ null at 1y; combo ~cash) are supported with ANCOVA, clustering, FDR, Bayesian NPV, and demand tests. Effects and nulls are characterized cautiously with CIs and multiple-testing adjustments.",0,100
Haushofer et al. 2020,methods,percentile,90.0,85.0,95.0,"Strong design: village/HH randomization, stratification, pre-analysis plan, high compliance/low attrition, ANCOVA with baseline, clustered SEs, spillover/heterogeneity analysis, timing robustness, demand-effect test. Limits: self-reported outcomes (esp. IPV), no short-run endline, context-specific PM+ implementation.",0,100
Haushofer et al. 2020,advancing_knowledge,percentile,84.0,78.0,90.0,Head-to-head test of cash vs. psychotherapy in a LMIC with economic and mental health outcomes is valuable and policy-relevant. Confirms robustness of cash; questions general-purpose low-intensity PM+. Adds evidence on transfer frequency and cost-effectiveness. Novelty moderate but actionable for practice.,0,100
Haushofer et al. 2020,logic_communication,percentile,88.0,82.0,93.0,"Goals and constructs are clear; indices and outcomes defined; reasoning transparent; multiple-testing and power discussed; appendices thorough. Conclusions match evidence and caveats are explicit. Dense presentation may tax readers, but labeling and interpretation are careful.",0,100
Haushofer et al. 2020,open_science,percentile,68.0,60.0,76.0,"Pre-registered with detailed PAP; extensive online appendix and measurement documentation; QA procedures described. However, microdata/code availability is not clearly provided (likely constrained by sensitivity), limiting full reproducibility by third parties.",0,100
Haushofer et al. 2020,global_relevance,percentile,91.0,86.0,96.0,"Directly informs poverty and mental health policy: quantified impacts and costs in rural Kenya, practical comparison of interventions, and guidance on transfer frequency. Highly relevant to donors/NGOs/governments. External validity across contexts and time horizons should be considered.",0,100
Haushofer et al. 2020,tier_should,tier,4.3,3.8,4.8,"Methodologically rigorous, policy-relevant RCT with clear results and careful analysis merits a top field or marginal A-journal. Slight limits on novelty and reliance on self-reports keep it shy of the very top, but it is strong applied work.",0,5
Haushofer et al. 2020,tier_will,tier,4.1,3.6,4.6,"Likely to place in a strong field or marginal A-journal given design quality, policy relevance, and clarity. Editorial preferences about null psychotherapy effects and generalizability introduce uncertainty around landing in an A-journal vs. top field.",0,5
Hill et al. 2024,overall,percentile,94.0,90.0,98.0,"Ambitious, well-executed scientometrics study with massive datasets, clear construct, extensive robustness, within-author FE and quasi-experiments (retractions/COVID). Results are novel, broad, and policy-relevant. Minor caveats: citations as impact proxy, reliance on reference-based similarity, some residual endogeneity.",0,100
Hill et al. 2024,claims_evidence,percentile,92.0,88.0,96.0,"Core claim (pivot penalty) is precisely stated and strongly supported across papers/patents, fields, time, alternative outcomes, and within-author designs. DiD/2SLS with retractions bolsters causal interpretation. Limitations acknowledged; claims are not overstated.",0,100
Hill et al. 2024,methods,percentile,90.0,86.0,95.0,"Sound metric (cosine on references/CPC), careful normalization, FE regressions, CEM, event studies, IV, extensive robustness (alt windows, measures, levels). Assumptions reasonable; concerns: reference-based area mapping, Dimensions coverage, and IV exclusion plausibility; largely mitigated.",0,100
Hill et al. 2024,advancing_knowledge,percentile,91.0,87.0,95.0,"Shifts understanding of exploration vs exploitation, documents time-steepening penalty, integrates novelty/conventionality. Adds actionable insights for portfolio design, hiring, funding, crisis response. High external validity across domains; useful baseline for future intervention studies.",0,100
Hill et al. 2024,logic_communication,percentile,93.0,89.0,97.0,"Clear questions, definitions, and transparent reasoning. Figures align with text; assumptions explicit; limitations discussed. Supplement details methods thoroughly. Narrative connects evidence to conclusions without overreach.",0,100
Hill et al. 2024,open_science,percentile,68.0,55.0,78.0,"Data sources well-documented; some are open (PatentsView, Crossref) but key sources (Dimensions) are proprietary. Methods described enough for re-implementation but code/data release not evident. Internal consistency checks provided; SciSciNet aids reuse.",0,100
Hill et al. 2024,global_relevance,percentile,88.0,82.0,93.0,"Direct implications for science policy, crisis preparedness (COVID), funding design, and organizational strategy. Quantifies constraints on adaptability relevant to global priorities (health, climate, AI). Practical guidance suggested though not a cost-effectiveness study.",0,100
Hill et al. 2024,tier_should,tier,4.7,4.3,5.0,"Merits top-journal placement: novel, generalizable finding; rigorous analyses; broad interest to science-of-science, economics, management, and policy. Minor methodological caveats unlikely to outweigh contributions.",0,5
Hill et al. 2024,tier_will,tier,4.6,4.2,5.0,"Likely to publish in a leading general science or top field journal (Science/NHB/PNAS/top econ/management field). Strong track, timely topic, clear results. Some journals may prefer experimental causal designs; still high probability of top-tier.",0,5
Jack et al. 2022,overall,percentile,93.0,88.0,97.0,"High-quality RCT on a major pollution problem; clear, policy-relevant findings that partial upfront PES reduces burning and is cost-effective. Strong design, credible measurement, and careful analysis. Limitations: monitoring upon request, sensitivity to remote-sensing thresholds, potential labeling bias, and external validity at scale.",0,100
Jack et al. 2022,claims_evidence,percentile,90.0,85.0,95.0,"Research question and claims are explicit. Evidence from village-randomized RCT (171 villages, 1,668 farmers) plus satellite-based outcomes; consistent across measures; null for standard PES. Sensitivity analyses and accuracy tradeoffs discussed. Some concerns: labels for no-burn from treated group only; selection into monitoring addressed via remote sensing.",0,100
Jack et al. 2022,methods,percentile,90.0,84.0,94.0,"Stratified randomization, clustered SEs, pre-analysis plan, Lee bounds for attrition outcomes. Remote-sensing RF trained on spot checks/monitoring; balanced vs max-accuracy thresholds; bias checks. Cost-effectiveness computed transparently. Remaining issues: classification accuracy 78–82%, negatives only from treated, monitoring requires farmer call-in.",0,100
Jack et al. 2022,advancing_knowledge,percentile,92.0,86.0,96.0,Demonstrates contract timing (partial upfront) improves PES compliance and reduces burning; first clean test for this context; compelling cost-effectiveness vs alternatives. Adds practical guidance for PES/CCT design and environmental policy; remote-sensing approach useful. High applied impact even if methodological novelty is moderate.,0,100
Jack et al. 2022,logic_communication,percentile,90.0,85.0,95.0,"Clear motivation, hypotheses, and policy stakes. Concepts and assumptions are explicit; tables/figures align with text. Limitations and robustness transparently discussed. Remote-sensing methods are complex but explained sufficiently for readers to follow implications.",0,100
Jack et al. 2022,open_science,percentile,70.0,60.0,80.0,"Pre-registered RCT; methods described with accuracy metrics and thresholds. However, no full code/data release indicated; PlanetScope data are proprietary; replication would need additional materials. Still, documentation is adequate for credible reproduction by equipped teams.",0,100
Jack et al. 2022,global_relevance,percentile,96.0,91.0,99.0,Addresses a leading health burden in India; quantifies cost per unburned acre and compares with other abatement options; directly actionable for policymakers and practitioners. Discussion of scale-up constraints and monitoring provides realistic guidance.,0,100
Jack et al. 2022,tier_should,tier,4.6,4.0,5.0,"Rigor, originality in contract design for PES, strong internal validity, and major policy relevance warrant top field or A-journal. Minor measurement caveats and external validity concerns slightly temper a unanimous A-journal call.",0,5
Jack et al. 2022,tier_will,tier,4.5,3.8,5.0,"Likely to publish in a top field or possibly a general-interest applied A-journal given rigor, policy relevance, and clear results. The niche context and measurement complexities may nudge toward top field rather than the very top general outlets.",0,5
Jaroszewicz et al. 2024,overall,percentile,88.0,84.0,92.0,"Large preregistered RCT (N>5k) with strong design, admin bank data, careful analyses, and transparent null/negative findings versus expert priors. Extensive robustness, attrition bounds, and clear mechanism exploration plus illustrative model. Context limits generality (one-off, HIC, pandemic), but execution and insight are top-tier.",0,100
Jaroszewicz et al. 2024,claims_evidence,percentile,87.0,82.0,91.0,"Main claims are modest and well-aligned with evidence: UCTs increased spending but did not improve preregistered survey indices; some negative subjective effects; no dose response; predictions overstated effects. Multiple testing controls, ITT, robustness, bounds, and mediation with caveats. Mechanism claims are careful and framed as most consistent, not definitive.",0,100
Jaroszewicz et al. 2024,methods,percentile,90.0,86.0,94.0,"Strong randomization, power-aware allocation, preregistration and PAP, Anderson indices, BH/WY adjustments, ITT focus with TOT-like checks, admin bank data, spending categories, MPC estimates, attrition diagnostics (Lee/HM bounds, MI), and timing exploits. Minor limitations: reliance on self-reports for outcomes, index weighting choices, partial bank-data coverage.",0,100
Jaroszewicz et al. 2024,advancing_knowledge,percentile,85.0,79.0,90.0,"Provides rare, rigorous evidence on one-off UCTs in a HIC, quantifies MPCs, and tightens plausible benefit ranges. Challenges optimistic priors (experts/laypeople) and adds a plausible mechanism with a formal model. High practical salience for UCT design and ‘cash-plus’. Limits: short horizon, specific amounts/context, no admin long-run outcomes.",0,100
Jaroszewicz et al. 2024,logic_communication,percentile,90.0,85.0,94.0,"Clear goals, transparent reasoning, explicit assumptions, thorough robustness and appendices. Figures/tables integrate with narrative. Distinguishes objective vs subjective outcomes. Mechanism section cautious and well-motivated. Minor density, but overall highly readable and logically consistent.",0,100
Jaroszewicz et al. 2024,open_science,percentile,72.0,65.0,78.0,"Pre-registration and detailed PAP/materials; comprehensive appendices. Some data (bank transactions) are non-shareable; code/data availability not fully evident, limiting full replication. Still, analyses are described in replicable detail and key outputs are well-documented.",0,100
Jaroszewicz et al. 2024,global_relevance,percentile,82.0,75.0,88.0,"Highly relevant to social protection and UCT policy in HICs: shows spending rises but well-being may not, and sets bounds on likely effects. Offers guidance on transfer sizing, timing, and potential ‘cash-plus’ needs. External validity caveats (pandemic, one-off, specific amounts) and limited cost-effectiveness quantification temper scope.",0,100
Jaroszewicz et al. 2024,tier_should,tier,4.4,3.8,4.8,"Methodologically exemplary, policy-relevant, and informative nulls with novel prediction-contrast and mechanism modeling. Merits top field or marginal general-interest placement. Contextual limits and nulls may deter some A-journals, but contribution justifies high tier.",0,5
Jaroszewicz et al. 2024,tier_will,tier,4.0,3.3,4.5,Likely in a strong top field or AEJ/JPAM-style outlet; a general-interest A-journal is plausible but less certain given null/negative results and context specificity. High execution and topical importance raise placement prospects.,0,5
Kirkland et al. 2023,overall,percentile,72.0,64.0,80.0,"Large multi-country sample; preregistered; appropriate multilevel modeling with within/between decomposition; clear, cautious claims. Limits: student samples, single-item trust, cross-sectional mediation, modest effects, and mixed inequality indicators. Solid contribution for the field rather than transformative.",0,100
Kirkland et al. 2023,claims_evidence,percentile,68.0,60.0,75.0,"Questions are clear; evidence from LMMs with controls and within/between centering; MI reported. Effects mainly within-country and modest. Mediation is framed cautiously, but cross-sectional design and single-item trust constrain strength. Objective Gini null weakens some claims.",0,100
Kirkland et al. 2023,methods,percentile,70.0,62.0,78.0,"Sound multilevel approach, partitioning within/between effects; preregistration and robustness checks; measurement invariance. Weaknesses: convenience student samples, single-item trust, cross-sectional mediation, many covariates risk overadjustment, and limited between-country variance/power.",0,100
Kirkland et al. 2023,advancing_knowledge,percentile,60.0,50.0,68.0,First multinational study linking moral expansiveness to societal factors; highlights generalized trust and perceived wealth gap. Nulls for objective inequality inform debate. Practical and policy implications are tentative; advances are incremental rather than field-changing.,0,100
Kirkland et al. 2023,logic_communication,percentile,78.0,70.0,85.0,"Clear goals, definitions, and narrative; figures/tables support arguments. Assumptions and limitations are discussed; causal caution mostly maintained. A few mediation statements could be interpreted causally, but overall logic is coherent and transparent.",0,100
Kirkland et al. 2023,open_science,percentile,65.0,55.0,75.0,"Preregistered; analysis code shared; measures and modeling are well-documented; MI and extensive supplements. Data are available on request rather than fully open, limiting reproducibility. Overall above-average transparency.",0,100
Kirkland et al. 2023,global_relevance,percentile,55.0,45.0,65.0,"Addresses trust, inequality perceptions, and inclusiveness—relevant to social cohesion. Offers qualitative guidance but limited actionable, quantified policy insights. Student-heavy samples and cross-sectional design limit external validity; country-level nulls temper policy utility.",0,100
Kirkland et al. 2023,tier_should,tier,3.2,2.8,3.8,"Merits a strong field journal given scope, preregistration, and solid multilevel analyses. Correlational design, single-item measures, and modest/mixed effects preclude top-tier placement.",0,5
Kirkland et al. 2023,tier_will,tier,3.1,2.6,3.6,Multinational scope and transparency make publication in a strong field journal likely; methodological limits and correlational mediation make A-journal placement unlikely.,0,5
Kremer et al. 2020,overall,percentile,82.0,74.0,89.0,Strong theory-to-practice synthesis on AMCs with concrete design lessons and substantial real-world impact. Evidence is well characterized with caveats; lacks rigorous counterfactual evaluation and depth due to short format. High practical relevance.,0,100
Kremer et al. 2020,claims_evidence,percentile,74.0,65.0,83.0,"Main questions and claims are explicit. Uses program outcomes, cost-effectiveness estimates, and comparisons; acknowledges lack of counterfactual and potential confounders. Calibrations illustrate trade-offs. Limited formal empirical evidence.",0,100
Kremer et al. 2020,methods,percentile,68.0,58.0,78.0,Relies on credible bargaining/capacity model and descriptive comparisons. Assumptions reasonable and made explicit; robustness shown via simple calibrations but no formal identification/sensitivity. Proceedings length constrains methodological depth.,0,100
Kremer et al. 2020,advancing_knowledge,percentile,80.0,70.0,90.0,"Provides actionable insights for AMC design, informs parameters on capacity, pricing, and entry, and draws lessons from implementation. High policy value for donors and global health; originality moderate as it synthesizes prior work and experience.",0,100
Kremer et al. 2020,logic_communication,percentile,88.0,82.0,94.0,"Clear goals, definitions, and assumptions; transparent reasoning with consistent logic. Caveats on evidence and counterfactuals are explicit. Writing is concise and easy to follow; figures/appendix support the narrative.",0,100
Kremer et al. 2020,open_science,percentile,62.0,50.0,74.0,References data sources and provides an online appendix and linked working paper. Methods are described clearly but no shared code or full datasets; replication of descriptive analyses would require external data assembly.,0,100
Kremer et al. 2020,global_relevance,percentile,94.0,88.0,98.0,"Directly addresses vaccine access in low-income countries, quantifies costs/benefits, and discusses implementable procurement design. Highly relevant to donors and policymakers, with guidance generalizable to other sectors.",0,100
Kremer et al. 2020,tier_should,tier,3.8,3.2,4.3,"Merits a top field/policy forum placement: clear, impactful synthesis with actionable design guidance. Not a full empirical or theoretical breakthrough for top general journals; short format suits proceedings or strong field outlets.",0,5
Kremer et al. 2020,tier_will,tier,3.7,3.0,4.2,"Likely to publish in a leading association proceedings or top field policy-oriented outlet. Topic salience, clarity, and timeliness support high placement; short length and limited new identification make full A-journal placement unlikely.",0,5
Kudymowa et al. 2023,overall,percentile,76.0,68.0,84.0,"Thorough applied review with clear recommendations, a useful derivation adapting Ramsey to percent gains, a small correction to prior calculations, and pragmatic guidance on g and update cadence. Evidence is mixed for some components (temporal risk, compounding benefits, health discounting). High clarity; modest originality and empirics.",0,100
Kudymowa et al. 2023,claims_evidence,percentile,72.0,65.0,82.0,"Strong case for SRTP, δ=0, and 3.3% growth using reputable forecasts; transparent about uncertainties. Weaker support for 0.9% compounding benefits and 1.4% temporal uncertainty; health discounting recommendation is tentative. Good institutional scan, but some deference and sparse LMIC-specific evidence.",0,100
Kudymowa et al. 2023,methods,percentile,70.0,62.0,80.0,"Reasonable methods for an applied review: clear decomposition, explicit (η−1)g derivation, spreadsheet check, structured forecast use, and defined update schedule. Limited quantitative sensitivity analysis, no formal probabilistic modeling, and reliance on expert interviews for some inputs.",0,100
Kudymowa et al. 2023,advancing_knowledge,percentile,70.0,60.0,80.0,"Adds value for philanthropic CEA practice: clarifies construction, corrects a formula, proposes a replicable g method and cadence, and collates practices. Advances practice more than theory; several parameters remain provisional, limiting decisiveness.",0,100
Kudymowa et al. 2023,logic_communication,percentile,85.0,78.0,90.0,"Well-structured, transparent assumptions, clear distinctions (SRTP vs SOC), appendices with derivations, and succinct tables. Uncertainties and confidence levels stated. A few components (compounding benefits, health discounting) remain less crisply justified.",0,100
Kudymowa et al. 2023,open_science,percentile,63.0,55.0,72.0,"Public report with appendices and referenced spreadsheet; sources traceable. However, no full code archive, some calculations are not fully scripted, and several judgments rely on interviews. Replication is feasible but not turnkey.",0,100
Kudymowa et al. 2023,global_relevance,percentile,74.0,66.0,82.0,"Directly relevant to global health/development CEAs, especially philanthropic funders. Provides quantitative parameters, update plan, and context for LMICs. Less direct for government policy; unresolved health discounting reduces immediate applicability in some settings.",0,100
Kudymowa et al. 2023,tier_should,tier,3.6,3.0,4.2,"Merits strong field journal or marginal top field outlet in health economics/policy methods or development practice. Clear applied contribution and rigor, though limited novelty/empirics and some tentative components keep it below A-journal tier.",0,5
Kudymowa et al. 2023,tier_will,tier,3.2,2.6,3.8,"Most likely to land in a top B/strong field journal or as a well-regarded institutional working paper. The applied focus, commissioned nature, and limited new data reduce odds of top field placement, but clarity and usefulness support solid publication.",0,5
Liang et al. 2025,overall,percentile,88.0,80.0,94.0,"Strong quasi-experiment using staggered county rollout with rich microdata; extensive robustness (event studies, modern DiD estimators, placebo, pollution/OCP/CEL controls). Clear, policy-relevant results. Remaining concerns: selection of reporting counties, exposure mismeasurement (hukou), modest CFPS/CHNS Ns, and simplified cost–benefit.",0,100
Liang et al. 2025,claims_evidence,percentile,86.0,80.0,92.0,Main questions are clear; evidence triangulates across census and two surveys. Parallel trends tested; placebo groups show no effects. Treatment heterogeneity handled. Some overstatements (near-100% participation; uniform services). Cost–benefit uses median annual gain vs total cost without lifetime PV.,0,100
Liang et al. 2025,methods,percentile,89.0,83.0,94.0,"Design well-justified; two-way FE with province-year FE; event-study, cohort contrasts; addresses staggered DiD bias (CS/DCDH), randomization inference, county trends, confounders incl. pollution/OCP/CEL; winsorization and multiple-testing control. Residual risks: rollout endogeneity, migration, measurement error.",0,100
Liang et al. 2025,advancing_knowledge,percentile,90.0,84.0,96.0,"One of the first to estimate adult income effects of routine growth/development monitoring at national scale; shows benefits beyond age 3 and across health, education, cognition; offers credible magnitudes for policy and GP. Creates reusable rollout dataset.",0,100
Liang et al. 2025,logic_communication,percentile,86.0,80.0,92.0,"Clear motivation, setup, and assumptions; coherent presentation; figures align with narrative; limitations discussed. Minor issues: labeling of 73% 'annual return' is imprecise; participation and standardization claims could be more cautiously framed.",0,100
Liang et al. 2025,open_science,percentile,60.0,45.0,75.0,"Design and variables described in detail; appendices document robustness. However, no explicit public code/data release; hand-collected gazetteers and restricted microdata limit reproducibility. Useful building blocks if shared.",0,100
Liang et al. 2025,global_relevance,percentile,92.0,85.0,97.0,High salience for child health policy in LMICs; quantifies long-run income and health gains and provides cost hints. External validity argued via comparable conditions; practical insights on optimal ages and sustained behaviors.,0,100
Liang et al. 2025,tier_should,tier,4.3,3.7,4.8,"Contribution, identification, and breadth warrant top field/marginal A in applied micro/dev/health. Novel income evidence on routine monitoring, strong robustness.",0,5
Liang et al. 2025,tier_will,tier,4.0,3.3,4.5,"Likely top field outlet; A-journal possible but uncertain given data idiosyncrasies, cost–benefit simplicity, and China-specific context.",0,5
McGuire et al. 2024,overall,percentile,88.0,80.0,93.0,"Ambitious, rigorous WELLBY-based CEA of psychotherapy in LMICs. Large meta-analysis, careful risk-of-bias handling, multiple validity adjustments, spillovers, and extensive sensitivity work. Clear about limitations. Some ad hoc choices (subjective weighting, long-term follow-up adjustment, pseudo-controls) temper confidence but not fatally.",0,100
McGuire et al. 2024,claims_evidence,percentile,85.0,77.0,91.0,"Main claims are explicit and appropriately caveated. Evidence spans 84 RCTs, charity RCTs, and M&E. The nature and limits of each source are well characterized. Some headline comparisons hinge on subjective weights and nonstandard adjustments, but robustness analyses largely support conclusions.",0,100
McGuire et al. 2024,methods,percentile,83.0,74.0,89.0,"Strong meta-analytic design; removes outliers/high ROB, adjusts for publication bias and range restriction; models decay; estimates spillovers; detailed cost methods. Innovative yet debatable steps (1.54 time factor, pseudo-synthetic controls, replication/response adjustments, log-dose, subjective weights). Sensitivity tests mitigate concerns.",0,100
McGuire et al. 2024,advancing_knowledge,percentile,90.0,82.0,96.0,"Substantive advance for WELLBY-based evaluation in LMIC mental health. Integrates multiple evidence streams, spillovers, and costs to inform donors. Highlights key uncertainties (dosage, relevance of specific RCTs) and sets a transparent template others can build on.",0,100
McGuire et al. 2024,logic_communication,percentile,86.0,78.0,92.0,"Goals, assumptions, and steps are clearly laid out. Reasoning is transparent; diagrams and tables help. Very detailed but coherent. Some ad hoc choices could use stronger formal justification, yet conclusions are generally consistent with presented evidence.",0,100
McGuire et al. 2024,open_science,percentile,72.0,60.0,82.0,"Systematic review with double-checking and risk-of-bias; extensive appendices and summary spreadsheet; methods in R described. However, full code/data availability is not clearly public and charity M&E microdata are private, so full reproduction would be challenging.",0,100
McGuire et al. 2024,global_relevance,percentile,92.0,85.0,97.0,"Highly decision-relevant for global priorities: scalable psychotherapy in SSA, quantified WELLBYs per $, clear comparison to cash transfers, and actionable sensitivity ranges. Addresses implementation and policy context with practical implications for funding.",0,100
McGuire et al. 2024,tier_should,tier,3.8,3.2,4.4,"On merit, fits a strong/top field journal in global health/mental health or wellbeing economics: robust synthesis, novel adjustments, and policy relevance. Ad hoc elements and reliance on nonpublic M&E data may limit suitability for top general journals.",0,5
McGuire et al. 2024,tier_will,tier,3.2,2.6,3.8,Likely to publish as an institute report and/or in solid field journals. The core meta-analysis could place higher; the full decision-analytic package with subjective weights and private data likely lands in strong field outlets rather than A-journals.,0,5
Naidu et al. 2023,overall,percentile,92.0,88.0,96.0,"Large RCT with strong first stage; careful ITT/IV; integrates admin data, attrition reweighting and bounds; novel MTE use; clear insights on pecuniary returns, intermediary fees, and non-pecuniary costs. Some limits: attrition imbalance, linear MTE assumption, corridor-specific external validity.",0,100
Naidu et al. 2023,claims_evidence,percentile,91.0,87.0,95.0,"Main claims (earnings gains, sizable fees, SWB declines, heterogeneous tastes) are supported by RCT-based ITT/IV, admin-imputed checks, and bounds. Extrapolations via linear MTE are flagged as assumptions. Conclusions mostly calibrated to evidence; uncertainty noted where applicable.",0,100
Naidu et al. 2023,methods,percentile,88.0,83.0,92.0,"Randomized offer design; stratified FE; clustered SEs; multiple attrition remedies; admin contract data for imputation; Manski bounds; reservation wages. MTE adds structure (linearity/monotonicity). Potential issues: attrition imbalance, self-reported outcomes, limited pre-spec, context-specific external validity.",0,100
Naidu et al. 2023,advancing_knowledge,percentile,93.0,89.0,97.0,"First causal evidence at scale on guest worker offers in the India–UAE corridor with direct worker outcomes, costs paid to intermediaries, and quantified non-pecuniary costs. Provides policy-relevant efficiency calculations and practical insights for program design and regulation.",0,100
Naidu et al. 2023,logic_communication,percentile,90.0,86.0,94.0,"Clear research questions, setup, and transparent reporting of assumptions. Tables/figures align with narrative; indices and variables well defined. Caveats on attrition and MTE made explicit. Some technical sections (MTE) are dense but coherent.",0,100
Naidu et al. 2023,open_science,percentile,62.0,50.0,72.0,Trial registered; methods and variable construction detailed. Uses sensitive admin data (limited sharing). Data/code availability not clearly provided; outcomes not fully pre-specified. Replication feasible with access but not turnkey.,0,100
Naidu et al. 2023,global_relevance,percentile,94.0,90.0,98.0,"Highly relevant to migration policy and global welfare. Directly informs design of guest worker programs (wages, standards, intermediation). Quantifies trade-offs practitioners face; results are actionable for large migration corridors.",0,100
Naidu et al. 2023,tier_should,tier,4.4,4.1,4.8,"Merits top field or marginal A-journal: rigorous design, novel evidence, clear policy contribution. Limitations (attrition, MTE assumption, context specificity) modestly temper suitability for very top general outlets.",0,5
Naidu et al. 2023,tier_will,tier,4.2,3.8,4.6,"Likely to land in a strong top field or marginal A-journal. High policy relevance and solid causal design; some reviewers may be cautious about attrition and extrapolations, nudging to top field rather than top general.",0,5
Salazar and Restrepo 2024,overall,percentile,85.0,78.0,91.0,"Strong, policy-relevant structural spatial GE analysis of deforestation leakage with careful reduced-form motivation. Solid modeling and calibration; sensible counterfactuals. Some strong assumptions (closed economy, parameter borrowing), limited uncertainty and robustness quantification. Preliminary draft but promising and impactful.",0,100
Salazar and Restrepo 2024,claims_evidence,percentile,80.0,72.0,88.0,"Main claims—local targeting reduces national deforestation with modest leakage—are supported by combined reduced-form and calibrated-GE evidence. Good treatment of SUTVA issues and RD validity checks. However, leakage magnitudes depend on structural assumptions; more sensitivity/external validation would strengthen the evidence.",0,100
Salazar and Restrepo 2024,methods,percentile,78.0,68.0,86.0,"Well-structured spatial GE with deforestation as an endogenous land sector, migration, trade, and non-homothetic preferences. Calibration and inversion are transparent. Estimation of key elasticities plausible but partly borrowed; closed-economy assumption; identification of δ/ψ could face endogeneity. Needs broader robustness/sensitivity and uncertainty propagation.",0,100
Salazar and Restrepo 2024,advancing_knowledge,percentile,86.0,78.0,92.0,Addresses a central open question—GE leakage of conservation—adding labor/migration and explicit deforestation technology. Quantifies leakage over time and informs design of targeted policies. Provides a versatile framework; could further add welfare/carbon accounting and policy design tools to maximize practical uptake.,0,100
Salazar and Restrepo 2024,logic_communication,percentile,82.0,74.0,89.0,"Clear motivation, theory, and empirical setup; good figures and transparency about assumptions and pitfalls. Some notation density and typos; decomposition for no-leakage counterfactual could be clarified further. Overall arguments are coherent and consistent with presented evidence.",0,100
Salazar and Restrepo 2024,open_science,percentile,65.0,55.0,75.0,Data sources are public and parameter choices are tabulated; model and estimation steps are described. Replication burden is high without released code; several constructed series and inversions would be hard to reproduce exactly. Internal consistency checks are shown but code/data availability is unclear.,0,100
Salazar and Restrepo 2024,global_relevance,percentile,90.0,82.0,96.0,"Highly relevant to climate and biodiversity policy. Results speak directly to leakage concerns in REDD+/conservation targeting. Offers quantitative guidance, though lacks explicit carbon/cost metrics and policy implementation guidance. Still very actionable for practitioners and policymakers.",0,100
Salazar and Restrepo 2024,tier_should,tier,4.2,3.6,4.7,"On merit, fits a top field environmental/development/trade outlet; could reach marginal A-journal if robustness, uncertainty analysis, and international linkages are expanded and code is released. Clear contribution and policy relevance warrant strong placement.",0,5
Salazar and Restrepo 2024,tier_will,tier,3.8,3.0,4.5,"Given preliminary status and heavy structural calibration, likely outcome is strong field journal; with further polishing and robustness it could place in a top field. Publication prospects are good, but noise and field tastes may cap it below A-journal absent additional validation.",0,5
Schoenegger et al. 2025,overall,percentile,77.0,70.0,84.0,"Large preregistered randomized experiment with clear main effect versus control, transparent reporting, and thoughtful discussion. Limitations: only six questions, sensitivity to one outlier item, control uses a weaker non-forecasting LLM (not human-only), and winsorization/standardization choices affect inference.",0,100
Schoenegger et al. 2025,claims_evidence,percentile,74.0,66.0,82.0,"Main claim—frontier LLM assistants improve human forecasting vs a non-forecasting LLM—is supported by RCT and prereg results. Authors appropriately flag outlier sensitivity and mixed aggregate effects. However, only six items, ex post sensitivity, and the control design limit the strength and scope of causal claims.",0,100
Schoenegger et al. 2025,methods,percentile,73.0,65.0,80.0,"Random assignment, preregistration, incentives, clear outcome, and appropriate analyses (ANOVA, Tukey, mixed effects, bootstrap). Choices that raise concerns: double winsorization, scaling by control SD, forced minimal engagement, temperature 0.8, only six continuous items, Prolific sample, and a non-human control.",0,100
Schoenegger et al. 2025,advancing_knowledge,percentile,76.0,68.0,83.0,"Timely causal evidence on LLM-human hybrid forecasting, probing skill heterogeneity and aggregation effects; provides design-relevant insights for AI assistants. Impact tempered by small question set, sensitivity to one item, and control choice that blurs comparisons to human-only practice; limited cross-domain generalizability.",0,100
Schoenegger et al. 2025,logic_communication,percentile,82.0,74.0,88.0,"Clear questions, hypotheses, and prereg; methods and prompts described in detail; deviations disclosed; figures readable; limitations candid. Some design justifications (e.g., control choice, preprocessing decisions) could be more fully defended; more robustness checks would strengthen confidence.",0,100
Schoenegger et al. 2025,open_science,percentile,64.0,50.0,75.0,"Preregistration and full prompts provided; model configs and procedures described. However, no explicit release of data or analysis code; reliance on proprietary APIs limits reproducibility; OSF link appears for prereg only. Internally consistent reporting but limited external replicability resources.",0,100
Schoenegger et al. 2025,global_relevance,percentile,70.0,60.0,80.0,"Forecasting accuracy is relevant to policy, business, and risk prioritization. Findings suggest practical gains from LLM assistants, with caveats on aggregate effects. Lacks cost-benefit quantification and broader deployment guidance; external validity across domains and question types remains uncertain.",0,100
Schoenegger et al. 2025,tier_should,tier,3.8,3.3,4.2,"Strong, well-communicated preregistered RCT on a timely HCI/AI topic with practical implications. Outlier sensitivity, limited task breadth (six items), and control design prevent top-tier placement. Merits a top field journal; borderline for marginal A depending on added robustness and shared materials.",0,5
Schoenegger et al. 2025,tier_will,tier,3.6,3.0,4.1,"Likely to publish in a strong field journal given topic salience, scale, and clarity. Mixed findings across analyses, sensitivity to one item, and limited open materials may deter A-journals. With additional robustness checks or replication, prospects could move toward marginal A-tier.",0,5
Schuett et al. 2023,overall,percentile,85.0,75.0,92.0,"Timely, policy-relevant expert survey with clear findings and strong transparency. Sample is small and purposive; items are abstract; generalizability is limited. Nonetheless, synthesis is actionable, analyses are appropriate, and limitations are candidly discussed.",0,100
Schuett et al. 2023,claims_evidence,percentile,82.0,72.0,90.0,"Claims are scoped to expert agreement on practices; evidence (Likert responses) supports them. Correct characterization of what the survey can and cannot show. Selection bias and optional items reduce external validity, but reporting is careful.",0,100
Schuett et al. 2023,methods,percentile,78.0,68.0,86.0,Purposive sampling; preregistration; clear instrument; nonparametric tests and multiple-comparisons control. Optional items and reminders may introduce bias; limited power for subgroup tests; little qualitative reasoning. Still reasonable for descriptive aims.,0,100
Schuett et al. 2023,advancing_knowledge,percentile,80.0,70.0,90.0,"Provides a consensus baseline and priority map for AGI lab governance; useful for standards, audits, and policy. Less theoretical novelty; impact hinges on adoption and representativeness. Valuable, especially for applied practice.",0,100
Schuett et al. 2023,logic_communication,percentile,88.0,80.0,94.0,"Clear goals, definitions, and framing; transparent reasoning; results tied to conclusions; figures and tables are readable; limitations and policy implications explicit. Minimal overreach.",0,100
Schuett et al. 2023,open_science,percentile,90.0,82.0,96.0,"Preregistration, OSF materials, code and data shared where possible; methods documented; deviations disclosed. Demographic/text withholding is justified for anonymity, slightly limiting full reproducibility.",0,100
Schuett et al. 2023,global_relevance,percentile,92.0,85.0,97.0,"Directly addresses high-stakes governance of advanced AI with actionable practices for labs, regulators, and SDOs across jurisdictions. Quantification of costs/benefits is limited; implementation specifics deferred.",0,100
Schuett et al. 2023,tier_should,tier,3.6,3.0,4.2,"Strong applied governance survey with rigor and transparency, offering practical value. Best suited to a strong field or top policy venue; modest methodological novelty and small N limit A-journal suitability.",0,5
Schuett et al. 2023,tier_will,tier,3.2,2.6,3.8,"Likely to publish in a solid field/policy journal or reputable governance venue. Timeliness helps, but abstract items, selection bias, and limited novelty make top-tier general outlets unlikely.",0,5
Trammel and Aschenbrenner 2025,overall,percentile,90.0,82.0,95.0,"Rigorous theory unifying state and transition risk with policy response; overturns standard ‘stagnation is safe’ assumption; clear propositions, conditions, and simulations. Limitations: 1-D technology, stylized hazard forms, planner/CRRA assumptions, little empirical calibration. Still likely impactful for growth–x-risk debates.",0,100
Trammel and Aschenbrenner 2025,claims_evidence,percentile,90.0,85.0,95.0,"Main claims are conditional and precisely stated; supported by formal derivations and proofs, with illustrative simulations. Assumptions explicit; edge cases explored (gamma regimes, policy frictions). Limited empirical evidence/calibration restrains external validation but characterization of evidence is accurate.",0,100
Trammel and Aschenbrenner 2025,methods,percentile,85.0,78.0,90.0,"Mathematical modeling is sound; optimization and comparative statics are transparent; robustness across functional forms/parameters discussed. Assumptions (one-dimensional tech, isoelastic utility, benevolent planner, specific hazard elasticities) reduce external validity but are well-motivated for the questions posed.",0,100
Trammel and Aschenbrenner 2025,advancing_knowledge,percentile,88.0,80.0,94.0,"Clarifies when faster growth lowers cumulative x-risk; introduces an existential-risk Kuznets curve; decomposes state vs transition risk; gives conditions for survival under optimal policy. Provides a framework useful for AI/bio/climate risk policy. Less novel empirically, but conceptually important and actionable.",0,100
Trammel and Aschenbrenner 2025,logic_communication,percentile,90.0,85.0,95.0,"Clear definitions, notation, and structure; propositions with proofs; intuitive explanations and figures; limitations and scope stated. Dense but coherent and consistent. Minor complexity from technical appendices, but overall argument is transparent and logically tight.",0,100
Trammel and Aschenbrenner 2025,open_science,percentile,80.0,70.0,90.0,"Proofs and derivations provided; parameters stated; code link for simulations for replication. No original data; some reliance on appendices. For a theory paper, reproducibility is good, though broader empirical validation/tools are limited.",0,100
Trammel and Aschenbrenner 2025,global_relevance,percentile,92.0,88.0,97.0,"Directly relevant to global priorities and existential risk policy; informs tradeoffs for AI/bio/climate governance and growth policy. Offers usable conditions and qualitative guidance for practitioners. Quantitative policy calibration is limited, but the framework is highly pertinent.",0,100
Trammel and Aschenbrenner 2025,tier_should,tier,4.2,3.6,4.6,"Merits publication in a top field or marginal top general journal: novel, rigorous, and policy-relevant theoretical contribution clarifying growth–x-risk. Stylization and sparse empirics likely keep it short of top general outlets but strong for top field/policy theory venues.",0,5
Trammel and Aschenbrenner 2025,tier_will,tier,3.9,3.2,4.5,"Likely outcome is strong field or marginal top-field outlet. Could reach a selective short-format top-general venue focused on timely theory-policy pieces, but theoretical niche and limited empirics add uncertainty.",0,5
