research,criteria,publication_status,main_cause_cat,evaluator,anonymous,middle_rating,lower_ci,upper_ci,confidence_level,checked_against_source,notes_on_check_against_source,evaluator_comment,eval_weight_not_used_yet,cause_areas,journal_publication_title,publication_date_unjournal,row_created_date,.rowid,doi_key,arxiv_key,title_key,first_author,year_key,uj_map_key
A Welfare Analysis of Policies Impacting Climate Change,overall,Working paper/mimeo; not published in a peer-reviewed journal,The Environment: Harm to human health,biodiversity,risks and climate change,Johannes Emmerling,false,91,78,94,NA,false,NA,NA,NA,NA,"WP,2025-05-23,6/5/2025 12:44:23 PM",1,NA,NA,NA,NA,NA,NA
A Welfare Analysis of Policies Impacting Climate Change,claims,Working paper/mimeo; not published in a peer-reviewed journal,The Environment: Harm to human health,biodiversity,risks and climate change,Johannes Emmerling,false,96,93,100,NA,false,NA,NA,NA,NA,"WP,2025-05-23,6/5/2025 12:44:23 PM",2,NA,NA,NA,NA,NA,NA
A Welfare Analysis of Policies Impacting Climate Change,adv_knowledge,Working paper/mimeo; not published in a peer-reviewed journal,The Environment: Harm to human health,biodiversity,risks and climate change,Johannes Emmerling,false,93,90,95,NA,false,NA,NA,NA,NA,"WP,2025-05-23,6/5/2025 12:44:23 PM",3,NA,NA,NA,NA,NA,NA
A Welfare Analysis of Policies Impacting Climate Change,methods,Working paper/mimeo; not published in a peer-reviewed journal,The Environment: Harm to human health,biodiversity,risks and climate change,Johannes Emmerling,false,89,79,95,NA,NA,NA,NA,NA,NA,"WP,2025-05-23,6/5/2025 12:44:23 PMA Welfare Analysis of Policies Impacting Climate Change,logic_comms,Working paper/mimeo; not published in a peer-reviewed journal,The Environment: Harm to human health, biodiversity, risks and climate change,Johannes Emmerling,false,80,74,86,,,,,,,WP,2025-05-23,6/5/2025 12:44:23 PM",4,NA,NA,NA,NA,NA,NA
A Welfare Analysis of Policies Impacting Climate Change,open_sci,Working paper/mimeo; not published in a peer-reviewed journal,The Environment: Harm to human health,biodiversity,risks and climate change,Johannes Emmerling,false,65,60,70,NA,NA,NA,My rating here is based on the data and its use,not the study’s experimental design in the field,which (like many experiments) likely has many nuances in implementation.,",,WP,2025-05-23,6/5/2025 12:44:23 PM",5,NA,NA,NA,NA,NA,NA
A Welfare Analysis of Policies Impacting Climate Change,real_world,Working paper/mimeo; not published in a peer-reviewed journal,The Environment: Harm to human health,biodiversity,risks and climate change,Johannes Emmerling,false,93,90,96,NA,NA,NA,NA,NA,NA,"WP,2025-05-23,6/5/2025 12:44:23 PM",6,NA,NA,NA,NA,NA,NA
A Welfare Analysis of Policies Impacting Climate Change,gp_relevance,Working paper/mimeo; not published in a peer-reviewed journal,The Environment: Harm to human health,biodiversity,risks and climate change,Johannes Emmerling,false,93,90,96,NA,NA,NA,NA,NA,NA,"WP,2025-05-23,6/5/2025 12:44:23 PM",7,NA,NA,NA,NA,NA,NA
A Welfare Analysis of Policies Impacting Climate Change,merits_journal,Working paper/mimeo; not published in a peer-reviewed journal,The Environment: Harm to human health,biodiversity,risks and climate change,Johannes Emmerling,false,4,3.9,4.3,NA,NA,NA,NA,NA,NA,"WP,2025-05-23,6/5/2025 12:44:23 PM",8,NA,NA,NA,NA,NA,NA
A Welfare Analysis of Policies Impacting Climate Change,journal_predict,Working paper/mimeo; not published in a peer-reviewed journal,The Environment: Harm to human health,biodiversity,risks and climate change,Johannes Emmerling,false,4,3.9,4.1,NA,NA,NA,NA,NA,NA,"WP,2025-05-23,6/5/2025 12:44:23 PM",9,NA,NA,NA,NA,NA,NA
A Welfare Analysis of Policies Impacting Climate Change,overall,Working paper/mimeo; not published in a peer-reviewed journal,The Environment: Harm to human health,biodiversity,risks and climate change,Frank Venmans ,false,90,85,94,NA,false,NA,NA,NA,NA,"WP,2025-05-23,6/5/2025 12:52:29 PM",10,NA,NA,NA,NA,NA,NA
A Welfare Analysis of Policies Impacting Climate Change,claims,Working paper/mimeo; not published in a peer-reviewed journal,The Environment: Harm to human health,biodiversity,risks and climate change,Frank Venmans ,false,85,80,90,NA,false,NA,NA,NA,NA,"WP,2025-05-23,6/5/2025 12:52:29 PM",11,NA,NA,NA,NA,NA,NA
A Welfare Analysis of Policies Impacting Climate Change,adv_knowledge,Working paper/mimeo; not published in a peer-reviewed journal,The Environment: Harm to human health,biodiversity,risks and climate change,Frank Venmans ,false,86,80,90,NA,false,NA,NA,NA,NA,"WP,2025-05-23,6/5/2025 12:52:29 PM",12,NA,NA,NA,NA,NA,NA
A Welfare Analysis of Policies Impacting Climate Change,methods,Working paper/mimeo; not published in a peer-reviewed journal,The Environment: Harm to human health,biodiversity,risks and climate change,Frank Venmans ,false,85,75,95,NA,NA,NA,NA,NA,NA,"WP,2025-05-23,6/5/2025 12:52:29 PM",13,NA,NA,NA,NA,NA,NA
A Welfare Analysis of Policies Impacting Climate Change,logic_comms,Working paper/mimeo; not published in a peer-reviewed journal,The Environment: Harm to human health,biodiversity,risks and climate change,Frank Venmans ,false,90,80,95,NA,NA,NA,NA,NA,NA,"WP,2025-05-23,6/5/2025 12:52:29 PM",14,NA,NA,NA,NA,NA,NA
A Welfare Analysis of Policies Impacting Climate Change,open_sci,Working paper/mimeo; not published in a peer-reviewed journal,The Environment: Harm to human health,biodiversity,risks and climate change,Frank Venmans ,false,80,75,90,NA,NA,NA,My rating here is based on the data and its use,not the study’s experimental design in the field,which (like many experiments) likely has many nuances in implementation.,",,WP,2025-05-23,6/5/2025 12:52:29 PM",15,NA,NA,NA,NA,NA,NA
A Welfare Analysis of Policies Impacting Climate Change,real_world,Working paper/mimeo; not published in a peer-reviewed journal,The Environment: Harm to human health,biodiversity,risks and climate change,Frank Venmans ,false,90,85,96,NA,NA,NA,NA,NA,NA,"WP,2025-05-23,6/5/2025 12:52:29 PM",16,NA,NA,NA,NA,NA,NA
A Welfare Analysis of Policies Impacting Climate Change,gp_relevance,Working paper/mimeo; not published in a peer-reviewed journal,The Environment: Harm to human health,biodiversity,risks and climate change,Frank Venmans ,false,90,85,96,NA,NA,NA,NA,NA,NA,"WP,2025-05-23,6/5/2025 12:52:29 PM",17,NA,NA,NA,NA,NA,NA
A Welfare Analysis of Policies Impacting Climate Change,merits_journal,Working paper/mimeo; not published in a peer-reviewed journal,The Environment: Harm to human health,biodiversity,risks and climate change,Frank Venmans ,false,4.9,4.7,5,NA,NA,NA,NA,NA,NA,"WP,2025-05-23,6/5/2025 12:52:29 PM",18,NA,NA,NA,NA,NA,NA
A Welfare Analysis of Policies Impacting Climate Change,journal_predict,Working paper/mimeo; not published in a peer-reviewed journal,The Environment: Harm to human health,biodiversity,risks and climate change,Frank Venmans ,false,5,4.3,5,NA,NA,NA,NA,NA,NA,"WP,2025-05-23,6/5/2025 12:52:29 PM",19,NA,NA,NA,NA,NA,NA
Accelerating Vaccine Innovation for Emerging Infectious Diseases via Parallel Discovery,overall,book chapter,Catastrophic and existential risks,the long-term future,forecasting,Tim Colbourn,false,60,50,70,NA,false,NA,If all my comments were addressed and the paper completely redone then it would score a lot higher,NA,Pandemic,"disease, and bio-risks,,2024-04-05,6/7/2024 5:12:14 PM",20,NA,NA,NA,NA,NA,NA
Accelerating Vaccine Innovation for Emerging Infectious Diseases via Parallel Discovery,merits_journal,book chapter,Catastrophic and existential risks,the long-term future,forecasting,Richard Bruns,false,2,1,3,NA,false,NA,NA,NA,Pandemic,"disease, and bio-risks,,2024-04-05,7/2/2024 12:06:30 PM",21,NA,NA,NA,NA,NA,NA
Accelerating Vaccine Innovation for Emerging Infectious Diseases via Parallel Discovery,overall,book chapter,Catastrophic and existential risks,the long-term future,forecasting,Richard Bruns,false,40,20,60,NA,false,NA,NA,NA,Pandemic,"disease, and bio-risks,,2024-04-05,7/2/2024 12:07:14 PM",22,NA,NA,NA,NA,NA,NA
Accelerating Vaccine Innovation for Emerging Infectious Diseases via Parallel Discovery,adv_knowledge,book chapter,Catastrophic and existential risks,the long-term future,forecasting,Richard Bruns,false,35,10,50,NA,NA,NA,NA,NA,Pandemic,"disease, and bio-risks,,2024-04-05,7/9/2024 10:46:48 AM",23,NA,NA,NA,NA,NA,NA
Accelerating Vaccine Innovation for Emerging Infectious Diseases via Parallel Discovery,adv_knowledge,book chapter,Catastrophic and existential risks,the long-term future,forecasting,Tim Colbourn,false,60,50,70,NA,false,NA,NA,NA,Pandemic,"disease, and bio-risks,,2024-04-05,6/7/2024 5:12:14 PM",24,NA,NA,NA,NA,NA,NA
Accelerating Vaccine Innovation for Emerging Infectious Diseases via Parallel Discovery,methods,book chapter,Catastrophic and existential risks,the long-term future,forecasting,Tim Colbourn,false,50,40,60,NA,false,NA,NA,NA,Pandemic,"disease, and bio-risks,,2024-04-05,6/7/2024 5:12:14 PM",25,NA,NA,NA,NA,NA,NA
Accelerating Vaccine Innovation for Emerging Infectious Diseases via Parallel Discovery,logic_comms,book chapter,Catastrophic and existential risks,the long-term future,forecasting,Tim Colbourn,false,60,50,70,NA,false,NA,NA,NA,Pandemic,"disease, and bio-risks,,2024-04-05,6/7/2024 5:12:14 PM",26,NA,NA,NA,NA,NA,NA
Accelerating Vaccine Innovation for Emerging Infectious Diseases via Parallel Discovery,open_sci,book chapter,Catastrophic and existential risks,the long-term future,forecasting,Tim Colbourn,false,60,50,70,NA,false,NA,NA,NA,Pandemic,"disease, and bio-risks,,2024-04-05,6/7/2024 5:12:14 PM",27,NA,NA,NA,NA,NA,NA
Accelerating Vaccine Innovation for Emerging Infectious Diseases via Parallel Discovery,real_world,book chapter,Catastrophic and existential risks,the long-term future,forecasting,Tim Colbourn,false,60,50,70,NA,false,NA,NA,NA,Pandemic,"disease, and bio-risks,,2024-04-05,6/7/2024 5:12:14 PM",28,NA,NA,NA,NA,NA,NA
Accelerating Vaccine Innovation for Emerging Infectious Diseases via Parallel Discovery,gp_relevance,book chapter,Catastrophic and existential risks,the long-term future,forecasting,Tim Colbourn,false,80,70,90,NA,false,NA,The topic is highly relevant as pandemics and infectious diseases are a top global priority. The premise with the limited focus on private sector investment is somewhat flawed though as per comments 1-3 of my review,as is the assumption of no attempt to optimise of the portfolio of vaccines at the outset (e.g. in relation to expected benefits) as per comments 5-6 of my review.,NA,"Pandemic, disease, and bio-risks,,2024-04-05,6/7/2024 5:12:14 PM",29,NA,NA,NA,NA,NA,NA
Accelerating Vaccine Innovation for Emerging Infectious Diseases via Parallel Discovery,merits_journal,book chapter,Catastrophic and existential risks,the long-term future,forecasting,Tim Colbourn,false,3,2.5,3.5,NA,false,NA,This is as it stands. Should be top tier 5.0 (50) if all of my comments are addressed and the paper is completely redone.,NA,Pandemic,"disease, and bio-risks,,2024-04-05,6/7/2024 5:12:14 PM",30,NA,NA,NA,NA,NA,NA
Accelerating Vaccine Innovation for Emerging Infectious Diseases via Parallel Discovery,journal_predict,book chapter,Catastrophic and existential risks,the long-term future,forecasting,Tim Colbourn,false,3,2.5,3.5,NA,false,NA,NA,NA,Pandemic,"disease, and bio-risks,,2024-04-05,6/7/2024 5:12:14 PM",31,NA,NA,NA,NA,NA,NA
Accelerating Vaccine Innovation for Emerging Infectious Diseases via Parallel Discovery,methods,book chapter,Catastrophic and existential risks,the long-term future,forecasting,Richard Bruns,false,50,30,60,NA,NA,NA,NA,NA,Pandemic,"disease, and bio-risks,,2024-04-05,7/9/2024 10:46:48 AM",32,NA,NA,NA,NA,NA,NA
Accelerating Vaccine Innovation for Emerging Infectious Diseases via Parallel Discovery,logic_comms,book chapter,Catastrophic and existential risks,the long-term future,forecasting,Richard Bruns,false,30,10,50,NA,NA,NA,NA,NA,Pandemic,"disease, and bio-risks,,2024-04-05,7/9/2024 10:46:48 AM",33,NA,NA,NA,NA,NA,NA
Accelerating Vaccine Innovation for Emerging Infectious Diseases via Parallel Discovery,open_sci,book chapter,Catastrophic and existential risks,the long-term future,forecasting,Richard Bruns,false,50,30,70,NA,NA,NA,NA,NA,Pandemic,"disease, and bio-risks,,2024-04-05,7/9/2024 10:46:48 AM",34,NA,NA,NA,NA,NA,NA
Accelerating Vaccine Innovation for Emerging Infectious Diseases via Parallel Discovery,real_world,book chapter,Catastrophic and existential risks,the long-term future,forecasting,Richard Bruns,false,60,50,80,NA,NA,NA,NA,NA,Pandemic,"disease, and bio-risks,,2024-04-05,7/9/2024 10:46:48 AM",35,NA,NA,NA,NA,NA,NA
Accelerating Vaccine Innovation for Emerging Infectious Diseases via Parallel Discovery,gp_relevance,book chapter,Catastrophic and existential risks,the long-term future,forecasting,Richard Bruns,false,60,50,80,NA,NA,NA,NA,NA,Pandemic,"disease, and bio-risks,,2024-04-05,7/9/2024 10:46:48 AM",36,NA,NA,NA,NA,NA,NA
Accelerating Vaccine Innovation for Emerging Infectious Diseases via Parallel Discovery,merits_journal,book chapter,Catastrophic and existential risks,the long-term future,forecasting,Richard Bruns,false,2,1,3,NA,NA,NA,NA,NA,Pandemic,"disease, and bio-risks,,2024-04-05,7/9/2024 10:46:48 AM",37,NA,NA,NA,NA,NA,NA
Accelerating Vaccine Innovation for Emerging Infectious Diseases via Parallel Discovery,journal_predict,book chapter,Catastrophic and existential risks,the long-term future,forecasting,Richard Bruns,false,2,1,4,NA,NA,NA,NA,NA,Pandemic,"disease, and bio-risks,,2024-04-05,7/9/2024 10:46:48 AM",38,NA,NA,NA,NA,NA,NA
Adaptability and the Pivot Penalty in Science,overall,Published,~top journal,Innovation,meta-science,and research,Evaluator 1,true,80,70,90,NA,false,NA,NA,NA,"Innovation, meta-science, & research,WP,2025-05-21,6/5/2025 12:58:51 PM",39,NA,NA,NA,NA,NA,NA
Adaptability and the Pivot Penalty in Science,claims,Published,~top journal,Innovation,meta-science,and research,Evaluator 1,true,82,74,90,NA,false,NA,NA,NA,"Innovation, meta-science, & research,WP,2025-05-21,6/5/2025 12:58:51 PM",40,NA,NA,NA,NA,NA,NA
Adaptability and the Pivot Penalty in Science,adv_knowledge,Published,~top journal,Innovation,meta-science,and research,Evaluator 1,true,85,78,92,NA,false,NA,NA,NA,"Innovation, meta-science, & research,WP,2025-05-21,6/5/2025 12:58:51 PM",41,NA,NA,NA,NA,NA,NA
Adaptability and the Pivot Penalty in Science,methods,Published,~top journal,Innovation,meta-science,and research,Evaluator 1,true,85,78,92,NA,NA,NA,NA,NA,"Innovation, meta-science, & research,WP,2025-05-21,6/5/2025 12:58:51 PM",42,NA,NA,NA,NA,NA,NA
Adaptability and the Pivot Penalty in Science,logic_comms,Published,~top journal,Innovation,meta-science,and research,Evaluator 1,true,80,71,89,NA,NA,NA,NA,NA,"Innovation, meta-science, & research,WP,2025-05-21,6/5/2025 12:58:51 PM",43,NA,NA,NA,NA,NA,NA
Adaptability and the Pivot Penalty in Science,open_sci,Published,~top journal,Innovation,meta-science,and research,Evaluator 1,true,90,85,95,NA,NA,NA,My rating here is based on the data and its use,not the study’s experimental design in the field,"which (like many experiments) likely has many nuances in implementation.,,Innovation, meta-science, & research,WP,2025-05-21,6/5/2025 12:58:51 PM",44,NA,NA,NA,NA,NA,NA
Adaptability and the Pivot Penalty in Science,real_world,Published,~top journal,Innovation,meta-science,and research,Evaluator 1,true,80,70,90,NA,NA,NA,NA,NA,"Innovation, meta-science, & research,WP,2025-05-21,6/5/2025 12:58:51 PM",45,NA,NA,NA,NA,NA,NA
Adaptability and the Pivot Penalty in Science,gp_relevance,Published,~top journal,Innovation,meta-science,and research,Evaluator 1,true,80,70,90,NA,NA,NA,NA,NA,"Innovation, meta-science, & research,WP,2025-05-21,6/5/2025 12:58:51 PM",46,NA,NA,NA,NA,NA,NA
Adaptability and the Pivot Penalty in Science,merits_journal,Published,~top journal,Innovation,meta-science,and research,Evaluator 1,true,4.5,4,5,NA,NA,NA,NA,NA,"Innovation, meta-science, & research,WP,2025-05-21,6/5/2025 12:58:51 PM",47,NA,NA,NA,NA,NA,NA
Adaptability and the Pivot Penalty in Science,journal_predict,Published,~top journal,Innovation,meta-science,and research,Evaluator 1,true,4.5,4,5,NA,NA,NA,NA,NA,"Innovation, meta-science, & research,WP,2025-05-21,6/5/2025 12:58:51 PM",48,NA,NA,NA,NA,NA,NA
Advance Market Commitments: Insights from Theory and Experience,adv_knowledge,published,decent journal,Global health; “Health & well-being in low-income countries”,David Manheim,false,25,20,40,NA,false,NA,NA,NA,Global health (LMICs),AEA Papers and Proceedings,"2023-03-20,6/7/2024 4:40:59 PM",49,NA,NA,NA,NA,NA,NA
Advance Market Commitments: Insights from Theory and Experience,methods,published,decent journal,Global health; “Health & well-being in low-income countries”,David Manheim,false,95,85,97.5,NA,false,NA,NA,NA,Global health (LMICs),AEA Papers and Proceedings,"2023-03-20,6/7/2024 4:40:59 PM",50,NA,NA,NA,NA,NA,NA
Advance Market Commitments: Insights from Theory and Experience,logic_comms,published,decent journal,Global health; “Health & well-being in low-income countries”,David Manheim,false,75,60,90,NA,false,NA,NA,NA,Global health (LMICs),AEA Papers and Proceedings,"2023-03-20,6/7/2024 4:40:59 PM",51,NA,NA,NA,NA,NA,NA
Advance Market Commitments: Insights from Theory and Experience,real_world,published,decent journal,Global health; “Health & well-being in low-income countries”,David Manheim,false,NA,NA,NA,NA,false,NA,NA,NA,Global health (LMICs),AEA Papers and Proceedings,"2023-03-20,6/7/2024 4:40:59 PM",52,NA,NA,NA,NA,NA,NA
Advance Market Commitments: Insights from Theory and Experience,gp_relevance,published,decent journal,Global health; “Health & well-being in low-income countries”,David Manheim,false,60,40,75,NA,false,NA,NA,NA,Global health (LMICs),AEA Papers and Proceedings,"2023-03-20,6/7/2024 4:40:59 PM",53,NA,NA,NA,NA,NA,NA
Advance Market Commitments: Insights from Theory and Experience,journal_predict,published,decent journal,Global health; “Health & well-being in low-income countries”,David Manheim,false,3,2.5,4.5,NA,false,NA,NA,NA,Global health (LMICs),AEA Papers and Proceedings,"2023-03-20,6/7/2024 4:40:59 PM",54,NA,NA,NA,NA,NA,NA
Advance Market Commitments: Insights from Theory and Experience,open_sci,published,decent journal,Global health; “Health & well-being in low-income countries”,David Manheim,false,NA,NA,NA,NA,false,NA,NA,NA,Global health (LMICs),AEA Papers and Proceedings,"2023-03-20,6/7/2024 4:40:59 PM",55,NA,NA,NA,NA,NA,NA
Advance Market Commitments: Insights from Theory and Experience,merits_journal,published,decent journal,Global health; “Health & well-being in low-income countries”,David Manheim,false,NA,NA,NA,NA,false,NA,NA,NA,Global health (LMICs),AEA Papers and Proceedings,"2023-03-20,6/7/2024 4:40:59 PM",56,NA,NA,NA,NA,NA,NA
Advance Market Commitments: Insights from Theory and Experience,overall,published,decent journal,Global health; “Health & well-being in low-income countries”,David Manheim,false,80,70,90,NA,false,NA,NA,NA,Global health (LMICs),AEA Papers and Proceedings,"2023-03-20,6/7/2024 4:40:59 PM",57,NA,NA,NA,NA,NA,NA
Advance Market Commitments: Insights from Theory and Experience,adv_knowledge,published,decent journal,Global health; “Health & well-being in low-income countries”,Joel Tan,false,90,70,100,NA,false,NA,NA,NA,Global health (LMICs),AEA Papers and Proceedings,"2023-03-20,6/7/2024 4:40:59 PM",58,NA,NA,NA,NA,NA,NA
Advance Market Commitments: Insights from Theory and Experience,methods,published,decent journal,Global health; “Health & well-being in low-income countries”,Joel Tan,false,70,50,90,NA,false,NA,NA,NA,Global health (LMICs),AEA Papers and Proceedings,"2023-03-20,6/7/2024 4:40:59 PM",59,NA,NA,NA,NA,NA,NA
Advance Market Commitments: Insights from Theory and Experience,logic_comms,published,decent journal,Global health; “Health & well-being in low-income countries”,Joel Tan,false,70,50,90,NA,false,NA,NA,NA,Global health (LMICs),AEA Papers and Proceedings,"2023-03-20,6/7/2024 4:40:59 PM",60,NA,NA,NA,NA,NA,NA
Advance Market Commitments: Insights from Theory and Experience,real_world,published,decent journal,Global health; “Health & well-being in low-income countries”,Joel Tan,false,90,70,100,NA,false,NA,NA,NA,Global health (LMICs),AEA Papers and Proceedings,"2023-03-20,6/7/2024 4:40:59 PM",61,NA,NA,NA,NA,NA,NA
Advance Market Commitments: Insights from Theory and Experience,gp_relevance,published,decent journal,Global health; “Health & well-being in low-income countries”,Joel Tan,false,90,70,100,NA,false,NA,NA,NA,Global health (LMICs),AEA Papers and Proceedings,"2023-03-20,6/7/2024 4:40:59 PM",62,NA,NA,NA,NA,NA,NA
Advance Market Commitments: Insights from Theory and Experience,journal_predict,published,decent journal,Global health; “Health & well-being in low-income countries”,Joel Tan,false,5,NA,NA,NA,false,NA,NA,NA,Global health (LMICs),AEA Papers and Proceedings,"2023-03-20,6/7/2024 4:40:59 PM",63,NA,NA,NA,NA,NA,NA
Advance Market Commitments: Insights from Theory and Experience,open_sci,published,decent journal,Global health; “Health & well-being in low-income countries”,Joel Tan,false,50,30,70,NA,false,NA,NA,NA,Global health (LMICs),AEA Papers and Proceedings,"2023-03-20,6/7/2024 4:40:59 PM",64,NA,NA,NA,NA,NA,NA
Advance Market Commitments: Insights from Theory and Experience,merits_journal,published,decent journal,Global health; “Health & well-being in low-income countries”,Joel Tan,false,5,NA,NA,NA,false,NA,NA,NA,Global health (LMICs),AEA Papers and Proceedings,"2023-03-20,6/7/2024 4:40:59 PM",65,NA,NA,NA,NA,NA,NA
Advance Market Commitments: Insights from Theory and Experience,overall,published,decent journal,Global health; “Health & well-being in low-income countries”,Joel Tan,false,79,59,94,NA,false,NA,NA,NA,Global health (LMICs),AEA Papers and Proceedings,"2023-03-20,6/7/2024 4:40:59 PM",66,NA,NA,NA,NA,NA,NA
Advance Market Commitments: Insights from Theory and Experience,adv_knowledge,published,decent journal,Global health; “Health & well-being in low-income countries”,Dan Tortorice,false,90,NA,NA,NA,false,NA,NA,NA,Global health (LMICs),AEA Papers and Proceedings,"2023-03-20,6/7/2024 4:40:59 PM",67,NA,NA,NA,NA,NA,NA
Advance Market Commitments: Insights from Theory and Experience,methods,published,decent journal,Global health; “Health & well-being in low-income countries”,Dan Tortorice,false,80,NA,NA,NA,false,NA,NA,NA,Global health (LMICs),AEA Papers and Proceedings,"2023-03-20,6/7/2024 4:40:59 PM",68,NA,NA,NA,NA,NA,NA
Advance Market Commitments: Insights from Theory and Experience,logic_comms,published,decent journal,Global health; “Health & well-being in low-income countries”,Dan Tortorice,false,80,NA,NA,NA,false,NA,NA,NA,Global health (LMICs),AEA Papers and Proceedings,"2023-03-20,6/7/2024 4:40:59 PM",69,NA,NA,NA,NA,NA,NA
Advance Market Commitments: Insights from Theory and Experience,real_world,published,decent journal,Global health; “Health & well-being in low-income countries”,Dan Tortorice,false,NA,NA,NA,NA,false,NA,NA,NA,Global health (LMICs),AEA Papers and Proceedings,"2023-03-20,6/7/2024 4:40:59 PM",70,NA,NA,NA,NA,NA,NA
Advance Market Commitments: Insights from Theory and Experience,gp_relevance,published,decent journal,Global health; “Health & well-being in low-income countries”,Dan Tortorice,false,95,NA,NA,NA,false,NA,NA,NA,Global health (LMICs),AEA Papers and Proceedings,"2023-03-20,6/7/2024 4:40:59 PM",71,NA,NA,NA,NA,NA,NA
Advance Market Commitments: Insights from Theory and Experience,journal_predict,published,decent journal,Global health; “Health & well-being in low-income countries”,Dan Tortorice,false,4,NA,NA,NA,false,NA,NA,NA,Global health (LMICs),AEA Papers and Proceedings,"2023-03-20,6/7/2024 4:40:59 PM",72,NA,NA,NA,NA,NA,NA
Advance Market Commitments: Insights from Theory and Experience,open_sci,published,decent journal,Global health; “Health & well-being in low-income countries”,Dan Tortorice,false,90,NA,NA,NA,false,NA,NA,NA,Global health (LMICs),AEA Papers and Proceedings,"2023-03-20,6/7/2024 4:40:59 PM",73,NA,NA,NA,NA,NA,NA
Advance Market Commitments: Insights from Theory and Experience,merits_journal,published,decent journal,Global health; “Health & well-being in low-income countries”,Dan Tortorice,false,4,NA,NA,NA,false,NA,NA,NA,Global health (LMICs),AEA Papers and Proceedings,"2023-03-20,6/7/2024 4:40:59 PM",74,NA,NA,NA,NA,NA,NA
Advance Market Commitments: Insights from Theory and Experience,overall,published,decent journal,Global health; “Health & well-being in low-income countries”,Dan Tortorice,false,80,NA,NA,NA,false,NA,NA,NA,Global health (LMICs),AEA Papers and Proceedings,"2023-03-20,6/7/2024 4:40:59 PM",75,NA,NA,NA,NA,NA,NA
Artificial Intelligence and Economic Growth,adv_knowledge,book chapter,Emerging technologies: social and economic impacts (focus: AI),Seth Benzell,false,75,65,85,NA,false,NA,NA,NA,Emerging tech: social & economic impacts,University of Chicago Press,2023-03-16,6/7/2024 4:40:59 PM,76,NA,NA,NA,NA,NA,NA
Artificial Intelligence and Economic Growth,methods,book chapter,Emerging technologies: social and economic impacts (focus: AI),Seth Benzell,false,80,75,85,NA,false,NA,NA,NA,Emerging tech: social & economic impacts,University of Chicago Press,2023-03-16,6/7/2024 4:40:59 PM,77,NA,NA,NA,NA,NA,NA
Artificial Intelligence and Economic Growth,logic_comms,book chapter,Emerging technologies: social and economic impacts (focus: AI),Seth Benzell,false,70,60,80,NA,false,NA,NA,NA,Emerging tech: social & economic impacts,University of Chicago Press,2023-03-16,6/7/2024 4:40:59 PM,78,NA,NA,NA,NA,NA,NA
Artificial Intelligence and Economic Growth,real_world,book chapter,Emerging technologies: social and economic impacts (focus: AI),Seth Benzell,false,NA,NA,NA,NA,false,NA,NA,NA,Emerging tech: social & economic impacts,University of Chicago Press,2023-03-16,6/7/2024 4:40:59 PM,79,NA,NA,NA,NA,NA,NA
Artificial Intelligence and Economic Growth,gp_relevance,book chapter,Emerging technologies: social and economic impacts (focus: AI),Seth Benzell,false,90,85,100,NA,false,NA,NA,NA,Emerging tech: social & economic impacts,University of Chicago Press,2023-03-16,6/7/2024 4:40:59 PM,80,NA,NA,NA,NA,NA,NA
Artificial Intelligence and Economic Growth,journal_predict,book chapter,Emerging technologies: social and economic impacts (focus: AI),Seth Benzell,false,NA,NA,NA,NA,false,NA,NA,NA,Emerging tech: social & economic impacts,University of Chicago Press,2023-03-16,6/7/2024 4:40:59 PM,81,NA,NA,NA,NA,NA,NA
Artificial Intelligence and Economic Growth,open_sci,book chapter,Emerging technologies: social and economic impacts (focus: AI),Seth Benzell,false,95,90,100,NA,false,NA,NA,NA,Emerging tech: social & economic impacts,University of Chicago Press,2023-03-16,6/7/2024 4:40:59 PM,82,NA,NA,NA,NA,NA,NA
Artificial Intelligence and Economic Growth,merits_journal,book chapter,Emerging technologies: social and economic impacts (focus: AI),Seth Benzell,false,4,3.5,5,NA,false,NA,NA,NA,Emerging tech: social & economic impacts,University of Chicago Press,2023-03-16,6/7/2024 4:40:59 PM,83,NA,NA,NA,NA,NA,NA
Artificial Intelligence and Economic Growth,overall,book chapter,Emerging technologies: social and economic impacts (focus: AI),Seth Benzell,false,80,70,90,NA,false,NA,NA,NA,Emerging tech: social & economic impacts,University of Chicago Press,2023-03-16,6/7/2024 4:40:59 PM,84,NA,NA,NA,NA,NA,NA
Artificial Intelligence and Economic Growth,adv_knowledge,book chapter,Emerging technologies: social and economic impacts (focus: AI),Phil Trammel,false,97,80,100,NA,false,NA,NA,NA,Emerging tech: social & economic impacts,University of Chicago Press,2023-03-16,6/7/2024 4:40:59 PM,85,NA,NA,NA,NA,NA,NA
Artificial Intelligence and Economic Growth,methods,book chapter,Emerging technologies: social and economic impacts (focus: AI),Phil Trammel,false,70,40,90,NA,false,NA,NA,NA,Emerging tech: social & economic impacts,University of Chicago Press,2023-03-16,6/7/2024 4:40:59 PM,86,NA,NA,NA,NA,NA,NA
Artificial Intelligence and Economic Growth,logic_comms,book chapter,Emerging technologies: social and economic impacts (focus: AI),Phil Trammel,false,45,30,70,NA,false,NA,NA,NA,Emerging tech: social & economic impacts,University of Chicago Press,2023-03-16,6/7/2024 4:40:59 PM,87,NA,NA,NA,NA,NA,NA
Artificial Intelligence and Economic Growth,real_world,book chapter,Emerging technologies: social and economic impacts (focus: AI),Phil Trammel,false,NA,NA,NA,NA,false,NA,NA,NA,Emerging tech: social & economic impacts,University of Chicago Press,2023-03-16,6/7/2024 4:40:59 PM,88,NA,NA,NA,NA,NA,NA
Artificial Intelligence and Economic Growth,gp_relevance,book chapter,Emerging technologies: social and economic impacts (focus: AI),Phil Trammel,false,92,80,100,NA,false,NA,NA,NA,Emerging tech: social & economic impacts,University of Chicago Press,2023-03-16,6/7/2024 4:40:59 PM,89,NA,NA,NA,NA,NA,NA
Artificial Intelligence and Economic Growth,journal_predict,book chapter,Emerging technologies: social and economic impacts (focus: AI),Phil Trammel,false,3.5,NA,NA,NA,false,NA,NA,NA,Emerging tech: social & economic impacts,University of Chicago Press,2023-03-16,6/7/2024 4:40:59 PM,90,NA,NA,NA,NA,NA,NA
Artificial Intelligence and Economic Growth,open_sci,book chapter,Emerging technologies: social and economic impacts (focus: AI),Phil Trammel,false,80,NA,NA,NA,false,NA,NA,NA,Emerging tech: social & economic impacts,University of Chicago Press,2023-03-16,6/7/2024 4:40:59 PM,91,NA,NA,NA,NA,NA,NA
Artificial Intelligence and Economic Growth,merits_journal,book chapter,Emerging technologies: social and economic impacts (focus: AI),Phil Trammel,false,5,NA,NA,NA,false,NA,NA,NA,Emerging tech: social & economic impacts,University of Chicago Press,2023-03-16,6/7/2024 4:40:59 PM,92,NA,NA,NA,NA,NA,NA
Artificial Intelligence and Economic Growth,overall,book chapter,Emerging technologies: social and economic impacts (focus: AI),Phil Trammel,false,92,80,100,NA,false,NA,NA,NA,Emerging tech: social & economic impacts,University of Chicago Press,2023-03-16,6/7/2024 4:40:59 PM,93,NA,NA,NA,NA,NA,NA
Banning wildlife trade can boost demand for unregulated threatened species,adv_knowledge,Published,? journal,Markets for products with large externalities (focus: animal agriculture),Liew Jia Huan,false,80,NA,NA,NA,NA,NA,NA,NA,Animal Welfare (markets,attitudes),"Conservation Letters,2023-05-24,6/7/2024 4:40:59 PM",94,NA,NA,NA,NA,NA,NA
Banning wildlife trade can boost demand for unregulated threatened species,methods,Published,? journal,Markets for products with large externalities (focus: animal agriculture),Liew Jia Huan,false,50,NA,NA,NA,NA,NA,NA,NA,Animal Welfare (markets,attitudes),"Conservation Letters,2023-05-24,6/7/2024 4:40:59 PM",95,NA,NA,NA,NA,NA,NA
Banning wildlife trade can boost demand for unregulated threatened species,logic_comms,Published,? journal,Markets for products with large externalities (focus: animal agriculture),Liew Jia Huan,false,70,NA,NA,NA,NA,NA,NA,NA,Animal Welfare (markets,attitudes),"Conservation Letters,2023-05-24,6/7/2024 4:40:59 PM",96,NA,NA,NA,NA,NA,NA
Banning wildlife trade can boost demand for unregulated threatened species,real_world,Published,? journal,Markets for products with large externalities (focus: animal agriculture),Liew Jia Huan,false,90,NA,NA,NA,NA,NA,NA,NA,Animal Welfare (markets,attitudes),"Conservation Letters,2023-05-24,6/7/2024 4:40:59 PM",97,NA,NA,NA,NA,NA,NA
Banning wildlife trade can boost demand for unregulated threatened species,gp_relevance,Published,? journal,Markets for products with large externalities (focus: animal agriculture),Liew Jia Huan,false,65,NA,NA,NA,NA,NA,NA,NA,Animal Welfare (markets,attitudes),"Conservation Letters,2023-05-24,6/7/2024 4:40:59 PM",98,NA,NA,NA,NA,NA,NA
Banning wildlife trade can boost demand for unregulated threatened species,journal_predict,Published,? journal,Markets for products with large externalities (focus: animal agriculture),Liew Jia Huan,false,2.5,NA,NA,NA,NA,NA,NA,NA,Animal Welfare (markets,attitudes),"Conservation Letters,2023-05-24,6/7/2024 4:40:59 PM",99,NA,NA,NA,NA,NA,NA
Banning wildlife trade can boost demand for unregulated threatened species,open_sci,Published,? journal,Markets for products with large externalities (focus: animal agriculture),Liew Jia Huan,false,50,NA,NA,NA,NA,NA,NA,NA,Animal Welfare (markets,attitudes),"Conservation Letters,2023-05-24,6/7/2024 4:40:59 PM",100,NA,NA,NA,NA,NA,NA
Banning wildlife trade can boost demand for unregulated threatened species,merits_journal,Published,? journal,Markets for products with large externalities (focus: animal agriculture),Liew Jia Huan,false,3,NA,NA,NA,NA,NA,NA,NA,Animal Welfare (markets,attitudes),"Conservation Letters,2023-05-24,6/7/2024 4:40:59 PM",101,NA,NA,NA,NA,NA,NA
Banning wildlife trade can boost demand for unregulated threatened species,overall,Published,? journal,Markets for products with large externalities (focus: animal agriculture),Liew Jia Huan,false,75,NA,NA,NA,NA,NA,NA,NA,Animal Welfare (markets,attitudes),"Conservation Letters,2023-05-24,6/7/2024 4:40:59 PM",102,NA,NA,NA,NA,NA,NA
Banning wildlife trade can boost demand for unregulated threatened species,adv_knowledge,Published,? journal,Markets for products with large externalities (focus: animal agriculture),Anonymous_8,true,70,NA,NA,NA,NA,NA,NA,NA,Animal Welfare (markets,attitudes),"Conservation Letters,2023-05-24,6/7/2024 4:40:59 PM",103,NA,NA,NA,NA,NA,NA
Banning wildlife trade can boost demand for unregulated threatened species,methods,Published,? journal,Markets for products with large externalities (focus: animal agriculture),Anonymous_8,true,80,NA,NA,NA,NA,NA,NA,NA,Animal Welfare (markets,attitudes),"Conservation Letters,2023-05-24,6/7/2024 4:40:59 PM",104,NA,NA,NA,NA,NA,NA
Banning wildlife trade can boost demand for unregulated threatened species,logic_comms,Published,? journal,Markets for products with large externalities (focus: animal agriculture),Anonymous_8,true,70,NA,NA,NA,NA,NA,NA,NA,Animal Welfare (markets,attitudes),"Conservation Letters,2023-05-24,6/7/2024 4:40:59 PM",105,NA,NA,NA,NA,NA,NA
Banning wildlife trade can boost demand for unregulated threatened species,real_world,Published,? journal,Markets for products with large externalities (focus: animal agriculture),Anonymous_8,true,90,NA,NA,NA,NA,NA,NA,NA,Animal Welfare (markets,attitudes),"Conservation Letters,2023-05-24,6/7/2024 4:40:59 PM",106,NA,NA,NA,NA,NA,NA
Banning wildlife trade can boost demand for unregulated threatened species,gp_relevance,Published,? journal,Markets for products with large externalities (focus: animal agriculture),Anonymous_8,true,80,NA,NA,NA,NA,NA,NA,NA,Animal Welfare (markets,attitudes),"Conservation Letters,2023-05-24,6/7/2024 4:40:59 PM",107,NA,NA,NA,NA,NA,NA
Banning wildlife trade can boost demand for unregulated threatened species,journal_predict,Published,? journal,Markets for products with large externalities (focus: animal agriculture),Anonymous_8,true,3,NA,NA,NA,NA,NA,NA,NA,Animal Welfare (markets,attitudes),"Conservation Letters,2023-05-24,6/7/2024 4:40:59 PM",108,NA,NA,NA,NA,NA,NA
Banning wildlife trade can boost demand for unregulated threatened species,open_sci,Published,? journal,Markets for products with large externalities (focus: animal agriculture),Anonymous_8,true,70,NA,NA,NA,NA,NA,NA,NA,Animal Welfare (markets,attitudes),"Conservation Letters,2023-05-24,6/7/2024 4:40:59 PM",109,NA,NA,NA,NA,NA,NA
Banning wildlife trade can boost demand for unregulated threatened species,merits_journal,Published,? journal,Markets for products with large externalities (focus: animal agriculture),Anonymous_8,true,3,NA,NA,NA,NA,NA,NA,NA,Animal Welfare (markets,attitudes),"Conservation Letters,2023-05-24,6/7/2024 4:40:59 PM",110,NA,NA,NA,NA,NA,NA
Banning wildlife trade can boost demand for unregulated threatened species,overall,Published,? journal,Markets for products with large externalities (focus: animal agriculture),Anonymous_8,true,75,NA,NA,NA,NA,NA,NA,NA,Animal Welfare (markets,attitudes),"Conservation Letters,2023-05-24,6/7/2024 4:40:59 PM",111,NA,NA,NA,NA,NA,NA
Biodiversity risk,adv_knowledge,Revise and resubmit,The Environment: Harm to human health,biodiversity,risks and climate change,Anon. Evaluator 1,true,70,60,80,NA,NA,NA,NA,NA,Environment,"biodiversity, climate,WP,2024-08-26,8/15/2024 8:50:36 AM",112,NA,NA,NA,NA,NA,NA
Biodiversity risk,methods,Revise and resubmit,The Environment: Harm to human health,biodiversity,risks and climate change,Anon. Evaluator 1,true,70,60,85,NA,NA,NA,NA,NA,Environment,"biodiversity, climate,WP,2024-08-26,8/15/2024 8:52:56 AM",113,NA,NA,NA,NA,NA,NA
Biodiversity risk,logic_comms,Revise and resubmit,The Environment: Harm to human health,biodiversity,risks and climate change,Anon. Evaluator 1,true,81,70,91,NA,NA,NA,NA,NA,Environment,"biodiversity, climate,WP,2024-08-26,8/15/2024 8:52:58 AM",114,NA,NA,NA,NA,NA,NA
Biodiversity risk,open_sci,Revise and resubmit,The Environment: Harm to human health,biodiversity,risks and climate change,Anon. Evaluator 1,true,90,70,100,NA,NA,NA,NA,NA,Environment,"biodiversity, climate,WP,2024-08-26,8/15/2024 9:03:34 AM",115,NA,NA,NA,NA,NA,NA
Biodiversity risk,real_world,Revise and resubmit,The Environment: Harm to human health,biodiversity,risks and climate change,Anon. Evaluator 1,true,71,59,80,NA,NA,NA,NA,NA,Environment,"biodiversity, climate,WP,2024-08-26,8/15/2024 8:53:01 AM",116,NA,NA,NA,NA,NA,NA
Biodiversity risk,gp_relevance,Revise and resubmit,The Environment: Harm to human health,biodiversity,risks and climate change,Anon. Evaluator 1,true,92,85,100,NA,NA,NA,NA,NA,Environment,"biodiversity, climate,WP,2024-08-26,8/15/2024 8:53:11 AM",117,NA,NA,NA,NA,NA,NA
Biodiversity risk,merits_journal,Revise and resubmit,The Environment: Harm to human health,biodiversity,risks and climate change,Anon. Evaluator 1,true,4,3.5,4.5,NA,NA,NA,NA,NA,Environment,"biodiversity, climate,WP,2024-08-26,8/15/2024 8:53:14 AM",118,NA,NA,NA,NA,NA,NA
Biodiversity risk,journal_predict,Revise and resubmit,The Environment: Harm to human health,biodiversity,risks and climate change,Anon. Evaluator 1,true,4.5,4,5.0,NA,NA,NA,NA,NA,Environment,"biodiversity, climate,WP,2024-08-26,8/15/2024 9:04:58 AM",119,NA,NA,NA,NA,NA,NA
Biodiversity risk,overall,Revise and resubmit,The Environment: Harm to human health,biodiversity,risks and climate change,Anon. Evaluator 1,true,65,50,80,NA,NA,NA,NA,NA,Environment,"biodiversity, climate,WP,2024-08-26,8/15/2024 8:53:17 AM",120,NA,NA,NA,NA,NA,NA
Biodiversity risk,adv_knowledge,Revise and resubmit,The Environment: Harm to human health,biodiversity,risks and climate change,Anon. Evaluator 2,true,45,39,50,NA,NA,NA,NA,NA,Environment,"biodiversity, climate,WP,2024-08-26,8/15/2024 9:06:15 AM",121,NA,NA,NA,NA,NA,NA
Biodiversity risk,methods,Revise and resubmit,The Environment: Harm to human health,biodiversity,risks and climate change,Anon. Evaluator 2,true,45,40,50,NA,NA,NA,NA,NA,Environment,"biodiversity, climate,WP,2024-08-26,8/15/2024 9:06:15 AM",122,NA,NA,NA,NA,NA,NA
Biodiversity risk,logic_comms,Revise and resubmit,The Environment: Harm to human health,biodiversity,risks and climate change,Anon. Evaluator 2,true,68,60,75,NA,NA,NA,NA,NA,Environment,"biodiversity, climate,WP,2024-08-26,8/15/2024 9:06:15 AM",123,NA,NA,NA,NA,NA,NA
Biodiversity risk,open_sci,Revise and resubmit,The Environment: Harm to human health,biodiversity,risks and climate change,Anon. Evaluator 2,true,90,80,100,NA,NA,NA,NA,NA,Environment,"biodiversity, climate,WP,2024-08-26,8/15/2024 9:06:15 AM",124,NA,NA,NA,NA,NA,NA
Biodiversity risk,real_world,Revise and resubmit,The Environment: Harm to human health,biodiversity,risks and climate change,Anon. Evaluator 2,true,63,55,70,NA,NA,NA,NA,NA,Environment,"biodiversity, climate,WP,2024-08-26,8/15/2024 9:06:15 AM",125,NA,NA,NA,NA,NA,NA
Biodiversity risk,gp_relevance,Revise and resubmit,The Environment: Harm to human health,biodiversity,risks and climate change,Anon. Evaluator 2,true,86,75,100,NA,NA,NA,NA,NA,Environment,"biodiversity, climate,WP,2024-08-26,8/15/2024 9:06:15 AM",126,NA,NA,NA,NA,NA,NA
Biodiversity risk,merits_journal,Revise and resubmit,The Environment: Harm to human health,biodiversity,risks and climate change,Anon. Evaluator 2,true,3.5,3.1,4.0,NA,NA,NA,NA,NA,Environment,"biodiversity, climate,WP,2024-08-26,8/15/2024 9:06:15 AM",127,NA,NA,NA,NA,NA,NA
Biodiversity risk,journal_predict,Revise and resubmit,The Environment: Harm to human health,biodiversity,risks and climate change,Anon. Evaluator 2,true,4.4,3.3,5.0,NA,NA,NA,NA,NA,Environment,"biodiversity, climate,WP,2024-08-26,8/15/2024 9:06:15 AM",128,NA,NA,NA,NA,NA,NA
Biodiversity risk,overall,Revise and resubmit,The Environment: Harm to human health,biodiversity,risks and climate change,Anon. Evaluator 2,true,61,51,72,NA,NA,NA,NA,NA,Environment,"biodiversity, climate,WP,2024-08-26,8/15/2024 9:06:15 AM",129,NA,NA,NA,NA,NA,NA
Building Resilient Education Systems: Evidence from Large-Scale Randomized Trials in Five Countries,adv_knowledge,Working paper/mimeo; not published in a peer-reviewed journal,Economic development & governance (LMICs),Evaluator 1,true,95,90,100,NA,NA,NA,NA,NA,Economic development & governance (LMICs),WP,2024-12-02,1/2/2025 8:38:14 AM,130,NA,NA,NA,NA,NA,NA
Building Resilient Education Systems: Evidence from Large-Scale Randomized Trials in Five Countries,methods,Working paper/mimeo; not published in a peer-reviewed journal,Economic development & governance (LMICs),Evaluator 1,true,85,80,90,NA,NA,NA,NA,NA,Economic development & governance (LMICs),WP,2024-12-02,1/2/2025 8:36:16 AM,131,NA,NA,NA,NA,NA,NA
Building Resilient Education Systems: Evidence from Large-Scale Randomized Trials in Five Countries,logic_comms,Working paper/mimeo; not published in a peer-reviewed journal,Economic development & governance (LMICs),Evaluator 1,true,84,75,90,NA,NA,NA,NA,NA,Economic development & governance (LMICs),WP,2024-12-02,1/2/2025 8:36:16 AM,132,NA,NA,NA,NA,NA,NA
Building Resilient Education Systems: Evidence from Large-Scale Randomized Trials in Five Countries,open_sci,Working paper/mimeo; not published in a peer-reviewed journal,Economic development & governance (LMICs),Evaluator 1,true,75,60,90,NA,NA,NA,NA,NA,Economic development & governance (LMICs),WP,2024-12-02,1/2/2025 8:36:16 AM,133,NA,NA,NA,NA,NA,NA
Building Resilient Education Systems: Evidence from Large-Scale Randomized Trials in Five Countries,real_world,Working paper/mimeo; not published in a peer-reviewed journal,Economic development & governance (LMICs),Evaluator 1,true,95,90,100,NA,NA,NA,NA,NA,Economic development & governance (LMICs),WP,2024-12-02,1/2/2025 8:36:16 AM,134,NA,NA,NA,NA,NA,NA
Building Resilient Education Systems: Evidence from Large-Scale Randomized Trials in Five Countries,gp_relevance,Working paper/mimeo; not published in a peer-reviewed journal,Economic development & governance (LMICs),Evaluator 1,true,95,90,100,NA,NA,NA,NA,NA,Economic development & governance (LMICs),WP,2024-12-02,1/2/2025 8:36:16 AM,135,NA,NA,NA,NA,NA,NA
Building Resilient Education Systems: Evidence from Large-Scale Randomized Trials in Five Countries,merits_journal,Working paper/mimeo; not published in a peer-reviewed journal,Economic development & governance (LMICs),Evaluator 1,true,4.3,3.7,4.8,NA,NA,NA,NA,NA,Economic development & governance (LMICs),WP,2024-12-02,1/2/2025 8:36:16 AM,136,NA,NA,NA,NA,NA,NA
Building Resilient Education Systems: Evidence from Large-Scale Randomized Trials in Five Countries,journal_predict,Working paper/mimeo; not published in a peer-reviewed journal,Economic development & governance (LMICs),Evaluator 1,true,4.5,4,4.8,NA,NA,NA,NA,NA,Economic development & governance (LMICs),WP,2024-12-02,1/2/2025 8:36:16 AM,137,NA,NA,NA,NA,NA,NA
Building Resilient Education Systems: Evidence from Large-Scale Randomized Trials in Five Countries,overall,Working paper/mimeo; not published in a peer-reviewed journal,Economic development & governance (LMICs),Evaluator 1,true,90,85,95,NA,NA,NA,NA,NA,Economic development & governance (LMICs),WP,2024-12-02,1/2/2025 8:36:16 AM,138,NA,NA,NA,NA,NA,NA
Building Resilient Education Systems: Evidence from Large-Scale Randomized Trials in Five Countries,claims,Working paper/mimeo; not published in a peer-reviewed journal,Economic development & governance (LMICs),Evaluator 2,true,80,72,88,NA,NA,NA,NA,NA,Economic development & governance (LMICs),WP,2024-12-02,1/2/2025 8:46:43 AM,139,NA,NA,NA,NA,NA,NA
Building Resilient Education Systems: Evidence from Large-Scale Randomized Trials in Five Countries,adv_knowledge,Working paper/mimeo; not published in a peer-reviewed journal,Economic development & governance (LMICs),Evaluator 2,true,88,78,98,NA,NA,NA,NA,NA,Economic development & governance (LMICs),WP,2024-12-02,1/2/2025 8:46:56 AM,140,NA,NA,NA,NA,NA,NA
Building Resilient Education Systems: Evidence from Large-Scale Randomized Trials in Five Countries,methods,Working paper/mimeo; not published in a peer-reviewed journal,Economic development & governance (LMICs),Evaluator 2,true,78,68,88,NA,NA,NA,NA,NA,Economic development & governance (LMICs),WP,2024-12-02,1/2/2025 8:46:43 AM,141,NA,NA,NA,NA,NA,NA
Building Resilient Education Systems: Evidence from Large-Scale Randomized Trials in Five Countries,logic_comms,Working paper/mimeo; not published in a peer-reviewed journal,Economic development & governance (LMICs),Evaluator 2,true,79,71,87,NA,NA,NA,NA,NA,Economic development & governance (LMICs),WP,2024-12-02,1/2/2025 8:46:43 AM,142,NA,NA,NA,NA,NA,NA
Building Resilient Education Systems: Evidence from Large-Scale Randomized Trials in Five Countries,open_sci,Working paper/mimeo; not published in a peer-reviewed journal,Economic development & governance (LMICs),Evaluator 2,true,62,52,72,NA,NA,NA,NA,NA,Economic development & governance (LMICs),WP,2024-12-02,1/2/2025 8:46:43 AM,143,NA,NA,NA,NA,NA,NA
Building Resilient Education Systems: Evidence from Large-Scale Randomized Trials in Five Countries,real_world,Working paper/mimeo; not published in a peer-reviewed journal,Economic development & governance (LMICs),Evaluator 2,true,90,85,95,NA,NA,NA,NA,NA,Economic development & governance (LMICs),WP,2024-12-02,1/2/2025 8:46:43 AM,144,NA,NA,NA,NA,NA,NA
Building Resilient Education Systems: Evidence from Large-Scale Randomized Trials in Five Countries,gp_relevance,Working paper/mimeo; not published in a peer-reviewed journal,Economic development & governance (LMICs),Evaluator 2,true,90,85,95,NA,NA,NA,NA,NA,Economic development & governance (LMICs),WP,2024-12-02,1/2/2025 8:46:43 AM,145,NA,NA,NA,NA,NA,NA
Building Resilient Education Systems: Evidence from Large-Scale Randomized Trials in Five Countries,merits_journal,Working paper/mimeo; not published in a peer-reviewed journal,Economic development & governance (LMICs),Evaluator 2,true,3.9,3.5,4.4,NA,NA,NA,NA,NA,Economic development & governance (LMICs),WP,2024-12-02,1/2/2025 8:46:43 AM,146,NA,NA,NA,NA,NA,NA
Building Resilient Education Systems: Evidence from Large-Scale Randomized Trials in Five Countries,journal_predict,Working paper/mimeo; not published in a peer-reviewed journal,Economic development & governance (LMICs),Evaluator 2,true,4.5,4,5.0,NA,NA,NA,NA,NA,Economic development & governance (LMICs),WP,2024-12-02,1/2/2025 8:46:43 AM,147,NA,NA,NA,NA,NA,NA
Building Resilient Education Systems: Evidence from Large-Scale Randomized Trials in Five Countries,overall,Working paper/mimeo; not published in a peer-reviewed journal,Economic development & governance (LMICs),Evaluator 2,true,83,73,93,NA,NA,NA,NA,NA,Economic development & governance (LMICs),WP,2024-12-02,1/2/2025 8:46:43 AM,148,NA,NA,NA,NA,NA,NA
Choose Your Moments: [NIH] Peer Review and Scientific Risk Taking,overall,Working paper/mimeo; not published in a peer-reviewed journal,Innovation,meta-science,and research,James Dumlao,false,70,50,90,NA,false,NA,NA,NA,Innovation,"meta-science, & research,WP,2025-06-01,6/5/2025 12:30:16 PM",149,NA,NA,NA,NA,NA,NA
Choose Your Moments: [NIH] Peer Review and Scientific Risk Taking,claims,Working paper/mimeo; not published in a peer-reviewed journal,Innovation,meta-science,and research,James Dumlao,false,56,45,61,NA,false,NA,NA,NA,Innovation,"meta-science, & research,WP,2025-06-01,6/5/2025 12:30:16 PM",150,NA,NA,NA,NA,NA,NA
Choose Your Moments: [NIH] Peer Review and Scientific Risk Taking,adv_knowledge,Working paper/mimeo; not published in a peer-reviewed journal,Innovation,meta-science,and research,James Dumlao,false,72,66,84,NA,false,NA,NA,NA,Innovation,"meta-science, & research,WP,2025-06-01,6/5/2025 12:30:16 PM",151,NA,NA,NA,NA,NA,NA
Choose Your Moments: [NIH] Peer Review and Scientific Risk Taking,methods,Working paper/mimeo; not published in a peer-reviewed journal,Innovation,meta-science,and research,James Dumlao,false,76,68,85,NA,NA,NA,NA,NA,Innovation,"meta-science, & research,WP,2025-06-01,6/5/2025 12:30:16 PM",152,NA,NA,NA,NA,NA,NA
Choose Your Moments: [NIH] Peer Review and Scientific Risk Taking,logic_comms,Working paper/mimeo; not published in a peer-reviewed journal,Innovation,meta-science,and research,James Dumlao,false,55,45,70,NA,NA,NA,NA,NA,Innovation,"meta-science, & research,WP,2025-06-01,6/5/2025 12:30:16 PM",153,NA,NA,NA,NA,NA,NA
Choose Your Moments: [NIH] Peer Review and Scientific Risk Taking,open_sci,Working paper/mimeo; not published in a peer-reviewed journal,Innovation,meta-science,and research,James Dumlao,false,65,50,79,NA,NA,NA,My rating here is based on the data and its use,not the study’s experimental design in the field,which (like many experiments) likely has many nuances in implementation.,",Innovation, meta-science, & research,WP,2025-06-01,6/5/2025 12:30:16 PM",154,NA,NA,NA,NA,NA,NA
Choose Your Moments: [NIH] Peer Review and Scientific Risk Taking,real_world,Working paper/mimeo; not published in a peer-reviewed journal,Innovation,meta-science,and research,James Dumlao,false,50,40,60,NA,NA,NA,NA,NA,Innovation,"meta-science, & research,WP,2025-06-01,6/5/2025 12:30:16 PM",155,NA,NA,NA,NA,NA,NA
Choose Your Moments: [NIH] Peer Review and Scientific Risk Taking,gp_relevance,Working paper/mimeo; not published in a peer-reviewed journal,Innovation,meta-science,and research,James Dumlao,false,50,40,60,NA,NA,NA,NA,NA,Innovation,"meta-science, & research,WP,2025-06-01,6/5/2025 12:30:16 PM",156,NA,NA,NA,NA,NA,NA
Choose Your Moments: [NIH] Peer Review and Scientific Risk Taking,merits_journal,Working paper/mimeo; not published in a peer-reviewed journal,Innovation,meta-science,and research,James Dumlao,false,3.8,3,4.1,NA,NA,NA,NA,NA,Innovation,"meta-science, & research,WP,2025-06-01,6/5/2025 12:30:16 PM",157,NA,NA,NA,NA,NA,NA
Choose Your Moments: [NIH] Peer Review and Scientific Risk Taking,journal_predict,Working paper/mimeo; not published in a peer-reviewed journal,Innovation,meta-science,and research,James Dumlao,false,3.9,3.5,4.3,NA,NA,NA,NA,NA,Innovation,"meta-science, & research,WP,2025-06-01,6/5/2025 12:30:16 PM",158,NA,NA,NA,NA,NA,NA
Choose Your Moments: [NIH] Peer Review and Scientific Risk Taking,overall,Working paper/mimeo; not published in a peer-reviewed journal,Innovation,meta-science,and research,B. Ian Hutchins,false,75,60,80,NA,false,NA,NA,NA,Innovation,"meta-science, & research,WP,2025-06-01,6/5/2025 12:35:29 PM",159,NA,NA,NA,NA,NA,NA
Choose Your Moments: [NIH] Peer Review and Scientific Risk Taking,claims,Working paper/mimeo; not published in a peer-reviewed journal,Innovation,meta-science,and research,B. Ian Hutchins,false,75,60,80,NA,false,NA,NA,NA,Innovation,"meta-science, & research,WP,2025-06-01,6/5/2025 12:35:29 PM",160,NA,NA,NA,NA,NA,NA
Choose Your Moments: [NIH] Peer Review and Scientific Risk Taking,adv_knowledge,Working paper/mimeo; not published in a peer-reviewed journal,Innovation,meta-science,and research,B. Ian Hutchins,false,80,75,90,NA,false,NA,NA,NA,Innovation,"meta-science, & research,WP,2025-06-01,6/5/2025 12:35:29 PM",161,NA,NA,NA,NA,NA,NA
Choose Your Moments: [NIH] Peer Review and Scientific Risk Taking,methods,Working paper/mimeo; not published in a peer-reviewed journal,Innovation,meta-science,and research,B. Ian Hutchins,false,60,50,70,NA,NA,NA,NA,NA,Innovation,"meta-science, & research,WP,2025-06-01,6/5/2025 12:35:29 PM",162,NA,NA,NA,NA,NA,NA
Choose Your Moments: [NIH] Peer Review and Scientific Risk Taking,logic_comms,Working paper/mimeo; not published in a peer-reviewed journal,Innovation,meta-science,and research,B. Ian Hutchins,false,45,35,55,NA,NA,NA,NA,NA,Innovation,"meta-science, & research,WP,2025-06-01,6/5/2025 12:35:29 PM",163,NA,NA,NA,NA,NA,NA
Choose Your Moments: [NIH] Peer Review and Scientific Risk Taking,open_sci,Working paper/mimeo; not published in a peer-reviewed journal,Innovation,meta-science,and research,B. Ian Hutchins,false,30,15,45,NA,NA,NA,My rating here is based on the data and its use,not the study’s experimental design in the field,which (like many experiments) likely has many nuances in implementation.,",Innovation, meta-science, & research,WP,2025-06-01,6/5/2025 12:35:29 PM",164,NA,NA,NA,NA,NA,NA
Choose Your Moments: [NIH] Peer Review and Scientific Risk Taking,real_world,Working paper/mimeo; not published in a peer-reviewed journal,Innovation,meta-science,and research,B. Ian Hutchins,false,80,75,89,NA,NA,NA,NA,NA,Innovation,"meta-science, & research,WP,2025-06-01,6/5/2025 12:35:29 PM",165,NA,NA,NA,NA,NA,NA
Choose Your Moments: [NIH] Peer Review and Scientific Risk Taking,gp_relevance,Working paper/mimeo; not published in a peer-reviewed journal,Innovation,meta-science,and research,B. Ian Hutchins,false,80,75,89,NA,NA,NA,NA,NA,Innovation,"meta-science, & research,WP,2025-06-01,6/5/2025 12:35:29 PM",166,NA,NA,NA,NA,NA,NA
Choose Your Moments: [NIH] Peer Review and Scientific Risk Taking,merits_journal,Working paper/mimeo; not published in a peer-reviewed journal,Innovation,meta-science,and research,B. Ian Hutchins,false,4,2.5,4.5,NA,NA,NA,NA,NA,Innovation,"meta-science, & research,WP,2025-06-01,6/5/2025 12:35:29 PM",167,NA,NA,NA,NA,NA,NA
Choose Your Moments: [NIH] Peer Review and Scientific Risk Taking,journal_predict,Working paper/mimeo; not published in a peer-reviewed journal,Innovation,meta-science,and research,B. Ian Hutchins,false,3.5,2.5,4,NA,NA,NA,NA,NA,Innovation,"meta-science, & research,WP,2025-06-01,6/5/2025 12:35:29 PM",168,NA,NA,NA,NA,NA,NA
Cognitive Behavioral Therapy among Ghana’s Rural Poor Is Effective Regardless of Baseline Mental Distress,adv_knowledge,Published,~top journal,Global health; “Health & well-being in low-income countries”,Anon. Evaluator 1,true,65,NA,NA,NA,false,NA,NA,NA,Global health (LMICs),American Economic Review,"2023-04-07,6/7/2024 4:40:59 PM",169,NA,NA,NA,NA,NA,NA
Cognitive Behavioral Therapy among Ghana’s Rural Poor Is Effective Regardless of Baseline Mental Distress,methods,Published,~top journal,Global health; “Health & well-being in low-income countries”,Anon. Evaluator 1,true,60,NA,NA,NA,false,NA,NA,NA,Global health (LMICs),American Economic Review,"2023-04-07,6/7/2024 4:40:59 PM",170,NA,NA,NA,NA,NA,NA
Cognitive Behavioral Therapy among Ghana’s Rural Poor Is Effective Regardless of Baseline Mental Distress,logic_comms,Published,~top journal,Global health; “Health & well-being in low-income countries”,Anon. Evaluator 1,true,75,NA,NA,NA,false,NA,NA,NA,Global health (LMICs),American Economic Review,"2023-04-07,6/7/2024 4:40:59 PM",171,NA,NA,NA,NA,NA,NA
Cognitive Behavioral Therapy among Ghana’s Rural Poor Is Effective Regardless of Baseline Mental Distress,real_world,Published,~top journal,Global health; “Health & well-being in low-income countries”,Anon. Evaluator 1,true,75,NA,NA,NA,false,NA,NA,NA,Global health (LMICs),American Economic Review,"2023-04-07,6/7/2024 4:40:59 PM",172,NA,NA,NA,NA,NA,NA
Cognitive Behavioral Therapy among Ghana’s Rural Poor Is Effective Regardless of Baseline Mental Distress,gp_relevance,Published,~top journal,Global health; “Health & well-being in low-income countries”,Anon. Evaluator 1,true,75,NA,NA,NA,false,NA,NA,NA,Global health (LMICs),American Economic Review,"2023-04-07,6/7/2024 4:40:59 PM",173,NA,NA,NA,NA,NA,NA
Cognitive Behavioral Therapy among Ghana’s Rural Poor Is Effective Regardless of Baseline Mental Distress,journal_predict,Published,~top journal,Global health; “Health & well-being in low-income countries”,Anon. Evaluator 1,true,NA,NA,NA,NA,false,NA,NA,NA,Global health (LMICs),American Economic Review,"2023-04-07,6/7/2024 4:40:59 PM",174,NA,NA,NA,NA,NA,NA
Cognitive Behavioral Therapy among Ghana’s Rural Poor Is Effective Regardless of Baseline Mental Distress,open_sci,Published,~top journal,Global health; “Health & well-being in low-income countries”,Anon. Evaluator 1,true,50,NA,NA,NA,false,NA,NA,NA,Global health (LMICs),American Economic Review,"2023-04-07,6/7/2024 4:40:59 PM",175,NA,NA,NA,NA,NA,NA
Cognitive Behavioral Therapy among Ghana’s Rural Poor Is Effective Regardless of Baseline Mental Distress,merits_journal,Published,~top journal,Global health; “Health & well-being in low-income countries”,Anon. Evaluator 1,true,4,NA,NA,4,false,NA,NA,NA,Global health (LMICs),American Economic Review,"2023-04-07,6/7/2024 4:40:59 PM",176,NA,NA,NA,NA,NA,NA
Cognitive Behavioral Therapy among Ghana’s Rural Poor Is Effective Regardless of Baseline Mental Distress,overall,Published,~top journal,Global health; “Health & well-being in low-income countries”,Anon. Evaluator 1,true,75,NA,NA,4,false,NA,NA,NA,Global health (LMICs),American Economic Review,"2023-04-07,6/7/2024 4:40:59 PM",177,NA,NA,NA,NA,NA,NA
Cognitive Behavioral Therapy among Ghana’s Rural Poor Is Effective Regardless of Baseline Mental Distress,merits_journal,Published,~top journal,Global health; “Health & well-being in low-income countries”,Anon. Evaluator 2,true,4,NA,NA,4,false,NA,NA,NA,Global health (LMICs),American Economic Review,"2023-04-07,7/2/2024 12:13:44 PM",178,NA,NA,NA,NA,NA,NA
Cognitive Behavioral Therapy among Ghana’s Rural Poor Is Effective Regardless of Baseline Mental Distress,overall,Published,~top journal,Global health; “Health & well-being in low-income countries”,Anon. Evaluator 2,true,75,70,84,NA,false,NA,NA,NA,Global health (LMICs),American Economic Review,"2023-04-07,7/2/2024 12:13:44 PM",179,NA,NA,NA,NA,NA,NA
Cognitive Behavioral Therapy among Ghana’s Rural Poor Is Effective Regardless of Baseline Mental Distress,adv_knowledge,Published,~top journal,Global health; “Health & well-being in low-income countries”,Anon. Evaluator 2,true,60,55,65,NA,false,NA,NA,NA,Global health (LMICs),American Economic Review,"2023-04-07,6/7/2024 4:40:59 PM",180,NA,NA,NA,NA,NA,NA
Cognitive Behavioral Therapy among Ghana’s Rural Poor Is Effective Regardless of Baseline Mental Distress,methods,Published,~top journal,Global health; “Health & well-being in low-income countries”,Anon. Evaluator 2,true,90,82,94,NA,false,NA,NA,NA,Global health (LMICs),American Economic Review,"2023-04-07,6/7/2024 4:40:59 PM",181,NA,NA,NA,NA,NA,NA
Cognitive Behavioral Therapy among Ghana’s Rural Poor Is Effective Regardless of Baseline Mental Distress,logic_comms,Published,~top journal,Global health; “Health & well-being in low-income countries”,Anon. Evaluator 2,true,70,62,82,NA,false,NA,NA,NA,Global health (LMICs),American Economic Review,"2023-04-07,6/7/2024 4:40:59 PM",182,NA,NA,NA,NA,NA,NA
Cognitive Behavioral Therapy among Ghana’s Rural Poor Is Effective Regardless of Baseline Mental Distress,real_world,Published,~top journal,Global health; “Health & well-being in low-income countries”,Anon. Evaluator 2,true,50,48,52,NA,false,NA,NA,NA,Global health (LMICs),American Economic Review,"2023-04-07,6/7/2024 4:40:59 PM",183,NA,NA,NA,NA,NA,NA
Cognitive Behavioral Therapy among Ghana’s Rural Poor Is Effective Regardless of Baseline Mental Distress,gp_relevance,Published,~top journal,Global health; “Health & well-being in low-income countries”,Anon. Evaluator 2,true,50,40,60,NA,false,NA,NA,NA,Global health (LMICs),American Economic Review,"2023-04-07,6/7/2024 4:40:59 PM",184,NA,NA,NA,NA,NA,NA
Cognitive Behavioral Therapy among Ghana’s Rural Poor Is Effective Regardless of Baseline Mental Distress,journal_predict,Published,~top journal,Global health; “Health & well-being in low-income countries”,Anon. Evaluator 2,true,4,NA,NA,NA,false,NA,NA,NA,Global health (LMICs),American Economic Review,"2023-04-07,6/7/2024 4:40:59 PM",185,NA,NA,NA,NA,NA,NA
Cognitive Behavioral Therapy among Ghana’s Rural Poor Is Effective Regardless of Baseline Mental Distress,open_sci,Published,~top journal,Global health; “Health & well-being in low-income countries”,Anon. Evaluator 2,true,90,80,95,NA,false,NA,NA,NA,Global health (LMICs),American Economic Review,"2023-04-07,6/7/2024 4:40:59 PM",186,NA,NA,NA,NA,NA,NA
Does Conservation Work in General Equilibrium?,adv_knowledge,Working paper/mimeo; not published in a peer-reviewed journal,Other: Economics/welfare,growth,policy,global markets and population,Anon. Evaluator 1,true,80,75,85,NA,false,NA,NA,NA,"Other Economics/Welfare/Growth,WP,2024-07-22,8/15/2024 12:54:04 PM",187,NA,NA,NA,NA,NA,NA
Does Conservation Work in General Equilibrium?,methods,Working paper/mimeo; not published in a peer-reviewed journal,Other: Economics/welfare,growth,policy,global markets and population,Anon. Evaluator 1,true,70,60,80,NA,false,NA,NA,NA,"Other Economics/Welfare/Growth,WP,2024-07-22,8/15/2024 12:54:28 PM",188,NA,NA,NA,NA,NA,NA
Does Conservation Work in General Equilibrium?,logic_comms,Working paper/mimeo; not published in a peer-reviewed journal,Other: Economics/welfare,growth,policy,global markets and population,Anon. Evaluator 1,true,65,60,70,NA,false,NA,NA,NA,"Other Economics/Welfare/Growth,WP,2024-07-22,8/15/2024 12:54:31 PM",189,NA,NA,NA,NA,NA,NA
Does Conservation Work in General Equilibrium?,open_sci,Working paper/mimeo; not published in a peer-reviewed journal,Other: Economics/welfare,growth,policy,global markets and population,Anon. Evaluator 1,true,65,60,70,NA,false,NA,NA,NA,"Other Economics/Welfare/Growth,WP,2024-07-22,8/15/2024 12:54:31 PM",190,NA,NA,NA,NA,NA,NA
Does Conservation Work in General Equilibrium?,real_world,Working paper/mimeo; not published in a peer-reviewed journal,Other: Economics/welfare,growth,policy,global markets and population,Anon. Evaluator 1,true,70,65,75,NA,false,NA,NA,NA,"Other Economics/Welfare/Growth,WP,2024-07-22,8/15/2024 12:54:35 PM",191,NA,NA,NA,NA,NA,NA
Does Conservation Work in General Equilibrium?,gp_relevance,Working paper/mimeo; not published in a peer-reviewed journal,Other: Economics/welfare,growth,policy,global markets and population,Anon. Evaluator 1,true,80,68,92,NA,false,NA,NA,NA,"Other Economics/Welfare/Growth,WP,2024-07-22,8/15/2024 12:54:35 PM",192,NA,NA,NA,NA,NA,NA
Does Conservation Work in General Equilibrium?,merits_journal,Working paper/mimeo; not published in a peer-reviewed journal,Other: Economics/welfare,growth,policy,global markets and population,Anon. Evaluator 1,true,4,3.8,4.2,NA,false,NA,NA,NA,"Other Economics/Welfare/Growth,WP,2024-07-22,8/15/2024 12:54:35 PM",193,NA,NA,NA,NA,NA,NA
Does Conservation Work in General Equilibrium?,journal_predict,Working paper/mimeo; not published in a peer-reviewed journal,Other: Economics/welfare,growth,policy,global markets and population,Anon. Evaluator 1,true,4,3.6,4.4,NA,false,NA,NA,NA,"Other Economics/Welfare/Growth,WP,2024-07-22,8/15/2024 12:54:35 PM",194,NA,NA,NA,NA,NA,NA
Does Conservation Work in General Equilibrium?,overall,Working paper/mimeo; not published in a peer-reviewed journal,Other: Economics/welfare,growth,policy,global markets and population,Anon. Evaluator 1,true,70,60,80,NA,false,NA,NA,NA,"Other Economics/Welfare/Growth,WP,2024-07-22,8/15/2024 12:56:29 PM",195,NA,NA,NA,NA,NA,NA
Does the Squeaky Wheel Get More Grease? The Direct and Indirect Effects of Citizen Participation on Environmental Governance in China,adv_knowledge,Published,~top journal,The Environment: Harm to human health,biodiversity,risks and climate change,Robert Kubinec,false,90,85,95,NA,false,NA,NA,NA,"Environment, biodiversity, climate,American Economic Review,2023-08-09,6/7/2024 4:40:59 PM",196,NA,NA,NA,NA,NA,NA
Does the Squeaky Wheel Get More Grease? The Direct and Indirect Effects of Citizen Participation on Environmental Governance in China,methods,Published,~top journal,The Environment: Harm to human health,biodiversity,risks and climate change,Robert Kubinec,false,80,70,90,NA,false,NA,NA,NA,"Environment, biodiversity, climate,American Economic Review,2023-08-09,6/7/2024 4:40:59 PM",197,NA,NA,NA,NA,NA,NA
Does the Squeaky Wheel Get More Grease? The Direct and Indirect Effects of Citizen Participation on Environmental Governance in China,logic_comms,Published,~top journal,The Environment: Harm to human health,biodiversity,risks and climate change,Robert Kubinec,false,80,75,85,NA,false,NA,NA,NA,"Environment, biodiversity, climate,American Economic Review,2023-08-09,6/7/2024 4:40:59 PM",198,NA,NA,NA,NA,NA,NA
Does the Squeaky Wheel Get More Grease? The Direct and Indirect Effects of Citizen Participation on Environmental Governance in China,real_world,Published,~top journal,The Environment: Harm to human health,biodiversity,risks and climate change,Robert Kubinec,false,90,85,95,NA,false,NA,NA,NA,"Environment, biodiversity, climate,American Economic Review,2023-08-09,6/7/2024 4:40:59 PM",199,NA,NA,NA,NA,NA,NA
Does the Squeaky Wheel Get More Grease? The Direct and Indirect Effects of Citizen Participation on Environmental Governance in China,gp_relevance,Published,~top journal,The Environment: Harm to human health,biodiversity,risks and climate change,Robert Kubinec,false,90,85,95,NA,false,NA,NA,NA,"Environment, biodiversity, climate,American Economic Review,2023-08-09,6/7/2024 4:40:59 PM",200,NA,NA,NA,NA,NA,NA
Does the Squeaky Wheel Get More Grease? The Direct and Indirect Effects of Citizen Participation on Environmental Governance in China,journal_predict,Published,~top journal,The Environment: Harm to human health,biodiversity,risks and climate change,Robert Kubinec,false,4.8,4,5,NA,false,NA,NA,NA,"Environment, biodiversity, climate,American Economic Review,2023-08-09,6/7/2024 4:40:59 PM",201,NA,NA,NA,NA,NA,NA
Does the Squeaky Wheel Get More Grease? The Direct and Indirect Effects of Citizen Participation on Environmental Governance in China,open_sci,Published,~top journal,The Environment: Harm to human health,biodiversity,risks and climate change,Robert Kubinec,false,70,60,80,NA,false,NA,NA,NA,"Environment, biodiversity, climate,American Economic Review,2023-08-09,6/7/2024 4:40:59 PM",202,NA,NA,NA,NA,NA,NA
Does the Squeaky Wheel Get More Grease? The Direct and Indirect Effects of Citizen Participation on Environmental Governance in China,merits_journal,Published,~top journal,The Environment: Harm to human health,biodiversity,risks and climate change,Robert Kubinec,false,4.8,4.5,5,NA,false,NA,NA,NA,"Environment, biodiversity, climate,American Economic Review,2023-08-09,6/7/2024 4:40:59 PM",203,NA,NA,NA,NA,NA,NA
Does the Squeaky Wheel Get More Grease? The Direct and Indirect Effects of Citizen Participation on Environmental Governance in China,overall,Published,~top journal,The Environment: Harm to human health,biodiversity,risks and climate change,Robert Kubinec,false,90,85,95,NA,false,NA,NA,NA,"Environment, biodiversity, climate,American Economic Review,2023-08-09,6/7/2024 4:40:59 PM",204,NA,NA,NA,NA,NA,NA
Does the Squeaky Wheel Get More Grease? The Direct and Indirect Effects of Citizen Participation on Environmental Governance in China,adv_knowledge,Published,~top journal,The Environment: Harm to human health,biodiversity,risks and climate change,Anonymous_10,true,76,68,83,NA,false,NA,NA,NA,"Environment, biodiversity, climate,American Economic Review,2023-08-09,6/7/2024 4:40:59 PM",205,NA,NA,NA,NA,NA,NA
Does the Squeaky Wheel Get More Grease? The Direct and Indirect Effects of Citizen Participation on Environmental Governance in China,methods,Published,~top journal,The Environment: Harm to human health,biodiversity,risks and climate change,Anonymous_10,true,72,63,81,NA,false,NA,NA,NA,"Environment, biodiversity, climate,American Economic Review,2023-08-09,6/7/2024 4:40:59 PM",206,NA,NA,NA,NA,NA,NA
Does the Squeaky Wheel Get More Grease? The Direct and Indirect Effects of Citizen Participation on Environmental Governance in China,logic_comms,Published,~top journal,The Environment: Harm to human health,biodiversity,risks and climate change,Anonymous_10,true,67,62,78,NA,false,NA,NA,NA,"Environment, biodiversity, climate,American Economic Review,2023-08-09,6/7/2024 4:40:59 PM",207,NA,NA,NA,NA,NA,NA
Does the Squeaky Wheel Get More Grease? The Direct and Indirect Effects of Citizen Participation on Environmental Governance in China,real_world,Published,~top journal,The Environment: Harm to human health,biodiversity,risks and climate change,Anonymous_10,true,91,78,94,NA,false,NA,NA,NA,"Environment, biodiversity, climate,American Economic Review,2023-08-09,6/7/2024 4:40:59 PM",208,NA,NA,NA,NA,NA,NA
Does the Squeaky Wheel Get More Grease? The Direct and Indirect Effects of Citizen Participation on Environmental Governance in China,gp_relevance,Published,~top journal,The Environment: Harm to human health,biodiversity,risks and climate change,Anonymous_10,true,92,82,95,NA,false,NA,NA,NA,"Environment, biodiversity, climate,American Economic Review,2023-08-09,6/7/2024 4:40:59 PM",209,NA,NA,NA,NA,NA,NA
Does the Squeaky Wheel Get More Grease? The Direct and Indirect Effects of Citizen Participation on Environmental Governance in China,journal_predict,Published,~top journal,The Environment: Harm to human health,biodiversity,risks and climate change,Anonymous_10,true,4.6,3.5,5,NA,false,NA,NA,NA,"Environment, biodiversity, climate,American Economic Review,2023-08-09,6/7/2024 4:40:59 PM",210,NA,NA,NA,NA,NA,NA
Does the Squeaky Wheel Get More Grease? The Direct and Indirect Effects of Citizen Participation on Environmental Governance in China,open_sci,Published,~top journal,The Environment: Harm to human health,biodiversity,risks and climate change,Anonymous_10,true,48,42,68,NA,false,NA,NA,NA,"Environment, biodiversity, climate,American Economic Review,2023-08-09,6/7/2024 4:40:59 PM",211,NA,NA,NA,NA,NA,NA
Does the Squeaky Wheel Get More Grease? The Direct and Indirect Effects of Citizen Participation on Environmental Governance in China,merits_journal,Published,~top journal,The Environment: Harm to human health,biodiversity,risks and climate change,Anonymous_10,true,4.3,3.7,4.8,NA,false,NA,NA,NA,"Environment, biodiversity, climate,American Economic Review,2023-08-09,6/7/2024 4:40:59 PM",212,NA,NA,NA,NA,NA,NA
Does the Squeaky Wheel Get More Grease? The Direct and Indirect Effects of Citizen Participation on Environmental Governance in China,overall,Published,~top journal,The Environment: Harm to human health,biodiversity,risks and climate change,Anonymous_10,true,80,71,86,NA,false,NA,NA,NA,"Environment, biodiversity, climate,American Economic Review,2023-08-09,6/7/2024 4:40:59 PM",213,NA,NA,NA,NA,NA,NA
Economic vs. Epidemiological Approaches to Measuring the Human Capital Impacts of Infectious Disease Elimination,adv_knowledge,Working paper/mimeo; not published in a peer-reviewed journal,Global health; “Health & well-being in low-income countries”,Anon. evaluator 2 1,true,76,64,85,NA,false,NA,NA,NA,Global health (LMICs),WP,2024-07-16,8/15/2024 1:16:54 PM,214,NA,NA,NA,NA,NA,NA
Economic vs. Epidemiological Approaches to Measuring the Human Capital Impacts of Infectious Disease Elimination,methods,Working paper/mimeo; not published in a peer-reviewed journal,Global health; “Health & well-being in low-income countries”,Anon. evaluator 2 1,true,77,70,83,NA,false,NA,NA,NA,Global health (LMICs),WP,2024-07-16,8/15/2024 1:18:24 PM,215,NA,NA,NA,NA,NA,NA
Economic vs. Epidemiological Approaches to Measuring the Human Capital Impacts of Infectious Disease Elimination,logic_comms,Working paper/mimeo; not published in a peer-reviewed journal,Global health; “Health & well-being in low-income countries”,Anon. evaluator 2 1,true,91,81,100,NA,false,NA,NA,NA,Global health (LMICs),WP,2024-07-16,8/15/2024 1:18:28 PM,216,NA,NA,NA,NA,NA,NA
Economic vs. Epidemiological Approaches to Measuring the Human Capital Impacts of Infectious Disease Elimination,open_sci,Working paper/mimeo; not published in a peer-reviewed journal,Global health; “Health & well-being in low-income countries”,Anon. evaluator 2 1,true,96,92,100,NA,false,NA,NA,NA,Global health (LMICs),WP,2024-07-16,8/15/2024 1:18:28 PM,217,NA,NA,NA,NA,NA,NA
Economic vs. Epidemiological Approaches to Measuring the Human Capital Impacts of Infectious Disease Elimination,real_world,Working paper/mimeo; not published in a peer-reviewed journal,Global health; “Health & well-being in low-income countries”,Anon. evaluator 2 1,true,95,90,100,NA,false,NA,NA,NA,Global health (LMICs),WP,2024-07-16,8/15/2024 1:18:33 PM,218,NA,NA,NA,NA,NA,NA
Economic vs. Epidemiological Approaches to Measuring the Human Capital Impacts of Infectious Disease Elimination,gp_relevance,Working paper/mimeo; not published in a peer-reviewed journal,Global health; “Health & well-being in low-income countries”,Anon. evaluator 2 1,true,86,77,95,NA,false,NA,NA,NA,Global health (LMICs),WP,2024-07-16,8/15/2024 1:18:33 PM,219,NA,NA,NA,NA,NA,NA
Economic vs. Epidemiological Approaches to Measuring the Human Capital Impacts of Infectious Disease Elimination,journal_predict,Working paper/mimeo; not published in a peer-reviewed journal,Global health; “Health & well-being in low-income countries”,Anon. evaluator 2 1,true,3.3,2.6,4.1,NA,false,NA,NA,NA,Global health (LMICs),WP,2024-07-16,8/15/2024 1:18:33 PM,220,NA,NA,NA,NA,NA,NA
Economic vs. Epidemiological Approaches to Measuring the Human Capital Impacts of Infectious Disease Elimination,merits_journal,Working paper/mimeo; not published in a peer-reviewed journal,Global health; “Health & well-being in low-income countries”,Anon. evaluator 2 1,true,3.3,2.6,4.1,NA,false,NA,NA,NA,Global health (LMICs),WP,2024-07-16,8/15/2024 1:18:33 PM,221,NA,NA,NA,NA,NA,NA
Economic vs. Epidemiological Approaches to Measuring the Human Capital Impacts of Infectious Disease Elimination,overall,Working paper/mimeo; not published in a peer-reviewed journal,Global health; “Health & well-being in low-income countries”,Anon. evaluator 2 1,true,80,65,90,NA,false,NA,NA,NA,Global health (LMICs),WP,2024-07-16,8/15/2024 1:19:30 PM,222,NA,NA,NA,NA,NA,NA
Effects of Emigration on Rural Labor Markets,overall,Working paper/mimeo; not published in a peer-reviewed journal,Economic development & governance (LMICs),Frank Gyimah Sackey,false,70,50,78,NA,false,NA,NA,NA,Economic development & governance (LMICs),WP,2024-06-26,7/2/2024 10:31:51 AM,223,NA,NA,NA,NA,NA,NA
Effects of Emigration on Rural Labor Markets,merits_journal,Working paper/mimeo; not published in a peer-reviewed journal,Economic development & governance (LMICs),Frank Gyimah Sackey,false,2.5,1,3,NA,false,NA,NA,NA,Economic development & governance (LMICs),WP,2024-06-26,7/2/2024 10:33:16 AM,224,NA,NA,NA,NA,NA,NA
Effects of Emigration on Rural Labor Markets,adv_knowledge,Working paper/mimeo; not published in a peer-reviewed journal,Economic development & governance (LMICs),Frank Gyimah Sackey,false,70,50,90,NA,NA,NA,NA,NA,Economic development & governance (LMICs),WP,2024-06-26,7/9/2024 10:43:49 AM,225,NA,NA,NA,NA,NA,NA
Effects of Emigration on Rural Labor Markets,methods,Working paper/mimeo; not published in a peer-reviewed journal,Economic development & governance (LMICs),Frank Gyimah Sackey,false,70,50,90,NA,NA,NA,NA,NA,Economic development & governance (LMICs),WP,2024-06-26,7/9/2024 10:43:59 AM,226,NA,NA,NA,NA,NA,NA
Effects of Emigration on Rural Labor Markets,logic_comms,Working paper/mimeo; not published in a peer-reviewed journal,Economic development & governance (LMICs),Frank Gyimah Sackey,false,70,50,90,NA,NA,NA,NA,NA,Economic development & governance (LMICs),WP,2024-06-26,7/9/2024 10:44:05 AM,227,NA,NA,NA,NA,NA,NA
Effects of Emigration on Rural Labor Markets,open_sci,Working paper/mimeo; not published in a peer-reviewed journal,Economic development & governance (LMICs),Frank Gyimah Sackey,false,70,50,90,NA,NA,NA,NA,NA,Economic development & governance (LMICs),WP,2024-06-26,7/9/2024 10:44:17 AM,228,NA,NA,NA,NA,NA,NA
Effects of Emigration on Rural Labor Markets,real_world,Working paper/mimeo; not published in a peer-reviewed journal,Economic development & governance (LMICs),Frank Gyimah Sackey,false,70,50,90,NA,NA,NA,NA,NA,Economic development & governance (LMICs),WP,2024-06-26,7/9/2024 10:44:22 AM,229,NA,NA,NA,NA,NA,NA
Effects of Emigration on Rural Labor Markets,gp_relevance,Working paper/mimeo; not published in a peer-reviewed journal,Economic development & governance (LMICs),Frank Gyimah Sackey,false,70,50,90,NA,NA,NA,NA,NA,Economic development & governance (LMICs),WP,2024-06-26,7/9/2024 10:44:34 AM,230,NA,NA,NA,NA,NA,NA
Effects of Emigration on Rural Labor Markets,journal_predict,Working paper/mimeo; not published in a peer-reviewed journal,Economic development & governance (LMICs),Frank Gyimah Sackey,false,2.5,1,3,NA,NA,NA,NA,NA,Economic development & governance (LMICs),WP,2024-06-26,7/9/2024 10:45:04 AM,231,NA,NA,NA,NA,NA,NA
Existential risk and growth,adv_knowledge,Working paper/mimeo; not published in a peer-reviewed journal,Catastrophic and existential risks,the long-term future,forecasting,Seth G. Benzell,false,80,50,100,NA,NA,NA,NA,NA,Catastrophic & existential risks,"the long-term future, forecasting,WP,2024-08-01,8/15/2024 12:42:24 PM",232,NA,NA,NA,NA,NA,NA
Existential risk and growth,methods,Working paper/mimeo; not published in a peer-reviewed journal,Catastrophic and existential risks,the long-term future,forecasting,Seth G. Benzell,false,90,75,95,NA,NA,NA,NA,NA,Catastrophic & existential risks,"the long-term future, forecasting,WP,2024-08-01,8/15/2024 12:43:31 PM",233,NA,NA,NA,NA,NA,NA
Existential risk and growth,logic_comms,Working paper/mimeo; not published in a peer-reviewed journal,Catastrophic and existential risks,the long-term future,forecasting,Seth G. Benzell,false,90,85,95,NA,NA,NA,NA,NA,Catastrophic & existential risks,"the long-term future, forecasting,WP,2024-08-01,8/15/2024 12:43:40 PM",234,NA,NA,NA,NA,NA,NA
Existential risk and growth,open_sci,Working paper/mimeo; not published in a peer-reviewed journal,Catastrophic and existential risks,the long-term future,forecasting,Seth G. Benzell,false,95,90,99,NA,NA,NA,NA,NA,Catastrophic & existential risks,"the long-term future, forecasting,WP,2024-08-01,8/15/2024 12:43:53 PM",235,NA,NA,NA,NA,NA,NA
Existential risk and growth,real_world,Working paper/mimeo; not published in a peer-reviewed journal,Catastrophic and existential risks,the long-term future,forecasting,Seth G. Benzell,false,80,50,100,NA,NA,NA,NA,NA,Catastrophic & existential risks,"the long-term future, forecasting,WP,2024-08-01,8/15/2024 12:44:15 PM",236,NA,NA,NA,NA,NA,NA
Existential risk and growth,gp_relevance,Working paper/mimeo; not published in a peer-reviewed journal,Catastrophic and existential risks,the long-term future,forecasting,Seth G. Benzell,false,80,60,100,NA,NA,NA,NA,NA,Catastrophic & existential risks,"the long-term future, forecasting,WP,2024-08-01,8/15/2024 12:44:15 PM",237,NA,NA,NA,NA,NA,NA
Existential risk and growth,journal_predict,Working paper/mimeo; not published in a peer-reviewed journal,Catastrophic and existential risks,the long-term future,forecasting,Seth G. Benzell,false,4.5,4.2,5.0,NA,NA,NA,NA,NA,Catastrophic & existential risks,"the long-term future, forecasting,WP,2024-08-01,8/15/2024 12:44:15 PM",238,NA,NA,NA,NA,NA,NA
Existential risk and growth,merits_journal,Working paper/mimeo; not published in a peer-reviewed journal,Catastrophic and existential risks,the long-term future,forecasting,Seth G. Benzell,false,4.5,3,5.0,NA,NA,NA,NA,NA,Catastrophic & existential risks,"the long-term future, forecasting,WP,2024-08-01,8/15/2024 12:44:15 PM",239,NA,NA,NA,NA,NA,NA
Existential risk and growth,overall,Working paper/mimeo; not published in a peer-reviewed journal,Catastrophic and existential risks,the long-term future,forecasting,Seth G. Benzell,false,95,80,99,NA,NA,NA,NA,NA,Catastrophic & existential risks,"the long-term future, forecasting,WP,2024-08-01,8/15/2024 12:44:54 PM",240,NA,NA,NA,NA,NA,NA
Existential risk and growth,adv_knowledge,Working paper/mimeo; not published in a peer-reviewed journal,Catastrophic and existential risks,the long-term future,forecasting,Ioannis Bournakis,false,60,55,65,NA,NA,NA,NA,NA,Catastrophic & existential risks,"the long-term future, forecasting,WP,2024-08-01,8/15/2024 12:45:07 PM",241,NA,NA,NA,NA,NA,NA
Existential risk and growth,methods,Working paper/mimeo; not published in a peer-reviewed journal,Catastrophic and existential risks,the long-term future,forecasting,Ioannis Bournakis,false,85,80,90,NA,NA,NA,NA,NA,Catastrophic & existential risks,"the long-term future, forecasting,WP,2024-08-01,8/15/2024 12:45:07 PM",242,NA,NA,NA,NA,NA,NA
Existential risk and growth,logic_comms,Working paper/mimeo; not published in a peer-reviewed journal,Catastrophic and existential risks,the long-term future,forecasting,Ioannis Bournakis,false,70,65,75,NA,NA,NA,NA,NA,Catastrophic & existential risks,"the long-term future, forecasting,WP,2024-08-01,8/15/2024 12:45:07 PM",243,NA,NA,NA,NA,NA,NA
Existential risk and growth,open_sci,Working paper/mimeo; not published in a peer-reviewed journal,Catastrophic and existential risks,the long-term future,forecasting,Ioannis Bournakis,false,63,60,70,NA,NA,NA,NA,NA,Catastrophic & existential risks,"the long-term future, forecasting,WP,2024-08-01,8/15/2024 12:45:07 PM",244,NA,NA,NA,NA,NA,NA
Existential risk and growth,real_world,Working paper/mimeo; not published in a peer-reviewed journal,Catastrophic and existential risks,the long-term future,forecasting,Ioannis Bournakis,false,65,60,72,NA,NA,NA,NA,NA,Catastrophic & existential risks,"the long-term future, forecasting,WP,2024-08-01,8/15/2024 12:45:07 PM",245,NA,NA,NA,NA,NA,NA
Existential risk and growth,gp_relevance,Working paper/mimeo; not published in a peer-reviewed journal,Catastrophic and existential risks,the long-term future,forecasting,Ioannis Bournakis,false,70,65,75,NA,NA,NA,NA,NA,Catastrophic & existential risks,"the long-term future, forecasting,WP,2024-08-01,8/15/2024 12:45:07 PM",246,NA,NA,NA,NA,NA,NA
Existential risk and growth,journal_predict,Working paper/mimeo; not published in a peer-reviewed journal,Catastrophic and existential risks,the long-term future,forecasting,Ioannis Bournakis,false,3.5,3.2,4.0,NA,NA,NA,NA,NA,Catastrophic & existential risks,"the long-term future, forecasting,WP,2024-08-01,8/15/2024 12:45:07 PM",247,NA,NA,NA,NA,NA,NA
Existential risk and growth,merits_journal,Working paper/mimeo; not published in a peer-reviewed journal,Catastrophic and existential risks,the long-term future,forecasting,Ioannis Bournakis,false,3.5,3.2,4.1,NA,NA,NA,NA,NA,Catastrophic & existential risks,"the long-term future, forecasting,WP,2024-08-01,8/15/2024 12:45:07 PM",248,NA,NA,NA,NA,NA,NA
Existential risk and growth,overall,Working paper/mimeo; not published in a peer-reviewed journal,Catastrophic and existential risks,the long-term future,forecasting,Ioannis Bournakis,false,68,60,70,NA,NA,NA,NA,NA,Catastrophic & existential risks,"the long-term future, forecasting,WP,2024-08-01,8/15/2024 12:45:07 PM",249,NA,NA,NA,NA,NA,NA
Forecasting Existential Risks: Evidence From a Long-Run Forecasting Tournament,adv_knowledge,Working paper/mimeo; not published in a peer-reviewed journal,Catastrophic and existential risks,the long-term future,forecasting,Anon. evaluation 1,true,75,60,90,NA,NA,NA,NA,NA,Catastrophic & existential risks,"the long-term future, forecasting,WP,2024-08-23,8/15/2024 9:19:27 AM",250,NA,NA,NA,NA,NA,NA
Forecasting Existential Risks: Evidence From a Long-Run Forecasting Tournament,methods,Working paper/mimeo; not published in a peer-reviewed journal,Catastrophic and existential risks,the long-term future,forecasting,Anon. evaluation 1,true,70,60,80,NA,NA,NA,NA,NA,Catastrophic & existential risks,"the long-term future, forecasting,WP,2024-08-23,8/15/2024 9:20:01 AM",251,NA,NA,NA,NA,NA,NA
Forecasting Existential Risks: Evidence From a Long-Run Forecasting Tournament,logic_comms,Working paper/mimeo; not published in a peer-reviewed journal,Catastrophic and existential risks,the long-term future,forecasting,Anon. evaluation 1,true,80,70,90,NA,NA,NA,NA,NA,Catastrophic & existential risks,"the long-term future, forecasting,WP,2024-08-23,8/15/2024 9:20:08 AM",252,NA,NA,NA,NA,NA,NA
Forecasting Existential Risks: Evidence From a Long-Run Forecasting Tournament,open_sci,Working paper/mimeo; not published in a peer-reviewed journal,Catastrophic and existential risks,the long-term future,forecasting,Anon. evaluation 1,true,70,60,80,NA,NA,NA,NA,NA,Catastrophic & existential risks,"the long-term future, forecasting,WP,2024-08-23,8/15/2024 9:20:14 AM",253,NA,NA,NA,NA,NA,NA
Forecasting Existential Risks: Evidence From a Long-Run Forecasting Tournament,real_world,Working paper/mimeo; not published in a peer-reviewed journal,Catastrophic and existential risks,the long-term future,forecasting,Anon. evaluation 1,true,90,85,95,NA,NA,NA,NA,NA,Catastrophic & existential risks,"the long-term future, forecasting,WP,2024-08-23,8/15/2024 9:20:21 AM",254,NA,NA,NA,NA,NA,NA
Forecasting Existential Risks: Evidence From a Long-Run Forecasting Tournament,gp_relevance,Working paper/mimeo; not published in a peer-reviewed journal,Catastrophic and existential risks,the long-term future,forecasting,Anon. evaluation 1,true,90,85,95,NA,NA,NA,NA,NA,Catastrophic & existential risks,"the long-term future, forecasting,WP,2024-08-23,8/15/2024 9:21:39 AM",255,NA,NA,NA,NA,NA,NA
Forecasting Existential Risks: Evidence From a Long-Run Forecasting Tournament,journal_predict,Working paper/mimeo; not published in a peer-reviewed journal,Catastrophic and existential risks,the long-term future,forecasting,Anon. evaluation 1,true,4,3.5,5.0,NA,NA,NA,NA,NA,Catastrophic & existential risks,"the long-term future, forecasting,WP,2024-08-23,8/15/2024 9:21:55 AM",256,NA,NA,NA,NA,NA,NA
Forecasting Existential Risks: Evidence From a Long-Run Forecasting Tournament,merits_journal,Working paper/mimeo; not published in a peer-reviewed journal,Catastrophic and existential risks,the long-term future,forecasting,Anon. evaluation 1,true,4,3.5,5.0,NA,NA,NA,NA,NA,Catastrophic & existential risks,"the long-term future, forecasting,WP,2024-08-23,8/15/2024 9:22:02 AM",257,NA,NA,NA,NA,NA,NA
Forecasting Existential Risks: Evidence From a Long-Run Forecasting Tournament,overall,Working paper/mimeo; not published in a peer-reviewed journal,Catastrophic and existential risks,the long-term future,forecasting,Anon. evaluation 1,true,75,60,90,NA,NA,NA,NA,NA,Catastrophic & existential risks,"the long-term future, forecasting,WP,2024-08-23,8/15/2024 9:22:08 AM",258,NA,NA,NA,NA,NA,NA
Forecasting Existential Risks: Evidence From a Long-Run Forecasting Tournament,adv_knowledge,Working paper/mimeo; not published in a peer-reviewed journal,Catastrophic and existential risks,the long-term future,forecasting,Anon. evaluation 2,true,85,NA,NA,NA,NA,NA,NA,NA,Catastrophic & existential risks,"the long-term future, forecasting,WP,2024-08-23,8/15/2024 9:24:55 AM",259,NA,NA,NA,NA,NA,NA
Forecasting Existential Risks: Evidence From a Long-Run Forecasting Tournament,methods,Working paper/mimeo; not published in a peer-reviewed journal,Catastrophic and existential risks,the long-term future,forecasting,Anon. evaluation 2,true,75,NA,NA,NA,NA,NA,NA,NA,Catastrophic & existential risks,"the long-term future, forecasting,WP,2024-08-23,8/15/2024 9:24:55 AM",260,NA,NA,NA,NA,NA,NA
Forecasting Existential Risks: Evidence From a Long-Run Forecasting Tournament,logic_comms,Working paper/mimeo; not published in a peer-reviewed journal,Catastrophic and existential risks,the long-term future,forecasting,Anon. evaluation 2,true,75,NA,NA,NA,NA,NA,NA,NA,Catastrophic & existential risks,"the long-term future, forecasting,WP,2024-08-23,8/15/2024 9:24:55 AM",261,NA,NA,NA,NA,NA,NA
Forecasting Existential Risks: Evidence From a Long-Run Forecasting Tournament,open_sci,Working paper/mimeo; not published in a peer-reviewed journal,Catastrophic and existential risks,the long-term future,forecasting,Anon. evaluation 2,true,85,NA,NA,NA,NA,NA,NA,NA,Catastrophic & existential risks,"the long-term future, forecasting,WP,2024-08-23,8/15/2024 9:24:55 AM",262,NA,NA,NA,NA,NA,NA
Forecasting Existential Risks: Evidence From a Long-Run Forecasting Tournament,real_world,Working paper/mimeo; not published in a peer-reviewed journal,Catastrophic and existential risks,the long-term future,forecasting,Anon. evaluation 2,true,95,NA,NA,NA,NA,NA,NA,NA,Catastrophic & existential risks,"the long-term future, forecasting,WP,2024-08-23,8/15/2024 9:24:55 AM",263,NA,NA,NA,NA,NA,NA
Forecasting Existential Risks: Evidence From a Long-Run Forecasting Tournament,gp_relevance,Working paper/mimeo; not published in a peer-reviewed journal,Catastrophic and existential risks,the long-term future,forecasting,Anon. evaluation 2,true,95,NA,NA,NA,NA,NA,NA,NA,Catastrophic & existential risks,"the long-term future, forecasting,WP,2024-08-23,8/15/2024 9:24:55 AM",264,NA,NA,NA,NA,NA,NA
Forecasting Existential Risks: Evidence From a Long-Run Forecasting Tournament,overall,Working paper/mimeo; not published in a peer-reviewed journal,Catastrophic and existential risks,the long-term future,forecasting,Anon. evaluation 2,true,80,NA,NA,NA,NA,NA,NA,NA,Catastrophic & existential risks,"the long-term future, forecasting,WP,2024-08-23,8/15/2024 9:24:55 AM",265,NA,NA,NA,NA,NA,NA
How Effective Is (More) Money? Randomizing Unconditional Cash Transfer Amounts in the US,overall,Working paper/mimeo; not published in a peer-reviewed journal,Other: Economics/welfare,growth,policy,global markets and population,Evaluator 1,true,80,65,95,NA,false,NA,NA,NA,"Other Economics/Welfare/Growth,WP,2024-11-19,2/21/2025 1:18:42 PM",266,NA,NA,NA,NA,NA,NA
How Effective Is (More) Money? Randomizing Unconditional Cash Transfer Amounts in the US,adv_knowledge,Working paper/mimeo; not published in a peer-reviewed journal,Other: Economics/welfare,growth,policy,global markets and population,Evaluator 1,true,70,50,90,NA,false,NA,NA,NA,"Other Economics/Welfare/Growth,WP,2024-11-19,2/21/2025 1:18:42 PM",267,NA,NA,NA,NA,NA,NA
How Effective Is (More) Money? Randomizing Unconditional Cash Transfer Amounts in the US,methods,Working paper/mimeo; not published in a peer-reviewed journal,Other: Economics/welfare,growth,policy,global markets and population,Evaluator 1,true,90,85,95,NA,NA,NA,NA,NA,"Other Economics/Welfare/Growth,WP,2024-11-19,2/21/2025 1:18:42 PM",268,NA,NA,NA,NA,NA,NA
How Effective Is (More) Money? Randomizing Unconditional Cash Transfer Amounts in the US,logic_comms,Working paper/mimeo; not published in a peer-reviewed journal,Other: Economics/welfare,growth,policy,global markets and population,Evaluator 1,true,90,85,95,NA,NA,NA,NA,NA,"Other Economics/Welfare/Growth,WP,2024-11-19,2/21/2025 1:18:42 PM",269,NA,NA,NA,NA,NA,NA
How Effective Is (More) Money? Randomizing Unconditional Cash Transfer Amounts in the US,open_sci,Working paper/mimeo; not published in a peer-reviewed journal,Other: Economics/welfare,growth,policy,global markets and population,Evaluator 1,true,90,85,95,NA,NA,NA,My rating here is based on the data and its use,not the study’s experimental design in the field,"which (like many experiments) likely has many nuances in implementation.,,Other Economics/Welfare/Growth,WP,2024-11-19,2/21/2025 1:18:42 PM",270,NA,NA,NA,NA,NA,NA
How Effective Is (More) Money? Randomizing Unconditional Cash Transfer Amounts in the US,real_world,Working paper/mimeo; not published in a peer-reviewed journal,Other: Economics/welfare,growth,policy,global markets and population,Evaluator 1,true,80,70,89,NA,NA,NA,NA,NA,"Other Economics/Welfare/Growth,WP,2024-11-19,2/21/2025 1:18:42 PM",271,NA,NA,NA,NA,NA,NA
How Effective Is (More) Money? Randomizing Unconditional Cash Transfer Amounts in the US,gp_relevance,Working paper/mimeo; not published in a peer-reviewed journal,Other: Economics/welfare,growth,policy,global markets and population,Evaluator 1,true,80,70,89,NA,NA,NA,NA,NA,"Other Economics/Welfare/Growth,WP,2024-11-19,2/21/2025 1:18:42 PM",272,NA,NA,NA,NA,NA,NA
How Effective Is (More) Money? Randomizing Unconditional Cash Transfer Amounts in the US,merits_journal,Working paper/mimeo; not published in a peer-reviewed journal,Other: Economics/welfare,growth,policy,global markets and population,Evaluator 1,true,4.2,3.5,4.9,NA,NA,NA,NA,NA,"Other Economics/Welfare/Growth,WP,2024-11-19,2/21/2025 1:18:42 PM",273,NA,NA,NA,NA,NA,NA
How Effective Is (More) Money? Randomizing Unconditional Cash Transfer Amounts in the US,journal_predict,Working paper/mimeo; not published in a peer-reviewed journal,Other: Economics/welfare,growth,policy,global markets and population,Evaluator 1,true,4.2,3.5,4.9,NA,NA,NA,NA,NA,"Other Economics/Welfare/Growth,WP,2024-11-19,2/21/2025 1:18:42 PM",274,NA,NA,NA,NA,NA,NA
How Effective Is (More) Money? Randomizing Unconditional Cash Transfer Amounts in the US,overall,Working paper/mimeo; not published in a peer-reviewed journal,Other: Economics/welfare,growth,policy,global markets and population,Evaluator 2,true,85,80,90,NA,false,NA,NA,NA,"Other Economics/Welfare/Growth,WP,2024-11-19,2/21/2025 1:25:16 PM",275,NA,NA,NA,NA,NA,NA
How Effective Is (More) Money? Randomizing Unconditional Cash Transfer Amounts in the US,adv_knowledge,Working paper/mimeo; not published in a peer-reviewed journal,Other: Economics/welfare,growth,policy,global markets and population,Evaluator 2,true,75,70,80,NA,false,NA,The paper is framed,and the contribution posed mainly about unconditional trash transfers (UCT). However,"the experiment was conducted during the COVID-19 pandemic. Therefore, the paper is also about UCT during a pandemic. The authors are probably the first ones to study this, but this contribution should be made upfront. The authors, therefore, should relate to further literature on cash transfers during the pandemic. The paper has limited external validity given the end of the pandemic/conducting the experiment under very particular circumstances,,Other Economics/Welfare/Growth,WP,2024-11-19,2/21/2025 1:25:16 PM",276,NA,NA,NA,NA,NA,NA
How Effective Is (More) Money? Randomizing Unconditional Cash Transfer Amounts in the US,methods,Working paper/mimeo; not published in a peer-reviewed journal,Other: Economics/welfare,growth,policy,global markets and population,Evaluator 2,true,95,90,100,NA,NA,NA,NA,NA,"Other Economics/Welfare/Growth,WP,2024-11-19,2/21/2025 1:25:16 PM",277,NA,NA,NA,NA,NA,NA
How Effective Is (More) Money? Randomizing Unconditional Cash Transfer Amounts in the US,logic_comms,Working paper/mimeo; not published in a peer-reviewed journal,Other: Economics/welfare,growth,policy,global markets and population,Evaluator 2,true,95,90,100,NA,NA,NA,NA,NA,"Other Economics/Welfare/Growth,WP,2024-11-19,2/21/2025 1:25:16 PM",278,NA,NA,NA,NA,NA,NA
How Effective Is (More) Money? Randomizing Unconditional Cash Transfer Amounts in the US,open_sci,Working paper/mimeo; not published in a peer-reviewed journal,Other: Economics/welfare,growth,policy,global markets and population,Evaluator 2,true,85,80,90,NA,NA,NA,Methods and data collection is quite clear,data is not yet widely available since the paper has not been published. Beyond related literature,"there are no resources that can enable future research.,,Other Economics/Welfare/Growth,WP,2024-11-19,2/21/2025 1:25:16 PM",279,NA,NA,NA,NA,NA,NA
How Effective Is (More) Money? Randomizing Unconditional Cash Transfer Amounts in the US,real_world,Working paper/mimeo; not published in a peer-reviewed journal,Other: Economics/welfare,growth,policy,global markets and population,Evaluator 2,true,75,70,80,NA,NA,NA,The paper relevance is limited for global priorities since the experiment was conducted during the COVID pandemic,weakening its external validity,"and applications in other contexts. Nevertheless the question is important, given the wide use of conditional cash transfers. The transfers given in the experiment might have been low, 500 and 2000 USD, to find a positive effect, however larger cash transfers might be difficult to do practically, therefore the usefulness to practitioners might be limited. However, it is useful to know at least that smaller unconditional cash transfers have limited effects suggestion these should not be done. There is no assessment of quantified costs/benefits.,,Other Economics/Welfare/Growth,WP,2024-11-19,2/21/2025 1:25:16 PM",280,NA,NA,NA,NA,NA,NA
How Effective Is (More) Money? Randomizing Unconditional Cash Transfer Amounts in the US,gp_relevance,Working paper/mimeo; not published in a peer-reviewed journal,Other: Economics/welfare,growth,policy,global markets and population,Evaluator 2,true,75,70,80,NA,NA,NA,NA,NA,"Other Economics/Welfare/Growth,WP,2024-11-19,2/21/2025 1:25:16 PM",281,NA,NA,NA,NA,NA,NA
How Effective Is (More) Money? Randomizing Unconditional Cash Transfer Amounts in the US,merits_journal,Working paper/mimeo; not published in a peer-reviewed journal,Other: Economics/welfare,growth,policy,global markets and population,Evaluator 2,true,4.5,4,5.0,NA,NA,NA,NA,NA,"Other Economics/Welfare/Growth,WP,2024-11-19,2/21/2025 1:25:16 PM",282,NA,NA,NA,NA,NA,NA
How Effective Is (More) Money? Randomizing Unconditional Cash Transfer Amounts in the US,journal_predict,Working paper/mimeo; not published in a peer-reviewed journal,Other: Economics/welfare,growth,policy,global markets and population,Evaluator 2,true,4,3.5,4.5,NA,NA,NA,NA,NA,"Other Economics/Welfare/Growth,WP,2024-11-19,2/21/2025 1:25:16 PM",283,NA,NA,NA,NA,NA,NA
How Much Would Reducing Lead Exposure Improve Children’s Learning in the Developing World?,adv_knowledge,Published,uncertain peer review,Global health; “Health & well-being in low-income countries”,Anon. evaluation 1,true,80,65,85,NA,NA,NA,NA,NA,Global health (LMICs),The World Bank Research Observer,"2024-07-04,8/15/2024 1:25:49 PM",284,NA,NA,NA,NA,NA,NA
How Much Would Reducing Lead Exposure Improve Children’s Learning in the Developing World?,methods,Published,uncertain peer review,Global health; “Health & well-being in low-income countries”,Anon. evaluation 1,true,60,44,82,NA,NA,NA,NA,NA,Global health (LMICs),The World Bank Research Observer,"2024-07-04,8/15/2024 1:27:05 PM",285,NA,NA,NA,NA,NA,NA
How Much Would Reducing Lead Exposure Improve Children’s Learning in the Developing World?,logic_comms,Published,uncertain peer review,Global health; “Health & well-being in low-income countries”,Anon. evaluation 1,true,66,58,75,NA,NA,NA,NA,NA,Global health (LMICs),The World Bank Research Observer,"2024-07-04,8/15/2024 1:27:20 PM",286,NA,NA,NA,NA,NA,NA
How Much Would Reducing Lead Exposure Improve Children’s Learning in the Developing World?,open_sci,Published,uncertain peer review,Global health; “Health & well-being in low-income countries”,Anon. evaluation 1,true,61,52,73,NA,NA,NA,NA,NA,Global health (LMICs),The World Bank Research Observer,"2024-07-04,8/15/2024 1:27:20 PM",287,NA,NA,NA,NA,NA,NA
How Much Would Reducing Lead Exposure Improve Children’s Learning in the Developing World?,real_world,Published,uncertain peer review,Global health; “Health & well-being in low-income countries”,Anon. evaluation 1,true,80,73,85,NA,NA,NA,NA,NA,Global health (LMICs),The World Bank Research Observer,"2024-07-04,8/15/2024 1:28:46 PM",288,NA,NA,NA,NA,NA,NA
How Much Would Reducing Lead Exposure Improve Children’s Learning in the Developing World?,gp_relevance,Published,uncertain peer review,Global health; “Health & well-being in low-income countries”,Anon. evaluation 1,true,83,77,87,NA,NA,NA,NA,NA,Global health (LMICs),The World Bank Research Observer,"2024-07-04,8/15/2024 1:28:52 PM",289,NA,NA,NA,NA,NA,NA
How Much Would Reducing Lead Exposure Improve Children’s Learning in the Developing World?,merits_journal,Published,uncertain peer review,Global health; “Health & well-being in low-income countries”,Anon. evaluation 1,true,2.5,2,3,NA,NA,NA,NA,NA,Global health (LMICs),The World Bank Research Observer,"2024-07-04,8/15/2024 1:29:12 PM",290,NA,NA,NA,NA,NA,NA
How Much Would Reducing Lead Exposure Improve Children’s Learning in the Developing World?,journal_predict,Published,uncertain peer review,Global health; “Health & well-being in low-income countries”,Anon. evaluation 1,true,3,2,3.5,NA,NA,NA,NA,NA,Global health (LMICs),The World Bank Research Observer,"2024-07-04,8/15/2024 1:29:12 PM",291,NA,NA,NA,NA,NA,NA
How Much Would Reducing Lead Exposure Improve Children’s Learning in the Developing World?,overall,Published,uncertain peer review,Global health; “Health & well-being in low-income countries”,Anon. evaluation 1,true,70,55,74,NA,NA,NA,NA,NA,Global health (LMICs),The World Bank Research Observer,"2024-07-04,8/15/2024 1:29:12 PM",292,NA,NA,NA,NA,NA,NA
How Much Would Reducing Lead Exposure Improve Children’s Learning in the Developing World?,adv_knowledge,Published,uncertain peer review,Global health; “Health & well-being in low-income countries”,Anon. evaluation 2,true,70,65,75,NA,NA,NA,NA,NA,Global health (LMICs),The World Bank Research Observer,"2024-07-04,8/15/2024 1:29:40 PM",293,NA,NA,NA,NA,NA,NA
How Much Would Reducing Lead Exposure Improve Children’s Learning in the Developing World?,methods,Published,uncertain peer review,Global health; “Health & well-being in low-income countries”,Anon. evaluation 2,true,68,58,78,NA,NA,NA,NA,NA,Global health (LMICs),The World Bank Research Observer,"2024-07-04,8/15/2024 1:29:40 PM",294,NA,NA,NA,NA,NA,NA
How Much Would Reducing Lead Exposure Improve Children’s Learning in the Developing World?,logic_comms,Published,uncertain peer review,Global health; “Health & well-being in low-income countries”,Anon. evaluation 2,true,75,70,80,NA,NA,NA,NA,NA,Global health (LMICs),The World Bank Research Observer,"2024-07-04,8/15/2024 1:29:40 PM",295,NA,NA,NA,NA,NA,NA
How Much Would Reducing Lead Exposure Improve Children’s Learning in the Developing World?,open_sci,Published,uncertain peer review,Global health; “Health & well-being in low-income countries”,Anon. evaluation 2,true,80,70,90,NA,NA,NA,NA,NA,Global health (LMICs),The World Bank Research Observer,"2024-07-04,8/15/2024 1:29:40 PM",296,NA,NA,NA,NA,NA,NA
How Much Would Reducing Lead Exposure Improve Children’s Learning in the Developing World?,real_world,Published,uncertain peer review,Global health; “Health & well-being in low-income countries”,Anon. evaluation 2,true,70,65,75,NA,NA,NA,NA,NA,Global health (LMICs),The World Bank Research Observer,"2024-07-04,8/15/2024 1:29:40 PM",297,NA,NA,NA,NA,NA,NA
How Much Would Reducing Lead Exposure Improve Children’s Learning in the Developing World?,gp_relevance,Published,uncertain peer review,Global health; “Health & well-being in low-income countries”,Anon. evaluation 2,true,80,70,90,NA,NA,NA,NA,NA,Global health (LMICs),The World Bank Research Observer,"2024-07-04,8/15/2024 1:29:40 PM",298,NA,NA,NA,NA,NA,NA
How Much Would Reducing Lead Exposure Improve Children’s Learning in the Developing World?,merits_journal,Published,uncertain peer review,Global health; “Health & well-being in low-income countries”,Anon. evaluation 2,true,3,2.8,3.2,NA,NA,NA,NA,NA,Global health (LMICs),The World Bank Research Observer,"2024-07-04,8/15/2024 1:29:40 PM",299,NA,NA,NA,NA,NA,NA
How Much Would Reducing Lead Exposure Improve Children’s Learning in the Developing World?,journal_predict,Published,uncertain peer review,Global health; “Health & well-being in low-income countries”,Anon. evaluation 2,true,4.2,2.8,3.2,NA,NA,NA,NA,NA,Global health (LMICs),The World Bank Research Observer,"2024-07-04,8/15/2024 1:29:40 PM",300,NA,NA,NA,NA,NA,NA
How Much Would Reducing Lead Exposure Improve Children’s Learning in the Developing World?,overall,Published,uncertain peer review,Global health; “Health & well-being in low-income countries”,Anon. evaluation 2,true,75,68,82,NA,NA,NA,NA,NA,Global health (LMICs),The World Bank Research Observer,"2024-07-04,8/15/2024 1:29:40 PM",301,NA,NA,NA,NA,NA,NA
Intergenerational Child Mortality Impacts of Deworming: Experimental Evidence from Two Decades of the Kenya Life Panel Survey,adv_knowledge,Working paper/mimeo; not published in a peer-reviewed journal,Global health; “Health & well-being in low-income countries”,Evaluator 1,true,85,75,95,NA,NA,NA,NA,NA,Global health (LMICs),WP,2024-10-08,11/24/2024 1:12:48 PM,302,NA,NA,NA,NA,NA,NA
Intergenerational Child Mortality Impacts of Deworming: Experimental Evidence from Two Decades of the Kenya Life Panel Survey,methods,Working paper/mimeo; not published in a peer-reviewed journal,Global health; “Health & well-being in low-income countries”,Evaluator 1,true,85,75,95,NA,NA,NA,NA,NA,Global health (LMICs),WP,2024-10-08,11/24/2024 1:15:31 PM,303,NA,NA,NA,NA,NA,NA
Intergenerational Child Mortality Impacts of Deworming: Experimental Evidence from Two Decades of the Kenya Life Panel Survey,logic_comms,Working paper/mimeo; not published in a peer-reviewed journal,Global health; “Health & well-being in low-income countries”,Evaluator 1,true,85,75,95,NA,NA,NA,NA,NA,Global health (LMICs),WP,2024-10-08,11/24/2024 1:15:19 PM,304,NA,NA,NA,NA,NA,NA
Intergenerational Child Mortality Impacts of Deworming: Experimental Evidence from Two Decades of the Kenya Life Panel Survey,open_sci,Working paper/mimeo; not published in a peer-reviewed journal,Global health; “Health & well-being in low-income countries”,Evaluator 1,true,85,75,95,NA,NA,NA,NA,NA,Global health (LMICs),WP,2024-10-08,11/24/2024 1:16:19 PM,305,NA,NA,NA,NA,NA,NA
Intergenerational Child Mortality Impacts of Deworming: Experimental Evidence from Two Decades of the Kenya Life Panel Survey,real_world,Working paper/mimeo; not published in a peer-reviewed journal,Global health; “Health & well-being in low-income countries”,Evaluator 1,true,95,90,100,NA,NA,NA,NA,NA,Global health (LMICs),WP,2024-10-08,11/24/2024 1:16:19 PM,306,NA,NA,NA,NA,NA,NA
Intergenerational Child Mortality Impacts of Deworming: Experimental Evidence from Two Decades of the Kenya Life Panel Survey,gp_relevance,Working paper/mimeo; not published in a peer-reviewed journal,Global health; “Health & well-being in low-income countries”,Evaluator 1,true,95,90,100,NA,NA,NA,NA,NA,Global health (LMICs),WP,2024-10-08,11/24/2024 1:17:06 PM,307,NA,NA,NA,NA,NA,NA
Intergenerational Child Mortality Impacts of Deworming: Experimental Evidence from Two Decades of the Kenya Life Panel Survey,overall,Working paper/mimeo; not published in a peer-reviewed journal,Global health; “Health & well-being in low-income countries”,Evaluator 1,true,87,77,97,NA,NA,NA,NA,NA,Global health (LMICs),WP,2024-10-08,11/24/2024 1:17:26 PM,308,NA,NA,NA,NA,NA,NA
Intergenerational Child Mortality Impacts of Deworming: Experimental Evidence from Two Decades of the Kenya Life Panel Survey,adv_knowledge,Working paper/mimeo; not published in a peer-reviewed journal,Global health; “Health & well-being in low-income countries”,Evaluator 1,true,85,75,95,NA,NA,NA,NA,NA,Global health (LMICs),WP,2024-10-08,11/24/2024 1:18:24 PM,309,NA,NA,NA,NA,NA,NA
Intergenerational Child Mortality Impacts of Deworming: Experimental Evidence from Two Decades of the Kenya Life Panel Survey,methods,Working paper/mimeo; not published in a peer-reviewed journal,Global health; “Health & well-being in low-income countries”,Evaluator 1,true,85,75,95,NA,NA,NA,NA,NA,Global health (LMICs),WP,2024-10-08,11/24/2024 1:18:24 PM,310,NA,NA,NA,NA,NA,NA
Intergenerational Child Mortality Impacts of Deworming: Experimental Evidence from Two Decades of the Kenya Life Panel Survey,logic_comms,Working paper/mimeo; not published in a peer-reviewed journal,Global health; “Health & well-being in low-income countries”,Evaluator 1,true,85,75,95,NA,NA,NA,NA,NA,Global health (LMICs),WP,2024-10-08,11/24/2024 1:18:24 PM,311,NA,NA,NA,NA,NA,NA
Intergenerational Child Mortality Impacts of Deworming: Experimental Evidence from Two Decades of the Kenya Life Panel Survey,open_sci,Working paper/mimeo; not published in a peer-reviewed journal,Global health; “Health & well-being in low-income countries”,Evaluator 1,true,85,75,95,NA,NA,NA,NA,NA,Global health (LMICs),WP,2024-10-08,11/24/2024 1:18:24 PM,312,NA,NA,NA,NA,NA,NA
Intergenerational Child Mortality Impacts of Deworming: Experimental Evidence from Two Decades of the Kenya Life Panel Survey,real_world,Working paper/mimeo; not published in a peer-reviewed journal,Global health; “Health & well-being in low-income countries”,Evaluator 1,true,95,90,100,NA,NA,NA,NA,NA,Global health (LMICs),WP,2024-10-08,11/24/2024 1:18:24 PM,313,NA,NA,NA,NA,NA,NA
Intergenerational Child Mortality Impacts of Deworming: Experimental Evidence from Two Decades of the Kenya Life Panel Survey,gp_relevance,Working paper/mimeo; not published in a peer-reviewed journal,Global health; “Health & well-being in low-income countries”,Evaluator 1,true,95,90,100,NA,NA,NA,NA,NA,Global health (LMICs),WP,2024-10-08,11/24/2024 1:18:24 PM,314,NA,NA,NA,NA,NA,NA
Intergenerational Child Mortality Impacts of Deworming: Experimental Evidence from Two Decades of the Kenya Life Panel Survey,merits_journal,Working paper/mimeo; not published in a peer-reviewed journal,Global health; “Health & well-being in low-income countries”,Evaluator 1,true,3.5,3,4.0,NA,NA,NA,NA,NA,Global health (LMICs),WP,2024-10-08,11/24/2024 1:20:52 PM,315,NA,NA,NA,NA,NA,NA
Intergenerational Child Mortality Impacts of Deworming: Experimental Evidence from Two Decades of the Kenya Life Panel Survey,overall,Working paper/mimeo; not published in a peer-reviewed journal,Global health; “Health & well-being in low-income countries”,Evaluator 1,true,87,77,97,NA,NA,NA,NA,NA,Global health (LMICs),WP,2024-10-08,11/24/2024 1:18:24 PM,316,NA,NA,NA,NA,NA,NA
Intergenerational Child Mortality Impacts of Deworming: Experimental Evidence from Two Decades of the Kenya Life Panel Survey,claims,Working paper/mimeo; not published in a peer-reviewed journal,Global health; “Health & well-being in low-income countries”,Evaluator 2,true,90,80,100,NA,NA,NA,NA,NA,Global health (LMICs),WP,2024-10-08,11/24/2024 1:20:09 PM,317,NA,NA,NA,NA,NA,NA
Intergenerational Child Mortality Impacts of Deworming: Experimental Evidence from Two Decades of the Kenya Life Panel Survey,adv_knowledge,Working paper/mimeo; not published in a peer-reviewed journal,Global health; “Health & well-being in low-income countries”,Evaluator 2,true,80,70,90,NA,NA,NA,NA,NA,Global health (LMICs),WP,2024-10-08,11/24/2024 1:19:37 PM,318,NA,NA,NA,NA,NA,NA
Intergenerational Child Mortality Impacts of Deworming: Experimental Evidence from Two Decades of the Kenya Life Panel Survey,methods,Working paper/mimeo; not published in a peer-reviewed journal,Global health; “Health & well-being in low-income countries”,Evaluator 2,true,85,75,95,NA,NA,NA,NA,NA,Global health (LMICs),WP,2024-10-08,11/24/2024 1:19:37 PM,319,NA,NA,NA,NA,NA,NA
Intergenerational Child Mortality Impacts of Deworming: Experimental Evidence from Two Decades of the Kenya Life Panel Survey,logic_comms,Working paper/mimeo; not published in a peer-reviewed journal,Global health; “Health & well-being in low-income countries”,Evaluator 2,true,95,90,100,NA,NA,NA,NA,NA,Global health (LMICs),WP,2024-10-08,11/24/2024 1:19:37 PM,320,NA,NA,NA,NA,NA,NA
Intergenerational Child Mortality Impacts of Deworming: Experimental Evidence from Two Decades of the Kenya Life Panel Survey,open_sci,Working paper/mimeo; not published in a peer-reviewed journal,Global health; “Health & well-being in low-income countries”,Evaluator 2,true,90,80,100,NA,NA,NA,NA,NA,Global health (LMICs),WP,2024-10-08,11/24/2024 1:19:37 PM,321,NA,NA,NA,NA,NA,NA
Intergenerational Child Mortality Impacts of Deworming: Experimental Evidence from Two Decades of the Kenya Life Panel Survey,real_world,Working paper/mimeo; not published in a peer-reviewed journal,Global health; “Health & well-being in low-income countries”,Evaluator 2,true,95,90,100,NA,NA,NA,NA,NA,Global health (LMICs),WP,2024-10-08,11/24/2024 1:19:37 PM,322,NA,NA,NA,NA,NA,NA
Intergenerational Child Mortality Impacts of Deworming: Experimental Evidence from Two Decades of the Kenya Life Panel Survey,gp_relevance,Working paper/mimeo; not published in a peer-reviewed journal,Global health; “Health & well-being in low-income countries”,Evaluator 2,true,95,90,100,NA,NA,NA,NA,NA,Global health (LMICs),WP,2024-10-08,11/24/2024 1:19:37 PM,323,NA,NA,NA,NA,NA,NA
Intergenerational Child Mortality Impacts of Deworming: Experimental Evidence from Two Decades of the Kenya Life Panel Survey,merits_journal,Working paper/mimeo; not published in a peer-reviewed journal,Global health; “Health & well-being in low-income countries”,Evaluator 2,true,4.5,4,5.0,NA,NA,NA,NA,NA,Global health (LMICs),WP,2024-10-08,11/24/2024 1:25:14 PM,324,NA,NA,NA,NA,NA,NA
Intergenerational Child Mortality Impacts of Deworming: Experimental Evidence from Two Decades of the Kenya Life Panel Survey,overall,Working paper/mimeo; not published in a peer-reviewed journal,Global health; “Health & well-being in low-income countries”,Evaluator 2,true,90,80,100,NA,NA,NA,NA,NA,Global health (LMICs),WP,2024-10-08,11/24/2024 1:19:37 PM,325,NA,NA,NA,NA,NA,NA
Legalizing Entrepreneurship,overall,Working paper/mimeo; not published in a peer-reviewed journal,Economic development & governance (LMICs),Anon. evaluation 1,true,60,50,70,NA,false,NA,NA,NA,Economic development & governance (LMICs),WP,2024-06-11,6/25/2024 8:50:34 AM,326,NA,NA,NA,NA,NA,NA
Legalizing Entrepreneurship,overall,Working paper/mimeo; not published in a peer-reviewed journal,Economic development & governance (LMICs),Anon. evaluation 2,true,90,85,97,NA,false,NA,NA,NA,Economic development & governance (LMICs),WP,2024-06-11,7/2/2024 10:52:17 AM,327,NA,NA,NA,NA,NA,NA
Legalizing Entrepreneurship,merits_journal,Working paper/mimeo; not published in a peer-reviewed journal,Economic development & governance (LMICs),Anon. evaluation 1,true,2.5,2,3,NA,false,NA,NA,NA,Economic development & governance (LMICs),WP,2024-06-11,7/2/2024 10:52:45 AM,328,NA,NA,NA,NA,NA,NA
Legalizing Entrepreneurship,adv_knowledge,Working paper/mimeo; not published in a peer-reviewed journal,Economic development & governance (LMICs),Anon. evaluation 1,true,60,50,70,NA,NA,NA,NA,NA,Economic development & governance (LMICs),WP,2024-06-11,7/9/2024 10:50:42 AM,329,NA,NA,NA,NA,NA,NA
Legalizing Entrepreneurship,merits_journal,Working paper/mimeo; not published in a peer-reviewed journal,Economic development & governance (LMICs),Anon. evaluation 2,true,4.7,4,5,NA,false,NA,NA,NA,Economic development & governance (LMICs),WP,2024-06-11,7/2/2024 10:52:45 AM,330,NA,NA,NA,NA,NA,NA
Legalizing Entrepreneurship,adv_knowledge,Working paper/mimeo; not published in a peer-reviewed journal,Economic development & governance (LMICs),Anon. evaluation 2,true,96,90,100,NA,NA,NA,NA,NA,Economic development & governance (LMICs),WP,2024-06-11,7/9/2024 10:49:10 AM,331,NA,NA,NA,NA,NA,NA
Legalizing Entrepreneurship,methods,Working paper/mimeo; not published in a peer-reviewed journal,Economic development & governance (LMICs),Anon. evaluation 2,true,92,86,97,NA,NA,NA,NA,NA,Economic development & governance (LMICs),WP,2024-06-11,7/9/2024 10:49:10 AM,332,NA,NA,NA,NA,NA,NA
Legalizing Entrepreneurship,logic_comms,Working paper/mimeo; not published in a peer-reviewed journal,Economic development & governance (LMICs),Anon. evaluation 2,true,98,95,100,NA,NA,NA,NA,NA,Economic development & governance (LMICs),WP,2024-06-11,7/9/2024 10:49:10 AM,333,NA,NA,NA,NA,NA,NA
Legalizing Entrepreneurship,open_sci,Working paper/mimeo; not published in a peer-reviewed journal,Economic development & governance (LMICs),Anon. evaluation 2,true,78,72,83,NA,NA,NA,NA,NA,Economic development & governance (LMICs),WP,2024-06-11,7/9/2024 10:49:10 AM,334,NA,NA,NA,NA,NA,NA
Legalizing Entrepreneurship,real_world,Working paper/mimeo; not published in a peer-reviewed journal,Economic development & governance (LMICs),Anon. evaluation 2,true,97,93,100,NA,NA,NA,NA,NA,Economic development & governance (LMICs),WP,2024-06-11,7/9/2024 10:49:10 AM,335,NA,NA,NA,NA,NA,NA
Legalizing Entrepreneurship,gp_relevance,Working paper/mimeo; not published in a peer-reviewed journal,Economic development & governance (LMICs),Anon. evaluation 2,true,94,88,100,NA,NA,NA,NA,NA,Economic development & governance (LMICs),WP,2024-06-11,7/9/2024 10:49:10 AM,336,NA,NA,NA,NA,NA,NA
Legalizing Entrepreneurship,journal_predict,Working paper/mimeo; not published in a peer-reviewed journal,Economic development & governance (LMICs),Anon. evaluation 2,true,4.4,4,4.7,NA,NA,NA,NA,NA,Economic development & governance (LMICs),WP,2024-06-11,7/9/2024 10:49:10 AM,337,NA,NA,NA,NA,NA,NA
Legalizing Entrepreneurship,methods,Working paper/mimeo; not published in a peer-reviewed journal,Economic development & governance (LMICs),Anon. evaluation 1,true,60,50,70,NA,NA,NA,NA,NA,Economic development & governance (LMICs),WP,2024-06-11,7/9/2024 10:50:42 AM,338,NA,NA,NA,NA,NA,NA
Legalizing Entrepreneurship,logic_comms,Working paper/mimeo; not published in a peer-reviewed journal,Economic development & governance (LMICs),Anon. evaluation 1,true,60,50,70,NA,NA,NA,NA,NA,Economic development & governance (LMICs),WP,2024-06-11,7/9/2024 10:50:42 AM,339,NA,NA,NA,NA,NA,NA
Legalizing Entrepreneurship,open_sci,Working paper/mimeo; not published in a peer-reviewed journal,Economic development & governance (LMICs),Anon. evaluation 1,true,60,40,60,NA,NA,NA,NA,NA,Economic development & governance (LMICs),WP,2024-06-11,7/9/2024 10:50:42 AM,340,NA,NA,NA,NA,NA,NA
Legalizing Entrepreneurship,real_world,Working paper/mimeo; not published in a peer-reviewed journal,Economic development & governance (LMICs),Anon. evaluation 1,true,60,70,90,NA,NA,NA,NA,NA,Economic development & governance (LMICs),WP,2024-06-11,7/9/2024 10:50:42 AM,341,NA,NA,NA,NA,NA,NA
Legalizing Entrepreneurship,gp_relevance,Working paper/mimeo; not published in a peer-reviewed journal,Economic development & governance (LMICs),Anon. evaluation 1,true,60,70,90,NA,NA,NA,NA,NA,Economic development & governance (LMICs),WP,2024-06-11,7/9/2024 10:50:42 AM,342,NA,NA,NA,NA,NA,NA
Legalizing Entrepreneurship,journal_predict,Working paper/mimeo; not published in a peer-reviewed journal,Economic development & governance (LMICs),Anon. evaluation 1,true,2.5,2,3,NA,NA,NA,NA,NA,Economic development & governance (LMICs),WP,2024-06-11,7/9/2024 10:50:42 AM,343,NA,NA,NA,NA,NA,NA
Long term cost-effectiveness of resilient foods for global catastrophes compared to artificial general intelligence safety,adv_knowledge,Published,? journal,Catastrophic and existential risks,the long-term future,forecasting,Anca Hanea,false,80,70,90,NA,false,NA,NA,NA,"Catastrophic & existential risks, the long-term future, forecasting,International Journal of Disaster Risk Reduction,2023-05-12,6/7/2024 4:40:59 PM",344,NA,NA,NA,NA,NA,NA
Long term cost-effectiveness of resilient foods for global catastrophes compared to artificial general intelligence safety,methods,Published,? journal,Catastrophic and existential risks,the long-term future,forecasting,Anca Hanea,false,70,50,90,NA,false,NA,NA,NA,"Catastrophic & existential risks, the long-term future, forecasting,International Journal of Disaster Risk Reduction,2023-05-12,6/7/2024 4:40:59 PM",345,NA,NA,NA,NA,NA,NA
Long term cost-effectiveness of resilient foods for global catastrophes compared to artificial general intelligence safety,logic_comms,Published,? journal,Catastrophic and existential risks,the long-term future,forecasting,Anca Hanea,false,85,65,95,NA,false,NA,NA,NA,"Catastrophic & existential risks, the long-term future, forecasting,International Journal of Disaster Risk Reduction,2023-05-12,6/7/2024 4:40:59 PM",346,NA,NA,NA,NA,NA,NA
Long term cost-effectiveness of resilient foods for global catastrophes compared to artificial general intelligence safety,real_world,Published,? journal,Catastrophic and existential risks,the long-term future,forecasting,Anca Hanea,false,NA,NA,NA,NA,false,NA,NA,NA,"Catastrophic & existential risks, the long-term future, forecasting,International Journal of Disaster Risk Reduction,2023-05-12,6/7/2024 4:40:59 PM",347,NA,NA,NA,NA,NA,NA
Long term cost-effectiveness of resilient foods for global catastrophes compared to artificial general intelligence safety,gp_relevance,Published,? journal,Catastrophic and existential risks,the long-term future,forecasting,Anca Hanea,false,85,70,90,NA,false,NA,NA,NA,"Catastrophic & existential risks, the long-term future, forecasting,International Journal of Disaster Risk Reduction,2023-05-12,6/7/2024 4:40:59 PM",348,NA,NA,NA,NA,NA,NA
Long term cost-effectiveness of resilient foods for global catastrophes compared to artificial general intelligence safety,journal_predict,Published,? journal,Catastrophic and existential risks,the long-term future,forecasting,Anca Hanea,false,3.5,3,5,NA,false,NA,NA,NA,"Catastrophic & existential risks, the long-term future, forecasting,International Journal of Disaster Risk Reduction,2023-05-12,6/7/2024 4:40:59 PM",349,NA,NA,NA,NA,NA,NA
Long term cost-effectiveness of resilient foods for global catastrophes compared to artificial general intelligence safety,open_sci,Published,? journal,Catastrophic and existential risks,the long-term future,forecasting,Anca Hanea,false,73,50,95,NA,false,NA,NA,NA,"Catastrophic & existential risks, the long-term future, forecasting,International Journal of Disaster Risk Reduction,2023-05-12,6/7/2024 4:40:59 PM",350,NA,NA,NA,NA,NA,NA
Long term cost-effectiveness of resilient foods for global catastrophes compared to artificial general intelligence safety,merits_journal,Published,? journal,Catastrophic and existential risks,the long-term future,forecasting,Anca Hanea,false,4,3,5,NA,false,NA,NA,NA,"Catastrophic & existential risks, the long-term future, forecasting,International Journal of Disaster Risk Reduction,2023-05-12,6/7/2024 4:40:59 PM",351,NA,NA,NA,NA,NA,NA
Long term cost-effectiveness of resilient foods for global catastrophes compared to artificial general intelligence safety,overall,Published,? journal,Catastrophic and existential risks,the long-term future,forecasting,Anca Hanea,false,80,60,90,NA,false,NA,NA,NA,"Catastrophic & existential risks, the long-term future, forecasting,International Journal of Disaster Risk Reduction,2023-05-12,6/7/2024 4:40:59 PM",352,NA,NA,NA,NA,NA,NA
Long term cost-effectiveness of resilient foods for global catastrophes compared to artificial general intelligence safety,adv_knowledge,Published,? journal,Catastrophic and existential risks,the long-term future,forecasting,Alex Bates,false,30,20,60,NA,false,NA,NA,NA,"Catastrophic & existential risks, the long-term future, forecasting,International Journal of Disaster Risk Reduction,2023-05-12,6/7/2024 4:40:59 PM",353,NA,NA,NA,NA,NA,NA
Long term cost-effectiveness of resilient foods for global catastrophes compared to artificial general intelligence safety,methods,Published,? journal,Catastrophic and existential risks,the long-term future,forecasting,Alex Bates,false,50,40,60,NA,false,NA,NA,NA,"Catastrophic & existential risks, the long-term future, forecasting,International Journal of Disaster Risk Reduction,2023-05-12,6/7/2024 4:40:59 PM",354,NA,NA,NA,NA,NA,NA
Long term cost-effectiveness of resilient foods for global catastrophes compared to artificial general intelligence safety,logic_comms,Published,? journal,Catastrophic and existential risks,the long-term future,forecasting,Alex Bates,false,60,40,75,NA,false,NA,NA,NA,"Catastrophic & existential risks, the long-term future, forecasting,International Journal of Disaster Risk Reduction,2023-05-12,6/7/2024 4:40:59 PM",355,NA,NA,NA,NA,NA,NA
Long term cost-effectiveness of resilient foods for global catastrophes compared to artificial general intelligence safety,real_world,Published,? journal,Catastrophic and existential risks,the long-term future,forecasting,Alex Bates,false,NA,NA,NA,NA,false,NA,NA,NA,"Catastrophic & existential risks, the long-term future, forecasting,International Journal of Disaster Risk Reduction,2023-05-12,6/7/2024 4:40:59 PM",356,NA,NA,NA,NA,NA,NA
Long term cost-effectiveness of resilient foods for global catastrophes compared to artificial general intelligence safety,gp_relevance,Published,? journal,Catastrophic and existential risks,the long-term future,forecasting,Alex Bates,false,90,60,95,NA,false,NA,NA,NA,"Catastrophic & existential risks, the long-term future, forecasting,International Journal of Disaster Risk Reduction,2023-05-12,6/7/2024 4:40:59 PM",357,NA,NA,NA,NA,NA,NA
Long term cost-effectiveness of resilient foods for global catastrophes compared to artificial general intelligence safety,journal_predict,Published,? journal,Catastrophic and existential risks,the long-term future,forecasting,Alex Bates,false,2,1,2,NA,false,NA,NA,NA,"Catastrophic & existential risks, the long-term future, forecasting,International Journal of Disaster Risk Reduction,2023-05-12,6/7/2024 4:40:59 PM",358,NA,NA,NA,NA,NA,NA
Long term cost-effectiveness of resilient foods for global catastrophes compared to artificial general intelligence safety,open_sci,Published,? journal,Catastrophic and existential risks,the long-term future,forecasting,Alex Bates,false,70,40,75,NA,false,NA,NA,NA,"Catastrophic & existential risks, the long-term future, forecasting,International Journal of Disaster Risk Reduction,2023-05-12,6/7/2024 4:40:59 PM",359,NA,NA,NA,NA,NA,NA
Long term cost-effectiveness of resilient foods for global catastrophes compared to artificial general intelligence safety,merits_journal,Published,? journal,Catastrophic and existential risks,the long-term future,forecasting,Alex Bates,false,2,1,2,NA,false,NA,NA,NA,"Catastrophic & existential risks, the long-term future, forecasting,International Journal of Disaster Risk Reduction,2023-05-12,6/7/2024 4:40:59 PM",360,NA,NA,NA,NA,NA,NA
Long term cost-effectiveness of resilient foods for global catastrophes compared to artificial general intelligence safety,overall,Published,? journal,Catastrophic and existential risks,the long-term future,forecasting,Alex Bates,false,40,20,60,NA,false,NA,NA,NA,"Catastrophic & existential risks, the long-term future, forecasting,International Journal of Disaster Risk Reduction,2023-05-12,6/7/2024 4:40:59 PM",361,NA,NA,NA,NA,NA,NA
Long term cost-effectiveness of resilient foods for global catastrophes compared to artificial general intelligence safety,adv_knowledge,Published,? journal,Catastrophic and existential risks,the long-term future,forecasting,Scott Janzwood,false,70,NA,NA,NA,false,NA,NA,NA,"Catastrophic & existential risks, the long-term future, forecasting,International Journal of Disaster Risk Reduction,2023-05-12,6/7/2024 4:40:59 PM",362,NA,NA,NA,NA,NA,NA
Long term cost-effectiveness of resilient foods for global catastrophes compared to artificial general intelligence safety,methods,Published,? journal,Catastrophic and existential risks,the long-term future,forecasting,Scott Janzwood,false,NA,NA,NA,NA,false,NA,NA,NA,"Catastrophic & existential risks, the long-term future, forecasting,International Journal of Disaster Risk Reduction,2023-05-12,6/7/2024 4:40:59 PM",363,NA,NA,NA,NA,NA,NA
Long term cost-effectiveness of resilient foods for global catastrophes compared to artificial general intelligence safety,logic_comms,Published,? journal,Catastrophic and existential risks,the long-term future,forecasting,Scott Janzwood,false,80,NA,NA,NA,false,NA,NA,NA,"Catastrophic & existential risks, the long-term future, forecasting,International Journal of Disaster Risk Reduction,2023-05-12,6/7/2024 4:40:59 PM",364,NA,NA,NA,NA,NA,NA
Long term cost-effectiveness of resilient foods for global catastrophes compared to artificial general intelligence safety,real_world,Published,? journal,Catastrophic and existential risks,the long-term future,forecasting,Scott Janzwood,false,NA,NA,NA,NA,false,NA,NA,NA,"Catastrophic & existential risks, the long-term future, forecasting,International Journal of Disaster Risk Reduction,2023-05-12,6/7/2024 4:40:59 PM",365,NA,NA,NA,NA,NA,NA
Long term cost-effectiveness of resilient foods for global catastrophes compared to artificial general intelligence safety,gp_relevance,Published,? journal,Catastrophic and existential risks,the long-term future,forecasting,Scott Janzwood,false,80,NA,NA,NA,false,NA,NA,NA,"Catastrophic & existential risks, the long-term future, forecasting,International Journal of Disaster Risk Reduction,2023-05-12,6/7/2024 4:40:59 PM",366,NA,NA,NA,NA,NA,NA
Long term cost-effectiveness of resilient foods for global catastrophes compared to artificial general intelligence safety,journal_predict,Published,? journal,Catastrophic and existential risks,the long-term future,forecasting,Scott Janzwood,false,3.5,NA,NA,NA,false,NA,NA,NA,"Catastrophic & existential risks, the long-term future, forecasting,International Journal of Disaster Risk Reduction,2023-05-12,6/7/2024 4:40:59 PM",367,NA,NA,NA,NA,NA,NA
Long term cost-effectiveness of resilient foods for global catastrophes compared to artificial general intelligence safety,open_sci,Published,? journal,Catastrophic and existential risks,the long-term future,forecasting,Scott Janzwood,false,NA,NA,NA,NA,false,NA,NA,NA,"Catastrophic & existential risks, the long-term future, forecasting,International Journal of Disaster Risk Reduction,2023-05-12,6/7/2024 4:40:59 PM",368,NA,NA,NA,NA,NA,NA
Long term cost-effectiveness of resilient foods for global catastrophes compared to artificial general intelligence safety,merits_journal,Published,? journal,Catastrophic and existential risks,the long-term future,forecasting,Scott Janzwood,false,3.5,NA,NA,NA,false,NA,NA,NA,"Catastrophic & existential risks, the long-term future, forecasting,International Journal of Disaster Risk Reduction,2023-05-12,6/7/2024 4:40:59 PM",369,NA,NA,NA,NA,NA,NA
Long term cost-effectiveness of resilient foods for global catastrophes compared to artificial general intelligence safety,overall,Published,? journal,Catastrophic and existential risks,the long-term future,forecasting,Scott Janzwood,false,65,NA,NA,NA,false,NA,NA,NA,"Catastrophic & existential risks, the long-term future, forecasting,International Journal of Disaster Risk Reduction,2023-05-12,6/7/2024 4:40:59 PM",370,NA,NA,NA,NA,NA,NA
Money (Not) to Burn: Payments for Ecosystem Services to Reduce Crop Residue Burning,overall,Published,~top journal,Economic development & governance (LMICs),Karthik Tadepalli,false,90,75,95,NA,false,NA,NA,NA,Economic development & governance (LMICs),The American Economic Review: Insights,"2023-10-30,7/2/2024 11:42:45 AM",371,NA,NA,NA,NA,NA,NA
Money (Not) to Burn: Payments for Ecosystem Services to Reduce Crop Residue Burning,merits_journal,Published,~top journal,Economic development & governance (LMICs),Karthik Tadepalli,false,4,3,5,NA,false,NA,NA,NA,Economic development & governance (LMICs),The American Economic Review: Insights,"2023-10-30,7/2/2024 11:43:01 AM",372,NA,NA,NA,NA,NA,NA
Money (Not) to Burn: Payments for Ecosystem Services to Reduce Crop Residue Burning,adv_knowledge,Published,~top journal,Economic development & governance (LMICs),Karthik Tadepalli,false,80,70,85,NA,NA,NA,NA,NA,Economic development & governance (LMICs),The American Economic Review: Insights,"2023-10-30,7/9/2024 10:34:31 AM",373,NA,NA,NA,NA,NA,NA
Money (Not) to Burn: Payments for Ecosystem Services to Reduce Crop Residue Burning,overall,Published,~top journal,Economic development & governance (LMICs),Anon. evaluator 2 1,true,85,80,90,NA,false,NA,NA,NA,Economic development & governance (LMICs),The American Economic Review: Insights,"2023-10-30,7/2/2024 11:43:29 AM",374,NA,NA,NA,NA,NA,NA
Money (Not) to Burn: Payments for Ecosystem Services to Reduce Crop Residue Burning,merits_journal,Published,~top journal,Economic development & governance (LMICs),Anon. evaluator 2 1,true,4,NA,NA,85,false,NA,NA,NA,Economic development & governance (LMICs),The American Economic Review: Insights,"2023-10-30,7/2/2024 11:43:29 AM",375,NA,NA,NA,NA,NA,NA
Money (Not) to Burn: Payments for Ecosystem Services to Reduce Crop Residue Burning,adv_knowledge,Published,~top journal,Economic development & governance (LMICs),Anon. evaluator 2 1,true,80,85,95,NA,NA,NA,NA,NA,Economic development & governance (LMICs),The American Economic Review: Insights,"2023-10-30,7/9/2024 10:36:34 AM",376,NA,NA,NA,NA,NA,NA
Money (Not) to Burn: Payments for Ecosystem Services to Reduce Crop Residue Burning,methods,Published,~top journal,Economic development & governance (LMICs),Karthik Tadepalli,false,80,70,95,NA,NA,NA,NA,NA,Economic development & governance (LMICs),The American Economic Review: Insights,"2023-10-30,7/9/2024 10:34:31 AM",377,NA,NA,NA,NA,NA,NA
Money (Not) to Burn: Payments for Ecosystem Services to Reduce Crop Residue Burning,logic_comms,Published,~top journal,Economic development & governance (LMICs),Karthik Tadepalli,false,90,88,92,NA,NA,NA,NA,NA,Economic development & governance (LMICs),The American Economic Review: Insights,"2023-10-30,7/9/2024 10:34:31 AM",378,NA,NA,NA,NA,NA,NA
Money (Not) to Burn: Payments for Ecosystem Services to Reduce Crop Residue Burning,open_sci,Published,~top journal,Economic development & governance (LMICs),Karthik Tadepalli,false,80,75,95,NA,NA,NA,NA,NA,Economic development & governance (LMICs),The American Economic Review: Insights,"2023-10-30,7/9/2024 10:34:31 AM",379,NA,NA,NA,NA,NA,NA
Money (Not) to Burn: Payments for Ecosystem Services to Reduce Crop Residue Burning,real_world,Published,~top journal,Economic development & governance (LMICs),Karthik Tadepalli,false,95,90,100,NA,NA,NA,NA,NA,Economic development & governance (LMICs),The American Economic Review: Insights,"2023-10-30,7/9/2024 10:34:31 AM",380,NA,NA,NA,NA,NA,NA
Money (Not) to Burn: Payments for Ecosystem Services to Reduce Crop Residue Burning,gp_relevance,Published,~top journal,Economic development & governance (LMICs),Karthik Tadepalli,false,95,80,100,NA,NA,NA,NA,NA,Economic development & governance (LMICs),The American Economic Review: Insights,"2023-10-30,7/9/2024 10:34:31 AM",381,NA,NA,NA,NA,NA,NA
Money (Not) to Burn: Payments for Ecosystem Services to Reduce Crop Residue Burning,journal_predict,Published,~top journal,Economic development & governance (LMICs),Karthik Tadepalli,false,4,3,5,NA,NA,NA,NA,NA,Economic development & governance (LMICs),The American Economic Review: Insights,"2023-10-30,7/9/2024 10:34:31 AM",382,NA,NA,NA,NA,NA,NA
Money (Not) to Burn: Payments for Ecosystem Services to Reduce Crop Residue Burning,methods,Published,~top journal,Economic development & governance (LMICs),Anon. evaluator 2 1,true,80,65,75,NA,NA,NA,NA,NA,Economic development & governance (LMICs),The American Economic Review: Insights,"2023-10-30,7/9/2024 10:36:34 AM",383,NA,NA,NA,NA,NA,NA
Money (Not) to Burn: Payments for Ecosystem Services to Reduce Crop Residue Burning,logic_comms,Published,~top journal,Economic development & governance (LMICs),Anon. evaluator 2 1,true,90,80,90,NA,NA,NA,NA,NA,Economic development & governance (LMICs),The American Economic Review: Insights,"2023-10-30,7/9/2024 10:36:34 AM",384,NA,NA,NA,NA,NA,NA
Money (Not) to Burn: Payments for Ecosystem Services to Reduce Crop Residue Burning,open_sci,Published,~top journal,Economic development & governance (LMICs),Anon. evaluator 2 1,true,90,70,80,NA,NA,NA,NA,NA,Economic development & governance (LMICs),The American Economic Review: Insights,"2023-10-30,7/9/2024 10:36:34 AM",385,NA,NA,NA,NA,NA,NA
Money (Not) to Burn: Payments for Ecosystem Services to Reduce Crop Residue Burning,real_world,Published,~top journal,Economic development & governance (LMICs),Anon. evaluator 2 1,true,90,90,100,NA,NA,NA,NA,NA,Economic development & governance (LMICs),The American Economic Review: Insights,"2023-10-30,7/9/2024 10:36:34 AM",386,NA,NA,NA,NA,NA,NA
Money (Not) to Burn: Payments for Ecosystem Services to Reduce Crop Residue Burning,gp_relevance,Published,~top journal,Economic development & governance (LMICs),Anon. evaluator 2 1,true,90,90,100,NA,NA,NA,NA,NA,Economic development & governance (LMICs),The American Economic Review: Insights,"2023-10-30,7/9/2024 10:36:34 AM",387,NA,NA,NA,NA,NA,NA
Money (Not) to Burn: Payments for Ecosystem Services to Reduce Crop Residue Burning,journal_predict,Published,~top journal,Economic development & governance (LMICs),Anon. evaluator 2 1,true,4,NA,NA,NA,NA,NA,NA,NA,Economic development & governance (LMICs),The American Economic Review: Insights,"2023-10-30,7/9/2024 10:36:34 AM",388,NA,NA,NA,NA,NA,NA
Replicability & Generalisability:  A Guide to CEA discounts,overall,Working paper/mimeo; not published in a peer-reviewed journal,Other: Economics/welfare,growth,policy,global markets and population,Anon. evaluator 1,true,25,0,50,NA,false,NA,NA,NA,"Other Economics/Welfare/Growth,WP,2024-06-10,7/2/2024 11:12:03 AM",389,NA,NA,NA,NA,NA,NA
Replicability & Generalisability:  A Guide to CEA discounts,merits_journal,Working paper/mimeo; not published in a peer-reviewed journal,Other: Economics/welfare,growth,policy,global markets and population,Anon. evaluator 1,true,NA,NA,NA,NA,NA,NA,NA,NA,"Other Economics/Welfare/Growth,WP,2024-06-10,7/9/2024 10:28:27 AM",390,NA,NA,NA,NA,NA,NA
Replicability & Generalisability:  A Guide to CEA discounts,overall,Working paper/mimeo; not published in a peer-reviewed journal,Other: Economics/welfare,growth,policy,global markets and population,Max Meier,false,40,10,60,NA,false,NA,NA,NA,"Other Economics/Welfare/Growth,WP,2024-06-10,7/2/2024 11:26:39 AM",391,NA,NA,NA,NA,NA,NA
Replicability & Generalisability:  A Guide to CEA discounts,adv_knowledge,Working paper/mimeo; not published in a peer-reviewed journal,Other: Economics/welfare,growth,policy,global markets and population,Max Meier,false,50,20,70,NA,NA,NA,NA,NA,"Other Economics/Welfare/Growth,WP,2024-06-10,7/9/2024 10:31:47 AM",392,NA,NA,NA,NA,NA,NA
Replicability & Generalisability:  A Guide to CEA discounts,adv_knowledge,Working paper/mimeo; not published in a peer-reviewed journal,Other: Economics/welfare,growth,policy,global markets and population,Anon. evaluator 1,true,30,20,80,NA,NA,NA,NA,NA,"Other Economics/Welfare/Growth,WP,2024-06-10,7/9/2024 10:28:27 AM",393,NA,NA,NA,NA,NA,NA
Replicability & Generalisability:  A Guide to CEA discounts,methods,Working paper/mimeo; not published in a peer-reviewed journal,Other: Economics/welfare,growth,policy,global markets and population,Anon. evaluator 1,true,NA,NA,NA,NA,NA,NA,NA,NA,"Other Economics/Welfare/Growth,WP,2024-06-10,7/9/2024 10:28:27 AM",394,NA,NA,NA,NA,NA,NA
Replicability & Generalisability:  A Guide to CEA discounts,logic_comms,Working paper/mimeo; not published in a peer-reviewed journal,Other: Economics/welfare,growth,policy,global markets and population,Anon. evaluator 1,true,30,10,70,NA,NA,NA,NA,NA,"Other Economics/Welfare/Growth,WP,2024-06-10,7/9/2024 10:28:27 AM",395,NA,NA,NA,NA,NA,NA
Replicability & Generalisability:  A Guide to CEA discounts,open_sci,Working paper/mimeo; not published in a peer-reviewed journal,Other: Economics/welfare,growth,policy,global markets and population,Anon. evaluator 1,true,10,0,50,NA,NA,NA,NA,NA,"Other Economics/Welfare/Growth,WP,2024-06-10,7/9/2024 10:28:27 AM",396,NA,NA,NA,NA,NA,NA
Replicability & Generalisability:  A Guide to CEA discounts,real_world,Working paper/mimeo; not published in a peer-reviewed journal,Other: Economics/welfare,growth,policy,global markets and population,Anon. evaluator 1,true,NA,NA,NA,NA,NA,NA,NA,NA,"Other Economics/Welfare/Growth,WP,2024-06-10,7/9/2024 10:28:27 AM",397,NA,NA,NA,NA,NA,NA
Replicability & Generalisability:  A Guide to CEA discounts,gp_relevance,Working paper/mimeo; not published in a peer-reviewed journal,Other: Economics/welfare,growth,policy,global markets and population,Anon. evaluator 1,true,70,50,95,NA,NA,NA,NA,NA,"Other Economics/Welfare/Growth,WP,2024-06-10,7/9/2024 10:28:27 AM",398,NA,NA,NA,NA,NA,NA
Replicability & Generalisability:  A Guide to CEA discounts,journal_predict,Working paper/mimeo; not published in a peer-reviewed journal,Other: Economics/welfare,growth,policy,global markets and population,Anon. evaluator 1,true,NA,NA,NA,NA,NA,NA,NA,NA,"Other Economics/Welfare/Growth,WP,2024-06-10,7/9/2024 10:28:27 AM",399,NA,NA,NA,NA,NA,NA
Replicability & Generalisability:  A Guide to CEA discounts,methods,Working paper/mimeo; not published in a peer-reviewed journal,Other: Economics/welfare,growth,policy,global markets and population,Max Meier,false,10,0,40,NA,NA,NA,NA,NA,"Other Economics/Welfare/Growth,WP,2024-06-10,7/9/2024 10:31:48 AM",400,NA,NA,NA,NA,NA,NA
Replicability & Generalisability:  A Guide to CEA discounts,logic_comms,Working paper/mimeo; not published in a peer-reviewed journal,Other: Economics/welfare,growth,policy,global markets and population,Max Meier,false,30,10,50,NA,NA,NA,NA,NA,"Other Economics/Welfare/Growth,WP,2024-06-10,7/9/2024 10:31:48 AM",401,NA,NA,NA,NA,NA,NA
Replicability & Generalisability:  A Guide to CEA discounts,real_world,Working paper/mimeo; not published in a peer-reviewed journal,Other: Economics/welfare,growth,policy,global markets and population,Max Meier,false,NA,NA,NA,NA,NA,NA,NA,NA,"Other Economics/Welfare/Growth,WP,2024-06-10,7/9/2024 10:31:48 AM",402,NA,NA,NA,NA,NA,NA
Replicability & Generalisability:  A Guide to CEA discounts,gp_relevance,Working paper/mimeo; not published in a peer-reviewed journal,Other: Economics/welfare,growth,policy,global markets and population,Max Meier,false,50,10,80,NA,NA,NA,NA,NA,"Other Economics/Welfare/Growth,WP,2024-06-10,7/9/2024 10:31:48 AM",403,NA,NA,NA,NA,NA,NA
Replicability & Generalisability:  A Guide to CEA discounts,journal_predict,Working paper/mimeo; not published in a peer-reviewed journal,Other: Economics/welfare,growth,policy,global markets and population,Max Meier,false,NA,NA,NA,NA,NA,NA,NA,NA,"Other Economics/Welfare/Growth,WP,2024-06-10,7/9/2024 10:31:48 AM",404,NA,NA,NA,NA,NA,NA
Replicability & Generalisability:  A Guide to CEA discounts,open_sci,Working paper/mimeo; not published in a peer-reviewed journal,Other: Economics/welfare,growth,policy,global markets and population,Max Meier,false,10,NA,NA,NA,NA,NA,NA,NA,"Other Economics/Welfare/Growth,WP,2024-06-10,7/9/2024 10:31:48 AM",405,NA,NA,NA,NA,NA,NA
Replicability & Generalisability:  A Guide to CEA discounts,merits_journal,Working paper/mimeo; not published in a peer-reviewed journal,Other: Economics/welfare,growth,policy,global markets and population,Max Meier,false,NA,NA,NA,NA,NA,NA,NA,NA,"Other Economics/Welfare/Growth,WP,2024-06-10,7/9/2024 10:31:48 AM",406,NA,NA,NA,NA,NA,NA
Selecting the Most Effective Nudge: Evidence from a Large-Scale Experiment on Immunization,adv_knowledge,Forthcoming,Global health; “Health & well-being in low-income countries”,Anon. evaluator 2 1,true,95,80,99,NA,NA,NA,NA,NA,Global health (LMICs),Econometrica,2024-08-10,8/15/2024 12:59:34 PM,407,NA,NA,NA,NA,NA,NA
Selecting the Most Effective Nudge: Evidence from a Large-Scale Experiment on Immunization,methods,Forthcoming,Global health; “Health & well-being in low-income countries”,Anon. evaluator 2 1,true,90,70,95,NA,NA,NA,NA,NA,Global health (LMICs),Econometrica,2024-08-10,8/15/2024 1:00:09 PM,408,NA,NA,NA,NA,NA,NA
Selecting the Most Effective Nudge: Evidence from a Large-Scale Experiment on Immunization,logic_comms,Forthcoming,Global health; “Health & well-being in low-income countries”,Anon. evaluator 2 1,true,90,70,95,NA,NA,NA,NA,NA,Global health (LMICs),Econometrica,2024-08-10,8/15/2024 1:00:13 PM,409,NA,NA,NA,NA,NA,NA
Selecting the Most Effective Nudge: Evidence from a Large-Scale Experiment on Immunization,open_sci,Forthcoming,Global health; “Health & well-being in low-income countries”,Anon. evaluator 2 1,true,90,70,95,NA,NA,NA,NA,NA,Global health (LMICs),Econometrica,2024-08-10,8/15/2024 1:00:13 PM,410,NA,NA,NA,NA,NA,NA
Selecting the Most Effective Nudge: Evidence from a Large-Scale Experiment on Immunization,real_world,Forthcoming,Global health; “Health & well-being in low-income countries”,Anon. evaluator 2 1,true,95,75,99,NA,NA,NA,NA,NA,Global health (LMICs),Econometrica,2024-08-10,8/15/2024 1:00:16 PM,411,NA,NA,NA,NA,NA,NA
Selecting the Most Effective Nudge: Evidence from a Large-Scale Experiment on Immunization,gp_relevance,Forthcoming,Global health; “Health & well-being in low-income countries”,Anon. evaluator 2 1,true,85,70,99,NA,NA,NA,NA,NA,Global health (LMICs),Econometrica,2024-08-10,8/15/2024 1:00:16 PM,412,NA,NA,NA,NA,NA,NA
Selecting the Most Effective Nudge: Evidence from a Large-Scale Experiment on Immunization,journal_predict,Forthcoming,Global health; “Health & well-being in low-income countries”,Anon. evaluator 2 1,true,4.7,4,5.0,NA,NA,NA,NA,NA,Global health (LMICs),Econometrica,2024-08-10,8/15/2024 1:01:56 PM,413,NA,NA,NA,NA,NA,NA
Selecting the Most Effective Nudge: Evidence from a Large-Scale Experiment on Immunization,merits_journal,Forthcoming,Global health; “Health & well-being in low-income countries”,Anon. evaluator 2 1,true,4.7,4,5.0,NA,NA,NA,NA,NA,Global health (LMICs),Econometrica,2024-08-10,8/15/2024 1:01:56 PM,414,NA,NA,NA,NA,NA,NA
Selecting the Most Effective Nudge: Evidence from a Large-Scale Experiment on Immunization,overall,Forthcoming,Global health; “Health & well-being in low-income countries”,Anon. evaluator 2 1,true,95,80,99,NA,NA,NA,NA,NA,Global health (LMICs),Econometrica,2024-08-10,8/15/2024 1:01:56 PM,415,NA,NA,NA,NA,NA,NA
Selecting the Most Effective Nudge: Evidence from a Large-Scale Experiment on Immunization,adv_knowledge,Forthcoming,Global health; “Health & well-being in low-income countries”,Anon. evaluator 3,true,85,75,90,NA,NA,NA,NA,NA,Global health (LMICs),Econometrica,2024-08-10,8/15/2024 1:03:44 PM,416,NA,NA,NA,NA,NA,NA
Selecting the Most Effective Nudge: Evidence from a Large-Scale Experiment on Immunization,methods,Forthcoming,Global health; “Health & well-being in low-income countries”,Anon. evaluator 3,true,80,50,100,NA,NA,NA,NA,NA,Global health (LMICs),Econometrica,2024-08-10,8/15/2024 1:03:44 PM,417,NA,NA,NA,NA,NA,NA
Selecting the Most Effective Nudge: Evidence from a Large-Scale Experiment on Immunization,logic_comms,Forthcoming,Global health; “Health & well-being in low-income countries”,Anon. evaluator 3,true,80,50,100,NA,NA,NA,NA,NA,Global health (LMICs),Econometrica,2024-08-10,8/15/2024 1:03:44 PM,418,NA,NA,NA,NA,NA,NA
Selecting the Most Effective Nudge: Evidence from a Large-Scale Experiment on Immunization,open_sci,Forthcoming,Global health; “Health & well-being in low-income countries”,Anon. evaluator 3,true,70,25,80,NA,NA,NA,NA,NA,Global health (LMICs),Econometrica,2024-08-10,8/15/2024 1:03:44 PM,419,NA,NA,NA,NA,NA,NA
Selecting the Most Effective Nudge: Evidence from a Large-Scale Experiment on Immunization,real_world,Forthcoming,Global health; “Health & well-being in low-income countries”,Anon. evaluator 3,true,95,70,100,NA,NA,NA,NA,NA,Global health (LMICs),Econometrica,2024-08-10,8/15/2024 1:03:44 PM,420,NA,NA,NA,NA,NA,NA
Selecting the Most Effective Nudge: Evidence from a Large-Scale Experiment on Immunization,gp_relevance,Forthcoming,Global health; “Health & well-being in low-income countries”,Anon. evaluator 3,true,95,90,100,NA,NA,NA,NA,NA,Global health (LMICs),Econometrica,2024-08-10,8/15/2024 1:03:44 PM,421,NA,NA,NA,NA,NA,NA
Selecting the Most Effective Nudge: Evidence from a Large-Scale Experiment on Immunization,merits_journal,Forthcoming,Global health; “Health & well-being in low-income countries”,Anon. evaluator 3,true,4.5,4,5.0,NA,NA,NA,NA,NA,Global health (LMICs),Econometrica,2024-08-10,8/15/2024 1:03:44 PM,422,NA,NA,NA,NA,NA,NA
Selecting the Most Effective Nudge: Evidence from a Large-Scale Experiment on Immunization,journal_predict,Forthcoming,Global health; “Health & well-being in low-income countries”,Anon. evaluator 3,true,4.7,4,5.0,NA,NA,NA,NA,NA,Global health (LMICs),Econometrica,2024-08-10,8/15/2024 1:03:44 PM,423,NA,NA,NA,NA,NA,NA
Selecting the Most Effective Nudge: Evidence from a Large-Scale Experiment on Immunization,overall,Forthcoming,Global health; “Health & well-being in low-income countries”,Anon. evaluator 3,true,85,75,90,NA,NA,NA,NA,NA,Global health (LMICs),Econometrica,2024-08-10,8/15/2024 1:03:44 PM,424,NA,NA,NA,NA,NA,NA
Stagnation and Scientific Incentives,overall,Working paper/mimeo; not published in a peer-reviewed journal,Innovation,meta-science,and research,Daniel Lee,false,70,55,85,NA,false,NA,NA,NA,Innovation,"meta-science, & research,WP,2025-04-16,6/5/2025 11:34:00 AM",425,NA,NA,NA,NA,NA,NA
Stagnation and Scientific Incentives,adv_knowledge,Working paper/mimeo; not published in a peer-reviewed journal,Innovation,meta-science,and research,Daniel Lee,false,NA,67,NA,NA,false,NA,NA,NA,Innovation,"meta-science, & research,WP,2025-04-16,6/5/2025 11:34:00 AM",426,NA,NA,NA,NA,NA,NA
Stagnation and Scientific Incentives,methods,Working paper/mimeo; not published in a peer-reviewed journal,Innovation,meta-science,and research,Daniel Lee,false,NA,25,NA,NA,NA,NA,NA,NA,Innovation,"meta-science, & research,WP,2025-04-16,6/5/2025 11:34:00 AM",427,NA,NA,NA,NA,NA,NA
Stagnation and Scientific Incentives,logic_comms,Working paper/mimeo; not published in a peer-reviewed journal,Innovation,meta-science,and research,Daniel Lee,false,80,70,90,NA,NA,NA,NA,NA,Innovation,"meta-science, & research,WP,2025-04-16,6/5/2025 11:34:00 AM",428,NA,NA,NA,NA,NA,NA
Stagnation and Scientific Incentives,open_sci,Working paper/mimeo; not published in a peer-reviewed journal,Innovation,meta-science,and research,Daniel Lee,false,50,40,60,NA,NA,NA,My rating here is based on the data and its use,not the study’s experimental design in the field,which (like many experiments) likely has many nuances in implementation.,",Innovation, meta-science, & research,WP,2025-04-16,6/5/2025 11:34:00 AM",429,NA,NA,NA,NA,NA,NA
Stagnation and Scientific Incentives,real_world,Working paper/mimeo; not published in a peer-reviewed journal,Innovation,meta-science,and research,Daniel Lee,false,50,40,60,NA,NA,NA,NA,NA,Innovation,"meta-science, & research,WP,2025-04-16,6/5/2025 11:34:00 AM",430,NA,NA,NA,NA,NA,NA
Stagnation and Scientific Incentives,gp_relevance,Working paper/mimeo; not published in a peer-reviewed journal,Innovation,meta-science,and research,Daniel Lee,false,50,40,60,NA,NA,NA,NA,NA,Innovation,"meta-science, & research,WP,2025-04-16,6/5/2025 11:34:00 AM",431,NA,NA,NA,NA,NA,NA
Stagnation and Scientific Incentives,merits_journal,Working paper/mimeo; not published in a peer-reviewed journal,Innovation,meta-science,and research,Daniel Lee,false,3,2.3,3.7,NA,NA,NA,NA,NA,Innovation,"meta-science, & research,WP,2025-04-16,6/5/2025 11:34:00 AM",432,NA,NA,NA,NA,NA,NA
Stagnation and Scientific Incentives,journal_predict,Working paper/mimeo; not published in a peer-reviewed journal,Innovation,meta-science,and research,Daniel Lee,false,3.5,3,4.0,NA,NA,NA,NA,NA,Innovation,"meta-science, & research,WP,2025-04-16,6/5/2025 11:34:00 AM",433,NA,NA,NA,NA,NA,NA
The animal welfare cost of meat: evidence from a survey of hypothetical scenarios among Belgian consumers,overall,published,decent journal,Markets for products with large externalities (focus: animal agriculture),Evaluator 2,true,80,70,90,NA,NA,NA,NA,NA,Animal Welfare (markets,attitudes),"Journal of Environmental Economics & Policy,2025-02-04,2/17/2025 11:13:38 AM",434,NA,NA,NA,NA,NA,NA
The animal welfare cost of meat: evidence from a survey of hypothetical scenarios among Belgian consumers,claims,published,decent journal,Markets for products with large externalities (focus: animal agriculture),Evaluator 2,true,70,65,75,NA,NA,NA,NA,NA,Animal Welfare (markets,attitudes),"Journal of Environmental Economics & Policy,2025-02-04,2/17/2025 11:15:04 AM",435,NA,NA,NA,NA,NA,NA
The animal welfare cost of meat: evidence from a survey of hypothetical scenarios among Belgian consumers,adv_knowledge,published,decent journal,Markets for products with large externalities (focus: animal agriculture),Evaluator 2,true,90,85,95,NA,NA,NA,NA,NA,Animal Welfare (markets,attitudes),"Journal of Environmental Economics & Policy,2025-02-04,2/17/2025 11:15:12 AM",436,NA,NA,NA,NA,NA,NA
The animal welfare cost of meat: evidence from a survey of hypothetical scenarios among Belgian consumers,methods,published,decent journal,Markets for products with large externalities (focus: animal agriculture),Evaluator 2,true,65,60,70,NA,NA,NA,NA,NA,Animal Welfare (markets,attitudes),"Journal of Environmental Economics & Policy,2025-02-04,2/17/2025 11:15:12 AM",437,NA,NA,NA,NA,NA,NA
The animal welfare cost of meat: evidence from a survey of hypothetical scenarios among Belgian consumers,logic_comms,published,decent journal,Markets for products with large externalities (focus: animal agriculture),Evaluator 2,true,90,85,95,NA,NA,NA,NA,NA,Animal Welfare (markets,attitudes),"Journal of Environmental Economics & Policy,2025-02-04,2/17/2025 11:16:21 AM",438,NA,NA,NA,NA,NA,NA
The animal welfare cost of meat: evidence from a survey of hypothetical scenarios among Belgian consumers,open_sci,published,decent journal,Markets for products with large externalities (focus: animal agriculture),Evaluator 2,true,80,75,85,NA,NA,NA,NA,NA,Animal Welfare (markets,attitudes),"Journal of Environmental Economics & Policy,2025-02-04,2/17/2025 11:16:48 AM",439,NA,NA,NA,NA,NA,NA
The animal welfare cost of meat: evidence from a survey of hypothetical scenarios among Belgian consumers,real_world,published,decent journal,Markets for products with large externalities (focus: animal agriculture),Evaluator 2,true,80,70,90,NA,NA,NA,NA,NA,Animal Welfare (markets,attitudes),"Journal of Environmental Economics & Policy,2025-02-04,2/17/2025 11:17:14 AM",440,NA,NA,NA,NA,NA,NA
The animal welfare cost of meat: evidence from a survey of hypothetical scenarios among Belgian consumers,gp_relevance,published,decent journal,Markets for products with large externalities (focus: animal agriculture),Evaluator 2,true,80,70,90,NA,NA,NA,NA,NA,Animal Welfare (markets,attitudes),"Journal of Environmental Economics & Policy,2025-02-04,2/17/2025 11:17:14 AM",441,NA,NA,NA,NA,NA,NA
The animal welfare cost of meat: evidence from a survey of hypothetical scenarios among Belgian consumers,overall,published,decent journal,Markets for products with large externalities (focus: animal agriculture),Romain Espinosa,false,NA,NA,NA,NA,NA,NA,NA,NA,Animal Welfare (markets,attitudes),"Journal of Environmental Economics & Policy,2025-02-04,2/21/2025 1:40:45 PM",442,NA,NA,NA,NA,NA,NA
The animal welfare cost of meat: evidence from a survey of hypothetical scenarios among Belgian consumers,claims,published,decent journal,Markets for products with large externalities (focus: animal agriculture),Romain Espinosa,false,NA,NA,NA,NA,NA,NA,This paper significantly contributes to the discussion on animal welfare valuation by showing some limits of anthropocentric valuation including his own approach. The author recognizes that his method is not reliable to obtain accurate estimates of the welfare of animals. However,it makes a great contribution by underlining the numerous issues that make such approaches unreliable  (e.g.,the perception of the animal’s capacity to experience the world,the perception of the animal’s farming conditions,"hypothetical biases, outliers, and exclusion criteria). The work also contains numerous limitations, and most of them are recognized by the author himself. The main (and most standard) limitation is the hypothetical nature of the survey: participants do not face real incentives, which might lead to underestimating or overestimating the welfare burden of our diet imposed on animals. One of the most intrinsic limits concerns the difficulty for lay people (and humans in general) to project themselves into the lives of animals of other species. One can be indeed ignorant about the needs, the perception of the world, the cognition, etc. of other species, such that estimating their welfare is a daunting task. In addition, humans can also be ignorant about the rearing conditions in “conventional” farms, making the estimates even more uncertain. Ultimately, the layers of complexity (unusual survey, ignorance about other species, uncertainty about rearing conditions) add up and make the point estimates hard to rely on,,Animal Welfare (markets, attitudes),Journal of Environmental Economics & Policy,2025-02-04,2/21/2025 1:40:45 PM",443,NA,NA,NA,NA,NA,NA
The animal welfare cost of meat: evidence from a survey of hypothetical scenarios among Belgian consumers,adv_knowledge,published,decent journal,Markets for products with large externalities (focus: animal agriculture),Romain Espinosa,false,NA,NA,NA,NA,NA,NA,The paper brings valuable insight into the broader research question of how to get monetary valuations of animal welfare using the tools and approaches of economics.,NA,Animal Welfare (markets,attitudes),"Journal of Environmental Economics & Policy,2025-02-04,2/21/2025 1:40:45 PM",444,NA,NA,NA,NA,NA,NA
The animal welfare cost of meat: evidence from a survey of hypothetical scenarios among Belgian consumers,methods,published,decent journal,Markets for products with large externalities (focus: animal agriculture),Romain Espinosa,false,NA,NA,NA,NA,NA,NA,Within the limits that the author himself recognizes,the methods are valid,reasonable,and well-justified. From a theoretical perspective,"the measure of the human’s perception of the welfare of the animal is well defined: it corresponds to the change in private endowment that makes the human indifferent between living and not living the animal’s life on top of his own life. From an empirical perspective, the author estimates it by considering several challenges, including (i) that some participants might have positive or negative perceptions of the welfare of the animal (i.e., the author uses a first-stage question to elicit the preferred pill), (ii) WTA/WTP framing might alter the results, (iii) outliers could lead to extremely high average WTP/WTA, (iv) some participants might have very low confidence in this unusual exercise, and (v) there might be some intrinsic (dis)utility in living an animal’s life.,,Animal Welfare (markets, attitudes),Journal of Environmental Economics & Policy,2025-02-04,2/21/2025 1:40:45 PM",445,NA,NA,NA,NA,NA,NA
The animal welfare cost of meat: evidence from a survey of hypothetical scenarios among Belgian consumers,logic_comms,published,decent journal,Markets for products with large externalities (focus: animal agriculture),Romain Espinosa,false,NA,NA,NA,NA,NA,NA,The paper is well-written and easy to understand both for academics and less-specialized readers.,NA,Animal Welfare (markets,attitudes),"Journal of Environmental Economics & Policy,2025-02-04,2/21/2025 1:40:45 PM",446,NA,NA,NA,NA,NA,NA
The animal welfare cost of meat: evidence from a survey of hypothetical scenarios among Belgian consumers,open_sci,published,decent journal,Markets for products with large externalities (focus: animal agriculture),Romain Espinosa,false,NA,NA,NA,NA,NA,NA,I did not find an online repository for data and code.,NA,Animal Welfare (markets,attitudes),"Journal of Environmental Economics & Policy,2025-02-04,2/21/2025 1:40:45 PM",447,NA,NA,NA,NA,NA,NA
The animal welfare cost of meat: evidence from a survey of hypothetical scenarios among Belgian consumers,real_world,published,decent journal,Markets for products with large externalities (focus: animal agriculture),Romain Espinosa,false,NA,NA,NA,NA,NA,NA,Because the author recognizes that the method might not be reliable for empirical estimation,the usefulness might be limited for practitioners (other than to prevent them from replicating such approaches).,NA,Animal Welfare (markets,"attitudes),Journal of Environmental Economics & Policy,2025-02-04,2/21/2025 1:40:45 PM",448,NA,NA,NA,NA,NA,NA
The animal welfare cost of meat: evidence from a survey of hypothetical scenarios among Belgian consumers,gp_relevance,published,decent journal,Markets for products with large externalities (focus: animal agriculture),Romain Espinosa,false,NA,NA,NA,NA,NA,NA,The paper has a high relevance to global priorities given the prevalence of animal factory farming nowadays.,NA,Animal Welfare (markets,attitudes),"Journal of Environmental Economics & Policy,2025-02-04,2/21/2025 1:40:45 PM",449,NA,NA,NA,NA,NA,NA
The Benefits and Costs of Guest Worker Programs: Experimental Evidence From the India-UAE Migration Corridor,overall,Working paper/mimeo; not published in a peer-reviewed journal,Economic development & governance (LMICs),Anon. evaluator 1,true,75,70,85,NA,NA,NA,NA,NA,Economic development & governance (LMICs),WP,2024-05-15,6/25/2024 8:51:24 AM,450,NA,NA,NA,NA,NA,NA
The Benefits and Costs of Guest Worker Programs: Experimental Evidence From the India-UAE Migration Corridor,overall,Working paper/mimeo; not published in a peer-reviewed journal,Economic development & governance (LMICs),Anon. evaluator 2 1,true,75,60,90,NA,NA,NA,NA,NA,Economic development & governance (LMICs),WP,2024-05-15,7/2/2024 10:44:03 AM,451,NA,NA,NA,NA,NA,NA
The Benefits and Costs of Guest Worker Programs: Experimental Evidence From the India-UAE Migration Corridor,merits_journal,Working paper/mimeo; not published in a peer-reviewed journal,Economic development & governance (LMICs),Anon. evaluator 1,true,4.5,4,5,NA,NA,NA,NA,NA,Economic development & governance (LMICs),WP,2024-05-15,7/2/2024 10:44:00 AM,452,NA,NA,NA,NA,NA,NA
The Benefits and Costs of Guest Worker Programs: Experimental Evidence From the India-UAE Migration Corridor,adv_knowledge,Working paper/mimeo; not published in a peer-reviewed journal,Economic development & governance (LMICs),Anon. evaluator 1,true,80,75,85,NA,NA,NA,NA,NA,Economic development & governance (LMICs),WP,2024-05-15,7/9/2024 10:23:13 AM,453,NA,NA,NA,NA,NA,NA
The Benefits and Costs of Guest Worker Programs: Experimental Evidence From the India-UAE Migration Corridor,methods,Working paper/mimeo; not published in a peer-reviewed journal,Economic development & governance (LMICs),Anon. evaluator 1,true,75,70,80,NA,NA,NA,NA,NA,Economic development & governance (LMICs),WP,2024-05-15,7/9/2024 10:23:22 AM,454,NA,NA,NA,NA,NA,NA
The Benefits and Costs of Guest Worker Programs: Experimental Evidence From the India-UAE Migration Corridor,logic_comms,Working paper/mimeo; not published in a peer-reviewed journal,Economic development & governance (LMICs),Anon. evaluator 1,true,70,65,75,NA,NA,NA,NA,NA,Economic development & governance (LMICs),WP,2024-05-15,7/9/2024 10:23:32 AM,455,NA,NA,NA,NA,NA,NA
The Benefits and Costs of Guest Worker Programs: Experimental Evidence From the India-UAE Migration Corridor,open_sci,Working paper/mimeo; not published in a peer-reviewed journal,Economic development & governance (LMICs),Anon. evaluator 1,true,70,65,75,NA,NA,NA,NA,NA,Economic development & governance (LMICs),WP,2024-05-15,7/9/2024 10:24:00 AM,456,NA,NA,NA,NA,NA,NA
The Benefits and Costs of Guest Worker Programs: Experimental Evidence From the India-UAE Migration Corridor,real_world,Working paper/mimeo; not published in a peer-reviewed journal,Economic development & governance (LMICs),Anon. evaluator 1,true,80,75,85,NA,NA,NA,NA,NA,Economic development & governance (LMICs),WP,2024-05-15,7/9/2024 10:24:06 AM,457,NA,NA,NA,NA,NA,NA
The Benefits and Costs of Guest Worker Programs: Experimental Evidence From the India-UAE Migration Corridor,gp_relevance,Working paper/mimeo; not published in a peer-reviewed journal,Economic development & governance (LMICs),Anon. evaluator 1,true,70,60,80,NA,NA,NA,NA,NA,Economic development & governance (LMICs),WP,2024-05-15,7/9/2024 10:24:42 AM,458,NA,NA,NA,NA,NA,NA
The Benefits and Costs of Guest Worker Programs: Experimental Evidence From the India-UAE Migration Corridor,journal_predict,Working paper/mimeo; not published in a peer-reviewed journal,Economic development & governance (LMICs),Anon. evaluator 1,true,4.5,4,5.0,NA,NA,NA,NA,NA,Economic development & governance (LMICs),WP,2024-05-15,7/9/2024 10:25:03 AM,459,NA,NA,NA,NA,NA,NA
The Benefits and Costs of Guest Worker Programs: Experimental Evidence From the India-UAE Migration Corridor,merits_journal,Working paper/mimeo; not published in a peer-reviewed journal,Economic development & governance (LMICs),Anon. evaluator 2 1,true,3.5,3,4,NA,NA,NA,NA,NA,Economic development & governance (LMICs),WP,2024-05-15,7/2/2024 10:44:27 AM,460,NA,NA,NA,NA,NA,NA
The Benefits and Costs of Guest Worker Programs: Experimental Evidence From the India-UAE Migration Corridor,adv_knowledge,Working paper/mimeo; not published in a peer-reviewed journal,Economic development & governance (LMICs),Anon. evaluator 2 1,true,85,75,95,NA,NA,NA,NA,NA,Economic development & governance (LMICs),WP,2024-05-15,7/9/2024 10:25:54 AM,461,NA,NA,NA,NA,NA,NA
The Benefits and Costs of Guest Worker Programs: Experimental Evidence From the India-UAE Migration Corridor,methods,Working paper/mimeo; not published in a peer-reviewed journal,Economic development & governance (LMICs),Anon. evaluator 2 1,true,40,30,60,NA,NA,NA,NA,NA,Economic development & governance (LMICs),WP,2024-05-15,7/9/2024 10:25:54 AM,462,NA,NA,NA,NA,NA,NA
The Benefits and Costs of Guest Worker Programs: Experimental Evidence From the India-UAE Migration Corridor,logic_comms,Working paper/mimeo; not published in a peer-reviewed journal,Economic development & governance (LMICs),Anon. evaluator 2 1,true,85,60,90,NA,NA,NA,NA,NA,Economic development & governance (LMICs),WP,2024-05-15,7/9/2024 10:25:54 AM,463,NA,NA,NA,NA,NA,NA
The Benefits and Costs of Guest Worker Programs: Experimental Evidence From the India-UAE Migration Corridor,open_sci,Working paper/mimeo; not published in a peer-reviewed journal,Economic development & governance (LMICs),Anon. evaluator 2 1,true,90,85,95,NA,NA,NA,NA,NA,Economic development & governance (LMICs),WP,2024-05-15,7/9/2024 10:25:54 AM,464,NA,NA,NA,NA,NA,NA
The Benefits and Costs of Guest Worker Programs: Experimental Evidence From the India-UAE Migration Corridor,real_world,Working paper/mimeo; not published in a peer-reviewed journal,Economic development & governance (LMICs),Anon. evaluator 2 1,true,90,85,95,NA,NA,NA,NA,NA,Economic development & governance (LMICs),WP,2024-05-15,7/9/2024 10:25:54 AM,465,NA,NA,NA,NA,NA,NA
The Benefits and Costs of Guest Worker Programs: Experimental Evidence From the India-UAE Migration Corridor,gp_relevance,Working paper/mimeo; not published in a peer-reviewed journal,Economic development & governance (LMICs),Anon. evaluator 2 1,true,90,85,95,NA,NA,NA,NA,NA,Economic development & governance (LMICs),WP,2024-05-15,7/9/2024 10:25:54 AM,466,NA,NA,NA,NA,NA,NA
The Benefits and Costs of Guest Worker Programs: Experimental Evidence From the India-UAE Migration Corridor,journal_predict,Working paper/mimeo; not published in a peer-reviewed journal,Economic development & governance (LMICs),Anon. evaluator 2 1,true,4.3,4,4.5,NA,NA,NA,NA,NA,Economic development & governance (LMICs),WP,2024-05-15,7/9/2024 10:25:54 AM,467,NA,NA,NA,NA,NA,NA
The Comparative Impact of Cash Transfers and a Psychotherapy Program on Psychological and Economic Well-being,adv_knowledge,Working paper/mimeo; not published in a peer-reviewed journal,Global health; “Health & well-being in low-income countries”,Hannah Metzler,false,90,NA,NA,NA,false,NA,NA,NA,Global health (LMICs),WP,2023-04-17,6/7/2024 4:40:59 PM,468,NA,NA,NA,NA,NA,NA
The Comparative Impact of Cash Transfers and a Psychotherapy Program on Psychological and Economic Well-being,methods,Working paper/mimeo; not published in a peer-reviewed journal,Global health; “Health & well-being in low-income countries”,Hannah Metzler,false,90,NA,NA,NA,false,NA,NA,NA,Global health (LMICs),WP,2023-04-17,6/7/2024 4:40:59 PM,469,NA,NA,NA,NA,NA,NA
The Comparative Impact of Cash Transfers and a Psychotherapy Program on Psychological and Economic Well-being,logic_comms,Working paper/mimeo; not published in a peer-reviewed journal,Global health; “Health & well-being in low-income countries”,Hannah Metzler,false,80,NA,NA,NA,false,NA,NA,NA,Global health (LMICs),WP,2023-04-17,6/7/2024 4:40:59 PM,470,NA,NA,NA,NA,NA,NA
The Comparative Impact of Cash Transfers and a Psychotherapy Program on Psychological and Economic Well-being,real_world,Working paper/mimeo; not published in a peer-reviewed journal,Global health; “Health & well-being in low-income countries”,Hannah Metzler,false,100,NA,NA,NA,false,NA,NA,NA,Global health (LMICs),WP,2023-04-17,6/7/2024 4:40:59 PM,471,NA,NA,NA,NA,NA,NA
The Comparative Impact of Cash Transfers and a Psychotherapy Program on Psychological and Economic Well-being,gp_relevance,Working paper/mimeo; not published in a peer-reviewed journal,Global health; “Health & well-being in low-income countries”,Hannah Metzler,false,100,NA,NA,NA,false,NA,NA,NA,Global health (LMICs),WP,2023-04-17,6/7/2024 4:40:59 PM,472,NA,NA,NA,NA,NA,NA
The Comparative Impact of Cash Transfers and a Psychotherapy Program on Psychological and Economic Well-being,journal_predict,Working paper/mimeo; not published in a peer-reviewed journal,Global health; “Health & well-being in low-income countries”,Hannah Metzler,false,4,NA,NA,NA,false,NA,NA,NA,Global health (LMICs),WP,2023-04-17,6/7/2024 4:40:59 PM,473,NA,NA,NA,NA,NA,NA
The Comparative Impact of Cash Transfers and a Psychotherapy Program on Psychological and Economic Well-being,open_sci,Working paper/mimeo; not published in a peer-reviewed journal,Global health; “Health & well-being in low-income countries”,Hannah Metzler,false,70,NA,NA,NA,false,NA,NA,NA,Global health (LMICs),WP,2023-04-17,6/7/2024 4:40:59 PM,474,NA,NA,NA,NA,NA,NA
The Comparative Impact of Cash Transfers and a Psychotherapy Program on Psychological and Economic Well-being,merits_journal,Working paper/mimeo; not published in a peer-reviewed journal,Global health; “Health & well-being in low-income countries”,Hannah Metzler,false,5,NA,NA,NA,false,NA,NA,NA,Global health (LMICs),WP,2023-04-17,6/7/2024 4:40:59 PM,475,NA,NA,NA,NA,NA,NA
The Comparative Impact of Cash Transfers and a Psychotherapy Program on Psychological and Economic Well-being,overall,Working paper/mimeo; not published in a peer-reviewed journal,Global health; “Health & well-being in low-income countries”,Hannah Metzler,false,90,NA,NA,NA,false,NA,NA,NA,Global health (LMICs),WP,2023-04-17,6/7/2024 4:40:59 PM,476,NA,NA,NA,NA,NA,NA
The Comparative Impact of Cash Transfers and a Psychotherapy Program on Psychological and Economic Well-being,adv_knowledge,Working paper/mimeo; not published in a peer-reviewed journal,Global health; “Health & well-being in low-income countries”,Anonymous_21,true,70,60,90,NA,false,NA,NA,NA,Global health (LMICs),WP,2023-04-17,6/7/2024 4:40:59 PM,477,NA,NA,NA,NA,NA,NA
The Comparative Impact of Cash Transfers and a Psychotherapy Program on Psychological and Economic Well-being,methods,Working paper/mimeo; not published in a peer-reviewed journal,Global health; “Health & well-being in low-income countries”,Anonymous_21,true,90,85,95,NA,false,NA,NA,NA,Global health (LMICs),WP,2023-04-17,6/7/2024 4:40:59 PM,478,NA,NA,NA,NA,NA,NA
The Comparative Impact of Cash Transfers and a Psychotherapy Program on Psychological and Economic Well-being,logic_comms,Working paper/mimeo; not published in a peer-reviewed journal,Global health; “Health & well-being in low-income countries”,Anonymous_21,true,75,70,90,NA,false,NA,NA,NA,Global health (LMICs),WP,2023-04-17,6/7/2024 4:40:59 PM,479,NA,NA,NA,NA,NA,NA
The Comparative Impact of Cash Transfers and a Psychotherapy Program on Psychological and Economic Well-being,real_world,Working paper/mimeo; not published in a peer-reviewed journal,Global health; “Health & well-being in low-income countries”,Anonymous_21,true,75,60,90,NA,false,NA,NA,NA,Global health (LMICs),WP,2023-04-17,6/7/2024 4:40:59 PM,480,NA,NA,NA,NA,NA,NA
The Comparative Impact of Cash Transfers and a Psychotherapy Program on Psychological and Economic Well-being,gp_relevance,Working paper/mimeo; not published in a peer-reviewed journal,Global health; “Health & well-being in low-income countries”,Anonymous_21,true,90,80,100,NA,false,NA,NA,NA,Global health (LMICs),WP,2023-04-17,6/7/2024 4:40:59 PM,481,NA,NA,NA,NA,NA,NA
The Comparative Impact of Cash Transfers and a Psychotherapy Program on Psychological and Economic Well-being,journal_predict,Working paper/mimeo; not published in a peer-reviewed journal,Global health; “Health & well-being in low-income countries”,Anonymous_21,true,3,2,4,NA,false,NA,NA,NA,Global health (LMICs),WP,2023-04-17,6/7/2024 4:40:59 PM,482,NA,NA,NA,NA,NA,NA
The Comparative Impact of Cash Transfers and a Psychotherapy Program on Psychological and Economic Well-being,open_sci,Working paper/mimeo; not published in a peer-reviewed journal,Global health; “Health & well-being in low-income countries”,Anonymous_21,true,50,40,80,NA,false,NA,NA,NA,Global health (LMICs),WP,2023-04-17,6/7/2024 4:40:59 PM,483,NA,NA,NA,NA,NA,NA
The Comparative Impact of Cash Transfers and a Psychotherapy Program on Psychological and Economic Well-being,merits_journal,Working paper/mimeo; not published in a peer-reviewed journal,Global health; “Health & well-being in low-income countries”,Anonymous_21,true,4,3,4,NA,false,NA,NA,NA,Global health (LMICs),WP,2023-04-17,6/7/2024 4:40:59 PM,484,NA,NA,NA,NA,NA,NA
The Comparative Impact of Cash Transfers and a Psychotherapy Program on Psychological and Economic Well-being,overall,Working paper/mimeo; not published in a peer-reviewed journal,Global health; “Health & well-being in low-income countries”,Anonymous_21,true,75,65,85,NA,false,NA,NA,NA,Global health (LMICs),WP,2023-04-17,6/7/2024 4:40:59 PM,485,NA,NA,NA,NA,NA,NA
The Environmental Effects of Economic Production: Evidence from Ecological Observations,adv_knowledge,Working paper/mimeo; not published in a peer-reviewed journal,Economic development & governance (LMICs),Elias Cisneros,false,90,NA,NA,NA,false,NA,NA,NA,Economic development & governance (LMICs),WP,2023-07-17,6/7/2024 4:40:59 PM,486,NA,NA,NA,NA,NA,NA
The Environmental Effects of Economic Production: Evidence from Ecological Observations,methods,Working paper/mimeo; not published in a peer-reviewed journal,Economic development & governance (LMICs),Elias Cisneros,false,75,NA,NA,NA,false,NA,NA,NA,Economic development & governance (LMICs),WP,2023-07-17,6/7/2024 4:40:59 PM,487,NA,NA,NA,NA,NA,NA
The Environmental Effects of Economic Production: Evidence from Ecological Observations,logic_comms,Working paper/mimeo; not published in a peer-reviewed journal,Economic development & governance (LMICs),Elias Cisneros,false,80,NA,NA,NA,false,NA,NA,NA,Economic development & governance (LMICs),WP,2023-07-17,6/7/2024 4:40:59 PM,488,NA,NA,NA,NA,NA,NA
The Environmental Effects of Economic Production: Evidence from Ecological Observations,real_world,Working paper/mimeo; not published in a peer-reviewed journal,Economic development & governance (LMICs),Elias Cisneros,false,95,NA,NA,NA,false,NA,NA,NA,Economic development & governance (LMICs),WP,2023-07-17,6/7/2024 4:40:59 PM,489,NA,NA,NA,NA,NA,NA
The Environmental Effects of Economic Production: Evidence from Ecological Observations,gp_relevance,Working paper/mimeo; not published in a peer-reviewed journal,Economic development & governance (LMICs),Elias Cisneros,false,95,NA,NA,NA,false,NA,NA,NA,Economic development & governance (LMICs),WP,2023-07-17,6/7/2024 4:40:59 PM,490,NA,NA,NA,NA,NA,NA
The Environmental Effects of Economic Production: Evidence from Ecological Observations,journal_predict,Working paper/mimeo; not published in a peer-reviewed journal,Economic development & governance (LMICs),Elias Cisneros,false,4,NA,NA,NA,false,NA,NA,NA,Economic development & governance (LMICs),WP,2023-07-17,6/7/2024 4:40:59 PM,491,NA,NA,NA,NA,NA,NA
The Environmental Effects of Economic Production: Evidence from Ecological Observations,open_sci,Working paper/mimeo; not published in a peer-reviewed journal,Economic development & governance (LMICs),Elias Cisneros,false,90,NA,NA,NA,false,NA,NA,NA,Economic development & governance (LMICs),WP,2023-07-17,6/7/2024 4:40:59 PM,492,NA,NA,NA,NA,NA,NA
The Environmental Effects of Economic Production: Evidence from Ecological Observations,merits_journal,Working paper/mimeo; not published in a peer-reviewed journal,Economic development & governance (LMICs),Elias Cisneros,false,4,NA,NA,NA,false,NA,NA,NA,Economic development & governance (LMICs),WP,2023-07-17,6/7/2024 4:40:59 PM,493,NA,NA,NA,NA,NA,NA
The Environmental Effects of Economic Production: Evidence from Ecological Observations,overall,Working paper/mimeo; not published in a peer-reviewed journal,Economic development & governance (LMICs),Elias Cisneros,false,88,NA,NA,NA,false,NA,NA,NA,Economic development & governance (LMICs),WP,2023-07-17,6/7/2024 4:40:59 PM,494,NA,NA,NA,NA,NA,NA
The Environmental Effects of Economic Production: Evidence from Ecological Observations,adv_knowledge,Working paper/mimeo; not published in a peer-reviewed journal,Economic development & governance (LMICs),Anonymous_19,true,70,NA,NA,NA,false,NA,NA,NA,Economic development & governance (LMICs),WP,2023-07-17,6/7/2024 4:40:59 PM,495,NA,NA,NA,NA,NA,NA
The Environmental Effects of Economic Production: Evidence from Ecological Observations,methods,Working paper/mimeo; not published in a peer-reviewed journal,Economic development & governance (LMICs),Anonymous_19,true,70,NA,NA,NA,false,NA,NA,NA,Economic development & governance (LMICs),WP,2023-07-17,6/7/2024 4:40:59 PM,496,NA,NA,NA,NA,NA,NA
The Environmental Effects of Economic Production: Evidence from Ecological Observations,logic_comms,Working paper/mimeo; not published in a peer-reviewed journal,Economic development & governance (LMICs),Anonymous_19,true,75,NA,NA,NA,false,NA,NA,NA,Economic development & governance (LMICs),WP,2023-07-17,6/7/2024 4:40:59 PM,497,NA,NA,NA,NA,NA,NA
The Environmental Effects of Economic Production: Evidence from Ecological Observations,real_world,Working paper/mimeo; not published in a peer-reviewed journal,Economic development & governance (LMICs),Anonymous_19,true,60,NA,NA,NA,false,NA,NA,NA,Economic development & governance (LMICs),WP,2023-07-17,6/7/2024 4:40:59 PM,498,NA,NA,NA,NA,NA,NA
The Environmental Effects of Economic Production: Evidence from Ecological Observations,gp_relevance,Working paper/mimeo; not published in a peer-reviewed journal,Economic development & governance (LMICs),Anonymous_19,true,80,NA,NA,NA,false,NA,NA,NA,Economic development & governance (LMICs),WP,2023-07-17,6/7/2024 4:40:59 PM,499,NA,NA,NA,NA,NA,NA
The Environmental Effects of Economic Production: Evidence from Ecological Observations,journal_predict,Working paper/mimeo; not published in a peer-reviewed journal,Economic development & governance (LMICs),Anonymous_19,true,4,NA,NA,NA,false,NA,NA,NA,Economic development & governance (LMICs),WP,2023-07-17,6/7/2024 4:40:59 PM,500,NA,NA,NA,NA,NA,NA
The Environmental Effects of Economic Production: Evidence from Ecological Observations,open_sci,Working paper/mimeo; not published in a peer-reviewed journal,Economic development & governance (LMICs),Anonymous_19,true,65,NA,NA,NA,false,NA,NA,NA,Economic development & governance (LMICs),WP,2023-07-17,6/7/2024 4:40:59 PM,501,NA,NA,NA,NA,NA,NA
The Environmental Effects of Economic Production: Evidence from Ecological Observations,merits_journal,Working paper/mimeo; not published in a peer-reviewed journal,Economic development & governance (LMICs),Anonymous_19,true,4,NA,NA,NA,false,NA,NA,NA,Economic development & governance (LMICs),WP,2023-07-17,6/7/2024 4:40:59 PM,502,NA,NA,NA,NA,NA,NA
The Environmental Effects of Economic Production: Evidence from Ecological Observations,overall,Working paper/mimeo; not published in a peer-reviewed journal,Economic development & governance (LMICs),Anonymous_19,true,70,NA,NA,NA,false,NA,NA,NA,Economic development & governance (LMICs),WP,2023-07-17,6/7/2024 4:40:59 PM,503,NA,NA,NA,NA,NA,NA
The global potential for natural regeneration in deforested tropical regions,overall,Working paper/mimeo; not published in a peer-reviewed journal,The Environment: Harm to human health,biodiversity,risks and climate change,Evaluator 1,true,50,40,60,NA,false,NA,NA,NA,NA,"Nature,2025-06-03,6/5/2025 11:44:01 AM",504,NA,NA,NA,NA,NA,NA
The global potential for natural regeneration in deforested tropical regions,claims,Working paper/mimeo; not published in a peer-reviewed journal,The Environment: Harm to human health,biodiversity,risks and climate change,Evaluator 1,true,20,15,25,NA,false,NA,NA,NA,NA,"Nature,2025-06-03,6/5/2025 11:44:01 AM",505,NA,NA,NA,NA,NA,NA
The global potential for natural regeneration in deforested tropical regions,adv_knowledge,Working paper/mimeo; not published in a peer-reviewed journal,The Environment: Harm to human health,biodiversity,risks and climate change,Evaluator 1,true,60,50,70,NA,false,NA,NA,NA,NA,"Nature,2025-06-03,6/5/2025 11:44:01 AM",506,NA,NA,NA,NA,NA,NA
The global potential for natural regeneration in deforested tropical regions,methods,Working paper/mimeo; not published in a peer-reviewed journal,The Environment: Harm to human health,biodiversity,risks and climate change,Evaluator 1,true,20,15,25,NA,NA,NA,NA,NA,NA,"Nature,2025-06-03,6/5/2025 11:44:01 AM",507,NA,NA,NA,NA,NA,NA
The global potential for natural regeneration in deforested tropical regions,logic_comms,Working paper/mimeo; not published in a peer-reviewed journal,The Environment: Harm to human health,biodiversity,risks and climate change,Evaluator 1,true,50,41,60,NA,NA,NA,NA,NA,NA,"Nature,2025-06-03,6/5/2025 11:44:01 AM",508,NA,NA,NA,NA,NA,NA
The global potential for natural regeneration in deforested tropical regions,open_sci,Working paper/mimeo; not published in a peer-reviewed journal,The Environment: Harm to human health,biodiversity,risks and climate change,Evaluator 1,true,95,90,100,NA,NA,NA,My rating here is based on the data and its use,not the study’s experimental design in the field,which (like many experiments) likely has many nuances in implementation.,",,Nature,2025-06-03,6/5/2025 11:44:01 AM",509,NA,NA,NA,NA,NA,NA
The global potential for natural regeneration in deforested tropical regions,real_world,Working paper/mimeo; not published in a peer-reviewed journal,The Environment: Harm to human health,biodiversity,risks and climate change,Evaluator 1,true,90,80,100,NA,NA,NA,NA,NA,NA,"Nature,2025-06-03,6/5/2025 11:44:01 AM",510,NA,NA,NA,NA,NA,NA
The global potential for natural regeneration in deforested tropical regions,gp_relevance,Working paper/mimeo; not published in a peer-reviewed journal,The Environment: Harm to human health,biodiversity,risks and climate change,Evaluator 1,true,90,80,100,NA,NA,NA,NA,NA,NA,"Nature,2025-06-03,6/5/2025 11:44:01 AM",511,NA,NA,NA,NA,NA,NA
The global potential for natural regeneration in deforested tropical regions,merits_journal,Working paper/mimeo; not published in a peer-reviewed journal,The Environment: Harm to human health,biodiversity,risks and climate change,Evaluator 1,true,3.5,3,4.0,NA,NA,NA,NA,NA,NA,"Nature,2025-06-03,6/5/2025 11:44:01 AM",512,NA,NA,NA,NA,NA,NA
The global potential for natural regeneration in deforested tropical regions,journal_predict,Working paper/mimeo; not published in a peer-reviewed journal,The Environment: Harm to human health,biodiversity,risks and climate change,Evaluator 1,true,5,5,5.0,NA,NA,NA,NA,NA,NA,"Nature,2025-06-03,6/5/2025 11:44:01 AM",513,NA,NA,NA,NA,NA,NA
The global potential for natural regeneration in deforested tropical regions,overall,Working paper/mimeo; not published in a peer-reviewed journal,The Environment: Harm to human health,biodiversity,risks and climate change,Evaluator 2,true,50,30,80,NA,false,NA,NA,NA,NA,"Nature,2025-06-03,6/5/2025 11:47:45 AM",514,NA,NA,NA,NA,NA,NA
The global potential for natural regeneration in deforested tropical regions,claims,Working paper/mimeo; not published in a peer-reviewed journal,The Environment: Harm to human health,biodiversity,risks and climate change,Evaluator 2,true,40,20,60,NA,false,NA,NA,NA,NA,"Nature,2025-06-03,6/5/2025 11:47:45 AM",515,NA,NA,NA,NA,NA,NA
The global potential for natural regeneration in deforested tropical regions,adv_knowledge,Working paper/mimeo; not published in a peer-reviewed journal,The Environment: Harm to human health,biodiversity,risks and climate change,Evaluator 2,true,50,40,90,NA,false,NA,NA,NA,NA,"Nature,2025-06-03,6/5/2025 11:47:45 AM",516,NA,NA,NA,NA,NA,NA
The global potential for natural regeneration in deforested tropical regions,methods,Working paper/mimeo; not published in a peer-reviewed journal,The Environment: Harm to human health,biodiversity,risks and climate change,Evaluator 2,true,30,10,50,NA,NA,NA,NA,NA,NA,"Nature,2025-06-03,6/5/2025 11:47:45 AM",517,NA,NA,NA,NA,NA,NA
The global potential for natural regeneration in deforested tropical regions,logic_comms,Working paper/mimeo; not published in a peer-reviewed journal,The Environment: Harm to human health,biodiversity,risks and climate change,Evaluator 2,true,65,50,80,NA,NA,NA,NA,NA,NA,"Nature,2025-06-03,6/5/2025 11:47:45 AM",518,NA,NA,NA,NA,NA,NA
The global potential for natural regeneration in deforested tropical regions,open_sci,Working paper/mimeo; not published in a peer-reviewed journal,The Environment: Harm to human health,biodiversity,risks and climate change,Evaluator 2,true,30,15,45,NA,NA,NA,My rating here is based on the data and its use,not the study’s experimental design in the field,which (like many experiments) likely has many nuances in implementation.,",,Nature,2025-06-03,6/5/2025 11:47:45 AM",519,NA,NA,NA,NA,NA,NA
The global potential for natural regeneration in deforested tropical regions,real_world,Working paper/mimeo; not published in a peer-reviewed journal,The Environment: Harm to human health,biodiversity,risks and climate change,Evaluator 2,true,60,50,70,NA,NA,NA,NA,NA,NA,"Nature,2025-06-03,6/5/2025 11:47:45 AM",520,NA,NA,NA,NA,NA,NA
The global potential for natural regeneration in deforested tropical regions,gp_relevance,Working paper/mimeo; not published in a peer-reviewed journal,The Environment: Harm to human health,biodiversity,risks and climate change,Evaluator 2,true,60,50,70,NA,NA,NA,NA,NA,NA,"Nature,2025-06-03,6/5/2025 11:47:45 AM",521,NA,NA,NA,NA,NA,NA
The global potential for natural regeneration in deforested tropical regions,merits_journal,Working paper/mimeo; not published in a peer-reviewed journal,The Environment: Harm to human health,biodiversity,risks and climate change,Evaluator 2,true,4.5,3.5,5.0,NA,NA,NA,NA,NA,NA,"Nature,2025-06-03,6/5/2025 11:47:45 AM",522,NA,NA,NA,NA,NA,NA
The global potential for natural regeneration in deforested tropical regions,journal_predict,Working paper/mimeo; not published in a peer-reviewed journal,The Environment: Harm to human health,biodiversity,risks and climate change,Evaluator 2,true,5,5,5.0,NA,NA,NA,NA,NA,NA,"Nature,2025-06-03,6/5/2025 11:47:45 AM",523,NA,NA,NA,NA,NA,NA
The Governance Of Non-Profits And Their Social Impact: Evidence From A Randomized Program In Healthcare In DRC,adv_knowledge,published,decent journal,Global health; “Health & well-being in low-income countries”,Anonymous_2,true,70,55,75,NA,false,NA,NA,NA,Global health (LMICs),Management Science,"2023-05-29,6/7/2024 4:40:59 PM",524,NA,NA,NA,NA,NA,NA
The Governance Of Non-Profits And Their Social Impact: Evidence From A Randomized Program In Healthcare In DRC,methods,published,decent journal,Global health; “Health & well-being in low-income countries”,Anonymous_2,true,60,55,70,NA,false,NA,NA,NA,Global health (LMICs),Management Science,"2023-05-29,6/7/2024 4:40:59 PM",525,NA,NA,NA,NA,NA,NA
The Governance Of Non-Profits And Their Social Impact: Evidence From A Randomized Program In Healthcare In DRC,logic_comms,published,decent journal,Global health; “Health & well-being in low-income countries”,Anonymous_2,true,55,50,65,NA,false,NA,NA,NA,Global health (LMICs),Management Science,"2023-05-29,6/7/2024 4:40:59 PM",526,NA,NA,NA,NA,NA,NA
The Governance Of Non-Profits And Their Social Impact: Evidence From A Randomized Program In Healthcare In DRC,real_world,published,decent journal,Global health; “Health & well-being in low-income countries”,Anonymous_2,true,55,45,75,NA,false,NA,NA,NA,Global health (LMICs),Management Science,"2023-05-29,6/7/2024 4:40:59 PM",527,NA,NA,NA,NA,NA,NA
The Governance Of Non-Profits And Their Social Impact: Evidence From A Randomized Program In Healthcare In DRC,gp_relevance,published,decent journal,Global health; “Health & well-being in low-income countries”,Anonymous_2,true,80,70,90,NA,false,NA,NA,NA,Global health (LMICs),Management Science,"2023-05-29,6/7/2024 4:40:59 PM",528,NA,NA,NA,NA,NA,NA
The Governance Of Non-Profits And Their Social Impact: Evidence From A Randomized Program In Healthcare In DRC,journal_predict,published,decent journal,Global health; “Health & well-being in low-income countries”,Anonymous_2,true,3.6,2.8,4,NA,false,NA,NA,NA,Global health (LMICs),Management Science,"2023-05-29,6/7/2024 4:40:59 PM",529,NA,NA,NA,NA,NA,NA
The Governance Of Non-Profits And Their Social Impact: Evidence From A Randomized Program In Healthcare In DRC,open_sci,published,decent journal,Global health; “Health & well-being in low-income countries”,Anonymous_2,true,45,30,60,NA,false,NA,NA,NA,Global health (LMICs),Management Science,"2023-05-29,6/7/2024 4:40:59 PM",530,NA,NA,NA,NA,NA,NA
The Governance Of Non-Profits And Their Social Impact: Evidence From A Randomized Program In Healthcare In DRC,merits_journal,published,decent journal,Global health; “Health & well-being in low-income countries”,Anonymous_2,true,3.8,3,4.1,NA,false,NA,NA,NA,Global health (LMICs),Management Science,"2023-05-29,6/7/2024 4:40:59 PM",531,NA,NA,NA,NA,NA,NA
The Governance Of Non-Profits And Their Social Impact: Evidence From A Randomized Program In Healthcare In DRC,overall,published,decent journal,Global health; “Health & well-being in low-income countries”,Anonymous_2,true,65,55,74,NA,false,NA,NA,NA,Global health (LMICs),Management Science,"2023-05-29,6/7/2024 4:40:59 PM",532,NA,NA,NA,NA,NA,NA
The Long-Run Effects of Psychotherapy on Depression,Beliefs,and Economic Outcomes,overall,Working paper/mimeo; not published in a peer-reviewed journal,Global health; “Health & well-being in low-income countries”,Anon. evaluator 1,true,77,70,84,NA,false,NA,NA,NA,Global health (LMICs),"WP,2024-06-10,7/2/2024 10:58:48 AM",533,NA,NA,NA,NA,NA,NA
The Long-Run Effects of Psychotherapy on Depression,Beliefs,and Economic Outcomes,merits_journal,Working paper/mimeo; not published in a peer-reviewed journal,Global health; “Health & well-being in low-income countries”,Anon. evaluator 1,true,4,3.5,4.5,NA,false,NA,NA,NA,Global health (LMICs),"WP,2024-06-10,7/2/2024 10:59:25 AM",534,NA,NA,NA,NA,NA,NA
The Long-Run Effects of Psychotherapy on Depression,Beliefs,and Economic Outcomes,adv_knowledge,Working paper/mimeo; not published in a peer-reviewed journal,Global health; “Health & well-being in low-income countries”,Anon. evaluator 1,true,83,76,90,NA,NA,NA,NA,NA,Global health (LMICs),"WP,2024-06-10,7/9/2024 10:12:02 AM",535,NA,NA,NA,NA,NA,NA
The Long-Run Effects of Psychotherapy on Depression,Beliefs,and Economic Outcomes,methods,Working paper/mimeo; not published in a peer-reviewed journal,Global health; “Health & well-being in low-income countries”,Anon. evaluator 1,true,75,68,82,NA,NA,NA,NA,NA,Global health (LMICs),"WP,2024-06-10,7/9/2024 10:12:35 AM",536,NA,NA,NA,NA,NA,NA
The Long-Run Effects of Psychotherapy on Depression,Beliefs,and Economic Outcomes,logic_comms,Working paper/mimeo; not published in a peer-reviewed journal,Global health; “Health & well-being in low-income countries”,Anon. evaluator 1,true,77,74,80,NA,NA,NA,NA,NA,Global health (LMICs),"WP,2024-06-10,7/9/2024 10:13:01 AM",537,NA,NA,NA,NA,NA,NA
The Long-Run Effects of Psychotherapy on Depression,Beliefs,and Economic Outcomes,open_sci,Working paper/mimeo; not published in a peer-reviewed journal,Global health; “Health & well-being in low-income countries”,Anon. evaluator 1,true,35,20,50,NA,NA,NA,NA,NA,Global health (LMICs),"WP,2024-06-10,7/9/2024 10:13:31 AM",538,NA,NA,NA,NA,NA,NA
The Long-Run Effects of Psychotherapy on Depression,Beliefs,and Economic Outcomes,real_world,Working paper/mimeo; not published in a peer-reviewed journal,Global health; “Health & well-being in low-income countries”,Anon. evaluator 1,true,83,76,90,NA,NA,NA,NA,NA,Global health (LMICs),"WP,2024-06-10,7/9/2024 10:13:47 AM",539,NA,NA,NA,NA,NA,NA
The Long-Run Effects of Psychotherapy on Depression,Beliefs,and Economic Outcomes,gp_relevance,Working paper/mimeo; not published in a peer-reviewed journal,Global health; “Health & well-being in low-income countries”,Anon. evaluator 1,true,85,80,90,NA,NA,NA,NA,NA,Global health (LMICs),"WP,2024-06-10,7/9/2024 10:14:04 AM",540,NA,NA,NA,NA,NA,NA
The Long-Run Effects of Psychotherapy on Depression,Beliefs,and Economic Outcomes,journal_predict,Working paper/mimeo; not published in a peer-reviewed journal,Global health; “Health & well-being in low-income countries”,Anon. evaluator 1,true,4,3.5,4.5,NA,NA,NA,NA,NA,Global health (LMICs),"WP,2024-06-10,7/9/2024 10:14:23 AM",541,NA,NA,NA,NA,NA,NA
The Long-Run Effects of Psychotherapy on Depression,Beliefs,and Economic Outcomes,overall,Working paper/mimeo; not published in a peer-reviewed journal,Global health; “Health & well-being in low-income countries”,Anon. evaluator 2 1,true,92,81,100,NA,false,NA,NA,NA,Global health (LMICs),"WP,2024-06-10,7/2/2024 11:00:22 AM",542,NA,NA,NA,NA,NA,NA
The Long-Run Effects of Psychotherapy on Depression,Beliefs,and Economic Outcomes,merits_journal,Working paper/mimeo; not published in a peer-reviewed journal,Global health; “Health & well-being in low-income countries”,Anon. evaluator 2 1,true,4.7,4.4,5.0,NA,false,NA,NA,NA,Global health (LMICs),"WP,2024-06-10,7/2/2024 11:00:22 AM",543,NA,NA,NA,NA,NA,NA
The Long-Run Effects of Psychotherapy on Depression,Beliefs,and Economic Outcomes,adv_knowledge,Working paper/mimeo; not published in a peer-reviewed journal,Global health; “Health & well-being in low-income countries”,Anon. evaluator 2 1,true,90,80,100,NA,NA,NA,NA,NA,Global health (LMICs),"WP,2024-06-10,7/9/2024 10:15:04 AM",544,NA,NA,NA,NA,NA,NA
The Long-Run Effects of Psychotherapy on Depression,Beliefs,and Economic Outcomes,methods,Working paper/mimeo; not published in a peer-reviewed journal,Global health; “Health & well-being in low-income countries”,Anon. evaluator 2 1,true,90,83,97,NA,NA,NA,NA,NA,Global health (LMICs),"WP,2024-06-10,7/9/2024 10:15:07 AM",545,NA,NA,NA,NA,NA,NA
The Long-Run Effects of Psychotherapy on Depression,Beliefs,and Economic Outcomes,logic_comms,Working paper/mimeo; not published in a peer-reviewed journal,Global health; “Health & well-being in low-income countries”,Anon. evaluator 2 1,true,79,69,89,NA,NA,NA,NA,NA,Global health (LMICs),"WP,2024-06-10,7/9/2024 10:15:10 AM",546,NA,NA,NA,NA,NA,NA
The Long-Run Effects of Psychotherapy on Depression,Beliefs,and Economic Outcomes,real_world,Working paper/mimeo; not published in a peer-reviewed journal,Global health; “Health & well-being in low-income countries”,Anon. evaluator 2 1,true,86,79,93,NA,NA,NA,NA,NA,Global health (LMICs),"WP,2024-06-10,7/9/2024 10:15:12 AM",547,NA,NA,NA,NA,NA,NA
The Long-Run Effects of Psychotherapy on Depression,Beliefs,and Economic Outcomes,gp_relevance,Working paper/mimeo; not published in a peer-reviewed journal,Global health; “Health & well-being in low-income countries”,Anon. evaluator 2 1,true,92,82,100,NA,NA,NA,NA,NA,Global health (LMICs),"WP,2024-06-10,7/9/2024 10:15:14 AM",548,NA,NA,NA,NA,NA,NA
The Long-Run Effects of Psychotherapy on Depression,Beliefs,and Economic Outcomes,open_sci,Working paper/mimeo; not published in a peer-reviewed journal,Global health; “Health & well-being in low-income countries”,Anon. evaluator 2 1,true,88,82,95,NA,NA,NA,NA,NA,Global health (LMICs),"WP,2024-06-10,7/9/2024 10:15:16 AM",549,NA,NA,NA,NA,NA,NA
The Long-Run Effects of Psychotherapy on Depression,Beliefs,and Economic Outcomes,journal_predict,Working paper/mimeo; not published in a peer-reviewed journal,Global health; “Health & well-being in low-income countries”,Anon. evaluator 2 1,true,4.6,4.1,5.0,NA,NA,NA,NA,NA,Global health (LMICs),"WP,2024-06-10,7/9/2024 10:15:22 AM",550,NA,NA,NA,NA,NA,NA
The Macroeconomic Impact of Climate Change: Global vs. Local Temperature,overall,Revise and resubmit,The Environment: Harm to human health,biodiversity,risks and climate change,Evaluator 1,true,85,80,90,NA,false,NA,NA,NA,NA,"WP,2025-01-10,2/17/2025 11:19:28 AM",551,NA,NA,NA,NA,NA,NA
The Macroeconomic Impact of Climate Change: Global vs. Local Temperature,claims,Revise and resubmit,The Environment: Harm to human health,biodiversity,risks and climate change,Evaluator 1,true,85,75,95,NA,false,NA,NA,NA,NA,"WP,2025-01-10,2/17/2025 11:26:12 AM",552,NA,NA,NA,NA,NA,NA
The Macroeconomic Impact of Climate Change: Global vs. Local Temperature,adv_knowledge,Revise and resubmit,The Environment: Harm to human health,biodiversity,risks and climate change,Evaluator 1,true,90,89,91,NA,false,NA,NA,NA,NA,"WP,2025-01-10,2/17/2025 11:19:28 AM",553,NA,NA,NA,NA,NA,NA
The Macroeconomic Impact of Climate Change: Global vs. Local Temperature,methods,Revise and resubmit,The Environment: Harm to human health,biodiversity,risks and climate change,Evaluator 1,true,80,70,90,NA,NA,NA,NA,NA,NA,"WP,2025-01-10,2/17/2025 11:19:28 AM",554,NA,NA,NA,NA,NA,NA
The Macroeconomic Impact of Climate Change: Global vs. Local Temperature,logic_comms,Revise and resubmit,The Environment: Harm to human health,biodiversity,risks and climate change,Evaluator 1,true,85,75,95,NA,NA,NA,NA,NA,NA,"WP,2025-01-10,2/17/2025 11:19:28 AM",555,NA,NA,NA,NA,NA,NA
The Macroeconomic Impact of Climate Change: Global vs. Local Temperature,open_sci,Revise and resubmit,The Environment: Harm to human health,biodiversity,risks and climate change,Evaluator 1,true,25,10,40,NA,NA,NA,NA,NA,NA,"WP,2025-01-10,2/17/2025 11:19:28 AM",556,NA,NA,NA,NA,NA,NA
The Macroeconomic Impact of Climate Change: Global vs. Local Temperature,real_world,Revise and resubmit,The Environment: Harm to human health,biodiversity,risks and climate change,Evaluator 1,true,85,80,90,NA,NA,NA,NA,NA,NA,"WP,2025-01-10,2/17/2025 11:19:28 AM",557,NA,NA,NA,NA,NA,NA
The Macroeconomic Impact of Climate Change: Global vs. Local Temperature,gp_relevance,Revise and resubmit,The Environment: Harm to human health,biodiversity,risks and climate change,Evaluator 1,true,85,80,90,NA,NA,NA,NA,NA,NA,"WP,2025-01-10,2/17/2025 11:19:28 AM",558,NA,NA,NA,NA,NA,NA
The Macroeconomic Impact of Climate Change: Global vs. Local Temperature,merits_journal,Revise and resubmit,The Environment: Harm to human health,biodiversity,risks and climate change,Evaluator 1,true,4.5,4,5.0,NA,NA,NA,NA,NA,NA,"WP,2025-01-10,2/17/2025 11:30:19 AM",559,NA,NA,NA,NA,NA,NA
The Macroeconomic Impact of Climate Change: Global vs. Local Temperature,journal_predict,Revise and resubmit,The Environment: Harm to human health,biodiversity,risks and climate change,Evaluator 1,true,4.5,4,5.0,NA,NA,NA,NA,NA,NA,"WP,2025-01-10,2/17/2025 11:19:28 AM",560,NA,NA,NA,NA,NA,NA
The Macroeconomic Impact of Climate Change: Global vs. Local Temperature,overall,Revise and resubmit,The Environment: Harm to human health,biodiversity,risks and climate change,Evaluator 2,true,90,80,100,NA,false,NA,NA,NA,NA,"WP,2025-01-10,2/17/2025 11:31:38 AM",561,NA,NA,NA,NA,NA,NA
The Macroeconomic Impact of Climate Change: Global vs. Local Temperature,claims,Revise and resubmit,The Environment: Harm to human health,biodiversity,risks and climate change,Evaluator 2,true,92,85,100,NA,false,NA,NA,NA,NA,"WP,2025-01-10,2/17/2025 11:31:38 AM",562,NA,NA,NA,NA,NA,NA
The Macroeconomic Impact of Climate Change: Global vs. Local Temperature,adv_knowledge,Revise and resubmit,The Environment: Harm to human health,biodiversity,risks and climate change,Evaluator 2,true,98,95,100,NA,false,NA,NA,NA,NA,"WP,2025-01-10,2/17/2025 11:31:38 AM",563,NA,NA,NA,NA,NA,NA
The Macroeconomic Impact of Climate Change: Global vs. Local Temperature,methods,Revise and resubmit,The Environment: Harm to human health,biodiversity,risks and climate change,Evaluator 2,true,88,75,100,NA,NA,NA,NA,NA,NA,"WP,2025-01-10,2/17/2025 11:31:38 AM",564,NA,NA,NA,NA,NA,NA
The Macroeconomic Impact of Climate Change: Global vs. Local Temperature,logic_comms,Revise and resubmit,The Environment: Harm to human health,biodiversity,risks and climate change,Evaluator 2,true,100,100,100,NA,NA,NA,NA,NA,NA,"WP,2025-01-10,2/17/2025 11:31:38 AM",565,NA,NA,NA,NA,NA,NA
The Macroeconomic Impact of Climate Change: Global vs. Local Temperature,open_sci,Revise and resubmit,The Environment: Harm to human health,biodiversity,risks and climate change,Evaluator 2,true,100,100,100,NA,NA,NA,NA,NA,NA,"WP,2025-01-10,2/17/2025 11:31:38 AM",566,NA,NA,NA,NA,NA,NA
The Macroeconomic Impact of Climate Change: Global vs. Local Temperature,real_world,Revise and resubmit,The Environment: Harm to human health,biodiversity,risks and climate change,Evaluator 2,true,95,90,100,NA,NA,NA,NA,NA,NA,"WP,2025-01-10,2/17/2025 11:31:38 AM",567,NA,NA,NA,NA,NA,NA
The Macroeconomic Impact of Climate Change: Global vs. Local Temperature,gp_relevance,Revise and resubmit,The Environment: Harm to human health,biodiversity,risks and climate change,Evaluator 2,true,95,90,100,NA,NA,NA,NA,NA,NA,"WP,2025-01-10,2/17/2025 11:31:38 AM",568,NA,NA,NA,NA,NA,NA
The Macroeconomic Impact of Climate Change: Global vs. Local Temperature,merits_journal,Revise and resubmit,The Environment: Harm to human health,biodiversity,risks and climate change,Evaluator 2,true,4.7,4.5,5.0,NA,NA,NA,NA,NA,NA,"WP,2025-01-10,2/17/2025 11:31:38 AM",569,NA,NA,NA,NA,NA,NA
The Macroeconomic Impact of Climate Change: Global vs. Local Temperature,journal_predict,Revise and resubmit,The Environment: Harm to human health,biodiversity,risks and climate change,Evaluator 2,true,4.7,4.5,5.0,NA,NA,NA,NA,NA,NA,"WP,2025-01-10,2/17/2025 11:31:38 AM",570,NA,NA,NA,NA,NA,NA
The Returns to Science In the Presence of Technological Risks,claims,Working paper/mimeo; not published in a peer-reviewed journal,Innovation,meta-science,and research,Mike Hinge,false,85,70,90,NA,NA,NA,NA,NA,Innovation,"meta-science, & research,WP,2025-01-20,1/2/2025 8:20:58 AM",571,NA,NA,NA,NA,NA,NA
The Returns to Science In the Presence of Technological Risks,adv_knowledge,Working paper/mimeo; not published in a peer-reviewed journal,Innovation,meta-science,and research,Mike Hinge,false,75,65,85,NA,NA,NA,NA,NA,Innovation,"meta-science, & research,WP,2025-01-20,1/2/2025 8:24:11 AM",572,NA,NA,NA,NA,NA,NA
The Returns to Science In the Presence of Technological Risks,methods,Working paper/mimeo; not published in a peer-reviewed journal,Innovation,meta-science,and research,Mike Hinge,false,75,65,85,NA,NA,NA,NA,NA,Innovation,"meta-science, & research,WP,2025-01-20,1/2/2025 8:20:58 AM",573,NA,NA,NA,NA,NA,NA
The Returns to Science In the Presence of Technological Risks,logic_comms,Working paper/mimeo; not published in a peer-reviewed journal,Innovation,meta-science,and research,Mike Hinge,false,85,70,90,NA,NA,NA,NA,NA,Innovation,"meta-science, & research,WP,2025-01-20,1/2/2025 8:20:58 AM",574,NA,NA,NA,NA,NA,NA
The Returns to Science In the Presence of Technological Risks,open_sci,Working paper/mimeo; not published in a peer-reviewed journal,Innovation,meta-science,and research,Mike Hinge,false,90,80,95,NA,NA,NA,NA,NA,Innovation,"meta-science, & research,WP,2025-01-20,1/2/2025 8:20:58 AM",575,NA,NA,NA,NA,NA,NA
The Returns to Science In the Presence of Technological Risks,real_world,Working paper/mimeo; not published in a peer-reviewed journal,Innovation,meta-science,and research,Mike Hinge,false,75,65,83,NA,NA,NA,NA,NA,Innovation,"meta-science, & research,WP,2025-01-20,1/2/2025 8:20:58 AM",576,NA,NA,NA,NA,NA,NA
The Returns to Science In the Presence of Technological Risks,gp_relevance,Working paper/mimeo; not published in a peer-reviewed journal,Innovation,meta-science,and research,Mike Hinge,false,75,65,83,NA,NA,NA,NA,NA,Innovation,"meta-science, & research,WP,2025-01-20,1/2/2025 8:20:58 AM",577,NA,NA,NA,NA,NA,NA
The Returns to Science In the Presence of Technological Risks,overall,Working paper/mimeo; not published in a peer-reviewed journal,Innovation,meta-science,and research,Mike Hinge,false,80,60,88,NA,NA,NA,NA,NA,Innovation,"meta-science, & research,WP,2025-01-20,1/2/2025 8:20:58 AM",578,NA,NA,NA,NA,NA,NA
The Returns to Science In the Presence of Technological Risks,adv_knowledge,Working paper/mimeo; not published in a peer-reviewed journal,Innovation,meta-science,and research,Yassin Alaya,false,65,30,100,NA,NA,NA,NA,NA,Innovation,"meta-science, & research,WP,2025-01-20,1/2/2025 8:28:05 AM",579,NA,NA,NA,NA,NA,NA
The Returns to Science In the Presence of Technological Risks,methods,Working paper/mimeo; not published in a peer-reviewed journal,Innovation,meta-science,and research,Yassin Alaya,false,60,45,75,NA,NA,NA,NA,NA,Innovation,"meta-science, & research,WP,2025-01-20,1/2/2025 8:28:05 AM",580,NA,NA,NA,NA,NA,NA
The Returns to Science In the Presence of Technological Risks,logic_comms,Working paper/mimeo; not published in a peer-reviewed journal,Innovation,meta-science,and research,Yassin Alaya,false,50,30,70,NA,NA,NA,NA,NA,Innovation,"meta-science, & research,WP,2025-01-20,1/2/2025 8:28:05 AM",581,NA,NA,NA,NA,NA,NA
The Returns to Science In the Presence of Technological Risks,open_sci,Working paper/mimeo; not published in a peer-reviewed journal,Innovation,meta-science,and research,Yassin Alaya,false,60,35,85,NA,NA,NA,NA,NA,Innovation,"meta-science, & research,WP,2025-01-20,1/2/2025 8:28:05 AM",582,NA,NA,NA,NA,NA,NA
The Returns to Science In the Presence of Technological Risks,real_world,Working paper/mimeo; not published in a peer-reviewed journal,Innovation,meta-science,and research,Yassin Alaya,false,70,50,90,NA,NA,NA,NA,NA,Innovation,"meta-science, & research,WP,2025-01-20,1/2/2025 8:28:05 AM",583,NA,NA,NA,NA,NA,NA
The Returns to Science In the Presence of Technological Risks,gp_relevance,Working paper/mimeo; not published in a peer-reviewed journal,Innovation,meta-science,and research,Yassin Alaya,false,90,80,100,NA,NA,NA,NA,NA,Innovation,"meta-science, & research,WP,2025-01-20,1/2/2025 8:28:05 AM",584,NA,NA,NA,NA,NA,NA
The Returns to Science In the Presence of Technological Risks,merits_journal,Working paper/mimeo; not published in a peer-reviewed journal,Innovation,meta-science,and research,Yassin Alaya,false,4.5,3,5.0,NA,NA,NA,NA,NA,Innovation,"meta-science, & research,WP,2025-01-20,1/2/2025 8:28:05 AM",585,NA,NA,NA,NA,NA,NA
The Returns to Science In the Presence of Technological Risks,journal_predict,Working paper/mimeo; not published in a peer-reviewed journal,Innovation,meta-science,and research,Yassin Alaya,false,2,0,4.0,NA,NA,NA,NA,NA,Innovation,"meta-science, & research,WP,2025-01-20,1/2/2025 8:28:05 AM",586,NA,NA,NA,NA,NA,NA
The Returns to Science In the Presence of Technological Risks,claims,Working paper/mimeo; not published in a peer-reviewed journal,Innovation,meta-science,and research,Gregory Lewis,false,79,16,90,NA,NA,NA,NA,NA,Innovation,"meta-science, & research,WP,2025-01-20,1/2/2025 8:31:00 AM",587,NA,NA,NA,NA,NA,NA
The Returns to Science In the Presence of Technological Risks,adv_knowledge,Working paper/mimeo; not published in a peer-reviewed journal,Innovation,meta-science,and research,Gregory Lewis,false,81,56,96,NA,NA,NA,NA,NA,Innovation,"meta-science, & research,WP,2025-01-20,1/2/2025 8:31:06 AM",588,NA,NA,NA,NA,NA,NA
The Returns to Science In the Presence of Technological Risks,methods,Working paper/mimeo; not published in a peer-reviewed journal,Innovation,meta-science,and research,Gregory Lewis,false,75,88,33,NA,NA,NA,NA,NA,Innovation,"meta-science, & research,WP,2025-01-20,1/2/2025 8:31:00 AM",589,NA,NA,NA,NA,NA,NA
The Returns to Science In the Presence of Technological Risks,logic_comms,Working paper/mimeo; not published in a peer-reviewed journal,Innovation,meta-science,and research,Gregory Lewis,false,88,64,95,NA,NA,NA,NA,NA,Innovation,"meta-science, & research,WP,2025-01-20,1/2/2025 8:31:00 AM",590,NA,NA,NA,NA,NA,NA
The Returns to Science In the Presence of Technological Risks,open_sci,Working paper/mimeo; not published in a peer-reviewed journal,Innovation,meta-science,and research,Gregory Lewis,false,89,76,99,NA,NA,NA,NA,NA,Innovation,"meta-science, & research,WP,2025-01-20,1/2/2025 8:31:00 AM",591,NA,NA,NA,NA,NA,NA
The Returns to Science In the Presence of Technological Risks,real_world,Working paper/mimeo; not published in a peer-reviewed journal,Innovation,meta-science,and research,Gregory Lewis,false,65,18,89,NA,NA,NA,NA,NA,Innovation,"meta-science, & research,WP,2025-01-20,1/2/2025 8:31:00 AM",592,NA,NA,NA,NA,NA,NA
The Returns to Science In the Presence of Technological Risks,gp_relevance,Working paper/mimeo; not published in a peer-reviewed journal,Innovation,meta-science,and research,Gregory Lewis,false,60,40,75,NA,NA,NA,NA,NA,Innovation,"meta-science, & research,WP,2025-01-20,1/2/2025 8:31:00 AM",593,NA,NA,NA,NA,NA,NA
The Returns to Science In the Presence of Technological Risks,overall,Working paper/mimeo; not published in a peer-reviewed journal,Innovation,meta-science,and research,Gregory Lewis,false,71,27,87,NA,NA,NA,NA,NA,Innovation,"meta-science, & research,WP,2025-01-20,1/2/2025 8:31:16 AM",594,NA,NA,NA,NA,NA,NA
Towards best practices in AGI safety and governance,overall,Working paper/mimeo; not published in a peer-reviewed journal,Emerging technologies: social and economic impacts (focus: AI),Evaluator 1,true,70,60,80,NA,false,NA,NA,NA,Emerging tech: social & economic impacts,WP,2025-06-03,6/5/2025 11:52:44 AM,595,NA,NA,NA,NA,NA,NA
Towards best practices in AGI safety and governance,claims,Working paper/mimeo; not published in a peer-reviewed journal,Emerging technologies: social and economic impacts (focus: AI),Evaluator 1,true,70,65,75,NA,false,NA,NA,NA,Emerging tech: social & economic impacts,WP,2025-06-03,6/5/2025 11:52:44 AM,596,NA,NA,NA,NA,NA,NA
Towards best practices in AGI safety and governance,adv_knowledge,Working paper/mimeo; not published in a peer-reviewed journal,Emerging technologies: social and economic impacts (focus: AI),Evaluator 1,true,80,75,85,NA,false,NA,NA,NA,Emerging tech: social & economic impacts,WP,2025-06-03,6/5/2025 11:52:44 AM,597,NA,NA,NA,NA,NA,NA
Towards best practices in AGI safety and governance,methods,Working paper/mimeo; not published in a peer-reviewed journal,Emerging technologies: social and economic impacts (focus: AI),Evaluator 1,true,70,65,75,NA,NA,NA,NA,NA,Emerging tech: social & economic impacts,WP,2025-06-03,6/5/2025 11:52:44 AM,598,NA,NA,NA,NA,NA,NA
Towards best practices in AGI safety and governance,logic_comms,Working paper/mimeo; not published in a peer-reviewed journal,Emerging technologies: social and economic impacts (focus: AI),Evaluator 1,true,85,80,90,NA,NA,NA,NA,NA,Emerging tech: social & economic impacts,WP,2025-06-03,6/5/2025 11:52:44 AM,599,NA,NA,NA,NA,NA,NA
Towards best practices in AGI safety and governance,open_sci,Working paper/mimeo; not published in a peer-reviewed journal,Emerging technologies: social and economic impacts (focus: AI),Evaluator 1,true,65,50,80,NA,NA,NA,My rating here is based on the data and its use,not the study’s experimental design in the field,which (like many experiments) likely has many nuances in implementation.,NA,Emerging tech: social & economic impacts,"WP,2025-06-03,6/5/2025 11:52:44 AM",600,NA,NA,NA,NA,NA,NA
Towards best practices in AGI safety and governance,real_world,Working paper/mimeo; not published in a peer-reviewed journal,Emerging technologies: social and economic impacts (focus: AI),Evaluator 1,true,90,80,100,NA,NA,NA,NA,NA,Emerging tech: social & economic impacts,WP,2025-06-03,6/5/2025 11:52:44 AM,601,NA,NA,NA,NA,NA,NA
Towards best practices in AGI safety and governance,gp_relevance,Working paper/mimeo; not published in a peer-reviewed journal,Emerging technologies: social and economic impacts (focus: AI),Evaluator 1,true,90,80,100,NA,NA,NA,NA,NA,Emerging tech: social & economic impacts,WP,2025-06-03,6/5/2025 11:52:44 AM,602,NA,NA,NA,NA,NA,NA
Towards best practices in AGI safety and governance,merits_journal,Working paper/mimeo; not published in a peer-reviewed journal,Emerging technologies: social and economic impacts (focus: AI),Evaluator 1,true,4,3.5,4.5,NA,NA,NA,NA,NA,Emerging tech: social & economic impacts,WP,2025-06-03,6/5/2025 11:52:44 AM,603,NA,NA,NA,NA,NA,NA
Towards best practices in AGI safety and governance,journal_predict,Working paper/mimeo; not published in a peer-reviewed journal,Emerging technologies: social and economic impacts (focus: AI),Evaluator 1,true,3.5,3.1,4,NA,NA,NA,NA,NA,Emerging tech: social & economic impacts,WP,2025-06-03,6/5/2025 11:52:44 AM,604,NA,NA,NA,NA,NA,NA
Towards best practices in AGI safety and governance,overall,Working paper/mimeo; not published in a peer-reviewed journal,Emerging technologies: social and economic impacts (focus: AI),Evaluator 2,true,75,65,85,NA,false,NA,NA,NA,Emerging tech: social & economic impacts,WP,2025-06-03,6/5/2025 11:59:10 AM,605,NA,NA,NA,NA,NA,NA
Towards best practices in AGI safety and governance,claims,Working paper/mimeo; not published in a peer-reviewed journal,Emerging technologies: social and economic impacts (focus: AI),Evaluator 2,true,80,70,90,NA,false,NA,NA,NA,Emerging tech: social & economic impacts,WP,2025-06-03,6/5/2025 11:59:10 AM,606,NA,NA,NA,NA,NA,NA
Towards best practices in AGI safety and governance,adv_knowledge,Working paper/mimeo; not published in a peer-reviewed journal,Emerging technologies: social and economic impacts (focus: AI),Evaluator 2,true,70,60,80,NA,false,NA,NA,NA,Emerging tech: social & economic impacts,WP,2025-06-03,6/5/2025 11:59:10 AM,607,NA,NA,NA,NA,NA,NA
Towards best practices in AGI safety and governance,methods,Working paper/mimeo; not published in a peer-reviewed journal,Emerging technologies: social and economic impacts (focus: AI),Evaluator 2,true,70,60,80,NA,NA,NA,NA,NA,Emerging tech: social & economic impacts,WP,2025-06-03,6/5/2025 11:59:10 AM,608,NA,NA,NA,NA,NA,NA
Towards best practices in AGI safety and governance,logic_comms,Working paper/mimeo; not published in a peer-reviewed journal,Emerging technologies: social and economic impacts (focus: AI),Evaluator 2,true,80,70,90,NA,NA,NA,NA,NA,Emerging tech: social & economic impacts,WP,2025-06-03,6/5/2025 11:59:10 AM,609,NA,NA,NA,NA,NA,NA
Towards best practices in AGI safety and governance,open_sci,Working paper/mimeo; not published in a peer-reviewed journal,Emerging technologies: social and economic impacts (focus: AI),Evaluator 2,true,80,70,90,NA,NA,NA,My rating here is based on the data and its use,not the study’s experimental design in the field,which (like many experiments) likely has many nuances in implementation.,NA,Emerging tech: social & economic impacts,"WP,2025-06-03,6/5/2025 11:59:10 AM",610,NA,NA,NA,NA,NA,NA
Towards best practices in AGI safety and governance,real_world,Working paper/mimeo; not published in a peer-reviewed journal,Emerging technologies: social and economic impacts (focus: AI),Evaluator 2,true,70,60,80,NA,NA,NA,NA,NA,Emerging tech: social & economic impacts,WP,2025-06-03,6/5/2025 11:59:10 AM,611,NA,NA,NA,NA,NA,NA
Towards best practices in AGI safety and governance,gp_relevance,Working paper/mimeo; not published in a peer-reviewed journal,Emerging technologies: social and economic impacts (focus: AI),Evaluator 2,true,70,60,80,NA,NA,NA,NA,NA,Emerging tech: social & economic impacts,WP,2025-06-03,6/5/2025 11:59:10 AM,612,NA,NA,NA,NA,NA,NA
Universal Basic Income: Short-Term Results from a Long-Term Experiment in Kenya,overall,Working paper/mimeo; not published in a peer-reviewed journal,Economic development & governance (LMICs),Anon. evaluator 1,true,83,93,100,NA,false,NA,NA,NA,Economic development & governance (LMICs),WP,2024-06-10,7/2/2024 11:03:35 AM,613,NA,NA,NA,NA,NA,NA
Universal Basic Income: Short-Term Results from a Long-Term Experiment in Kenya,merits_journal,Working paper/mimeo; not published in a peer-reviewed journal,Economic development & governance (LMICs),Anon. evaluator 1,true,4.7,4,5.0,NA,false,NA,NA,NA,Economic development & governance (LMICs),WP,2024-06-10,7/2/2024 11:04:12 AM,614,NA,NA,NA,NA,NA,NA
Universal Basic Income: Short-Term Results from a Long-Term Experiment in Kenya,adv_knowledge,Working paper/mimeo; not published in a peer-reviewed journal,Economic development & governance (LMICs),Anon. evaluator 1,true,93,70,100,NA,NA,NA,NA,NA,Economic development & governance (LMICs),WP,2024-06-10,7/9/2024 10:00:58 AM,615,NA,NA,NA,NA,NA,NA
Universal Basic Income: Short-Term Results from a Long-Term Experiment in Kenya,methods,Working paper/mimeo; not published in a peer-reviewed journal,Economic development & governance (LMICs),Anon. evaluator 1,true,95,90,100,NA,NA,NA,NA,NA,Economic development & governance (LMICs),WP,2024-06-10,7/9/2024 10:01:21 AM,616,NA,NA,NA,NA,NA,NA
Universal Basic Income: Short-Term Results from a Long-Term Experiment in Kenya,logic_comms,Working paper/mimeo; not published in a peer-reviewed journal,Economic development & governance (LMICs),Anon. evaluator 1,true,80,70,90,NA,NA,NA,NA,NA,Economic development & governance (LMICs),WP,2024-06-10,7/9/2024 10:01:22 AM,617,NA,NA,NA,NA,NA,NA
Universal Basic Income: Short-Term Results from a Long-Term Experiment in Kenya,open_sci,Working paper/mimeo; not published in a peer-reviewed journal,Economic development & governance (LMICs),Anon. evaluator 1,true,90,80,100,NA,NA,NA,NA,NA,Economic development & governance (LMICs),WP,2024-06-10,7/9/2024 10:02:27 AM,618,NA,NA,NA,NA,NA,NA
Universal Basic Income: Short-Term Results from a Long-Term Experiment in Kenya,real_world,Working paper/mimeo; not published in a peer-reviewed journal,Economic development & governance (LMICs),Anon. evaluator 1,true,90,80,100,NA,NA,NA,NA,NA,Economic development & governance (LMICs),WP,2024-06-10,7/9/2024 10:02:43 AM,619,NA,NA,NA,NA,NA,NA
Universal Basic Income: Short-Term Results from a Long-Term Experiment in Kenya,gp_relevance,Working paper/mimeo; not published in a peer-reviewed journal,Economic development & governance (LMICs),Anon. evaluator 1,true,60,40,80,NA,NA,NA,NA,NA,Economic development & governance (LMICs),WP,2024-06-10,7/9/2024 10:02:52 AM,620,NA,NA,NA,NA,NA,NA
Universal Basic Income: Short-Term Results from a Long-Term Experiment in Kenya,journal_predict,Working paper/mimeo; not published in a peer-reviewed journal,Economic development & governance (LMICs),Anon. evaluator 1,true,4.7,4,5.0,NA,NA,NA,NA,NA,Economic development & governance (LMICs),WP,2024-06-10,7/9/2024 10:03:03 AM,621,NA,NA,NA,NA,NA,NA
Universal Basic Income: Short-Term Results from a Long-Term Experiment in Kenya,overall,Working paper/mimeo; not published in a peer-reviewed journal,Economic development & governance (LMICs),Anon. evaluator 2 1,true,85,65,95,NA,false,NA,NA,NA,Economic development & governance (LMICs),WP,2024-06-10,7/2/2024 11:04:15 AM,622,NA,NA,NA,NA,NA,NA
Universal Basic Income: Short-Term Results from a Long-Term Experiment in Kenya,merits_journal,Working paper/mimeo; not published in a peer-reviewed journal,Economic development & governance (LMICs),Anon. evaluator 2 1,true,4,2.5,5.0,NA,false,NA,NA,NA,Economic development & governance (LMICs),WP,2024-06-10,7/2/2024 11:04:15 AM,623,NA,NA,NA,NA,NA,NA
Universal Basic Income: Short-Term Results from a Long-Term Experiment in Kenya,adv_knowledge,Working paper/mimeo; not published in a peer-reviewed journal,Economic development & governance (LMICs),Anon. evaluator 2 1,true,85,65,95,NA,NA,NA,NA,NA,Economic development & governance (LMICs),WP,2024-06-10,7/9/2024 10:03:28 AM,624,NA,NA,NA,NA,NA,NA
Universal Basic Income: Short-Term Results from a Long-Term Experiment in Kenya,methods,Working paper/mimeo; not published in a peer-reviewed journal,Economic development & governance (LMICs),Anon. evaluator 2 1,true,85,63,95,NA,NA,NA,NA,NA,Economic development & governance (LMICs),WP,2024-06-10,7/9/2024 10:07:45 AM,625,NA,NA,NA,NA,NA,NA
Universal Basic Income: Short-Term Results from a Long-Term Experiment in Kenya,logic_comms,Working paper/mimeo; not published in a peer-reviewed journal,Economic development & governance (LMICs),Anon. evaluator 2 1,true,76,40,91,NA,NA,NA,NA,NA,Economic development & governance (LMICs),WP,2024-06-10,7/9/2024 10:08:08 AM,626,NA,NA,NA,NA,NA,NA
Universal Basic Income: Short-Term Results from a Long-Term Experiment in Kenya,open_sci,Working paper/mimeo; not published in a peer-reviewed journal,Economic development & governance (LMICs),Anon. evaluator 2 1,true,30,10,75,NA,NA,NA,NA,NA,Economic development & governance (LMICs),WP,2024-06-10,7/9/2024 10:08:29 AM,627,NA,NA,NA,NA,NA,NA
Universal Basic Income: Short-Term Results from a Long-Term Experiment in Kenya,real_world,Working paper/mimeo; not published in a peer-reviewed journal,Economic development & governance (LMICs),Anon. evaluator 2 1,true,87,74,98,NA,NA,NA,NA,NA,Economic development & governance (LMICs),WP,2024-06-10,7/9/2024 10:08:46 AM,628,NA,NA,NA,NA,NA,NA
Universal Basic Income: Short-Term Results from a Long-Term Experiment in Kenya,gp_relevance,Working paper/mimeo; not published in a peer-reviewed journal,Economic development & governance (LMICs),Anon. evaluator 2 1,true,70,45,90,NA,NA,NA,NA,NA,Economic development & governance (LMICs),WP,2024-06-10,7/9/2024 10:09:46 AM,629,NA,NA,NA,NA,NA,NA
Universal Basic Income: Short-Term Results from a Long-Term Experiment in Kenya,journal_predict,Working paper/mimeo; not published in a peer-reviewed journal,Economic development & governance (LMICs),Anon. evaluator 2 1,true,4,25,5.0,NA,NA,NA,NA,NA,Economic development & governance (LMICs),WP,2024-06-10,7/9/2024 10:10:18 AM,630,NA,NA,NA,NA,NA,NA
Urban Forests: Environmental Health Values and Risks,overall,R&R at ~top/decent journal,The Environment: Harm to human health,biodiversity,risks and climate change,Evaluator 1,true,60,45,90,NA,false,NA,NA,NA,Environment,"biodiversity, climate,Review of Economics and Statistics,2025-04-08,6/5/2025 11:19:32 AM",631,NA,NA,NA,NA,NA,NA
Urban Forests: Environmental Health Values and Risks,claims,R&R at ~top/decent journal,The Environment: Harm to human health,biodiversity,risks and climate change,Evaluator 1,true,45,40,50,NA,false,NA,NA,NA,Environment,"biodiversity, climate,Review of Economics and Statistics,2025-04-08,6/5/2025 11:24:54 AM",632,NA,NA,NA,NA,NA,NA
Urban Forests: Environmental Health Values and Risks,adv_knowledge,R&R at ~top/decent journal,The Environment: Harm to human health,biodiversity,risks and climate change,Evaluator 1,true,67,60,70,NA,false,NA,NA,NA,Environment,"biodiversity, climate,Review of Economics and Statistics,2025-04-08,6/5/2025 11:19:32 AM",633,NA,NA,NA,NA,NA,NA
Urban Forests: Environmental Health Values and Risks,methods,R&R at ~top/decent journal,The Environment: Harm to human health,biodiversity,risks and climate change,Evaluator 1,true,55,50,60,NA,NA,NA,NA,NA,Environment,"biodiversity, climate,Review of Economics and Statistics,2025-04-08,6/5/2025 11:19:32 AM",634,NA,NA,NA,NA,NA,NA
Urban Forests: Environmental Health Values and Risks,logic_comms,R&R at ~top/decent journal,The Environment: Harm to human health,biodiversity,risks and climate change,Evaluator 1,true,51,50,55,NA,NA,NA,NA,NA,Environment,"biodiversity, climate,Review of Economics and Statistics,2025-04-08,6/5/2025 11:19:32 AM",635,NA,NA,NA,NA,NA,NA
Urban Forests: Environmental Health Values and Risks,open_sci,R&R at ~top/decent journal,The Environment: Harm to human health,biodiversity,risks and climate change,Evaluator 1,true,50,85,95,NA,NA,NA,My rating here is based on the data and its use,not the study’s experimental design in the field,which (like many experiments) likely has many nuances in implementation.,",Environment, biodiversity, climate,Review of Economics and Statistics,2025-04-08,6/5/2025 11:19:32 AM",636,NA,NA,NA,NA,NA,NA
Urban Forests: Environmental Health Values and Risks,real_world,R&R at ~top/decent journal,The Environment: Harm to human health,biodiversity,risks and climate change,Evaluator 1,true,80,70,89,NA,NA,NA,NA,NA,Environment,"biodiversity, climate,Review of Economics and Statistics,2025-04-08,6/5/2025 11:19:32 AM",637,NA,NA,NA,NA,NA,NA
Urban Forests: Environmental Health Values and Risks,gp_relevance,R&R at ~top/decent journal,The Environment: Harm to human health,biodiversity,risks and climate change,Evaluator 1,true,80,70,89,NA,NA,NA,NA,NA,Environment,"biodiversity, climate,Review of Economics and Statistics,2025-04-08,6/5/2025 11:19:32 AM",638,NA,NA,NA,NA,NA,NA
Urban Forests: Environmental Health Values and Risks,merits_journal,R&R at ~top/decent journal,The Environment: Harm to human health,biodiversity,risks and climate change,Evaluator 1,true,4.2,3.5,4.9,NA,NA,NA,NA,NA,Environment,"biodiversity, climate,Review of Economics and Statistics,2025-04-08,6/5/2025 11:19:32 AM",639,NA,NA,NA,NA,NA,NA
Urban Forests: Environmental Health Values and Risks,journal_predict,R&R at ~top/decent journal,The Environment: Harm to human health,biodiversity,risks and climate change,Evaluator 1,true,4.2,3.5,4.9,NA,NA,NA,NA,NA,Environment,"biodiversity, climate,Review of Economics and Statistics,2025-04-08,6/5/2025 11:19:32 AM",640,NA,NA,NA,NA,NA,NA
Urban Forests: Environmental Health Values and Risks,overall,R&R at ~top/decent journal,The Environment: Harm to human health,biodiversity,risks and climate change,Evaluator 2,true,90,86,94,NA,false,NA,NA,NA,Environment,"biodiversity, climate,Review of Economics and Statistics,2025-04-08,6/5/2025 11:39:57 AM",641,NA,NA,NA,NA,NA,NA
Urban Forests: Environmental Health Values and Risks,claims,R&R at ~top/decent journal,The Environment: Harm to human health,biodiversity,risks and climate change,Evaluator 2,true,92,85,95,NA,false,NA,NA,NA,Environment,"biodiversity, climate,Review of Economics and Statistics,2025-04-08,6/5/2025 11:39:57 AM",642,NA,NA,NA,NA,NA,NA
Urban Forests: Environmental Health Values and Risks,adv_knowledge,R&R at ~top/decent journal,The Environment: Harm to human health,biodiversity,risks and climate change,Evaluator 2,true,88,82,94,NA,false,NA,NA,NA,Environment,"biodiversity, climate,Review of Economics and Statistics,2025-04-08,6/5/2025 11:39:57 AM",643,NA,NA,NA,NA,NA,NA
Urban Forests: Environmental Health Values and Risks,methods,R&R at ~top/decent journal,The Environment: Harm to human health,biodiversity,risks and climate change,Evaluator 2,true,92,88,96,NA,NA,NA,NA,NA,Environment,"biodiversity, climate,Review of Economics and Statistics,2025-04-08,6/5/2025 11:39:57 AM",644,NA,NA,NA,NA,NA,NA
Urban Forests: Environmental Health Values and Risks,logic_comms,R&R at ~top/decent journal,The Environment: Harm to human health,biodiversity,risks and climate change,Evaluator 2,true,92,87,95,NA,NA,NA,NA,NA,Environment,"biodiversity, climate,Review of Economics and Statistics,2025-04-08,6/5/2025 11:39:57 AM",645,NA,NA,NA,NA,NA,NA
Urban Forests: Environmental Health Values and Risks,open_sci,R&R at ~top/decent journal,The Environment: Harm to human health,biodiversity,risks and climate change,Evaluator 2,true,88,84,92,NA,NA,NA,My rating here is based on the data and its use,not the study’s experimental design in the field,which (like many experiments) likely has many nuances in implementation.,",Environment, biodiversity, climate,Review of Economics and Statistics,2025-04-08,6/5/2025 11:39:57 AM",646,NA,NA,NA,NA,NA,NA
Urban Forests: Environmental Health Values and Risks,real_world,R&R at ~top/decent journal,The Environment: Harm to human health,biodiversity,risks and climate change,Evaluator 2,true,88,80,92,NA,NA,NA,NA,NA,Environment,"biodiversity, climate,Review of Economics and Statistics,2025-04-08,6/5/2025 11:39:57 AM",647,NA,NA,NA,NA,NA,NA
Urban Forests: Environmental Health Values and Risks,gp_relevance,R&R at ~top/decent journal,The Environment: Harm to human health,biodiversity,risks and climate change,Evaluator 2,true,88,80,92,NA,NA,NA,NA,NA,Environment,"biodiversity, climate,Review of Economics and Statistics,2025-04-08,6/5/2025 11:39:57 AM",648,NA,NA,NA,NA,NA,NA
Urban Forests: Environmental Health Values and Risks,merits_journal,R&R at ~top/decent journal,The Environment: Harm to human health,biodiversity,risks and climate change,Evaluator 2,true,4.5,4.3,4.7,NA,NA,NA,NA,NA,Environment,"biodiversity, climate,Review of Economics and Statistics,2025-04-08,6/5/2025 11:39:57 AM",649,NA,NA,NA,NA,NA,NA
Urban Forests: Environmental Health Values and Risks,journal_predict,R&R at ~top/decent journal,The Environment: Harm to human health,biodiversity,risks and climate change,Evaluator 2,true,4.4,4.2,4.6,NA,NA,NA,NA,NA,Environment,"biodiversity, climate,Review of Economics and Statistics,2025-04-08,6/5/2025 11:39:57 AM",650,NA,NA,NA,NA,NA,NA
Water Treatment and Child Mortality: A Meta-analysis and Cost-effectiveness Analysis,adv_knowledge,Working paper/mimeo; not published in a peer-reviewed journal,Global health; “Health & well-being in low-income countries”,Masset and Waddington,false,80,70,90,NA,NA,NA,NA,NA,Global health (LMICs),WP,2024-09-09,8/15/2024 9:28:41 AM,651,NA,NA,NA,NA,NA,NA
Water Treatment and Child Mortality: A Meta-analysis and Cost-effectiveness Analysis,methods,Working paper/mimeo; not published in a peer-reviewed journal,Global health; “Health & well-being in low-income countries”,Masset and Waddington,false,50,40,60,NA,NA,NA,NA,NA,Global health (LMICs),WP,2024-09-09,8/15/2024 9:30:09 AM,652,NA,NA,NA,NA,NA,NA
Water Treatment and Child Mortality: A Meta-analysis and Cost-effectiveness Analysis,logic_comms,Working paper/mimeo; not published in a peer-reviewed journal,Global health; “Health & well-being in low-income countries”,Masset and Waddington,false,50,30,70,NA,NA,NA,NA,NA,Global health (LMICs),WP,2024-09-09,8/15/2024 9:30:17 AM,653,NA,NA,NA,NA,NA,NA
Water Treatment and Child Mortality: A Meta-analysis and Cost-effectiveness Analysis,open_sci,Working paper/mimeo; not published in a peer-reviewed journal,Global health; “Health & well-being in low-income countries”,Masset and Waddington,false,35,20,50,NA,NA,NA,NA,NA,Global health (LMICs),WP,2024-09-09,8/15/2024 9:30:17 AM,654,NA,NA,NA,NA,NA,NA
Water Treatment and Child Mortality: A Meta-analysis and Cost-effectiveness Analysis,real_world,Working paper/mimeo; not published in a peer-reviewed journal,Global health; “Health & well-being in low-income countries”,Masset and Waddington,false,20,0,40,NA,NA,NA,NA,NA,Global health (LMICs),WP,2024-09-09,8/15/2024 9:30:21 AM,655,NA,NA,NA,NA,NA,NA
Water Treatment and Child Mortality: A Meta-analysis and Cost-effectiveness Analysis,gp_relevance,Working paper/mimeo; not published in a peer-reviewed journal,Global health; “Health & well-being in low-income countries”,Masset and Waddington,false,45,30,60,NA,NA,NA,NA,NA,Global health (LMICs),WP,2024-09-09,8/15/2024 9:30:21 AM,656,NA,NA,NA,NA,NA,NA
Water Treatment and Child Mortality: A Meta-analysis and Cost-effectiveness Analysis,merits_journal,Working paper/mimeo; not published in a peer-reviewed journal,Global health; “Health & well-being in low-income countries”,Masset and Waddington,false,2.5,2,3.0,NA,NA,NA,NA,NA,Global health (LMICs),WP,2024-09-09,8/15/2024 9:30:21 AM,657,NA,NA,NA,NA,NA,NA
Water Treatment and Child Mortality: A Meta-analysis and Cost-effectiveness Analysis,journal_predict,Working paper/mimeo; not published in a peer-reviewed journal,Global health; “Health & well-being in low-income countries”,Masset and Waddington,false,3.5,2,5.0,NA,NA,NA,NA,NA,Global health (LMICs),WP,2024-09-09,8/15/2024 9:30:21 AM,658,NA,NA,NA,NA,NA,NA
Water Treatment and Child Mortality: A Meta-analysis and Cost-effectiveness Analysis,overall,Working paper/mimeo; not published in a peer-reviewed journal,Global health; “Health & well-being in low-income countries”,Masset and Waddington,false,50,40,60,NA,NA,NA,NA,NA,Global health (LMICs),WP,2024-09-09,8/15/2024 9:30:27 AM,659,NA,NA,NA,NA,NA,NA
Water Treatment and Child Mortality: A Meta-analysis and Cost-effectiveness Analysis,adv_knowledge,Working paper/mimeo; not published in a peer-reviewed journal,Global health; “Health & well-being in low-income countries”,Anon. evaluation 2,true,65,45,85,NA,NA,NA,NA,NA,Global health (LMICs),WP,2024-09-09,8/15/2024 9:31:34 AM,660,NA,NA,NA,NA,NA,NA
Water Treatment and Child Mortality: A Meta-analysis and Cost-effectiveness Analysis,methods,Working paper/mimeo; not published in a peer-reviewed journal,Global health; “Health & well-being in low-income countries”,Anon. evaluation 2,true,75,65,85,NA,NA,NA,NA,NA,Global health (LMICs),WP,2024-09-09,8/15/2024 9:31:34 AM,661,NA,NA,NA,NA,NA,NA
Water Treatment and Child Mortality: A Meta-analysis and Cost-effectiveness Analysis,logic_comms,Working paper/mimeo; not published in a peer-reviewed journal,Global health; “Health & well-being in low-income countries”,Anon. evaluation 2,true,95,90,100,NA,NA,NA,NA,NA,Global health (LMICs),WP,2024-09-09,8/15/2024 9:31:34 AM,662,NA,NA,NA,NA,NA,NA
Water Treatment and Child Mortality: A Meta-analysis and Cost-effectiveness Analysis,open_sci,Working paper/mimeo; not published in a peer-reviewed journal,Global health; “Health & well-being in low-income countries”,Anon. evaluation 2,true,90,80,100,NA,NA,NA,NA,NA,Global health (LMICs),WP,2024-09-09,8/15/2024 9:31:34 AM,663,NA,NA,NA,NA,NA,NA
Water Treatment and Child Mortality: A Meta-analysis and Cost-effectiveness Analysis,real_world,Working paper/mimeo; not published in a peer-reviewed journal,Global health; “Health & well-being in low-income countries”,Anon. evaluation 2,true,50,25,75,NA,NA,NA,NA,NA,Global health (LMICs),WP,2024-09-09,8/15/2024 9:31:34 AM,664,NA,NA,NA,NA,NA,NA
Water Treatment and Child Mortality: A Meta-analysis and Cost-effectiveness Analysis,gp_relevance,Working paper/mimeo; not published in a peer-reviewed journal,Global health; “Health & well-being in low-income countries”,Anon. evaluation 2,true,90,85,95,NA,NA,NA,NA,NA,Global health (LMICs),WP,2024-09-09,8/15/2024 9:31:34 AM,665,NA,NA,NA,NA,NA,NA
Water Treatment and Child Mortality: A Meta-analysis and Cost-effectiveness Analysis,merits_journal,Working paper/mimeo; not published in a peer-reviewed journal,Global health; “Health & well-being in low-income countries”,Anon. evaluation 2,true,3.7,3.2,4.2,NA,NA,NA,NA,NA,Global health (LMICs),WP,2024-09-09,8/15/2024 9:31:34 AM,666,NA,NA,NA,NA,NA,NA
Water Treatment and Child Mortality: A Meta-analysis and Cost-effectiveness Analysis,journal_predict,Working paper/mimeo; not published in a peer-reviewed journal,Global health; “Health & well-being in low-income countries”,Anon. evaluation 2,true,3.7,3.2,4.7,NA,NA,NA,NA,NA,Global health (LMICs),WP,2024-09-09,8/15/2024 9:31:34 AM,667,NA,NA,NA,NA,NA,NA
Water Treatment and Child Mortality: A Meta-analysis and Cost-effectiveness Analysis,overall,Working paper/mimeo; not published in a peer-reviewed journal,Global health; “Health & well-being in low-income countries”,Anon. evaluation 2,true,85,75,95,NA,NA,NA,NA,NA,Global health (LMICs),WP,2024-09-09,8/15/2024 9:31:34 AM,668,NA,NA,NA,NA,NA,NA
When Celebrities Speak: A Nationwide Twitter Experiment Promoting Vaccination In Indonesia,adv_knowledge,Published,~top journal,Global health; “Health & well-being in low-income countries”,Anonymous_14,true,55,NA,NA,NA,false,NA,NA,NA,Global health (LMICs),The Economic Journal,"2023-08-25,6/7/2024 4:40:59 PM",669,NA,NA,NA,NA,NA,NA
When Celebrities Speak: A Nationwide Twitter Experiment Promoting Vaccination In Indonesia,methods,Published,~top journal,Global health; “Health & well-being in low-income countries”,Anonymous_14,true,55,NA,NA,NA,false,NA,NA,NA,Global health (LMICs),The Economic Journal,"2023-08-25,6/7/2024 4:40:59 PM",670,NA,NA,NA,NA,NA,NA
When Celebrities Speak: A Nationwide Twitter Experiment Promoting Vaccination In Indonesia,logic_comms,Published,~top journal,Global health; “Health & well-being in low-income countries”,Anonymous_14,true,70,NA,NA,NA,false,NA,NA,NA,Global health (LMICs),The Economic Journal,"2023-08-25,6/7/2024 4:40:59 PM",671,NA,NA,NA,NA,NA,NA
When Celebrities Speak: A Nationwide Twitter Experiment Promoting Vaccination In Indonesia,real_world,Published,~top journal,Global health; “Health & well-being in low-income countries”,Anonymous_14,true,55,NA,NA,NA,false,NA,NA,NA,Global health (LMICs),The Economic Journal,"2023-08-25,6/7/2024 4:40:59 PM",672,NA,NA,NA,NA,NA,NA
When Celebrities Speak: A Nationwide Twitter Experiment Promoting Vaccination In Indonesia,gp_relevance,Published,~top journal,Global health; “Health & well-being in low-income countries”,Anonymous_14,true,70,NA,NA,NA,false,NA,NA,NA,Global health (LMICs),The Economic Journal,"2023-08-25,6/7/2024 4:40:59 PM",673,NA,NA,NA,NA,NA,NA
When Celebrities Speak: A Nationwide Twitter Experiment Promoting Vaccination In Indonesia,journal_predict,Published,~top journal,Global health; “Health & well-being in low-income countries”,Anonymous_14,true,3,NA,NA,NA,false,NA,NA,NA,Global health (LMICs),The Economic Journal,"2023-08-25,6/7/2024 4:40:59 PM",674,NA,NA,NA,NA,NA,NA
When Celebrities Speak: A Nationwide Twitter Experiment Promoting Vaccination In Indonesia,open_sci,Published,~top journal,Global health; “Health & well-being in low-income countries”,Anonymous_14,true,45,NA,NA,NA,false,NA,NA,NA,Global health (LMICs),The Economic Journal,"2023-08-25,6/7/2024 4:40:59 PM",675,NA,NA,NA,NA,NA,NA
When Celebrities Speak: A Nationwide Twitter Experiment Promoting Vaccination In Indonesia,merits_journal,Published,~top journal,Global health; “Health & well-being in low-income countries”,Anonymous_14,true,3,NA,NA,NA,false,NA,NA,NA,Global health (LMICs),The Economic Journal,"2023-08-25,6/7/2024 4:40:59 PM",676,NA,NA,NA,NA,NA,NA
When Celebrities Speak: A Nationwide Twitter Experiment Promoting Vaccination In Indonesia,overall,Published,~top journal,Global health; “Health & well-being in low-income countries”,Anonymous_14,true,62,NA,NA,NA,false,NA,NA,NA,Global health (LMICs),The Economic Journal,"2023-08-25,6/7/2024 4:40:59 PM",677,NA,NA,NA,NA,NA,NA
When Celebrities Speak: A Nationwide Twitter Experiment Promoting Vaccination In Indonesia,adv_knowledge,Published,~top journal,Global health; “Health & well-being in low-income countries”,Anirugh Tagat,false,90,NA,NA,NA,false,NA,NA,NA,Global health (LMICs),The Economic Journal,"2023-08-25,6/7/2024 4:40:59 PM",678,NA,NA,NA,NA,NA,NA
When Celebrities Speak: A Nationwide Twitter Experiment Promoting Vaccination In Indonesia,methods,Published,~top journal,Global health; “Health & well-being in low-income countries”,Anirugh Tagat,false,80,NA,NA,NA,false,NA,NA,NA,Global health (LMICs),The Economic Journal,"2023-08-25,6/7/2024 4:40:59 PM",679,NA,NA,NA,NA,NA,NA
When Celebrities Speak: A Nationwide Twitter Experiment Promoting Vaccination In Indonesia,logic_comms,Published,~top journal,Global health; “Health & well-being in low-income countries”,Anirugh Tagat,false,85,NA,NA,NA,false,NA,NA,NA,Global health (LMICs),The Economic Journal,"2023-08-25,6/7/2024 4:40:59 PM",680,NA,NA,NA,NA,NA,NA
When Celebrities Speak: A Nationwide Twitter Experiment Promoting Vaccination In Indonesia,real_world,Published,~top journal,Global health; “Health & well-being in low-income countries”,Anirugh Tagat,false,100,NA,NA,NA,false,NA,NA,NA,Global health (LMICs),The Economic Journal,"2023-08-25,6/7/2024 4:40:59 PM",681,NA,NA,NA,NA,NA,NA
When Celebrities Speak: A Nationwide Twitter Experiment Promoting Vaccination In Indonesia,gp_relevance,Published,~top journal,Global health; “Health & well-being in low-income countries”,Anirugh Tagat,false,100,NA,NA,NA,false,NA,NA,NA,Global health (LMICs),The Economic Journal,"2023-08-25,6/7/2024 4:40:59 PM",682,NA,NA,NA,NA,NA,NA
When Celebrities Speak: A Nationwide Twitter Experiment Promoting Vaccination In Indonesia,journal_predict,Published,~top journal,Global health; “Health & well-being in low-income countries”,Anirugh Tagat,false,4,NA,NA,NA,false,NA,NA,NA,Global health (LMICs),The Economic Journal,"2023-08-25,6/7/2024 4:40:59 PM",683,NA,NA,NA,NA,NA,NA
When Celebrities Speak: A Nationwide Twitter Experiment Promoting Vaccination In Indonesia,open_sci,Published,~top journal,Global health; “Health & well-being in low-income countries”,Anirugh Tagat,false,80,NA,NA,NA,false,NA,NA,NA,Global health (LMICs),The Economic Journal,"2023-08-25,6/7/2024 4:40:59 PM",684,NA,NA,NA,NA,NA,NA
When Celebrities Speak: A Nationwide Twitter Experiment Promoting Vaccination In Indonesia,merits_journal,Published,~top journal,Global health; “Health & well-being in low-income countries”,Anirugh Tagat,false,5,NA,NA,NA,false,NA,NA,NA,Global health (LMICs),The Economic Journal,"2023-08-25,6/7/2024 4:40:59 PM",685,NA,NA,NA,NA,NA,NA
When Celebrities Speak: A Nationwide Twitter Experiment Promoting Vaccination In Indonesia,overall,Published,~top journal,Global health; “Health & well-being in low-income countries”,Anirugh Tagat,false,85,NA,NA,NA,false,NA,NA,NA,Global health (LMICs),The Economic Journal,"2023-08-25,6/7/2024 4:40:59 PM",686,NA,NA,NA,NA,NA,NA
When do “Nudges” Increase Welfare?,overall,Conditionally accepted,Other: Economics/welfare,growth,policy,global markets and population,Anon. evaluator 1,true,85,70,95,NA,false,NA,NA,NA,"Other Economics/Welfare/Growth,American Economic Review,2024-05-15,6/25/2024 8:51:03 AM",687,NA,NA,NA,NA,NA,NA
When do “Nudges” Increase Welfare?,overall,Conditionally accepted,Other: Economics/welfare,growth,policy,global markets and population,Anon. evaluator 2 1,true,86,76,96,NA,false,NA,NA,NA,"Other Economics/Welfare/Growth,American Economic Review,2024-05-15,7/2/2024 10:55:58 AM",688,NA,NA,NA,NA,NA,NA
When do “Nudges” Increase Welfare?,adv_knowledge,Conditionally accepted,Other: Economics/welfare,growth,policy,global markets and population,Anon. evaluator 2 1,true,50,45,55,NA,NA,NA,NA,NA,"Other Economics/Welfare/Growth,American Economic Review,2024-05-15,7/9/2024 9:47:37 AM",689,NA,NA,NA,NA,NA,NA
When do “Nudges” Increase Welfare?,methods,Conditionally accepted,Other: Economics/welfare,growth,policy,global markets and population,Anon. evaluator 2 1,true,75,66,84,NA,NA,NA,NA,NA,"Other Economics/Welfare/Growth,American Economic Review,2024-05-15,7/9/2024 9:47:41 AM",690,NA,NA,NA,NA,NA,NA
When do “Nudges” Increase Welfare?,logic_comms,Conditionally accepted,Other: Economics/welfare,growth,policy,global markets and population,Anon. evaluator 2 1,true,70,66,74,NA,NA,NA,NA,NA,"Other Economics/Welfare/Growth,American Economic Review,2024-05-15,7/9/2024 9:47:42 AM",691,NA,NA,NA,NA,NA,NA
When do “Nudges” Increase Welfare?,open_sci,Conditionally accepted,Other: Economics/welfare,growth,policy,global markets and population,Anon. evaluator 2 1,true,97,93,100,NA,NA,NA,NA,NA,"Other Economics/Welfare/Growth,American Economic Review,2024-05-15,7/9/2024 9:54:56 AM",692,NA,NA,NA,NA,NA,NA
When do “Nudges” Increase Welfare?,real_world,Conditionally accepted,Other: Economics/welfare,growth,policy,global markets and population,Anon. evaluator 2 1,true,24,17,32,NA,NA,NA,NA,NA,"Other Economics/Welfare/Growth,American Economic Review,2024-05-15,7/9/2024 9:55:09 AM",693,NA,NA,NA,NA,NA,NA
When do “Nudges” Increase Welfare?,gp_relevance,Conditionally accepted,Other: Economics/welfare,growth,policy,global markets and population,Anon. evaluator 2 1,true,10,1,20,NA,NA,NA,NA,NA,"Other Economics/Welfare/Growth,American Economic Review,2024-05-15,7/9/2024 9:55:36 AM",694,NA,NA,NA,NA,NA,NA
When do “Nudges” Increase Welfare?,merits_journal,Conditionally accepted,Other: Economics/welfare,growth,policy,global markets and population,Anon. evaluator 2 1,true,3.7,3.3,4.1,NA,NA,NA,NA,NA,"Other Economics/Welfare/Growth,American Economic Review,2024-05-15,7/9/2024 9:56:03 AM",695,NA,NA,NA,NA,NA,NA
When do “Nudges” Increase Welfare?,journal_predict,Conditionally accepted,Other: Economics/welfare,growth,policy,global markets and population,Anon. evaluator 2 1,true,4.4,4,4.9,NA,NA,NA,NA,NA,"Other Economics/Welfare/Growth,American Economic Review,2024-05-15,7/9/2024 9:56:17 AM",696,NA,NA,NA,NA,NA,NA
When do “Nudges” Increase Welfare?,journal_predict,Conditionally accepted,Other: Economics/welfare,growth,policy,global markets and population,Anon. evaluator 1,true,4,3.5,4.2,NA,false,NA,NA,NA,"Other Economics/Welfare/Growth,American Economic Review,2024-05-15,7/2/2024 10:55:55 AM",697,NA,NA,NA,NA,NA,NA
When do “Nudges” Increase Welfare?,merits_journal,Conditionally accepted,Other: Economics/welfare,growth,policy,global markets and population,Anon. evaluator 1,true,4,4,5.0,NA,false,NA,NA,NA,"Other Economics/Welfare/Growth,American Economic Review,2024-05-15,7/2/2024 10:57:18 AM",698,NA,NA,NA,NA,NA,NA
When do “Nudges” Increase Welfare?,adv_knowledge,Conditionally accepted,Other: Economics/welfare,growth,policy,global markets and population,Anon. evaluator 1,true,15,10,20,NA,NA,NA,NA,NA,"Other Economics/Welfare/Growth,American Economic Review,2024-05-15,7/9/2024 9:38:55 AM",699,NA,NA,NA,NA,NA,NA
When do “Nudges” Increase Welfare?,methods,Conditionally accepted,Other: Economics/welfare,growth,policy,global markets and population,Anon. evaluator 1,true,80,50,90,NA,NA,NA,NA,NA,"Other Economics/Welfare/Growth,American Economic Review,2024-05-15,7/9/2024 9:39:28 AM",700,NA,NA,NA,NA,NA,NA
When do “Nudges” Increase Welfare?,logic_comms,Conditionally accepted,Other: Economics/welfare,growth,policy,global markets and population,Anon. evaluator 1,true,85,75,90,NA,NA,NA,NA,NA,"Other Economics/Welfare/Growth,American Economic Review,2024-05-15,7/9/2024 9:39:58 AM",701,NA,NA,NA,NA,NA,NA
When do “Nudges” Increase Welfare?,open_sci,Conditionally accepted,Other: Economics/welfare,growth,policy,global markets and population,Anon. evaluator 1,true,95,90,100,NA,NA,NA,NA,NA,"Other Economics/Welfare/Growth,American Economic Review,2024-05-15,7/9/2024 9:40:15 AM",702,NA,NA,NA,NA,NA,NA
When do “Nudges” Increase Welfare?,real_world,Conditionally accepted,Other: Economics/welfare,growth,policy,global markets and population,Anon. evaluator 1,true,15,10,20,NA,NA,NA,NA,NA,"Other Economics/Welfare/Growth,American Economic Review,2024-05-15,7/9/2024 9:44:28 AM",703,NA,NA,NA,NA,NA,NA
When do “Nudges” Increase Welfare?,gp_relevance,Conditionally accepted,Other: Economics/welfare,growth,policy,global markets and population,Anon. evaluator 1,true,15,10,20,NA,NA,NA,NA,NA,"Other Economics/Welfare/Growth,American Economic Review,2024-05-15,7/9/2024 9:44:48 AM",704,NA,NA,NA,NA,NA,NA
Willful Ignorance and Moral Behavior,adv_knowledge,Working paper/mimeo; not published in a peer-reviewed journal,Markets for products with large externalities (focus: animal agriculture),Joshua Tasoff,false,75,33,92,NA,NA,NA,NA,NA,Attitudes & behaviors,WP,2024-08-07,9/24/2024 3:34:35 PM,705,NA,NA,NA,NA,NA,NA
Willful Ignorance and Moral Behavior,methods,Working paper/mimeo; not published in a peer-reviewed journal,Markets for products with large externalities (focus: animal agriculture),Joshua Tasoff,false,60,20,80,NA,NA,NA,NA,NA,Attitudes & behaviors,WP,2024-08-07,9/24/2024 3:35:31 PM,706,NA,NA,NA,NA,NA,NA
Willful Ignorance and Moral Behavior,logic_comms,Working paper/mimeo; not published in a peer-reviewed journal,Markets for products with large externalities (focus: animal agriculture),Joshua Tasoff,false,75,33,92,NA,NA,NA,NA,NA,Attitudes & behaviors,WP,2024-08-07,9/24/2024 3:36:04 PM,707,NA,NA,NA,NA,NA,NA
Willful Ignorance and Moral Behavior,open_sci,Working paper/mimeo; not published in a peer-reviewed journal,Markets for products with large externalities (focus: animal agriculture),Joshua Tasoff,false,75,33,92,NA,NA,NA,NA,NA,Attitudes & behaviors,WP,2024-08-07,9/24/2024 3:36:22 PM,708,NA,NA,NA,NA,NA,NA
Willful Ignorance and Moral Behavior,real_world,Working paper/mimeo; not published in a peer-reviewed journal,Markets for products with large externalities (focus: animal agriculture),Joshua Tasoff,false,75,33,92,NA,NA,NA,NA,NA,Attitudes & behaviors,WP,2024-08-07,9/24/2024 3:37:00 PM,709,NA,NA,NA,NA,NA,NA
Willful Ignorance and Moral Behavior,gp_relevance,Working paper/mimeo; not published in a peer-reviewed journal,Markets for products with large externalities (focus: animal agriculture),Joshua Tasoff,false,75,33,92,NA,NA,NA,NA,NA,Attitudes & behaviors,WP,2024-08-07,9/24/2024 3:37:00 PM,710,NA,NA,NA,NA,NA,NA
Willful Ignorance and Moral Behavior,overall,Working paper/mimeo; not published in a peer-reviewed journal,Markets for products with large externalities (focus: animal agriculture),Joshua Tasoff,false,90,75,96,NA,NA,NA,NA,NA,Attitudes & behaviors,WP,2024-08-07,9/24/2024 3:37:27 PM,711,NA,NA,NA,NA,NA,NA
Willful Ignorance and Moral Behavior,adv_knowledge,Working paper/mimeo; not published in a peer-reviewed journal,Markets for products with large externalities (focus: animal agriculture),Romain Espinosa,false,85,80,90,NA,NA,NA,NA,NA,Attitudes & behaviors,WP,2024-08-07,9/24/2024 3:37:52 PM,712,NA,NA,NA,NA,NA,NA
Willful Ignorance and Moral Behavior,methods,Working paper/mimeo; not published in a peer-reviewed journal,Markets for products with large externalities (focus: animal agriculture),Romain Espinosa,false,85,80,90,NA,NA,NA,NA,NA,Attitudes & behaviors,WP,2024-08-07,9/24/2024 3:37:52 PM,713,NA,NA,NA,NA,NA,NA
Willful Ignorance and Moral Behavior,logic_comms,Working paper/mimeo; not published in a peer-reviewed journal,Markets for products with large externalities (focus: animal agriculture),Romain Espinosa,false,85,80,90,NA,NA,NA,NA,NA,Attitudes & behaviors,WP,2024-08-07,9/24/2024 3:37:52 PM,714,NA,NA,NA,NA,NA,NA
Willful Ignorance and Moral Behavior,open_sci,Working paper/mimeo; not published in a peer-reviewed journal,Markets for products with large externalities (focus: animal agriculture),Romain Espinosa,false,50,50,50,NA,NA,NA,NA,NA,Attitudes & behaviors,WP,2024-08-07,9/24/2024 3:37:52 PM,715,NA,NA,NA,NA,NA,NA
Willful Ignorance and Moral Behavior,real_world,Working paper/mimeo; not published in a peer-reviewed journal,Markets for products with large externalities (focus: animal agriculture),Romain Espinosa,false,90,85,95,NA,NA,NA,NA,NA,Attitudes & behaviors,WP,2024-08-07,9/24/2024 3:37:52 PM,716,NA,NA,NA,NA,NA,NA
Willful Ignorance and Moral Behavior,gp_relevance,Working paper/mimeo; not published in a peer-reviewed journal,Markets for products with large externalities (focus: animal agriculture),Romain Espinosa,false,100,100,100,NA,NA,NA,NA,NA,Attitudes & behaviors,WP,2024-08-07,9/24/2024 3:37:52 PM,717,NA,NA,NA,NA,NA,NA
Willful Ignorance and Moral Behavior,overall,Working paper/mimeo; not published in a peer-reviewed journal,Markets for products with large externalities (focus: animal agriculture),Romain Espinosa,false,88,83,93,NA,NA,NA,NA,NA,Attitudes & behaviors,WP,2024-08-07,9/24/2024 3:37:52 PM,718,NA,NA,NA,NA,NA,NA
Zero-Sum Thinking,the Evolution of Effort-Suppressing Beliefs,and Economic Development,methods,Revise and resubmit,Economic development & governance (LMICs),Evaluator 1,true,21,10,33,NA,NA,NA,NA,NA,Attitudes & behaviors,"WP,2024-09-12,9/24/2024 3:08:01 PM",719,NA,NA,NA,NA,NA,NA
Zero-Sum Thinking,the Evolution of Effort-Suppressing Beliefs,and Economic Development,logic_comms,Revise and resubmit,Economic development & governance (LMICs),Evaluator 1,true,80,70,90,NA,NA,NA,NA,NA,Attitudes & behaviors,"WP,2024-09-12,9/24/2024 3:11:35 PM",720,NA,NA,NA,NA,NA,NA
Zero-Sum Thinking,the Evolution of Effort-Suppressing Beliefs,and Economic Development,open_sci,Revise and resubmit,Economic development & governance (LMICs),Evaluator 1,true,78,70,85,NA,NA,NA,NA,NA,Attitudes & behaviors,"WP,2024-09-12,9/24/2024 3:11:52 PM",721,NA,NA,NA,NA,NA,NA
Zero-Sum Thinking,the Evolution of Effort-Suppressing Beliefs,and Economic Development,adv_knowledge,Revise and resubmit,Economic development & governance (LMICs),Evaluator 2,true,25,15,35,NA,NA,NA,NA,NA,Attitudes & behaviors,"WP,2024-09-12,9/24/2024 3:15:44 PM",722,NA,NA,NA,NA,NA,NA
Zero-Sum Thinking,the Evolution of Effort-Suppressing Beliefs,and Economic Development,methods,Revise and resubmit,Economic development & governance (LMICs),Evaluator 2,true,25,15,35,NA,NA,NA,NA,NA,Attitudes & behaviors,"WP,2024-09-12,9/24/2024 3:16:36 PM",723,NA,NA,NA,NA,NA,NA
Zero-Sum Thinking,the Evolution of Effort-Suppressing Beliefs,and Economic Development,logic_comms,Revise and resubmit,Economic development & governance (LMICs),Evaluator 2,true,70,60,79,NA,NA,NA,NA,NA,Attitudes & behaviors,"WP,2024-09-12,9/24/2024 3:16:40 PM",724,NA,NA,NA,NA,NA,NA
Zero-Sum Thinking,the Evolution of Effort-Suppressing Beliefs,and Economic Development,open_sci,Revise and resubmit,Economic development & governance (LMICs),Evaluator 2,true,80,70,90,NA,NA,NA,NA,NA,Attitudes & behaviors,"WP,2024-09-12,9/24/2024 3:16:40 PM",725,NA,NA,NA,NA,NA,NA
Zero-Sum Thinking,the Evolution of Effort-Suppressing Beliefs,and Economic Development,real_world,Revise and resubmit,Economic development & governance (LMICs),Evaluator 2,true,50,40,60,NA,NA,NA,NA,NA,Attitudes & behaviors,"WP,2024-09-12,9/24/2024 3:17:49 PM",726,NA,NA,NA,NA,NA,NA
Zero-Sum Thinking,the Evolution of Effort-Suppressing Beliefs,and Economic Development,gp_relevance,Revise and resubmit,Economic development & governance (LMICs),Evaluator 2,true,50,40,60,NA,NA,NA,NA,NA,Attitudes & behaviors,"WP,2024-09-12,9/24/2024 3:17:49 PM",727,NA,NA,NA,NA,NA,NA
Zero-Sum Thinking,the Evolution of Effort-Suppressing Beliefs,and Economic Development,overall,Revise and resubmit,Economic development & governance (LMICs),Evaluator 2,true,40,30,50,NA,NA,NA,NA,NA,Attitudes & behaviors,WP,728,NA,NA,NA,NA,NA,NA
