paper,metric,midpoint,lower_bound,upper_bound,rationale
Acemoglu et al. 2024,overall,89,83,94,"A large, carefully executed online-and-field experimental study with administrative outcomes, preregistration, and clear mechanisms. Effects are policy-relevant and credibly estimated. Minor caveats: bundled field treatments (no placebo), potential spatial spillovers, and uncertain code/data release. Overall equals mean of other midpoints."
Acemoglu et al. 2024,claims_evidence,90,80,95,Claims are clearly stated and tightly linked to evidence: belief correction and opposition vote-share increases. Online placebo addresses demand effects; field outcomes use admin data. Heterogeneity aligns with mechanism (larger effects among misperceivers/government areas). Extrapolations to other regimes are cautious but still context-bound.
Acemoglu et al. 2024,methods,88,82,93,"Strong design: neighborhood randomization, 2SLS on completion, balance checks, robust controls, clustered SEs, preregistered analysis choices, and admin outcomes. Online design includes placebos. Limitations: no field placebo, possible spillovers/SUTVA violations, limited discussion of multiple-testing, and external validity beyond Izmir/Türkiye."
Acemoglu et al. 2024,advancing_knowledge,92,86,97,"Provides rare causal evidence that correcting institutional misperceptions can shift votes under competitive authoritarianism, combining belief changes with administrative vote outcomes and suggestive persistence to municipal elections. Scales up prior persuasion/corruption literatures and refines mechanisms (credibility, canvasser affiliation)."
Acemoglu et al. 2024,logic_communication,90,84,95,"Clear motivation, definitions, and transparent reasoning. Assumptions and design choices are explained; robustness and heterogeneity are thoughtfully presented. Conclusions match evidence, with scope conditions noted. Figures/tables aid interpretation; minor overreach risks are flagged as future research."
Acemoglu et al. 2024,open_science,78,65,88,"IRB approvals and AEA registry are in place; instruments and admin data sources are documented, and supplementary materials are noted. It is unclear if full de-identified data and replication code are publicly posted; field logs’ availability is uncertain. Overall solid but short of best-in-class openness."
Acemoglu et al. 2024,global_relevance,93,87,98,"Directly relevant to strengthening democracy under authoritarianism—a top global priority. Practical, scalable insights for nonpartisan information campaigns; quantifies effects on actual votes. Findings can inform policy actors, NGOs, and donors, with clear communication of implications and limits."
Aghion et al. 2017,overall,77,70,85,"Agenda-setting theory integrating automation, Baumol effects, and AI-in-ideas. Clear and insightful with broad relevance. Limitations include exogenous automation, sparse empirical validation, and minimal open-science artifacts. Strong overall but not top-tier on methods/open-science."
Aghion et al. 2017,claims_evidence,82,72,90,"Main questions are explicit; claims are carefully framed as exploratory. Evidence is theoretical with calibrated/simulated illustrations; caveats are clear. No causal identification or new empirical tests, but characterization of evidence is accurate for an agenda-setting theory paper."
Aghion et al. 2017,methods,78,68,87,"Solid growth-theory modeling (Zeira-style tasks, CES, Baumol, idea production). Assumptions are stated; explores parameter regimes. However, automation is exogenous, some knife-edge/balanced-growth cases, and limited robustness/sensitivity or microfoundations for key mechanisms."
Aghion et al. 2017,advancing_knowledge,90,82,97,"Substantially shaped the AI-and-growth agenda: links automation to Baumol, formalizes AI-in-ideas, and clarifies singularity conditions. Spurred follow-on theory and empirical work; remains influential and relevant to impactful research directions."
Aghion et al. 2017,logic_communication,88,80,94,Clear structure and transparent reasoning. Assumptions and mechanisms are explained with intuition and equations; conclusions align with presented models. Writing is accessible for economists and adjacent audiences.
Aghion et al. 2017,open_science,40,25,55,"Primarily theoretical; no data/code or replication package. Derivations are reproducible from text, but no shared tools, datasets, or preregistration. Limited open, collaborative artifacts."
Aghion et al. 2017,global_relevance,84,74,92,"Highly relevant to global priorities: growth, labor/capital shares, inequality, firm dynamics, and potential AI singularities. Offers frameworks and policy-relevant considerations, though lacks quantified policy evaluation or cost-benefit estimates."
Akram et al. 2017,overall,86,80,92,"Arithmetic mean of six metrics. A rare, well-executed saturation RCT quantifying general-equilibrium effects of seasonal migration subsidies. Strong design, rich multi-source data, coherent findings, and clear policy relevance. Uncertainty mainly from open-science limitations and context-specific external validity."
Akram et al. 2017,claims_evidence,90,82,95,"Clear questions on spillovers; strong randomized saturation design; multiple complementary data sources (high-frequency households, employers, shopkeepers) and coherent cross-checks. Effects are carefully characterized with appropriate caveats and robustness. Claims match the strength and nature of evidence."
Akram et al. 2017,methods,92,85,96,"Cluster-saturation RCT with credible IV first stages; high-frequency measurement; appropriate clustering and village-level analysis; pre-registration. Tests wage, hours, and price channels; addresses threats (selection on timing, nearby markets). Minor weaknesses: some recall-based employer data; timing delays."
Akram et al. 2017,advancing_knowledge,88,78,94,"Among the first credible GE estimates of rural wage, hours, and price effects from seasonal migration, informing labor-market elasticity and mobility-policy debates. High influence and practical insights. tempered by external-validity/context-specific concerns and later mixed results in related programs."
Akram et al. 2017,logic_communication,86,78,92,"Goals and concepts are well articulated; a simple model organizes channels; assumptions are explicit; tables align with narrative. The long, multi-part paper adds complexity but reasoning remains transparent and consistent."
Akram et al. 2017,open_science,70,58,82,"Registered RCT; disclosures and clear data provenance. However, no clearly available public replication package/data/code is indicated; multi-instrument, multi-survey design adds replication burden. Documentation is solid but openness is moderate."
Akram et al. 2017,global_relevance,90,82,95,"Directly relevant to seasonal hunger, rural labor markets, and internal migration—central to global development priorities. Provides quantified effects (wages, hours, prices, incomes) useful for policy design and scale-up decisions; communicates implications clearly."
Alatas et al. 2019,overall,85,78,91,"Strong causal design, clear claims, and decision-relevant insights for public health communication. Largest weaknesses are replication constraints (proprietary Twitter data) and modest, mostly suggestive offline effects. Overall uses arithmetic mean of component midpoints."
Alatas et al. 2019,claims_evidence,86,78,92,"Questions are explicit; online endorsement effects are causally identified. Offline belief/behavior results are framed as suggestive with appropriate caution. Evidence aligns with claims, separating reach vs endorsement and testing source citation and exposure."
Alatas et al. 2019,methods,88,82,94,"Randomization of authorship, timing, sources, and forced-retweets tightly identifies mechanisms; fixed effects and Poisson models appropriate. Addresses key confounds (selection, visibility counts). Pre-registered and IRB-approved. Limits: platform-specific external validity, some measurement constraints."
Alatas et al. 2019,advancing_knowledge,90,84,96,"Provides rare causal evidence on influencer endorsement vs reach, effects of source citation, and exposure non-linearities. Scalable policy implications for campaign design. Serves as a benchmark for social media RCTs in public health."
Alatas et al. 2019,logic_communication,85,78,91,"Well-structured narrative, transparent assumptions, and clear linkage from design to inference. Equations and identification logic are explicit. Dense in places but internally consistent and readable."
Alatas et al. 2019,open_science,70,58,78,"AEARCTR registration and detailed methods enhance credibility. However, Firehose data are proprietary; full replication and data sharing likely limited; code/data availability not clearly public. Documentation is strong."
Alatas et al. 2019,global_relevance,88,80,94,High policy relevance for vaccination and health communication in LMICs and beyond. Actionable insights on influencer use and message design with quantified effects useful to practitioners and policymakers.
Alcott et al. 2024,overall,86,80,92,"Strong theoretical contribution with careful empirical implementation and open materials. Main limitations are external validity of online experiments, reliance on bias proxies in one setting, and absence of a pre-analysis plan. Overall quality is high and decision-relevant."
Alcott et al. 2024,claims_evidence,86,78,92,"Claims are clearly stated, theoretically grounded, and matched to evidence. Authors quantify uncertainty, heterogeneity, and targeting. They are cautious about external validity and interpretive scope. Some treatment heterogeneity estimates are imprecise and experiments are not fully naturalistic."
Alcott et al. 2024,methods,85,76,91,"Well-justified sufficient-statistics welfare framework with clear assumptions; appropriate mixed-effects estimation; careful use of pass-through/markup evidence. Robustness explored. Limitations: potential demand effects, measurement error in bias proxies, no PAP (though trials registered), and simplified settings."
Alcott et al. 2024,advancing_knowledge,90,84,96,Provides a portable framework highlighting variance/targeting in welfare from nudges and interactions with taxes/pass-through—an important shift beyond average effects. Likely to influence behavioral public economics and policy evaluation across domains.
Alcott et al. 2024,logic_communication,90,85,95,Excellent clarity and structure. Assumptions and limitations are explicit; figures and derivations align with narrative; conclusions track evidence. Writing is precise and accessible to policy and research audiences.
Alcott et al. 2024,open_science,85,78,92,"IRB approvals, trial registrations, and replication files are provided; data/code availability is stated. No pre-analysis plan (argued as impractical) slightly reduces score but transparency is generally strong."
Alcott et al. 2024,global_relevance,78,68,86,"Findings are broadly relevant for policy design using nudges and taxes (e.g., labels, SSB taxes). Practical guidance on when nudges may reduce welfare. Empirical settings are US-centric and stylized, limiting immediate applicability in diverse contexts."
Angrist et al. 2023,overall,85,82,90,"A strong multi-country RCT with clear learning gains, cost-effectiveness, and policy relevance. Methods and claims are well-supported; external validity and government delivery evidence add value. Communication is clear. Open-science practices appear moderate. Overall quality is high and decision-relevant."
Angrist et al. 2023,claims_evidence,88,80,94,"Core claims (0.30–0.35 SD impacts, scalability, cost-effectiveness, government vs NGO parity) are carefully stated and supported by randomized designs, pooled and country-specific estimates, and robustness checks. Evidence on teacher beliefs, non-cognitive outcomes, and typhoon quasi-experiment is additive. Some claims (top percentile cost-effectiveness) rely on external benchmarks and assumptions but are transparent."
Angrist et al. 2023,methods,86,78,92,"Five RCTs, appropriate stratification, clustering, balance and attrition checks, and sensible pooling. Validation of phone assessments, heterogeneity, and robustness analyses strengthen credibility. Some variation in randomization units and complex implementation; multiple outcomes without strong MHT adjustments or explicit pre-registration limit top marks."
Angrist et al. 2023,advancing_knowledge,92,85,97,"Rare multi-country, multi-model RCT during emergencies; credible evidence on scalability and government delivery; contributes to external validity and measurement (phone assessments). Quantified cost-effectiveness (LAYS) is highly decision-relevant. Provides useful parameters for education-in-emergencies and tutoring-at-scale."
Angrist et al. 2023,logic_communication,84,76,90,"Research questions, setup, and results are clearly expressed; logic from evidence to conclusions is generally tight. Figures/tables and narrative align. Long paper with many moving parts; occasional density and reliance on appendices for details slightly reduce accessibility."
Angrist et al. 2023,open_science,62,45,75,"Methods and instruments are well-described, aiding reproducibility. However, as an NBER working paper, public availability of data/code and pre-registration/PAP are not clearly documented. Multi-partner setup suggests data exist, but open materials are not prominently provided."
Angrist et al. 2023,global_relevance,96,90,99,"Directly addresses education in emergencies across LMICs, with scalable, low-cost interventions and government delivery. Provides actionable effect sizes and cost metrics; informs policy under shocks (pandemic, typhoon). High uptake and feasibility enhance practitioner usefulness."
Arora et al. 2023,overall,80,72,88,"Strong, well-executed empirical study with novel measurement and credible identification; extensive robustness and clear theory link. Some residual concerns about IV exogeneity/common-trend assumptions, measurement error in “relevance” mapping, and U.S.-specific institutions. Limited open-science materials. Findings are important for policy and theory."
Arora et al. 2023,claims_evidence,84,76,90,"Research questions are clear; claims are aligned with evidence. They carefully distinguish three channels (knowledge, human capital, inventions), use multiple outcomes, and characterize findings with appropriate caveats and heterogeneity. Effect magnitudes are transparently reported. Some generalizability limits outside the U.S. and life sciences are noted."
Arora et al. 2023,methods,86,78,92,"Sound design: firm-level shift-share IV using predicted agency R&D budgets from committee composition; strong first stages; rich controls and FE; multiple alternative instruments/measures; CF-IV Poisson. Assumptions are plausible yet not bulletproof (exposure-shares exogeneity, political instruments exclusion). Measurement via SPECTER is innovative but noisy."
Arora et al. 2023,advancing_knowledge,88,80,94,Substantive contribution: decomposes public science into knowledge/people/inventions; reconciles mixed prior findings; informs growth theory and science policy. New linkages and heterogeneity (frontier vs follower; industry) add value. Likely to influence future work and policy debates.
Arora et al. 2023,logic_communication,86,80,92,Clear conceptual framework with testable predictions; logical flow from theory to empirics; tables/appendices support arguments; limitations discussed. Dense but readable; transparent about identification strategy and robustness.
Arora et al. 2023,open_science,55,40,70,"Data sources documented; some components public (e.g., DISCERN link), but key inputs are proprietary (Dimensions, AMWS), and replication package/code not clearly provided. Complex linkages hinder reproducibility despite detailed appendices."
Arora et al. 2023,global_relevance,78,68,86,"Highly relevant for science/innovation policy and corporate R&D strategy; informs funding and tech-transfer debates. Evidence is U.S.-centric with institutional specificity (appropriations, Bayh-Dole), but lessons likely generalizable with caution to other R&D systems."
Bahar et al. 2022,overall,81,74,88,"Averaging strong methods, clear claims, and high global relevance with weaker open-science practices yields a solid overall standing. The paper’s identification and complementary analyses are standout strengths; openness limits replication ease."
Bahar et al. 2022,claims_evidence,85,75,92,"Core questions are explicit; claims are appropriately scoped (LATE, compliers). Evidence from linked admin data, placebo timing, delayed effects, and heterogeneity supports main claims. Alternative explanations (formalization, selection) are addressed, though some residual selection and measurement concerns remain."
Bahar et al. 2022,methods,90,82,97,"Inventive fuzzy RD using a running-variable instrument (rain), with principled construction of expected instruments and strong first stage. Balance checks, placebos, and panel DiD bolster robustness. Assumptions (exclusion via rain, monotonicity) are plausible but not airtight; nonetheless, design quality is top-tier."
Bahar et al. 2022,advancing_knowledge,85,70,92,First rigorous causal estimate of legalization’s impact on migrant entrepreneurship in a developing-country context; shows convergence to natives and sizeable effects. Introduces a reusable methodological tool. Policy-relevant insights without being merely context-specific.
Bahar et al. 2022,logic_communication,85,75,92,"Goals and assumptions are explicit; formal exposition of the design is careful and consistent. Figures and narrative align; conclusions match evidence. Technical density may challenge some readers, but reasoning is transparent and coherent."
Bahar et al. 2022,open_science,55,40,70,"Administrative data and proprietary weather sources limit direct replication; no clear public replication package is indicated. Methods are described in detail, aiding conceptual reproducibility, but practical reproducibility depends on restricted data access."
Bahar et al. 2022,global_relevance,88,78,95,Highly relevant to migration policy and economic inclusion in LMICs; quantifies impacts on formal entrepreneurship and jobs. Practical takeaways for legalization/amnesty design. Would benefit from explicit cost-benefit or implementation guidance to further aid practitioners.
Banerjee et al 2022,overall,87,83,91,"Innovative, well-justified method plus a large, policy-relevant RCT with careful winner’s-curse adjustment. Strong simulations and credible application yield actionable findings. Limitations: reliance on strong assumptions (e.g., beta-min, homoskedasticity, K<n), dense exposition, and moderate openness. Overall reflects mean of component scores."
Banerjee et al 2022,claims_evidence,88,82,93,"Main questions and claims are explicit; evidence combines a large factorial RCT, validated admin data, rigorous TVA selection, simulations (incl. robustness regimes), and winner’s-curse-corrected estimates. Authors characterize assumptions and scope. Residual concerns: dependence on asymptotics and strong selection assumptions."
Banerjee et al 2022,methods,90,85,95,"Methodology is novel and well-justified: Puffer-LASSO to address irrepresentability, principled pooling/pruning via Hasse lattice, post-selection OLS, and hybrid correction. Simulations probe regimes. Assumptions (homoskedasticity, K<n, beta-min) and strict penalty choices are defensible but somewhat restrictive."
Banerjee et al 2022,advancing_knowledge,92,87,97,Introduces TVA—a broadly useful approach to selecting among many policy bundles—and shows how to adjust estimated best-policy effects. Advances practice for factorial designs and informs immunization policy (ambassadors × reminders × incentives). Likely to influence future experimental design and policy selection.
Banerjee et al 2022,logic_communication,84,78,90,"Reasoning is largely transparent with clear objectives, assumptions, and derivations; algorithms and appendices aid understanding. Writing is dense and highly technical, which may limit accessibility for some practitioners. Conclusions align with evidence and are carefully qualified."
Banerjee et al 2022,open_science,72,62,82,"Administrative data system described and validated; extensive appendices. Some pre-specification is referenced. However, full data/code availability is unclear and may be constrained; replication might require privileged access. Overall moderate openness and reproducibility."
Banerjee et al 2022,global_relevance,95,90,99,Targets high-priority global health (childhood immunization) with scalable nudges; provides quantified effectiveness and cost-effectiveness. Method generalizes to other policy domains where many variants must be compared quickly. Communication is decision-relevant for policymakers.
Banerjee et al. 2023,overall,87,83,91,"Exceptional large-scale RCT with strong design, careful interpretation, and high policy salience. Results are short-term in a long-horizon study; some outcomes underpowered (e.g., prices, cross-village spillovers) and open-science artifacts not fully evident yet. Arithmetic mean of category midpoints reflects balanced strengths across methods, evidence, knowledge gains, and relevance."
Banerjee et al. 2023,claims_evidence,86,80,92,"Clear questions; claims appropriately scoped to short-term results. Strong triangulation across enterprise census, household surveys, and market measures; careful with significance and nulls. Sensibly compares arms and uses theory for interpretation without overclaiming. COIs disclosed; pre-specification mitigates QRP. Some outcomes rely on self-reports (e.g., land values)."
Banerjee et al. 2023,methods,88,82,93,"Rigorous village-level RCT, universal adult treatment, preregistered outcome families, low attrition, ITT focus, Conley SEs, and sensible cross-arm tests. Robustness and design transparency are strong. Limitations: power for price/spillover estimates, many outcomes with limited MHT correction, reliance on self-reports for some key variables."
Banerjee et al. 2023,advancing_knowledge,93,89,97,"Largest UBI RCT to date; novel comparison of long-term UBI vs short-term stream vs lump-sum with equilibrium outcomes. Offers credible evidence on labor, enterprise dynamics, mental health, and design (tranching) implications. Provides a simple, informative model linking findings to savings/credit frictions and lumpy investment."
Banerjee et al. 2023,logic_communication,90,84,94,"Goals, concepts, and assumptions are explicit; narrative is coherent and consistent with results. Tables and outcome definitions are clear; limitations and uncertainty are acknowledged. Dense presentation given study breadth, but reasoning remains transparent and careful."
Banerjee et al. 2023,open_science,72,60,82,"Pre-registration and IRB approvals; design and measures described in detail. Administrative data use is clear; COIs disclosed. Public availability of data/code not evident in the text; replication may require restricted access and is nontrivial. Overall good, not top-tier, openness so far."
Banerjee et al. 2023,global_relevance,95,91,98,"Highly relevant to global antipoverty policy and UBI/cash-transfer design. Direct implications for tranching, savings constraints, and enterprise formation in LMICs. Communicated in a way policymakers can use. External validity beyond rural Kenya warrants caution but policy salience is very high."
Barberio et al. 2022,overall,72,61,83,"High policy relevance and clear reasoning with solid simulation design and sensitivity checks. However, heavy reliance on uncertain assumptions (prices, outbreak frequencies, demand) and modest openness temper confidence. Extends prior megafund work rather than a fundamental methodological advance."
Barberio et al. 2022,claims_evidence,75,65,85,"Main questions are explicit; claims are appropriately modest. Evidence is extensive Monte Carlo with calibrated parameters and broad sensitivity analyses; limitations and assumptions are acknowledged. Nonetheless, conclusions rest on simulation rather than empirical validation, and demand/price assumptions could drive results."
Barberio et al. 2022,methods,70,60,80,"Reasonable, transparent Monte Carlo framework; biologically informed correlation structure; detailed cost modeling; multiple sensitivity checks. Assumptions (e.g., outbreak processes, independence for disease X) are strong; no external validation against historical vaccine program outcomes; limited exploration of alternative trial designs beyond HCTs."
Barberio et al. 2022,advancing_knowledge,72,60,82,"Adds mRNA-specific PoS/manufacturing costs, richer revenue modeling, and clearer cost breakdowns versus prior megafund analyses. Identifies price per dose as key driver and quantifies public-funding needs. Useful for policy, though largely an incremental extension rather than a breakthrough."
Barberio et al. 2022,logic_communication,80,70,90,"Well structured, clearly written, with coherent argumentation linking assumptions to results and conclusions. Figures/tables support the narrative; limitations are stated. Minor typos aside, reasoning is transparent and conclusions align with evidence."
Barberio et al. 2022,open_science,50,35,65,"Sources are cited and supplementary methods are described, but no public code or full data repository is evident; several inputs rely on expert elicitation. Replication would be feasible with effort but not turnkey."
Barberio et al. 2022,global_relevance,85,75,95,"Directly addresses pandemic preparedness financing and vaccine ecosystem sustainability. Provides actionable insights (e.g., pricing, AMCs, public–private roles) with quantified implications. Highly pertinent to global health policy and funding decisions."
Barker et al. 2021,overall,81,72,89,"Strong multisite RCT with clear short-run impacts and thoughtful heterogeneity analysis; theory–evidence alignment is good. Main limitations are short follow-up, reliance on self-reports, and weaker open-science practices. Overall is the rounded mean of other midpoints."
Barker et al. 2021,claims_evidence,86,78,93,"Research questions and claims are clear and appropriately bounded to 2–3 months. Evidence is strong: randomized design, indices, RI p-values, and well-motivated heterogeneity. Authors fairly characterize scope and limits (e.g., persistence unknown)."
Barker et al. 2021,methods,82,73,90,"Large, well-executed RCT with re-randomization, baseline adjustment, RI p-values, and LASSO with holdout for heterogeneity. Indices mitigate multiplicity. Constraints: short time horizon, mostly self-reported outcomes, few objective measures, prereg/PAP not clearly documented."
Barker et al. 2021,advancing_knowledge,83,74,90,Shifts the conversation from targeted therapy to general-population human capital; introduces vulnerability/bandwidth pathways and contrasts with prior nulls. Policy-relevant model using lay counselors. Uncertain long-run effects temper the contribution.
Barker et al. 2021,logic_communication,85,76,92,Clear narrative from CBT theory to testable implications; assumptions explicit; analysis steps and heterogeneity logic are transparent. Conclusions track the evidence and note limits. Minor concern: heavy reliance on self-reports.
Barker et al. 2021,open_science,62,45,75,"CBT manual available and design details are clear, aiding reproducibility. However, public data/code, preregistration, and PAP are not clearly provided, limiting full replication and reuse."
Barker et al. 2021,global_relevance,88,79,95,"Addresses a major LMIC priority with scalable delivery (lay counselors, integration with service corps). Short-run improvements in health and skills are decision-relevant. Lack of cost-effectiveness and long-term outcomes modestly reduces immediate policy actionability."
Bergeron et al. 2024,overall,81,74,88,"Strong, well-argued theory linked to multi-context evidence (DRC + WVS). Novel predictions (welfare vs. well-being divergence) borne out. Main limitations are observational identification and unclear data/code availability for the DRC component."
Bergeron et al. 2024,claims_evidence,85,75,92,"Core claims are clearly stated and repeatedly tested. Multiple validation steps (vignettes, historical growth/rainfall correlations, homophily checks). Results are consistent and sizable. However, most evidence is correlational and relies on perceived zero-sumness as a proxy for actual environments."
Bergeron et al. 2024,methods,80,70,88,"Elegant evolutionary model with clear comparative statics and robustness. Empirics use large samples, PCA indices, FE controls, and sensible validations. Still, limited causal identification, potential measurement error in θ and α, and no systematic multiple-testing adjustments."
Bergeron et al. 2024,advancing_knowledge,90,82,96,"Conceptual advance connecting zero-sum environments to the evolution of effort-suppressing beliefs with testable, distinctive predictions. Bridges theory and broad-based evidence; complements and extends prior work (e.g., Gershman). Likely to shape future research agendas."
Bergeron et al. 2024,logic_communication,88,80,94,"Clear exposition of assumptions, mechanisms, and proofs. Empirical strategy and limitations are transparent. Writing is careful; figures/tables align with arguments. Historical implications are framed as suggestive, not definitive."
Bergeron et al. 2024,open_science,55,40,70,"WVS is public and methods are described. Availability of the original DRC data/code is unclear in the text; full reproducibility may be limited. Appendices appear thorough, but open materials and pipelines are not prominently documented."
Bergeron et al. 2024,global_relevance,88,80,95,"Directly relevant to development, culture, and policy. Insights generalize across contexts and link beliefs, welfare, and well-being. Actionability is tempered by observational designs, but implications for reducing zero-sum conditions are important."
Bettle 2023,overall,71,60,80,"A clear, practice-oriented methodological guide applying Type M/S and external-validity considerations to CEA. Strong on clarity and usefulness; methods are sound but largely syntheses with limited novel empirics or materials. Overall set to the mean of component scores."
Bettle 2023,claims_evidence,72,60,82,"States questions explicitly (Type M/S errors, generalisability), grounds claims in established statistical literature, and characterizes evidence appropriately. Reliance is mostly on conceptual/theoretical arguments and cited work rather than new empirical validation."
Bettle 2023,methods,70,58,80,"Uses reasonable, well-justified frameworks (Gelman-Carlin Type M/S, external validity heuristics). Assumptions are explicit; robustness discussed qualitatively with a worked example. Limited formal sensitivity analyses or prereg since it’s methodological rather than empirical."
Bettle 2023,advancing_knowledge,68,55,78,"Provides a useful, synthesized framework for discounting CEAs for replicability and generalisability—valuable for practitioners. Contributions are incremental and integrative rather than a major methodological breakthrough."
Bettle 2023,logic_communication,78,68,86,"Well structured with clear definitions, guidance sections, and a worked example. Assumptions are stated and reasoning is easy to follow; conclusions align with the presented arguments."
Bettle 2023,open_science,62,45,75,Cites sources clearly and includes a worked example. Unclear availability of code/data or full replication materials; limited preregistration and multi-specification disclosure given the methodological nature.
Bettle 2023,global_relevance,74,62,84,"Directly relevant to CEAs used in global priorities and policy. Offers practical guidance to reduce overestimation and misgeneralisation risks, improving decision quality for funders and practitioners."
Bhat et al. 2022,overall,88,82,93,"Strong, policy-relevant RCT follow-ups with clear long-run mental-health impacts, careful nulls on economics, and insightful belief-updating results. Transparent analyses, preregistration, and multiple-testing controls bolster credibility. Open-science practices are good but not exemplary (unclear data/code release)."
Bhat et al. 2022,claims_evidence,90,80,95,"Main questions are clear; evidence is strong for HAP and null for THPP, with effects well-characterized. Expert-forecast benchmarking adds value. Precise nulls on labor and consumption are reported candidly. Limitations (power in THPP, measurement issues) are acknowledged."
Bhat et al. 2022,methods,88,80,93,"Two RCTs with 4–5-year follow-up; balanced attrition; DML controls; family-wise multiple-testing adjustments; incentivized tasks; robustness and mediation analyses. Deviations from PAP disclosed; some power limits and measurement quirks (degenerate beliefs, comprehension) remain. Replication materials not clearly available."
Bhat et al. 2022,advancing_knowledge,90,82,96,"Provides rare long-run psychotherapy evidence in LMICs, improves cost-effectiveness estimates, and challenges depressive realism via belief updating. Integrates behavioral science with mental health. Nulls on economic outcomes refine policy expectations."
Bhat et al. 2022,logic_communication,90,84,95,"Goals, concepts, and assumptions are clear; reasoning is transparent and consistent with results. Figures/tables tie well to claims; limitations and external validity are discussed appropriately."
Bhat et al. 2022,open_science,75,60,85,"Pre-registered (AEA), design and analyses are well-documented; multiple-hypothesis procedures specified. However, public availability of data/code is not evident, limiting reproducibility beyond the paper."
Bhat et al. 2022,global_relevance,92,85,97,"Highly relevant to global mental health and poverty policy: scalable, low-cost, non-specialist therapy in India; quantified months of depression averted. Practical implications for health investment and realistic expectations for economic outcomes."
Bhattacharya and Packalen 2020,overall,61,50,72,"Overall is the rounded mean of category midpoints. Clear, policy-relevant synthesis proposing novelty metrics to counter citation-driven conservatism, but with limited new empirical identification and open-science assets."
Bhattacharya and Packalen 2020,claims_evidence,58,45,70,"Ambitious causal claim (citation incentives → stagnation). Provides a simple lifecycle model, historical cases (PCR, CRISPR), literature links, and one bibliometric contrast of novelty vs. citations. Evidence is suggestive rather than decisive; causality is argued, not identified."
Bhattacharya and Packalen 2020,methods,50,38,62,"Primarily a conceptual model plus description of a text-based novelty metric from prior work; minimal new analysis. Assumptions reasonable for an essay, but robustness, identification, and bias controls (PAPs, multiple testing) are absent."
Bhattacharya and Packalen 2020,advancing_knowledge,68,55,78,Frames incentive-based stagnation and proposes actionable ‘edge factor’ metrics; integrates science-of-science literature. Likely to shape evaluation practice and spur follow-on research despite limited empirical heft here.
Bhattacharya and Packalen 2020,logic_communication,72,62,82,"Well-structured narrative; goals and assumptions explicit; arguments largely sound. Some overreach in attributing stagnation causally to citations, but overall transparent and readable."
Bhattacharya and Packalen 2020,open_science,45,30,60,Working paper without released code/data for the illustration; relies on prior datasets and methods. Replication from this document alone would be difficult; limited materials and workflow transparency.
Bhattacharya and Packalen 2020,global_relevance,71,60,82,"Highly relevant to funding, hiring, and evaluation globally; recommendations are legible to policymakers and administrators. Offers practical direction (novelty metrics) though lacks quantified implementation costs/benefits."
Bilal and Kaenzig 2024,overall,89,84,94,"Rounded mean of category midpoints. Very strong empirical and policy-relevant contribution with careful robustness and a sensible structural mapping. Main uncertainties stem from time-series identification limits, potential residual confounding, and simplified structural damages. Open-science practices appear moderate, slightly tempering the overall score."
Bilal and Kaenzig 2024,claims_evidence,92,85,97,"Clear questions and large, concrete claims backed by extensive reduced-form evidence, numerous robustness checks, panel corroboration, and linkage to extremes. They carefully discuss assumptions, persistence, discounting, and sensitivity. Some residual risk of over-interpretation from time-series identification and extrapolation to welfare/SCC, but characterization is generally balanced and transparent."
Bilal and Kaenzig 2024,methods,90,80,95,"Well-justified time-series local projections with Hamilton shocks, rich controls, Driscoll–Kraay inference, Granger tests, reverse-causality adjustments, and alternative samples/filters. Panel confirmation strengthens credibility. Structural mapping via a simple neoclassical model is transparent and conservative. Limits: remaining endogeneity risk, linearity, simplified productivity-only damages, and incomplete adaptation dynamics."
Bilal and Kaenzig 2024,advancing_knowledge,95,90,99,"Major advance reframing macro climate damages by leveraging global temperature variation and linking to extremes and ocean temperatures. Substantially revises SCC and welfare implications, challenges panel-local consensus, and provides policy-relevant estimates. High potential to influence subsequent empirical, structural, and policy work."
Bilal and Kaenzig 2024,logic_communication,90,82,95,"Clear narrative, definitions, and stepwise logic from data to identification, results, mechanisms, and modeling. Assumptions and limitations are stated; figures and robustness are well-aligned with arguments. A few strong headline statements could over-signal certainty, but the body text is measured and transparent."
Bilal and Kaenzig 2024,open_science,70,55,85,"Data sources are public and methods are described in detail; constructs (e.g., exposure indices) are defined clearly, aiding reproducibility. However, explicit availability of replication code/data isn’t stated here; full computational reproducibility may require authors’ materials. Internal consistency checks are strong."
Bilal and Kaenzig 2024,global_relevance,96,90,99,"Directly relevant to global climate policy, SCC setting, and cost-effectiveness of mitigation, including unilateral action. Provides quantified estimates with sensitivity analyses that are interpretable for policymakers while remaining careful about uncertainty and assumptions."
Blimpo and Castaneda-Dower 2025,overall,69,60,78,"Overall strong and policy-relevant RCT with clear narrative and useful insights, tempered by modest sample, missingness on key outcomes, lack of pre-registration/replication package, and limited robustness/MHT. Score is mean of category midpoints."
Blimpo and Castaneda-Dower 2025,claims_evidence,72,60,82,"Main questions and claims are explicit. RCT shows improved knowledge, lower extensive-margin participation, higher activity; IV suggests mechanism via empowerment. Evidence is generally credible, but relies partly on self-reports with partial receipt verification, notable missingness and zero-imputation, some marginal p-values, and no multiple-testing adjustments."
Blimpo and Castaneda-Dower 2025,methods,68,55,80,"Individual-level RCT with good balance checks; ANCOVA and IV are appropriate. However, modest power, substantial missing tax-amount data with zero-imputation, no pre-registration or PAP, limited robustness/MHT, and some constructed indices reduce inferential strength and reproducibility."
Blimpo and Castaneda-Dower 2025,advancing_knowledge,78,65,88,Novel focus on MIEs’ civic information and extensive-margin compliance; counterintuitive yet coherent findings advance understanding of empowerment and sorting in informal taxation. Adds to tax capacity and transparency literatures with practical implications; external validity beyond Lomé plausible but uncertain.
Blimpo and Castaneda-Dower 2025,logic_communication,75,65,85,"Clear goals, definitions, and transparent reasoning. Simple model aligns with results; conclusions mostly match evidence. Writing is structured and accessible. Some measures (knowledge composite) are ad hoc; mechanism evidence is suggestive rather than definitive."
Blimpo and Castaneda-Dower 2025,open_science,40,25,55,"No stated pre-registration, shared data/code, or replication package. Methods and instruments are described, and receipt verification is a plus, but overall replicability and transparency could be improved substantially."
Blimpo and Castaneda-Dower 2025,global_relevance,82,70,92,"Highly relevant to LMIC tax mobilization and state capacity. Produces actionable insights for taxpayer education, targeting, and enforcement design. Lacks cost-effectiveness analysis and detailed implementation guidance; institutional specificity may limit direct transfer."
Bruers 2021,overall,51,40,64,"Default equals mean of the six category midpoints. Innovative question and topic lift impact, but very high hypothetical bias, sample limitations, and sensitivity to exclusions reduce decision-grade reliability. Uncertainty reflects fragility of estimates and narrow geography."
Bruers 2021,claims_evidence,45,30,60,"Main question is clear; evidence comes from a survey with imaginative ‘pill’ scenarios. Authors report medians, means, and sensitivity analyses, and note major limitations. However, strong claims (e.g., costs exceeding climate costs) lean on unstable means and small, skewed samples; medians are often zero. Characterization is cautious in text but bold in abstract."
Bruers 2021,methods,38,25,55,"Contingent valuation with a transformative-experience framing is creative but validity is questionable; large hypothetical bias likely. Sample is small, regional, with many inconsistent responses and extreme outliers; exclusion thresholds are somewhat ad hoc. Some mitigations (cheap talk, certainty scales, randomization, nonparametrics, sensitivity) are used. No preregistration or multiple-testing adjustments reported."
Bruers 2021,advancing_knowledge,62,45,80,"Introduces and operationalizes a non-anthropocentric welfare perspective and quantifies external animal costs; highlights unintended welfare effects of carbon/meat taxes and beef-to-chicken shifts. Even if estimates are not decision-grade, the framework and empirical probe advance debate and future measurement strategies."
Bruers 2021,logic_communication,58,45,70,"Clear theoretical setup with equations, survey design explained, and limitations discussed. Sensitivity analysis and nonparametric tests aid transparency. Some conceptual ambiguity (utility comparability, reference neutrality) and occasional overreach in the abstract; otherwise readable and logically structured."
Bruers 2021,open_science,35,20,55,"Sampling, instruments, and exclusions are described, and some question text is provided. However, no explicit data/code availability or preregistration is indicated; replication would require access to full instrument and raw data. Internal consistency checks help but open materials appear limited."
Bruers 2021,global_relevance,70,55,85,"Animal welfare costs of meat and cross-externality policy design are globally salient. Findings could inform tax design and consumption guidance. External validity is limited (Belgian sample), and quantitative estimates are fragile, which tempers immediate policy use but not overarching relevance."
Buntaine et al. 2023,overall,87,83,91,"Strong, large-scale RCT with clever double randomization, clear results, and policy relevance. Minor caveats: some mechanism evidence is suggestive; replication may be constrained by data access. Overall uses arithmetic mean of component midpoints."
Buntaine et al. 2023,claims_evidence,90,85,95,"Main claims are precise and well-supported by a nationwide RCT, firm-level outcomes, event-study dynamics, and cross-randomized visibility tests. Mechanism tests (likes/shares) and GE design bolster credibility. Some estimates are marginal (10% level) and mechanisms beyond regulator incentives remain partly inferential."
Buntaine et al. 2023,methods,92,88,96,"Design is exemplary: pre-registered, large N, firm-level randomization plus cross-randomized treatment intensity, robust FE, two-way clustering, validation of violations, checks against data manipulation, and heterogeneity analyses. Interference addressed via GE design. Minor residual concerns on external validity and long-run dynamics."
Buntaine et al. 2023,advancing_knowledge,91,85,95,"Offers rare experimental evidence on citizen participation and social media’s causal impact on enforcement at national scale, plus GE effects. Bridges political economy of regulation with environmental outcomes. Provides actionable insights on regulator incentives and deterrence. High added value to environmental governance and development economics."
Buntaine et al. 2023,logic_communication,88,82,93,"Clear articulation of questions, institutions, and hypotheses; transparent reasoning linking incentives to outcomes; consistent results presentation with appropriate caveats. Some sections are dense and mechanisms beyond regulator responsiveness remain partly speculative, but overall logic is coherent and well-documented."
Buntaine et al. 2023,open_science,66,55,78,"Pre-registered (AEARCTR-0005601) with a data appendix and clear methodological descriptions. However, core administrative and social media data are not fully public; replication may require restricted access, and it’s unclear if full code and materials are released. Moderate transparency, limited full reproducibility."
Buntaine et al. 2023,global_relevance,92,87,97,"Addresses a major global health priority (pollution) with scalable, low-cost citizen participation tools. Findings are pertinent to regulators and NGOs in LMICs and beyond, quantifying effects on violations and ambient pollution. Policy-relevant design (official channels, social media) enhances practical usability."
Carson et al. 2023,overall,76,69,84,"Strong, well-executed discrete choice experiments with robust analyses and clear policy implications. Main weaknesses are external validity (hypothetical tasks, response/selective sample), and incomplete openness/preregistration. Overall equals mean of other midpoints."
Carson et al. 2023,claims_evidence,78,70,86,"Claims are focused and appropriate: scientists value dissensus/variance beyond mean scores; expertise amplifies this; tighter budgets dampen it. Evidence derives from DCEs with NIH-funded researchers, randomized elements, multiple robustness checks (MNL, G‑MNL, bimodality, placebo hover). Authors generally characterize limits (hypothetical choices, selection)."
Carson et al. 2023,methods,75,65,84,"Methodology is well-justified: BIBD DCE, randomized proximity, conditional logit with FE and clustered SEs, sensitivity to alternative models. Assumptions are reasonable; identification of variance preferences credible. Limitations: hypothetical bias, 9% response rate, no clear preregistration or multiple-testing adjustments, external validity to real awards."
Carson et al. 2023,advancing_knowledge,80,70,88,Advances science-of-science by quantifying preferences for dissensus and showing sizable funding reversals when incorporating variance. Offers actionable tie-breaker guidance. Does not establish causal link from dissensus to downstream impact; scope is aggregation preferences rather than outcomes.
Carson et al. 2023,logic_communication,82,72,90,"Clear articulation of NIH context, questions, design, and models. Assumptions and steps are explicit; reasoning is transparent. Tables/figures align with narrative. Minor complexity (ranking-to-choice conversion) is explained and sensitivity-checked."
Carson et al. 2023,open_science,65,50,78,"Data appendix available; design and variables described in detail; reuses external datasets. However, unclear availability of full code and raw experimental data; no explicit preregistration; some replication barriers remain."
Carson et al. 2023,global_relevance,78,68,88,"Highly relevant to global grantmaking that relies on peer review averages. Provides interpretable, policy-oriented estimates and simple implementation ideas (variance tie-breakers). Lacks field trials and quantified implementation costs/benefits."
Caviola et al. 2022,overall,81,76,86,"Strong multi-study evidence with preregistration and open materials, clear argumentation, and novel contributions to population ethics psychology. Limitations include online convenience samples, hypothetical vignettes, some comprehension/mismeasurement risks, and a few non-preregistered studies. Policy relevance is indirect but meaningful."
Caviola et al. 2022,claims_evidence,80,72,88,"Three core questions are clearly posed; nine studies (several preregistered) consistently support the main claims. Effects are replicated across designs; alternative explanations and limitations are discussed. Some claims hinge on hypothetical scales and WEIRD samples; a few tasks had comprehension issues, which are acknowledged and probed."
Caviola et al. 2022,methods,78,70,85,"Appropriate experimental designs, power analyses, attention checks, preregistrations, and transparent exclusions. Robustness across multiple manipulations (intensity, averages vs totals, intuition vs reflection). Limitations: MTurk/Prolific samples, hypothetical judgments, some non-preregistered studies, potential measurement ambiguity in ‘total’ vs ‘average’ understanding."
Caviola et al. 2022,advancing_knowledge,82,74,90,"Fills a major gap by systematically studying population-ethical intuitions; connects philosophy and moral psychology. Identifies asymmetries, average-vs-total tradeoffs, and intuition/reflection effects, informing debates in ethics and global priorities. External validity to real-world choices remains uncertain."
Caviola et al. 2022,logic_communication,85,78,92,Goals and concepts are well-defined; reasoning is transparent with explicit assumptions and careful interpretation. Figures and scenarios are clear; limitations and alternative mechanisms are thoughtfully considered. Writing is coherent and non-overstated.
Caviola et al. 2022,open_science,90,84,96,"Data, code, and materials are publicly available (OSF); multiple studies preregistered; ethics approvals obtained; reporting of all measures/exclusions and power justifications. A few studies were not preregistered but are documented."
Caviola et al. 2022,global_relevance,70,60,80,Findings inform communication and prioritization in longtermism and policy debates involving population ethics. Practical applicability is indirect; samples are US online and scenarios hypothetical; no direct cost-effectiveness estimates.
Chuard et al. 2022,overall,75,69,82,"Strong, well-executed comparison with clear policy takeaways; methodological caveats (identification limits, measurement) temper the rating. Overall reflects average quality across categories."
Chuard et al. 2022,claims_evidence,78,68,86,"Clear main question and comparative claims. Evidence triangulates outbreak prediction, multiple adult outcomes, and mortality. Reduced-form results robust (incl. cohort FE); epidemiological effects fragile as argued. Limits: ecological identification, possible unobserved trends, no preregistration."
Chuard et al. 2022,methods,74,62,83,"SIR-based accounting with reporting-rate correction and validation is reasonable; reduced-form DiD-style interaction is standard. Sensitivity checks provided. Constraints: national (not state) vaccination rollout, age-independence assumption, birth-year mismeasurement, no state-specific trends or multiple-testing adjustments."
Chuard et al. 2022,advancing_knowledge,76,66,85,"Provides a useful methodological comparison showing severity proxies outperform infection shares for long-run human capital, refining practice in health econ. Adds clarity rather than a breakthrough; mechanisms remain partly indirect; U.S.-focused context."
Chuard et al. 2022,logic_communication,82,72,90,"Well-structured, transparent assumptions, clear exposition of models and contrasts; conclusions track results. Minor gaps: limited formal identification diagnostics (e.g., event-study), brief treatment of potential confounders."
Chuard et al. 2022,open_science,52,40,65,"Uses public data and describes procedures, but no linked replication code or data package; no preregistration. Constructed inputs (e.g., susceptibility profiles) moderately documented; replication feasible with effort."
Chuard et al. 2022,global_relevance,85,75,92,"Directly relevant to vaccine policy and prioritization; emphasizes high-mortality settings and informs cost-effectiveness reasoning. While estimates are U.S.-specific, qualitative guidance generalizes to LMICs and other diseases with caution."
Clancy 2024,overall,77,68,88,"Strong, policy-relevant quantitative synthesis; clear modeling and extensive sensitivity analysis. Key uncertainties remain around extinction-risk values and elicitation reliability; open-science practices and peer-review status are unclear. Overall uses the arithmetic mean of component scores."
Clancy 2024,claims_evidence,78,68,88,Core questions are explicit; main claims are tied to a quantitative model using historical growth/health evidence and XPT forecasts. Distinguishes superforecasters vs domain experts and identifies break-even thresholds. Characterizes scope and limitations candidly. Some conclusions hinge on contested priors and elicitation quality.
Clancy 2024,methods,74,62,85,"Reasonable utility/economic framework; integrates health, income, mortality, and extinction risk. Extensive scenario and robustness checks (time of perils, metascience, extinction modeling). Assumptions are clearly stated but normative and uncertain; dependence on elicited risks limits external validity. No preregistration; bias controls modest."
Clancy 2024,advancing_knowledge,80,70,90,"Offers a novel synthesis linking returns to science with bio-risk tradeoffs, yielding actionable break-even conditions. Useful for funders and metascience prioritization. Advances conceptual and quantitative framing, though empirical identification is limited and depends on acceptance of elicited parameters."
Clancy 2024,logic_communication,82,72,92,"Goals, assumptions, and logical steps are explicit; reasoning is transparent and conclusions track evidence. Clear separation of scenarios and parameter regimes. Minor accessibility concerns from technical utility framing for non-specialists."
Clancy 2024,open_science,65,45,85,"Methods appear well-documented, but from the excerpt it is unclear whether code/data/replication materials are public. If Python code and parameter files are shared, reproducibility would be strong; absent that, replication requires effort. Internal consistency seems good."
Clancy 2024,global_relevance,85,75,95,"Directly tackles globally important tradeoffs between scientific progress and technological risk. Provides quantitative thresholds and policy-relevant levers (e.g., metascience quality vs speed). Communicates implications for funders and policymakers; practical relevance high despite deep uncertainty in long-run valuations."
Crawfurd et al. 2023,overall,82,74,90,Overall equals the arithmetic mean of component midpoints. Strong global relevance and clear communication are slightly tempered by reliance on observational evidence and uncertain open-science practices.
Crawfurd et al. 2023,claims_evidence,80,72,88,"The paper states a clear question, synthesizes observational evidence via meta-analysis, adjusts for observable confounds and publication bias, and conducts sensitivity analyses for unobserved confounding while triangulating with natural experiments. Conclusions are appropriately cautious about causality."
Crawfurd et al. 2023,methods,78,68,86,"Systematic search and harmonization, correct log/linear transformations, random-effects/meta-regression, publication-bias adjustments, and bias-sensitivity analysis. Limitations: residual confounding, modest quasi-experimental base, unclear preregistration and multiple-testing safeguards."
Crawfurd et al. 2023,advancing_knowledge,82,72,90,"Delivers LMIC-focused pooled estimates, quantifies contribution to learning gaps, and models intervention impacts, informing targeting and prioritization. Adds value beyond HIC-centric literature and provides inputs for cost-effectiveness analyses."
Crawfurd et al. 2023,logic_communication,85,75,93,Goals and assumptions are clear; reasoning is transparent and consistent with evidence. Policy simulations are traceable; uncertainty is communicated. Some technical sections are dense but overall readability is high.
Crawfurd et al. 2023,open_science,75,55,90,"Methods are detailed and data sources are documented; a replication package is plausible for a CGD working paper, though not confirmed here. Primary microdata may be restricted; preregistration/PRISMA compliance is unclear."
Crawfurd et al. 2023,global_relevance,92,85,97,"Addresses a widespread hazard in LMICs with clear, actionable policy levers. Provides quantified effect sizes and scenarios useful to governments, funders, and implementers, directly informing prioritization and regulation/remediation strategies."
Denkenberger et al. 2022,overall,67,56,77,"Solid, policy-relevant contribution with transparent caveats. Methods rely on subjective priors and small expert survey; open-science/reproducibility are middling. Novelty and global relevance are strong, lifting the overall score."
Denkenberger et al. 2022,claims_evidence,68,55,78,"Main questions and claims are clear; evidence comes from two probabilistic models, sensitivity/importance analyses, and literature. However, key parameters rely on a small, potentially biased survey and author priors. The paper acknowledges large theory uncertainty and characterizes evidence cautiously."
Denkenberger et al. 2022,methods,58,48,68,"Reasonable Monte Carlo/LHS framework with explicit distributions and a Bayesian update for war risk. Yet many inputs are subjective; independence between submodels, ratio-of-means comparisons, and logarithmic-returns assumptions are debatable. Limited preregistration, multiple-testing control, or formal robustness across alternative model structures."
Denkenberger et al. 2022,advancing_knowledge,75,65,85,"Provides one of the first quantitative longtermist comparisons of resilient foods vs AGI safety, with actionable implications and a reusable framing. Likely to shape prioritization debates and spur further work on resilient foods and cross-risk comparisons."
Denkenberger et al. 2022,logic_communication,66,56,76,"Reasoning is mostly transparent, with diagrams, tables, and extensive caveats. Some sections are verbose, contain typos/formatting artifacts, and parameter justifications vary in depth. Conclusions are generally aligned with presented evidence."
Denkenberger et al. 2022,open_science,52,40,62,"Partial model availability (Guesstimate/Analytica) and survey text included, but raw survey data and full code are not fully open, and one submodel draws on unpublished work. No preregistration/PAP; replication would be nontrivial."
Denkenberger et al. 2022,global_relevance,84,74,92,Highly relevant to global catastrophic risk mitigation and disaster preparedness; offers quantitative comparisons and concrete directions (resilient foods). Communicates implications for policy and timing of funding with practical considerations.
Epperson and Gerster 2024,overall,78,70,86,"Strong lab-to-field causal evidence on willful ignorance with clear policy takeaways; methods are solid and preregistered. Limits: student sample, short-lived effects, modest openness (unclear code/data release)."
Epperson and Gerster 2024,claims_evidence,82,74,90,"Clear questions; main claims (existence/consequences of avoidance, heterogeneity, decay) are directly supported by lab and field data. Careful characterization of short-term vs long-term effects. Some external validity limits beyond canteens/students."
Epperson and Gerster 2024,methods,80,72,88,"Well-justified design: incentivized WTP, randomized price generating exogenous variation, IPW identification, robustness checks, preregistration. Appropriate outcome construction. Constraints: modest N, some deviations/choices (7-day windows), limited multiple-testing adjustments."
Epperson and Gerster 2024,advancing_knowledge,78,68,86,"Advances evidence by linking lab and real-world behavior, showing avoiders are most responsive and effects decay. Useful for designing information interventions. Incremental within literature but valuable and policy-relevant."
Epperson and Gerster 2024,logic_communication,84,76,92,"Well-structured, transparent reasoning; assumptions and identification explained; figures/tables integrated. Appendices provide details. Minor complexity in weighting/windows but explained."
Epperson and Gerster 2024,open_science,70,60,80,"Pre-registered (AEARCTR), IRB-approved, detailed methods. Appendices describe intervention and measures. Data/code availability unclear; sensitive admin data may limit sharing. Overall above-average transparency."
Epperson and Gerster 2024,global_relevance,72,62,82,"Topic intersects animal welfare, climate, and behavior-change policy. Practical insights on targeting avoiders and cost-effectiveness. Generalizability beyond students is uncertain; effects are short-lived, limiting direct policy impact."
Fangwa et al. 2023,overall,81,76,86,"Rounded mean of other six metrics. Strong randomized design, clear logic, meaningful effects on efficiency and infant outcomes, and high policy relevance. Main weaknesses are limited unbundling of treatment components, some measurement and external validity constraints, and modest openness/replicability due to data access. Net quality is solidly above recent field norms."
Fangwa et al. 2023,claims_evidence,84,76,90,"Main questions and claims are explicit. Evidence rests on randomized assignment within PDSS, DID with event-study, pre-trend checks, and multiple robustness tests. Effects emerge after plausible lags and are economically significant. They acknowledge limitations (bundled treatment, admin data quality, auxiliary matching for outside-group comparisons). Characterization of evidence is careful and appropriately circumscribed."
Fangwa et al. 2023,methods,83,75,90,"Approach is reasonable and well-justified: randomized rollout, DID with unit and time FE, event-time dynamics, block bootstrap, clustered SEs, multiple-testing adjustments, WLS for ratios, spillover checks. Auxiliary outside-group analysis uses nearest-neighbor matching with good balance. Limits: no preregistration, bundled components not separately identified, reliance on admin data, and Excel randomization not fully documented."
Fangwa et al. 2023,advancing_knowledge,82,72,88,Advances debate on performance-based financing by showing that pairing incentives with auditing and feedback can improve efficiency and neonatal outcomes. Offers a nuanced complementarity perspective and actionable policy insight (funding is not a substitute for governance). Contribution is meaningful though confined to one sector/country and cannot isolate component effects.
Fangwa et al. 2023,logic_communication,88,82,94,"Clear goals, definitions, and transparent reasoning. Assumptions and design are explained; event-study figures and tables align with narrative. Limitations and alternative explanations are discussed. Writing is coherent and accessible to policy audiences without oversimplifying."
Fangwa et al. 2023,open_science,60,45,72,"Methods are described in sufficient detail, but replication is constrained: administrative microdata access and audit data are not fully open; no clear preregistration or full replication package/code referenced. A data appendix exists; internal consistency checks are reported."
Fangwa et al. 2023,global_relevance,91,85,97,"Highly relevant to global health priorities: maternal and neonatal outcomes in a low-income, high-mortality setting. Direct implications for donors and governments on structuring funding and governance. Findings are actionable for program design across LMICs, with appropriate caveats on generalizability."
Frech et al. 2023,overall,65,56,74,"A theoretically grounded, policy-relevant paper with clear communication and solid descriptive evidence; methods are simple with strong assumptions and limited transparency; open-science weak. Overall equals the mean of category midpoints."
Frech et al. 2023,claims_evidence,65,55,75,"Main claims (partial free-riding; GDP predicts contributions; US funds majority) are explicit and generally supported by RAND pricing data and simple computations; robustness via two MC estimates and some sensitivity checks. Reliance on a single year, indices, and strong assumptions (uniform MC, basket comparability, net price adjustments) limits evidential strength."
Frech et al. 2023,methods,58,45,70,"Applies public‑goods theory; computes quasi‑rents as contributions; cross‑sectional OLS with GDP and country dummies. Reasonable for descriptive aims but lacks causal identification, multi‑year validation, uncertainty quantification, or alternative datasets; key assumptions (MC share common across countries; use of brand share and indices) are heavy though partially stress‑tested."
Frech et al. 2023,advancing_knowledge,70,60,80,"Advances debate by quantifying partial, not full, free‑riding and by testing the ‘exploitation’ hypothesis; provides policy‑salient magnitudes (US share, per‑capita contributions). Incremental rather than methodological breakthrough but clarifies an important controversy."
Frech et al. 2023,logic_communication,72,62,82,"Well-framed and literature‑aware; assumptions mostly explicit; derivations and interpretation are coherent; policy implications connect to findings. Could discuss measurement error, index limitations, and alternative data sources more fully."
Frech et al. 2023,open_science,40,25,55,"Uses public data (RAND, PWT) but provides no replication package, code, or detailed data appendix; uncertainty not quantified. Reproduction is possible in principle but not facilitated."
Frech et al. 2023,global_relevance,85,75,95,"Highly relevant to global drug pricing, R&D incentives, and international cost sharing; results are salient for OECD negotiations and US policy (e.g., IRA context). Offers actionable framing and magnitudes for practitioners and policymakers."
Giglio et al. 2023,overall,83,76,89,"Novel, well-executed framework linking biodiversity risk to exposures and prices; multiple complementary measures and validations. Some limitations (US-centric news/source choices, survey sampling/response bias, limited code transparency, modest hedge magnitudes). Overall reflects the arithmetic mean of sub-scores."
Giglio et al. 2023,claims_evidence,82,74,89,"Clear questions; constructs aggregate risk and exposure measures and tests pricing via hedge portfolios. Validates indices with event spikes and attention data; triangulates exposures (10-Ks, survey, holdings). Limits: reliance on a single newspaper, domain-shifted BERT sentiment, short sample for pricing tests, and correlation-based evidence rather than risk premia estimation."
Giglio et al. 2023,methods,78,70,86,"Reasonable, transparent methods: dictionary + regex filtering, BERT sentiment, AR(1) innovations, portfolio construction, factor zoo comparisons, and multiple-testing adjustment. Sensible cross-checks. Limitations include NYT-only corpus, potential sentiment misclassification, survey selection/low response rate, single-time holdings snapshot, and modest statistical power for pricing."
Giglio et al. 2023,advancing_knowledge,90,84,95,Pioneering quantitative treatment of biodiversity risk in finance; introduces reusable indices and exposure measures; distinguishes biodiversity from climate risk; demonstrates pricing relevance; releases data to spur follow-on work. High potential to catalyze a new research agenda.
Giglio et al. 2023,logic_communication,85,78,91,"Well-structured and clear separation of physical vs transition risks. Assumptions and steps are stated, results consistent with claims, and comparisons to climate risk are informative. Some choices (dictionary formation, BERT tuning) could be elaborated further, but overall narrative is coherent."
Giglio et al. 2023,open_science,78,68,86,"Data products released publicly; sources largely open (EDGAR, NYT, Google Trends). Methods described in sufficient detail for replication with effort. However, completeness of code release is unclear; some assets (fund holdings) and trained pipelines may require reconstruction."
Giglio et al. 2023,global_relevance,83,74,90,"Biodiversity risk is globally salient; measures and insights useful for policymakers and investors. Practical exposure lists and hedge implications aid application. Relevance tempered by US-centric news source, equity-market focus, and survey skew toward North America/Europe."
Green et al. 2025,overall,80,74,87,"Rigorous, transparent meta-analysis of ~87,000 participants and 112 interventions. Strong bias diagnostics, sensible inclusion criteria, and reproducible workflow. Clear, cautious claims: net MAP effects are small; RPM-only larger but substitution unresolved. Practical implications are moderate. Limitations include few eligible choice-architecture RCTs, some self-reported outcomes, single-coder extraction, post hoc inclusion refinements, and the “unspecified null=0.01” convention."
Green et al. 2025,claims_evidence,78,68,86,"Questions and claims are clear and appropriately cautious. Evidence restricted to RCTs with follow-up, plus publication-bias corrections and sensitivity analyses. The divergence from prior optimistic reviews is well-motivated. Heterogeneity and RPM substitution issues are acknowledged. Some residual uncertainty due to limited high-quality studies and reliance on some self-reports."
Green et al. 2025,methods,83,75,90,"Strong eligibility (RCTs, sample-size thresholds, delayed outcomes), rigorous effect-size conversions, RVE with small-sample corrections, selection models, and worst-case bias sensitivity checks. Reproducible, containerized workflow. Risks: single-coder extraction, some post hoc inclusion decisions, unspecified-null=0.01 choice, and limited meta-regression leverage for overlapping theory categories."
Green et al. 2025,advancing_knowledge,74,62,83,"Clarifies that durable net reductions in MAP are small; separates RPM from net MAP and highlights substitution risks. Helps recalibrate expectations and prioritization, and identifies design gaps and under-tested approaches. Impact is meaningful but constrained by available evidence; guidance for actionable, scalable policy remains tentative."
Green et al. 2025,logic_communication,80,72,88,"Clear articulation of goals, transparent assumptions, and careful linkage of analyses to claims. Conclusions match evidence and uncertainty. Figures/tables are well integrated. Minor repetition and some speculative remarks, but overall reasoning remains disciplined and easy to follow."
Green et al. 2025,open_science,86,78,92,"Code/data repository with DOI, containerized Rmarkdown pipeline, PRISMA, and documented search across grey literature. Methods and conversions described, facilitating replication. Not obviously pre-registered; single extractor may limit robustness. Overall, excellent reproducibility and useful artifacts for future work."
Green et al. 2025,global_relevance,76,66,85,"Highly relevant to climate, health, and animal welfare. Provides realistic effect sizes and cautions on RPM substitution, aiding policy realism. Direct cost-effectiveness guidance is limited; context dependence and small effects temper immediate practicality. Communicates implications in accessible terms without overselling."
Hahn et al. 2025,overall,90,85,95,"Ambitious, carefully executed synthesis introducing a useful welfare metric (MVPF) and a new treatment of learning-by-doing. Strong methodological transparency, extensive sensitivity checks, and clear policy relevance. Main uncertainties stem from assumptions on SCC/incidence, learning-by-doing causality, and reliance on external elasticities."
Hahn et al. 2025,claims_evidence,88,82,94,"Core claims are clearly stated and consistently backed by harmonized calculations over 96 policies. They translate causal estimates into MVPFs, decompose drivers, and perform extensive robustness (SCC ranges, with/without LBD, rebound, firm profits). Publication-bias adjustments and bootstrap CIs add credibility. Dependence on prior quasi-experimental estimates remains a constraint."
Hahn et al. 2025,methods,91,85,96,"Well-justified MVPF framework, careful externality valuation (EPA SCC/AP3), treatment of rebound via supply/demand elasticities, incidence, and markups. Novel sufficient-statistics integration of learning-by-doing with closed-form guidance. Non-marginal analyses included. Assumptions are plausible and stress-tested, though LBD causality and SCC incidence remain key sensitivities."
Hahn et al. 2025,advancing_knowledge,92,86,97,"Major contribution: unifies disparate climate evaluations under MVPF, contrasts with cost-per-ton metrics, and yields actionable prioritization (wind/solar, targeted nudges, revenue raising via fuel taxes/cap-and-trade). Offers a generalizable LBD methodology and cross-domain comparability. Likely to shift research and policy discussions."
Hahn et al. 2025,logic_communication,90,85,95,"Objectives and concepts are clear; derivations and assumptions are explicit; logic flows cleanly from framework to applications. Decompositions and regional heterogeneity are well explained. Limitations are discussed candidly. Dense in places, but overall highly transparent and coherent."
Hahn et al. 2025,open_science,86,78,93,"States all code is on GitHub; uses public models/data (AVERT, AP3, SCC). Methods and assumptions are thoroughly documented with appendices. Replication seems feasible, though reliant on external study estimates and some context-specific inputs. Good practice overall."
Hahn et al. 2025,global_relevance,94,88,98,"Directly addresses climate mitigation prioritization with decision-relevant metrics; includes international policies and incidence considerations; quantifies benefits/costs for budget-neutral comparisons. Highly relevant for policymakers, funders, and practitioners."
Haushofer et al. 2020,overall,86,80,91,"High-quality multi-arm RCT with preregistration, large sample, careful analysis, and clear policy relevance. Strong across claims, methods, logic, and global usefulness; somewhat weaker on open-science artifacts lowers the mean. Overall uses the arithmetic mean of component midpoints."
Haushofer et al. 2020,claims_evidence,89,82,94,"Questions and claims are explicit; evidence is strong (large-N RCT, multiple arms, spillovers). Authors characterize nulls carefully, use FDR, pre-specification, and Bayesian framing, and test demand effects. Conclusions are aligned with evidence and scope."
Haushofer et al. 2020,methods,91,85,96,"Well-justified design (village and household randomization), ANCOVA with baseline controls, clustering, multiple-testing correction, power discussion, heterogeneity pre-spec, spillover measurement, timing analyses, and demand-effect tests. Assumptions and robustness are convincingly handled."
Haushofer et al. 2020,advancing_knowledge,90,83,95,"Directly compares cash, psychotherapy, and their combination—rare and decision-relevant. Sharp null for PM+ (at 1 year) shifts beliefs; strengthens evidence on cash impacts; informs program design (intensity/specificity) and transfer frequency. Useful for policy and research agendas."
Haushofer et al. 2020,logic_communication,88,82,93,"Clear exposition, transparent reasoning, and consistent linking of results to claims. Alternative explanations discussed; limitations acknowledged. Appendices and details aid comprehension; figures/tables align with narrative."
Haushofer et al. 2020,open_science,66,55,76,"Pre-analysis plan registered; extensive methodological detail and appendices. However, working paper does not clearly provide public data/code within the text; full reproducibility may require additional materials from authors/NGO."
Haushofer et al. 2020,global_relevance,90,84,95,"Highly relevant to poverty and mental health policy in LMICs; provides effect sizes, cost comparisons, and practical insights (e.g., transfer frequency). Results are actionable for donors and implementers deciding between cash and psychosocial programs."
Hill et al. 2024,overall,82,74,88,"Strong, large-scale evidence across science and patents with thoughtful quasi-experimental tests supports general conclusions. Main caveats are construct validity of the pivot metric and reliance on citations as impact, plus uncertain openness. On balance, quality and relevance are high."
Hill et al. 2024,claims_evidence,88,80,94,"Research questions are clear; claims are stated precisely (pervasive, growing pivot penalty; weak outsider advantage). Evidence spans millions of records and multiple domains, with within-researcher comparisons and event-based tests (push/pull shocks). Authors characterize evidence as observational with careful controls. Some generality claims may slightly outrun identification limits."
Hill et al. 2024,methods,86,78,92,"Pivot measured via cosine distance of reference-journal (papers) and CPC (patents) distributions is reasonable and tested with alternatives/time windows. Likely includes author and field-year controls, robustness checks, and shock analyses. Limitations: construct validity of distance, citation-based impact biases, audience/reputation confounds, and possible selection effects despite efforts."
Hill et al. 2024,advancing_knowledge,85,75,92,"Introduces a scalable framework for researcher adaptability and documents a robust, policy-relevant pattern (pivot penalty) that revises expectations about exploration and outsider advantages. Provides cross-domain generalization and event studies (incl. COVID-19). Offers parameters useful for theory and policy. Mechanisms are suggestive but not fully pinned down."
Hill et al. 2024,logic_communication,86,80,92,Goals and constructs are defined clearly; reasoning is transparent and tightly linked to analyses. Figures/metrics are interpretable; assumptions are stated; conclusions mostly match evidence. Minor risks: overgeneralization from observational patterns and limited explication of micro-mechanisms behind the penalty.
Hill et al. 2024,open_science,68,45,85,"Large-scale analyses likely rely on proprietary data (Dimensions, USPTO), constraining full data sharing. Code and detailed methods may be shared, but availability is unclear from the excerpt. Replication seems feasible in principle with access; clarity of measurement definitions helps. Uncertainty remains about released artifacts and documentation depth."
Hill et al. 2024,global_relevance,78,65,88,"Highly relevant to science policy, funding strategy, and institutional design for rapid response to emergent threats (e.g., pandemics, climate). Provides actionable insights on specialization vs. exploration tradeoffs. Less direct on costs/benefits or implementation guidance, but communicates policy implications clearly, including during COVID-19 pivots."
Jack et al. 2022,overall,85,80,90,"Strong RCT with clear results, high policy relevance, and good communication. Methods are careful with preregistration and robustness checks; modest concerns about monitoring triggered by farmers and RS label structure. Open-science practices are decent but not exemplary. Overall score is the rounded mean of component midpoints."
Jack et al. 2022,claims_evidence,88,80,94,"Main claims (upfront PES increases compliance and reduces burning; standard PES inframarginal; cost-effectiveness) are well-supported by RCT evidence and complementary satellite measures. Authors characterize uncertainty (two RS thresholds, Lee bounds) and avoid overclaiming. Caveats: training negatives only from treated group; farmer-initiated monitoring may miss some compliers; selection to likely burners."
Jack et al. 2022,methods,84,75,90,"Sound village-level randomization, preregistered PAP, appropriate clustering, multiple outcomes, Lee bounds, and RS model with field-level CV. Good handling of threshold sensitivity. Limitations: farmer-triggered monitoring; negative labels from treated group; screened sample (co-op members, likely burners) limits external validity; limited multiple-testing adjustments outside preregistered heterogeneity."
Jack et al. 2022,advancing_knowledge,86,78,92,Novel test of PES contract timing in LMIC agriculture with major externality; provides credible causal evidence that upfront unconditional components can improve compliance and cost-effectiveness. Adds to PES and CCT design literature and to burning policy evidence. Offers actionable cost metrics and mechanisms (trust). Generalizability beyond Punjab and scalability constraints remain open.
Jack et al. 2022,logic_communication,89,83,95,"Clear motivation, theory of change, design, and outcomes; transparent on assumptions and limitations. Results are coherently presented with complementary measures and robustness. Policy translations (cost per acre/life) are carefully framed. Minor drawbacks: length and some technical RS details delegated to companion paper."
Jack et al. 2022,open_science,70,55,80,"RCT registered (AEARCTR-0004508); design and analysis choices are described. RS approach references companion methods. However, no explicit replication package, code, or deidentified data are indicated in the working paper, and imagery licensing limits full openness. Replicability plausible but not turnkey."
Jack et al. 2022,global_relevance,95,90,98,"Targets a major health and climate externality in India; large potential welfare gains. Presents credible, scalable-ish intervention class (PES) with compelling cost-effectiveness relative to alternatives. Discusses implementation challenges and policy design paths. High usefulness for policymakers and practitioners."
Jaroszewicz et al. 2024,overall,88,83,92,"A large, preregistered RCT with strong methods, transparent reporting, and decision-relevant null/negative findings; advances HIC cash-transfer evidence and tests mechanisms. Overall score is the mean of sub-metrics."
Jaroszewicz et al. 2024,claims_evidence,92,86,97,"Main claims are clearly stated, tightly aligned with preregistered outcomes, and supported by extensive robustness, attrition analyses, and triangulation with bank data. Authors accurately characterize the strength and limits of their evidence."
Jaroszewicz et al. 2024,methods,93,88,97,"Rigorous RCT with PAP, multiple-testing controls (BH, WY), ITT estimation, extensive robustness, attrition bounds/imputation, and administrative-bank-data triangulation. Embedded mechanism experiments and a formal model bolster validity."
Jaroszewicz et al. 2024,advancing_knowledge,88,82,94,"Provides a large-sample HIC test of one-off UCTs with randomized amounts, overturning optimistic priors and narrowing plausible effect ranges. Offers mechanism evidence and a model, materially informing future research and policy."
Jaroszewicz et al. 2024,logic_communication,90,84,95,"Goals and concepts are clear; reasoning is transparent; assumptions explicit; figures/tables integrated and consistent. Conclusions match evidence, with careful discussion of alternatives and limitations."
Jaroszewicz et al. 2024,open_science,80,70,88,"Pre-registered (AEARCTR) with PAP and shared materials; methods detailed for replication. Administrative data limit full sharing; code/data availability not fully evident, but overall openness is above field norms."
Jaroszewicz et al. 2024,global_relevance,85,77,91,Highly relevant to cash-transfer policy in high-income contexts; practitioner-relevant outcomes and timing. Direct policy implications on amounts/design; external validity beyond US one-off transfers is more limited.
Karger et al. 2023,overall,80,72,88,"Overall equals the mean of the six category midpoints. Strong, novel contribution on an important topic with clear reporting. Main weaknesses are methodological limits inherent to long-horizon forecasting and only partial openness/replicability. Net effect is a solid, decision-relevant piece that advances the field while leaving robustness and full reproducibility for future iterations."
Karger et al. 2023,claims_evidence,78,68,88,"Questions and claims are clearly stated. Evidence (rich tournament data, multiple cohorts, multi-stage persuasion) supports descriptive conclusions about large disagreements and limited convergence. Authors are cautious about causal claims and characterize evidence appropriately. External validation is constrained by long-run, unresolved outcomes; heterogeneity is explored but some mechanisms remain speculative."
Karger et al. 2023,methods,73,60,85,"Tournament design, incentives, mixed expert/superforecaster cohorts, and persuasion stages are well-motivated. However, long-horizon verifiability, potential selection effects, limited preregistration/multiple-testing controls, and non-experimental elements of persuasion reduce robustness. Sensitivity analyses exist but cannot fully address structural uncertainties inherent to existential-risk forecasting."
Karger et al. 2023,advancing_knowledge,86,78,94,"A pioneering, large-scale comparison of expert and superforecaster judgments on existential risks. It surfaces key disagreements, prioritizes future inquiry (especially AI risk), and creates a dataset and framing likely to shape subsequent research and practice. Valuable even with null convergence, by clarifying where beliefs diverge and why that matters."
Karger et al. 2023,logic_communication,82,72,90,"Clear structure, definitions, and transparent reasoning. Tables/figures are generally informative and aligned with the narrative. The report is lengthy and dense, which can impede accessibility, and occasionally slides from description toward hypothesized mechanisms without full testing. Conclusions are mostly well-calibrated to the evidence presented."
Karger et al. 2023,open_science,74,60,85,"Methods and design are described in detail with useful appendices. Data/code availability appears partial due to privacy and ongoing-resolution constraints; this limits full reproductions, especially of debate content. Internal consistency is good, and materials are sufficient for many secondary analyses, though end-to-end replication is not yet turnkey."
Karger et al. 2023,global_relevance,87,80,95,"Directly targets globally important existential risks (AI, bio, nuclear, climate). Produces quantitative estimates and cohort comparisons useful for funders and policymakers to calibrate beliefs and stress-test priorities. Actionability is tempered by long-run uncertainties and lack of near-term resolution, but relevance to high-stakes decisions is high."
Kremer et al. 2020,overall,76,68,84,Arithmetic mean of the six category midpoints. Strong clarity and global relevance lift the score; methods and open-science practices temper it. Evidence is carefully characterized but not causally identified.
Kremer et al. 2020,claims_evidence,70,60,80,"States questions and claims clearly; emphasizes holdup logic and AMC design trade-offs. Acknowledges lack of a clean counterfactual and uses suggestive comparisons (e.g., rotavirus) and cost-effectiveness estimates. Evidence is informative but not causal; claims are generally calibrated to that limitation."
Kremer et al. 2020,methods,65,55,75,"Sound, policy-relevant theory (capacity commitment/holdup) and transparent calibrations. Limited empirical identification; no pre-registration or multiple-testing issues (not central here). Robustness discussed qualitatively and via sensitivity-style calculations, but no formal econometric tests."
Kremer et al. 2020,advancing_knowledge,85,75,92,"Synthesizes theory and practice of AMCs, distills design insights (price caps, capacity tying, co-payments, entry). Offers actionable guidance for future AMCs beyond health. Influential for practitioners and researchers; adds structured lessons from the pneumococcal pilot."
Kremer et al. 2020,logic_communication,88,80,95,"Concise, well-structured argument; assumptions and limitations are explicit. Concepts are defined; logic links theory to observed rollout and pricing outcomes. Conclusions are consistent with presented evidence and caveats."
Kremer et al. 2020,open_science,55,45,65,"Data sources (WHO, Gavi, CDC) are cited and an online appendix is provided, but no public code or full replication package. Limited original data or reusable tools; reproducibility is moderate for a short P&P piece."
Kremer et al. 2020,global_relevance,95,90,98,Directly targets vaccine access for low-income countries with large DALY and mortality implications; clear policy relevance. Quantifies trade-offs and costs; guidance is actionable for donors and implementers across sectors.
Kremer et al. 2022,overall,88,83,92,"Rounded mean of category midpoints. Strong, policy-relevant meta-analysis with extensive sensitivity checks and credible cost-effectiveness modeling. Limitations include potential availability bias in mortality data, unresolved heterogeneity, and partial openness of underlying data/code."
Kremer et al. 2022,claims_evidence,88,82,93,"Clear questions and claims; compiles RCT mortality data and characterizes evidence carefully. Tests for publication bias, presents numerous sensitivity analyses, and states limitations candidly. Some risk of availability bias (mortality data only where collected/kept) remains."
Kremer et al. 2022,methods,87,81,92,"Appropriate rare-event and clustered RCT meta-analytic methods; uses both frequentist and Bayesian random effects, posterior predictive for external validity, and extensive robustness checks. Preregistration and PRISMA strengthen credibility. Heterogeneity not fully explained; some cost inputs and RoB tool choices could be improved."
Kremer et al. 2022,advancing_knowledge,92,87,97,Provides the best-to-date RCT-based estimate of water treatment’s effect on under-5 mortality and links it to compelling cost-effectiveness. Likely to shift WASH prioritization and funding. Creates building blocks (compiled mortality outcomes) for future research.
Kremer et al. 2022,logic_communication,86,80,91,"Well-structured, transparent reasoning; assumptions and caveats are explicit; tables/figures support claims. Discussion of external validity and heterogeneity is balanced. Minor density/length may impede accessibility for some policymakers."
Kremer et al. 2022,open_science,76,68,83,"Pre-registered; PRISMA followed; detailed SI and inputs summarized. However, much mortality data are author-provided and not fully public; code/data availability is not clearly open, limiting easy reproduction."
Kremer et al. 2022,global_relevance,96,93,99,Directly targets major global health burden with scalable delivery models and quantified cost-effectiveness ($27–$66/DALY). Highly actionable across LMIC contexts and aligns with policy thresholds and procurement decisions.
Kubo et al. 2023,overall,73,63,83,"Strong causal design (SDID), large longitudinal dataset, and clear policy implications. Main weaknesses are market representativeness (single platform, Japan), assumptions in substitutability assignment, and modest open-science practices. Overall is the rounded mean of category midpoints."
Kubo et al. 2023,claims_evidence,70,58,82,"Clear question and claims; estimates show consistent positive spillovers with CIs and robustness checks. Evidence rests on online auction volumes as a demand proxy and on heuristics for identifying substitutes. Limited external validation across markets and potential residual confounding (e.g., COVID-era pet trade dynamics) temper strength of causal claims."
Kubo et al. 2023,methods,74,62,84,"Appropriate use of synthetic difference-in-differences with seasonal controls and Kranz two-step; excludes announcement quarter; multiple sensitivity/placebo checks. Limitations: substitute-species selection heuristic, platform-specific shocks, measurement error in NLP identification, short post period, and no pre-registration or multiple-testing adjustments."
Kubo et al. 2023,advancing_knowledge,78,66,88,"Provides rare causal evidence on spillover effects of wildlife trade bans, quantifying magnitudes across taxa. Addresses a policy-relevant gap and informs design of complementary demand-management and monitoring. Generality limited by geography, taxa scope, and single-market data; longer horizons and multi-platform replication would enhance contribution."
Kubo et al. 2023,logic_communication,76,64,86,"Goals and assumptions are stated clearly; reasoning links methods to claims; figures and narrative appear coherent. Minor issues: equating sales volume with demand, limited detail on control construction and NLP pipeline in main text, and occasional overgeneralization of findings beyond observed context."
Kubo et al. 2023,open_science,55,40,70,"Data source is public and methods/packages named; SI mentions datasets. Code availability, exact scraping/cleaning pipeline, and NLP dictionaries are unclear, limiting easy reproduction. Some robustness materials provided, but full replicability would require shared code and processed data with documentation."
Kubo et al. 2023,global_relevance,82,70,92,"Highly relevant to biodiversity policy and wildlife trade management; results inform potential unintended consequences of bans and need for monitoring/demand management. Mechanisms plausibly generalizable, though consumer behavior and market structures vary by country and platform."
Liang et al. 2021,overall,80,72,88,"Overall reflects the mean of component midpoints. Strong causal designs across multiple channels and clear communication elevate quality. Limits include sample representativeness (BioTIME coverage), spatial aggregation (state GDP vs local sites), potential instrument concerns, and uncertain openness of full replication materials. Highly decision-relevant but not top decile."
Liang et al. 2021,claims_evidence,82,70,90,"Main questions are clear; evidence triangulates panel FE, defense-spending IV, upwind-pollution IV, and CAA/nonattainment quasi-experiments. Effects are plausibly causal and magnitudes consistent across designs; mechanisms partly quantified (air pollution 20–60%). Authors note representativeness limits and scope. Remaining concerns: exclusion restrictions, SUTVA/spillovers, site selection, and precision for stability metric."
Liang et al. 2021,methods,78,65,88,"Methodological toolkit is appropriate and well-justified: fixed effects, shift-share military instrument, transported pollution identification, and regulatory DiD. Robustness and heterogeneity explored. Risks: spatial spillovers and clustering, aggregation bias (state GDP to local sites), multiple testing without pre-registration, potential instrument violations, and measurement error in biodiversity indices."
Liang et al. 2021,advancing_knowledge,86,78,94,"Delivers rare causal estimates linking macroeconomic activity to multi-taxa biodiversity, quantifies a major channel (PM air pollution), and shows mitigation via CAA and protected areas. Broad taxonomic scope and long horizon are valuable. Results inform parameters for policy modeling and prioritization. External validity beyond BioTIME/US remains a caveat."
Liang et al. 2021,logic_communication,84,75,92,"Clear articulation of goals, definitions (abundance, richness, similarity), and economic logic. Assumptions and limitations are acknowledged (representativeness, exclusion). Narrative ties figures/measures to claims; heterogeneous effects discussed. Some technical details likely relegated to appendices may challenge non-specialists."
Liang et al. 2021,open_science,70,55,85,"Core data sources (BioTIME, BEA GDP, EPA nonattainment, air quality) are public, aiding reproducibility. However, complex data integration and trajectory/exposure construction may hinder exact replication; code/replication package availability is not explicit in the excerpt. Transparency on data cleaning and index construction uncertain."
Liang et al. 2021,global_relevance,79,68,88,"Biodiversity impacts from economic activity and air pollution are central to global priorities. While US-focused, methods/channels generalize and provide elasticities useful for policy design and cost-benefit analyses. Direct applicability may vary with institutions and baseline biodiversity; military-spending variation is context-specific."
McGuire et al. 2024,overall,82,74,89,"Mean of category scores. Rigorous, transparent WELLBY-based CEA of psychotherapy charities with systematic review/meta-analysis, spillover modelling, and sensitivity analyses. Decision-relevant and globally salient. Key limitations: few charity-specific RCTs, reliance on subjective weighting, and moderate evidence quality."
McGuire et al. 2024,claims_evidence,82,74,90,"Questions and claims are explicit; evidence triangulated across meta-analysis, charity RCTs, and M&E; uncertainty characterized with GRADE and robustness checks. Some claims hinge on modelling choices (weights, spillovers), but presentation is cautious and well-calibrated."
McGuire et al. 2024,methods,78,68,86,"Multilevel meta-analysis with time-decay, publication-bias adjustments, external-validity corrections, and spillover estimation; Bayesian-informed weighting. Strong justification and sensitivity checks. Weaknesses: subjective weights, sparse spillover data, imperfect dosage adjustment, and one pivotal RCT driving debates."
McGuire et al. 2024,advancing_knowledge,86,78,94,"Refines WELLBY-based CEA for LMIC psychotherapy, adds household spillovers, and benchmarks vs cash transfers, directly informing funding. Synthesizes new evidence (84 RCTs). High practical impact despite reliance on some modelling assumptions."
McGuire et al. 2024,logic_communication,83,75,90,"Goals, assumptions, and steps are clear; reasoning traceable with figures and appendices; limitations stated. Lengthy and complex, but structure aids comprehension. Minor risk of reader overload; some choices deferred to appendices."
McGuire et al. 2024,open_science,73,60,84,"Systematic review methods, double risk-of-bias coding, external appendix and summary spreadsheet. Uses R; strong transparency. Unclear if full code and cleaned data are fully public; proprietary M&E data limit full reproducibility."
McGuire et al. 2024,global_relevance,89,82,96,"Targets neglected mental health in LMICs; provides actionable cost-effectiveness for donors and policymakers; considers implementation realism (dosage, costs, site visits). Clear policy implications and comparisons to cash transfers."
Naidu et al. 2023,overall,83,78,88,"Strong RCT with careful handling of attrition, clear claims, and novel welfare insights; very policy-relevant. Slightly tempered by modest multiple-testing adjustments and open-science limitations. Overall reflects mean of component midpoints."
Naidu et al. 2023,claims_evidence,82,75,88,"Clear questions; large, well-powered RCT; ITT/IV, admin corroboration, bounds. Expectations vs realizations and well-being measured thoughtfully. Correctly caveats MTE linearity. Some results sensitive to weighting; many outcomes without multiple-testing adjustments; not all outcomes pre-specified."
Naidu et al. 2023,methods,85,78,90,"Rigorous design (randomized offers), appropriate FE and clustering, attrition addressed via reweighting, admin data, and Manski bounds. MTE application is transparent about assumptions. External validity limited (two firms, male construction). Limited multiple-hypothesis corrections and no pre-specified outcomes."
Naidu et al. 2023,advancing_knowledge,88,82,94,"First causal estimates combining pecuniary returns, broker fees, and non-pecuniary costs in a major corridor; novel MTE use in migration; actionable welfare and policy implications. Substantial contribution to development/migration economics and practice."
Naidu et al. 2023,logic_communication,85,78,90,"Well-structured, transparent reasoning; assumptions explicit; figures/tables support claims; consistent narrative linking results to policy. Dense in places and many outcomes, but overall clarity is high."
Naidu et al. 2023,open_science,65,55,75,"Pre-registered (AEA). Careful reporting, appendices. Data/code availability unclear; admin data likely restricted; outcomes/regressions not pre-specified; limited multiple-testing adjustments."
Naidu et al. 2023,global_relevance,90,85,96,"Highly relevant to migration policy, inequality, and labor standards in GCC corridors; quantifies returns, costs, and well-being; offers concrete policy levers (wages/conditions). Generalizability beyond sector/corridor is a modest caveat."
Salazar and Restrepo 2024,overall,80,72,87,"Default mean of six metrics. Strong, policy-relevant contribution with credible modeling and useful estimates. Preliminary status, reliance on strong assumptions, and limited robustness checks/Open Science keep it below top decile."
Salazar and Restrepo 2024,claims_evidence,80,70,88,"Main claim—leakage is modest—is clearly stated and supported by reduced-form (event-study, RD) and structural results. SUTVA issues are acknowledged. However, uncertainty around leakage estimates is not quantified and robustness across key elasticities is limited, tempering confidence."
Salazar and Restrepo 2024,methods,76,65,85,"Well-justified spatial GE with an explicit deforestation sector, non-homothetic preferences, migration, and multi-agriculture; calibration uses rich Brazilian data. Yet strong assumptions (closed economy, open access), inversion for productivities, model-implied land prices, and limited sensitivity analysis constrain methodological credibility."
Salazar and Restrepo 2024,advancing_knowledge,88,80,95,Substantive advance: quantifies GE leakage of targeted conservation and endogenizes land via deforestation in a spatial GE. Offers decision-relevant magnitudes and a framework others can extend. High potential influence on conservation policy debates.
Salazar and Restrepo 2024,logic_communication,84,75,91,"Goals, mechanisms, and assumptions are clear; empirical and model components are linked coherently; figures aid interpretation. Preliminary draft has typos and some missing robustness/sensitivity exposition, but overall reasoning is transparent."
Salazar and Restrepo 2024,open_science,60,45,72,"Relies on publicly available datasets; construction and calibration are described. However, replication code, full materials, and a structured repository are not evident in the draft, limiting reproducibility at present."
Salazar and Restrepo 2024,global_relevance,93,86,98,Directly targets tropical deforestation and climate mitigation in Brazil; informs leakage concerns central to financing mechanisms and policy. Provides quantitative guidance useful to practitioners and policymakers.
Schuett et al. 2023,overall,82,71,91,"Overall equals the mean of category midpoints. Strong communication and openness; high policy relevance. Methods and sampling constrain external validity, but the study credibly synthesizes expert views and offers actionable guidance."
Schuett et al. 2023,claims_evidence,82,70,90,Main questions and claims are explicit; evidence (expert survey) is appropriate. Analyses are correctly descriptive with suitable nonparametric tests and multiple-comparisons control. The paper characterizes its evidence cautiously and foregrounds limitations and uncertainty.
Schuett et al. 2023,methods,68,55,80,"Purposive sample (51/92) with potential selection and nonresponse bias; items are high-level, inflating agreement. Analyses are mostly descriptive; nonparametric tests with Holm–Bonferroni are appropriate. Preregistration helps credibility. Limited representativeness and small subgroup Ns temper strength."
Schuett et al. 2023,advancing_knowledge,78,65,88,"Provides a timely, structured snapshot of expert consensus on 50 practices, helping prioritize governance work. Useful foundation for standards and regulation, though not conceptually novel. Adds empirical anchor and concrete agenda items for the field."
Schuett et al. 2023,logic_communication,88,80,95,"Clear goals, definitions, and transparent reasoning. Figures and tables align with narrative; internal consistency is good. Limitations are prominently discussed, aiding interpretability and proper use."
Schuett et al. 2023,open_science,90,82,97,Preregistered with pre-analysis plan; code and (anonymized) data shared on OSF; deviations documented. Some data withheld to protect identities is reasonable. High replicability and reproducibility for a survey study.
Schuett et al. 2023,global_relevance,86,75,94,"Directly relevant to AGI labs, regulators, and standards bodies (NIST/ISO/EU AI Act/UK). Offers actionable priorities (risk assessments, dangerous capability evals, audits). Communicated in policy-accessible terms with practical implications."
Trammel and Aschenbrenner 2025,overall,83,75,90,Strong theoretical contribution with clear propositions and policy-relevant insights; challenges prevailing assumptions. Robust within-model analysis and good communication. Main limitations are empirical grounding and some strong structural assumptions; open-science practices appear good but not exemplary. Overall quality competitive among recent serious work in economics of x-risk and growth.
Trammel and Aschenbrenner 2025,claims_evidence,85,75,92,"Main claims are explicit and consistently supported by formal derivations (propositions, corollaries). The paper carefully scopes claims to within-model results and notes limitations. Evidence is analytic rather than empirical; no external validation or calibration. Within that scope, characterization of evidence is accurate and transparent."
Trammel and Aschenbrenner 2025,methods,80,70,90,"Well-justified formal modeling of hazard rates with clear decomposition into state/transition risk and policy channel. Considers accrued risk, convexities, and frictions; derives risk-minimizing growth. Robustness across functional-form cases discussed, though results hinge on key assumptions (one-dimensional tech, planner optimizing isoelastic utility, discounting). No empirical tests or calibration."
Trammel and Aschenbrenner 2025,advancing_knowledge,88,80,95,Introduces an important corrective: stagnation often not safest; positive risk-minimizing growth; an ‘existential risk Kuznets curve’. Integrates policy response into hazard dynamics and clarifies state vs. transition risk tradeoffs. Likely to influence economic analysis of AI/bio risk and growth policy; provides a foundation for future calibrated and empirical work.
Trammel and Aschenbrenner 2025,logic_communication,85,75,92,"Clear problem statement, definitions, and stepwise reasoning. Propositions are well-motivated; assumptions explicit. Figures aid intuition. Writing is dense but coherent; appendices reportedly provide proofs and code. Minor complexity may impede non-specialists, but internal logic and consistency are strong."
Trammel and Aschenbrenner 2025,open_science,72,60,85,"Paper references appendices with derivations and code for simulations, enabling replication if provided as stated. Methods are sufficiently described to reproduce results. No data involved. Pre-registration not applicable. Actual availability/packaging of code and documentation uncertain from text; hence moderate-to-high but not top-tier."
Trammel and Aschenbrenner 2025,global_relevance,90,82,96,"Highly relevant to global priorities: existential risk policy, AI/bio governance, and growth strategy. Offers decision-relevant conceptual tools (risk-minimizing growth, policy response) for funders and policymakers. Lacks calibrated cost–benefit outputs but provides a clear framework to guide prioritization and future quantification."
Walker et al. 2023,overall,84,80,88,"Overall quality is high: strong experimental variation, unusually long follow-up, clear findings on U5 mortality, careful characterization of limits. Open-science and some measurement constraints (self-reported child outcomes; mediation not causal) modestly temper the score. Overall equals the rounded mean of subscores."
Walker et al. 2023,claims_evidence,85,78,91,"Main questions are clear; central claim (22% U5MR reduction) is well-supported with multiple robustness checks. IMR effects are correctly presented as imprecise. Mechanism claims are cautious and characterized as suggestive, not causal. Limitations and alternative explanations are discussed."
Walker et al. 2023,methods,84,78,90,"Credible RCT-based variation, appropriate clustering, weighting, and robustness (LPM, logit/probit, dose-response). Pre-registration strengthens credibility. Limits: reliance on self-reported births/deaths (esp. via male partners), possible assortative matching, timing misalignment for mechanisms, and no multiple-testing correction for many secondary outcomes."
Walker et al. 2023,advancing_knowledge,88,82,94,Rare causal evidence on intergenerational mortality from an adolescent health intervention; links to multiple life-course mechanisms and cost-benefit. Extends deworming literature beyond own-generation outcomes and informs policy prioritization. High potential to influence future work on intergenerational impacts.
Walker et al. 2023,logic_communication,83,77,89,"Clear motivation, transparent design, and coherent argument. Results are contextualized against national trends and prior work; limitations are explicit. Presentation is dense yet generally easy to follow; appendices bolster transparency. Minor complexity from multiple channels and timing could challenge some readers."
Walker et al. 2023,open_science,68,55,78,"Trial registered; design and analyses are well-documented with extensive appendices. However, no clear public code/data release is indicated; KLPS access may be restricted, limiting full reproducibility. Replication feasible in principle but depends on data permissions."
Walker et al. 2023,global_relevance,95,90,98,"Directly addresses SDG child mortality in LMICs; helminth burden widespread. Findings are actionable for deworming and broader child-health policy, with compelling cost-benefit. External validity caveats remain, but the policy relevance is exceptionally high."
Williams et al. 2024,overall,86,81,91,"Arithmetic mean of other six midpoints. Strong, policy-relevant mapping of natural regeneration potential with clear caveats; small deductions for open-science transparency and omission of socioeconomic feasibility in the final predictive model."
Williams et al. 2024,claims_evidence,88,82,94,"Claims (215 Mha potential; 23.4 Gt C over 30 years; concentration in five countries) are supported by a 30 m pantropical model trained on observed regrowth and literature-based sequestration rates. Caveats on feasibility, permanence, and scope (dense forests only) are explicit and balanced."
Williams et al. 2024,methods,85,78,90,"Robust ML with 5.4 Mha labels, strong validation (~88%) accounting for spatial autocorrelation, sensible predictors, and sensitivity checks. Limitations: labels reflect 2000–2016 conditions, potential policy/market confounding; final model excludes socioeconomic predictors; carbon estimates omit belowground and permanence risks."
Williams et al. 2024,advancing_knowledge,89,83,95,"Delivers first pantropical, 30 m, observed-regrowth-informed map of natural regeneration potential; quantifies national contributions and carbon opportunity, enabling targeted restoration planning. Extends prior coarse/expert-based approaches and adds decision relevance."
Williams et al. 2024,logic_communication,90,85,96,"Goals and scope are clear; assumptions and limitations are explicitly stated; reasoning is coherent. Figures (e.g., partial dependence) align with narrative. Uncertainty and boundaries of inference are appropriately characterized."
Williams et al. 2024,open_science,72,60,84,"Open-access article leveraging public datasets; outputs likely shared. However, full code, processing pipelines, and all inputs’ accessibility are not fully clear from the text; some dependencies may limit exact reproduction."
Williams et al. 2024,global_relevance,93,87,98,"Highly relevant to climate mitigation, biodiversity, and restoration targets; identifies country hotspots and policy levers; discusses additionality/permanence and equity. Immediately useful for planners, though feasibility and cost layers need integration."
Xing et al. 2023,overall,83,77,88,"Overall reflects the mean of component scores. Strong causal evidence on greening, air quality, and ER outcomes; novel integration of benefits and pollen risks with clear policy implications. Limitations: health models largely OLS without quasi-experimental instruments, limited pollen years/sites, and incomplete reproducibility reduce confidence a bit."
Xing et al. 2023,claims_evidence,88,80,93,"Clear research questions (greening, pollution, pollen/health), strong multi-source evidence (satellite, monitors, claims), and careful characterization of benefits vs. risks. Pre/post and spatial gradients, wind-based identification, and placebo tests bolster claims. Authors acknowledge limits (e.g., satellite-measure concerns, transferability)."
Xing et al. 2023,methods,84,76,90,"Well-justified wind directivity design; boundary gradients with pre-trend checks; multiple pollutants; event studies and downwind placebo tests. Concerns: health effects estimated via OLS (limited IV use), potential residual confounding, short pollen panel (2013–2016), multiple testing without adjustments, and partial reliance on satellite proxies."
Xing et al. 2023,advancing_knowledge,90,84,95,"Substantial contribution: first integrated, causal-leaning estimates of urban afforestation’s downwind pollution reductions and concomitant pollen costs, tied to healthcare use. Identifies species and vulnerable groups, and quantifies net health impacts and monetary benefits. High relevance to urban environmental policy and forest planning."
Xing et al. 2023,logic_communication,87,80,92,"Goals and framework explicit; equations clarify marginalization strategy; assumptions and limitations discussed; figures/maps tie to narrative. Some extrapolations (e.g., mortality/VSL choices) could be more sensitivity-tested, but overall reasoning is transparent and consistent with evidence."
Xing et al. 2023,open_science,65,50,75,"Many inputs are public (MODIS, CLUD, monitors), but pollen and claims data are restricted; no code/replication package is evident. Methods are described sufficiently for partial replication with similar data access; full reproducibility is limited without shared code and data documentation."
Xing et al. 2023,global_relevance,86,78,92,"Urban afforestation is globally prevalent; findings on downwind exposure mitigation and pollen risks are widely applicable. Transferability depends on species mix, meteorology, baseline pollution, and healthcare systems, but the directional insights and management guidance are highly policy-relevant."
