before_path,after_path,match_method,match_score,paper_id,paper_title,before_name,after_name,status,before_text_length,after_text_length,text_length_change,text_length_change_pct,additions_count,deletions_count,total_changes,unified_diff_sample,evaluation_files,has_evaluation,timestamp
more papers/Weaver et al. 2025.pdf,latest_papers_post_UJ/Jeffrey WeaverSandip SukhtankarPaul Niehaus Karthik Muralidharan_Cash Transfers for Child Development- Experimental Evidence from India.pdf,confirmed_manual,0.6162790697674418,Jeffrey WeaverSandip SukhtankarPaul Niehaus Karthik Muralidharan_Cash Transfers for Child Development- Experimental Evidence from India,Cash Transfers for Child Development: Experimental Evidence from India,Weaver et al. 2025.pdf,Jeffrey WeaverSandip SukhtankarPaul Niehaus Karthik Muralidharan_Cash Transfers for Child Development- Experimental Evidence from India.pdf,success,130691,130691,0,0.0,0,0,0,,[],False,2025-11-04T08:43:03.291085
more papers/Aghion et al. 2017.pdf,latest_papers_post_UJ/Philippe Aghion Benjamin F JonesCharles I Jones_Artificial Intelligence and Economic Growth.pdf,confirmed_manual,0.5833333333333334,Philippe Aghion Benjamin F JonesCharles I Jones_Artificial Intelligence and Economic Growth,Artificial Intelligence and Economic Growth,Aghion et al. 2017.pdf,Philippe Aghion Benjamin F JonesCharles I Jones_Artificial Intelligence and Economic Growth.pdf,success,95172,95172,0,0.0,0,0,0,,['unjournal_evaluations/aitrammel.md'],True,2025-11-04T08:43:10.754976
more papers/Kremer et al. 2020.pdf,latest_papers_post_UJ/Michael KremerJonathan D LevinChristopher M Snyder_Advance Market Commitments- Insights from Theory and Experience.pdf,confirmed_manual,0.5759493670886076,Michael KremerJonathan D LevinChristopher M Snyder_Advance Market Commitments- Insights from Theory and Experience,Advance Market Commitments: Insights from Theory and Experience,Kremer et al. 2020.pdf,Michael KremerJonathan D LevinChristopher M Snyder_Advance Market Commitments- Insights from Theory and Experience.pdf,success,18817,42979,24162,128.40516554179732,891,272,1163,"--- 
+++ 
@@ -1,277 +1,896 @@
-AEA Papers and Proceedings 2020, 110: 269–273
-https://doi.org/10.1257/pandp.20201017
-Advance Market Commitments:
-Insights from Theory and Experience†
-By Michael Kremer, Jonathan Levin, and Christopher M. Snyder*
-Ten years ago, donors committed $1.5 bil- The AMC is designed to tackle static and
-lion to a pilot advance market commitment dynamic distortions in the vaccine market.
-AMC to help purchase pneumococcal vaccine The price-cap feature of the AMC is designed
-( )
-for low-income countries. The AMC aimed to to mitigate static deadweight loss from firms
-encourage the development of such vaccines, exercising market power. Donors’ commitment
-ensure distribution to children in l ow-income to top-up price above marginal cost is designed
-countries, and pilot the AMC mechanism for to bolster dynamic R&D incentives, which are
-possible future use. Three vaccines have been weak due to a number of factors, including lim-
-developed and more than 150 million children ited purchasing power in low-income countries,
-immunized, saving an estimated 700,000 lives. free riding by the unvaccinated on the reduction
-This paper reviews the economic logic behind in disease transmission, and political pressure to
-AMCs, the experience with the pilot, and key reduce price once a vaccine has been developed,
-issues for future AMCs. causing a holdup problem.
-AMCs’ “pull” funding is meant to supple-
-I. Theory of AMCs ment, not replace, direct R&D support i.e.,
+NBER WORKING PAPER SERIES
+ADVANCE MARKET COMMITMENTS:
+INSIGHTS FROM THEORY AND EXPERIENCE
+Michael Kremer
+Jonathan D. Levin
+Christopher M. Snyder
+Working Paper 26775
+http://www.nber.org/papers/w26775
+NATIONAL BUREAU OF ECONOMIC RESEARCH
+1050 Massachusetts Avenue
+Cambridge, MA 02138
+February 2020
+The authors were members of the Economic Expert Group that helped to design the pilot
+Advance Market Commitment for pneumococcus vaccine. We are grateful to Arthur Baker and
+Junyi Que for excellent research assistance and Owen Barder, Rachel Glennerster, Imran Rasul,
+and participants in “The Economics of Health Epidemics” session at the 2020 American
+Economic Association meetings for insightful comments. This working paper integrates the text
+and online appendix of a paper forthcoming in the American Economic Association Papers and
+Proceedings. The views expressed herein are those of the authors and do not necessarily reflect
+the views of the National Bureau of Economic Research.
+At least one co-author has disclosed a financial relationship of potential relevance for this
+research. Further information is available online at http://www.nber.org/papers/w26775.ack
+NBER working papers are circulated for discussion and comment purposes. They have not been
+peer-reviewed or been subject to the review by the NBER Board of Directors that accompanies
+official NBER publications.
+© 2020 by Michael Kremer, Jonathan D. Levin, and Christopher M. Snyder. All rights reserved.
+Short sections of text, not to exceed two paragraphs, may be quoted without explicit permission
+provided that full credit, including © notice, is given to the source.
+
+Advance Market Commitments: Insights from Theory and Experience
+Michael Kremer, Jonathan D. Levin, and Christopher M. Snyder
+NBER Working Paper No. 26775
+February 2020
+JEL No. I15,L65,O38
+ABSTRACT
+Ten years ago, donors committed $1.5 billion to a pilot Advance Market Commitment (AMC) to
+help purchase pneumococcal vaccine for low-income countries. The AMC aimed to encourage
+the development of such vaccines, ensure distribution to children in low-income countries, and
+pilot the AMC mechanism for possible future use. Three vaccines have been developed and more
+than 150 million children immunized, saving an estimated 700,000 lives. This paper reviews the
+economic logic behind AMCs, the experience with the pilot, and key issues for future AMCs.
+Michael Kremer Christopher M. Snyder
+Harvard University Department of Economics
+Department of Economics Dartmouth College
+Littauer Center M20 301 Rockefeller Hall
+Cambridge, MA 02138 Hanover, NH 03755
+and NBER and NBER
+mkremer@fas.harvard.edu chris.snyder@dartmouth.edu
+Jonathan D. Levin
+Stanford University
+Department of Economics
+Stanford, CA 94305-6072
+and NBER
+jdlevin@stanford.edu
+A data appendix is available at http://www.nber.org/data-appendix/w26775
+
+1. Introduction
+Ten years ago, donors committed $1.5 billion to a pilot Advance Market Commitment (AMC) to
+help purchase pneumococcal vaccine for low-income countries. The AMC aimed to encourage the
+development of such vaccines, ensure distribution to children in low-income countries, and pilot
+The AMC mechanism for possible future use. Three vaccines have been developed and more than
+150 million children immunized, saving an estimated 700,000 lives. This paper reviews the
+economic logic behind AMCs, the experience with the pilot, and key issues for future AMCs.
+2. Review of AMC Theory
+2.1. Technologically Distant Target
+Kremer and Glennerster (2004) proposed AMCs to encourage research on vaccines against
+diseases such as malaria primarily affecting low-income countries, and to promote access to these
+vaccines once developed. The AMC has donors pledge to top up payments for newly introduced
+vaccine meeting technical benchmarks, conditional on the firm’s setting the price close to marginal
+cost.
+The AMC is designed to tackle static and dynamic distortions in the vaccine market. The
+price-cap feature of the AMC is designed to mitigate static deadweight loss from firms’ exercising
+market power. Donors’ commitment to top up price above marginal cost is designed to bolster
+dynamic R&D incentives, which are weak due to a number of factors including limited purchasing
+power in low-income countries, free riding by the unvaccinated on the reduction in disease
+transmission, and political pressure to reduce price once a vaccine has been developed, causing a",[],False,2025-11-04T08:43:17.776972
more papers/Haushofer et al. 2020.pdf,latest_papers_post_UJ/Johannes HaushoferRobert MudidaJeremy P Shapiro_The Comparative Impact of Cash Transfers and a Psychotherapy Program on Psychological and Economic W.pdf,confirmed_manual,0.59375,Johannes HaushoferRobert MudidaJeremy P Shapiro_The Comparative Impact of Cash Transfers and a Psychotherapy Program on Psychological and Economic W,The Comparative Impact of Cash Transfers and a Psychotherapy Program on Psychological and Economic Well-being,Haushofer et al. 2020.pdf,Johannes HaushoferRobert MudidaJeremy P Shapiro_The Comparative Impact of Cash Transfers and a Psychotherapy Program on Psychological and Economic W.pdf,success,106508,106508,0,0.0,0,0,0,,"['unjournal_evaluations/cashtransferseval1.md', 'unjournal_evaluations/cashtransferseval2.md']",True,2025-11-04T08:43:26.305396
more papers/Denkenberger et al. 2022.pdf,latest_papers_post_UJ/David DenkenbergerAnders SandbergRoss John TiemanJoshua M Pearce_Long term cost-effectiveness of resilient foods for global catastrophes compared to artificial gener.pdf,confirmed_manual,0.5694444444444444,David DenkenbergerAnders SandbergRoss John TiemanJoshua M Pearce_Long term cost-effectiveness of resilient foods for global catastrophes compared to artificial gener,Long term cost-effectiveness of resilient foods for global catastrophes compared to artificial general intelligence safety,Denkenberger et al. 2022.pdf,David DenkenbergerAnders SandbergRoss John TiemanJoshua M Pearce_Long term cost-effectiveness of resilient foods for global catastrophes compared to artificial gener.pdf,success,120573,120573,0,0.0,0,0,0,,"['unjournal_evaluations/eval1allfed.md', 'unjournal_evaluations/eval3allfed.md']",True,2025-11-04T08:43:39.119915
more papers/Kubo et al. 2023.pdf,latest_papers_post_UJ/Takahiro KuboTaro MienoShinya UryuSaeko TeradaDiogo Veríssimo_Banning wildlife trade can boost demand for unregulated threatened species.pdf,confirmed_manual,0.5674157303370786,Takahiro KuboTaro MienoShinya UryuSaeko TeradaDiogo Veríssimo_Banning wildlife trade can boost demand for unregulated threatened species,Banning wildlife trade can boost demand for unregulated threatened species,Kubo et al. 2023.pdf,Takahiro KuboTaro MienoShinya UryuSaeko TeradaDiogo Veríssimo_Banning wildlife trade can boost demand for unregulated threatened species.pdf,success,57802,57802,0,0.0,0,0,0,,"['unjournal_evaluations/e2_banningwildlife.md', 'unjournal_evaluations/banningwildlifeeval1liew.md']",True,2025-11-04T08:43:51.367841
more papers/Fangwa et al. 2023.pdf,latest_papers_post_UJ/Anicet FangwaCaroline FlammerMarieke HuysentruytBertrand Quelin_The Governance Of Non-Profits And Their Social Impact- Evidence From A Randomized Program In Healthc.pdf,confirmed_manual,0.556,Anicet FangwaCaroline FlammerMarieke HuysentruytBertrand Quelin_The Governance Of Non-Profits And Their Social Impact- Evidence From A Randomized Program In Healthc,The Governance Of Non-Profits And Their Social Impact: Evidence From A Randomized Program In Healthcare In DRC,Fangwa et al. 2023.pdf,Anicet FangwaCaroline FlammerMarieke HuysentruytBertrand Quelin_The Governance Of Non-Profits And Their Social Impact- Evidence From A Randomized Program In Healthc.pdf,success,119391,119391,0,0.0,0,0,0,,[],False,2025-11-04T08:44:02.245640
more papers/Buntaine et al. 2023.pdf,latest_papers_post_UJ/Mark BuntaineMichael GreenstoneGuojun HeMengdi LiuShaoda WangBing Zhang_Does the Squeaky Wheel Get More Grease The Direct and Indirect Effects of Citizen Participation on E.pdf,confirmed_manual,0.5596026490066225,Mark BuntaineMichael GreenstoneGuojun HeMengdi LiuShaoda WangBing Zhang_Does the Squeaky Wheel Get More Grease The Direct and Indirect Effects of Citizen Participation on E,Does the Squeaky Wheel Get More Grease? The Direct and Indirect Effects of Citizen Participation on Environmental Governance in China,Buntaine et al. 2023.pdf,Mark BuntaineMichael GreenstoneGuojun HeMengdi LiuShaoda WangBing Zhang_Does the Squeaky Wheel Get More Grease The Direct and Indirect Effects of Citizen Participation on E.pdf,success,123145,122123,-1022,-0.8299159527386415,39,71,110,"--- 
+++ 
@@ -1,76 +1,44 @@
-NBER WORKING PAPER SERIES
-DOES THE SQUEAKY WHEEL GET MORE GREASE? THE DIRECT AND INDIRECT
-EFFECTS OF CITIZEN PARTICIPATION ON ENVIRONMENTAL GOVERNANCE
-IN CHINA
-Mark Buntaine
-Michael Greenstone
-Guojun He
-Mengdi Liu
-Shaoda Wang
-Bing Zhang
-Working Paper 30539
-http://www.nber.org/papers/w30539
-NATIONAL BUREAU OF ECONOMIC RESEARCH
-1050 Massachusetts Avenue
-Cambridge, MA 02138
-October 2022, revised August 2023
-We thank Martina Bjorkman-Nyqvist, Robin Burgess, Fiona Burlig, Jiahua Che, Kim Fe Cramer,
-Richard DiSalvo, Hanming Fang, Eyal Frank, Matthew Gordon, Chang-Tai Hsieh, Kelsey Jack,
-Ruixue Jia, Panle Jia Barwick, Ryan Kellogg, Jing Li, Shanjun Li, Mushfiq Mobarak, Ben Olken,
-Nancy Qian, James Robinson, Nicholas Ryan, Joseph Shapiro, Venkat Bhargav Sreedhara, Reed
-Walker, Ye Wang, Daniel Xu, David Yang, Noam Yuchtman, and numerous seminar and
-conference participants for insightful suggestions. The research described in this article was
-approved by the IRB at the University of Chicago and University of California, Santa Barbara.
-Jiaying Chen, Xun Fan, Yue He, Neil Himwich, Chenye Liu, Zifu Liu, Ziyi Liu, Matthew Neils,
-Wenwei Peng, Fan Sun, Yue Tang, Fanyu Wang, Xurui Wang, Jiaqi Zhang, Yimeng Zhang,
-Runren Zhou, and Ziao Zhu provided excellent research assistance. Financial support from the
-National Science Foundation of China (Grant No. 71825005 & 72161147002) and the Energy
-Policy Institute at UChicago (EPIC) is gratefully acknowledged. The AEA RCT registry ID is
-AEARCTR-0005601. The views expressed herein are those of the authors and do not necessarily
-reflect the views of the National Bureau of Economic Research.
-NBER working papers are circulated for discussion and comment purposes. They have not been
-peer-reviewed or been subject to the review by the NBER Board of Directors that accompanies
-official NBER publications.
-© 2022 by Mark Buntaine, Michael Greenstone, Guojun He, Mengdi Liu, Shaoda Wang, and
-Bing Zhang. All rights reserved. Short sections of text, not to exceed two paragraphs, may be
-quoted without explicit permission provided that full credit, including © notice, is given to the
-source.
-
-Does the Squeaky Wheel Get More Grease? The Direct and Indirect Effects of Citizen Participation
+WORKING PAPER · NO. 2022-135
+Does the Squeaky Wheel Get More Grease?
+The Direct and Indirect Effects of Citizen Participation
 on Environmental Governance in China
 Mark Buntaine, Michael Greenstone, Guojun He, Mengdi Liu, Shaoda Wang, and Bing Zhang
-NBER Working Paper No. 30539
-October 2022, revised August 2023
-JEL No. K32,P28,Q52
-ABSTRACT
-We conducted a nationwide field experiment in China to evaluate the direct and indirect impacts
-of assigning firms to public or private citizen appeals when they violate pollution standards.
-There are three main findings. First, public appeals to the regulator through social media
-substantially reduce violations and pollution emissions, while private appeals cause more modest
-environmental improvements. Second, public appeals appear to tilt regulators’ focus away from
-facilitating economic growth and toward avoiding pollution-induced public unrest. Third,
-pollution reductions by treated firms are not offset by control firms, based on randomly varying
-the proportion of treatment firms at the prefecture-level.
-Mark Buntaine Mengdi Liu
-University of California, Santa Barbara University of International
-Santa Barbara, CA 93106 Business and Economics
-buntaine@bren.ucsb.edu Beijing, China
-liumengdi@uibe.edu.cn
-Michael Greenstone
-University of Chicago Shaoda Wang
-Department of Economics Harris School of Public Policy
-1126 E. 59th Street University of Chicago
-Chicago, IL 60637 1307 E. 60th Street office 2055
-and NBER Chciago, IL 60637
-mgreenst@uchicago.edu and NBER
-shaoda@uchicago.edu
-Guojun He
-Faculty of Business and Economics Bing Zhang
-University of Hong Kong Nanjing University
-Hong Kong 0000 Jiangsu Sheng, China
-Hong Kong zhangb@nju.edu.cn
-guojun.he@gmail.com
-A data appendix is available at http://www.nber.org/data-appendix/w30539
+JULY 2023
+5757 S. University Ave.
+An Affiliated Center of Chicago, IL 60637
+Main: 773.702.5599
+bfi.uchicago.edu
+
+Does the Squeaky Wheel Get More Grease? The Direct and Indirect Effects of
+Citizen Participation on Environmental Governance in China
+Mark Buntaine, Michael Greenstone, Guojun He,
+Mengdi Liu, Shaoda Wang, and Bing Zhang*
+[July 2023]
+Abstract
+We conducted a nationwide field experiment in China to evaluate the direct and indirect impacts of
+assigning firms to public or private citizen appeals when they violate pollution standards. There are
+three main findings. First, public appeals to the regulator through social media substantially reduce
+violations and pollution emissions, while private appeals cause more modest environmental
+improvements. Second, public appeals appear to tilt regulators’ focus away from facilitating economic
+growth and toward avoiding pollution-induced public unrest. Third, pollution reductions by treated
+firms are not offset by control firms, based on randomly varying the proportion of treatment firms at
+the prefecture-level.
+Keywords: citizen participation, social media, environmental governance","['unjournal_evaluations/buntaineeval2.md', 'unjournal_evaluations/buntaineeval1revised.md']",True,2025-11-04T08:44:15.760834
more papers/Alatas et al. 2019.pdf,latest_papers_post_UJ/Vivi AlatasArun G ChandrasekharMarkus MobiusBenjamin A OlkenCindy Paladines_When Celebrities Speak- A Nationwide Twitter Experiment Promoting Vaccination In Indonesia.pdf,confirmed_manual,0.5754716981132075,Vivi AlatasArun G ChandrasekharMarkus MobiusBenjamin A OlkenCindy Paladines_When Celebrities Speak- A Nationwide Twitter Experiment Promoting Vaccination In Indonesia,When Celebrities Speak: A Nationwide Twitter Experiment Promoting Vaccination In Indonesia,Alatas et al. 2019.pdf,Vivi AlatasArun G ChandrasekharMarkus MobiusBenjamin A OlkenCindy Paladines_When Celebrities Speak- A Nationwide Twitter Experiment Promoting Vaccination In Indonesia.pdf,success,121353,76990,-44363,-36.556986642275014,931,1472,2403,"--- 
+++ 
@@ -1,1312 +1,780 @@
-NBER WORKING PAPER SERIES
-WHEN CELEBRITIES SPEAK:
-A NATIONWIDE TWITTER EXPERIMENT PROMOTING VACCINATION IN INDONESIA
-Vivi Alatas
-Arun G. Chandrasekhar
-Markus Mobius
-Benjamin A. Olken
-Cindy Paladines
-Working Paper 25589
-http://www.nber.org/papers/w25589
-NATIONAL BUREAU OF ECONOMIC RESEARCH
-1050 Massachusetts Avenue
-Cambridge, MA 02138
-February 2019
-We thank Marcella Alsan, Nancy Baym, Emily Breza, Leo Bursztyn, Rebecca Diamond, Dean
-Eckles, Paul Goldsmith-Pinkham, Ben Golub, Rema Hanna, Mary Gray, Matt Jackson, Matthew
-Wai-Poi, Alex Wolitsky, and participants at various seminars for helpful discussions. Aaron
-Kaye, Nurzanty Khadijah, Devika Lakhote, Eva Lyubich, Sinead Maguire, Lina Marliani,
-Sebastian Steffen, Vincent Tanutama provided excellent research assistance. We thank Nila
-Moeloek, then Indonesian Special Envoy for Sustainable Development Goals, Diah Saminarsih,
-and their team for providing support for this project. This study was approved by IRBs at MIT
-(Protocol #1406006433) and Stanford (Protocol #31451), and registered in the AEA Social
-Science Registry (AEARCTR-0000757). Funding for this project came from the Australian
-Government Department of Foreign Affairs and Trade. The views expressed herein are those of
-the authors and do not necessarily reflect the views of the National Bureau of Economic
-Research.
-At least one co-author has disclosed a financial relationship of potential relevance for this
-research. Further information is available online at http://www.nber.org/papers/w25589.ack
-NBER working papers are circulated for discussion and comment purposes. They have not been
-peer-reviewed or been subject to the review by the NBER Board of Directors that accompanies
-official NBER publications.
-© 2019 by Vivi Alatas, Arun G. Chandrasekhar, Markus Mobius, Benjamin A. Olken, and Cindy
-Paladines. All rights reserved. Short sections of text, not to exceed two paragraphs, may be
-quoted without explicit permission provided that full credit, including © notice, is given to the
-source.
-
-When Celebrities Speak: A Nationwide Twitter Experiment Promoting Vaccination In Indonesia
-Vivi Alatas, Arun G. Chandrasekhar, Markus Mobius, Benjamin A. Olken, and Cindy Paladines
-NBER Working Paper No. 25589
-February 2019
-JEL No. D85,I15,O33
-ABSTRACT
-Celebrity endorsements are often sought to influence public opinion. We ask whether celebrity
-endorsement per se has an effect beyond the fact that their statements are seen by many, and
-whether on net their statements actually lead people to change their beliefs. To do so, we
-conducted a nationwide Twitter experiment in Indonesia with 46 high-profile celebrities and
-organizations, with a total of 7.8 million followers, who agreed to let us randomly tweet or
-retweet content promoting immunization from their accounts. Our design exploits the structure of
-what information is passed on along a retweet chain on Twitter to parse reach versus endorsement
-effects. Endorsements matter: tweets that users can identify as being originated by a celebrity are
-far more likely to be liked or retweeted by users than similar tweets seen by the same users but
-without the celebrities' imprimatur. By contrast, explicitly citing sources in the tweets actually
-reduces diffusion. By randomizing which celebrities tweeted when, we find suggestive evidence
-that overall exposure to the campaign may influence beliefs about vaccination and knowledge of
-immunization-seeking behavior by one's network. Taken together, the findings suggest an
-important role for celebrity endorsement.
-Vivi Alatas Benjamin A. Olken
-World Bank Department of Economics, E52-542
-Jakarta Stock Exchange Building MIT
-Tower 2, 12th & 13th Floor 50 Memorial Drive
-Jakarta, Indonesia Cambridge, MA 02142
-valatas@worldbank.org and NBER
-bolken@mit.edu
-Arun G. Chandrasekhar
-Department of Economics Cindy Paladines
-Stanford University The World Bank
-579 Serra Mall 1818 H St, NW
-Stanford, CA 94305 Washington, DC 20433
-and NBER cpaladines@worldbank.org
-arungc@stanford.edu
-Markus Mobius
-School of Information
-University of Michigan
-4322 North Quad 105 S. State St.
-Ann Arbor, MI 48109-1285
-and NBER
-markusmobius@gmail.com
-A randomized controlled trials registry entry is available at https://www.socialscienceregistry.org/trials/757
-
-WHEN CELEBRITIES SPEAK 1
+DESIGNING EFFECTIVE CELEBRITY MESSAGING: RESULTS FROM
+A NATIONWIDE TWITTER EXPERIMENT PROMOTING
+VACCINATION IN INDONESIA
+VIVI ALATAS?, ARUN G. CHANDRASEKHAR†, MARKUS MOBIUS§, BENJAMIN A. OLKEN‡,
+AND CINDY PALADINES??
+Abstract. Docelebrityendorsementsmatter? Andifso,howcancelebritiescommunicate
+effectively? We conduct a nationwide Twitter experiment in Indonesia promoting vaccina-
+tion. Celebrity messages are 72 percent more likely to be passed or liked than similar
+messages without a celebrity’s imprimatur. Decomposing this, 79 percent of the celebrity
+effect comes from authorship, compared to passing on messages. Citing external medical
+sources decreases retweets by 27 percent. Phone surveys show that those randomly ex-
+posed to messaging have fewer incorrect beliefs and report more vaccination among friends
+and neighbors. The results can inform public health campaigns, such as for COVID-19
+vaccination.
+Date: February 25, 2022.
+We thank Ran Abramitsky, Marcella Alsan, Nancy Baym, Emily Breza, Leo Bursztyn, Rebecca Diamond,
+Dean Eckles, Paul Goldsmith-Pinkham, Ben Golub, Mary Gray, Rema Hanna, Johannes Haushofer, Matt","['unjournal_evaluations/e2_do_celebrity.md', 'unjournal_evaluations/e1_do_celebrity.md']",True,2025-11-04T08:44:26.881445
more papers/Jack et al. 2022.pdf,latest_papers_post_UJ/B Kelsey JackSeema JayachandranNamrata KalaRohini Pande_Money Not to Burn- Payments for Ecosystem Services to Reduce Crop Residue Burning.pdf,confirmed_manual,0.5421052631578948,B Kelsey JackSeema JayachandranNamrata KalaRohini Pande_Money Not to Burn- Payments for Ecosystem Services to Reduce Crop Residue Burning,Money (Not) to Burn: Payments for Ecosystem Services to Reduce Crop Residue Burning,Jack et al. 2022.pdf,B Kelsey JackSeema JayachandranNamrata KalaRohini Pande_Money Not to Burn- Payments for Ecosystem Services to Reduce Crop Residue Burning.pdf,success,97512,57348,-40164,-41.1887767659365,953,1429,2382,"--- 
+++ 
@@ -1,1447 +1,971 @@
-NBER WORKING PAPER SERIES
-MONEY (NOT) TO BURN:
-PAYMENTS FOR ECOSYSTEM SERVICES TO REDUCE CROP RESIDUE BURNING
-B.Kelsey Jack
-Seema Jayachandran
-Namrata Kala
-Rohini Pande
-Working Paper 30690
-http://www.nber.org/papers/w30690
-NATIONAL BUREAU OF ECONOMIC RESEARCH
-1050 Massachusetts Avenue
-Cambridge, MA 02138
-November 2022
-We thank Patrick Beherer, Xavier Gine, Michael Greenstone, Rema Hanna, Chris Knittel,
-Michael Kremer, Jeff Pagel, Imran Rasul, Nick Ryan and many seminar audiences for helpful
-comments. We also thank Marshall Burke, Ben Moscona and especially KendraWalker for
-guidance and support with the remote sensing data; Juliana Ariza Sanchez, Nils Enevoldsen,
-Valentina Goetz, Rohit James Joseph, Sahiba Lal, Aditya Madhusudan, and Ayushi Srivastava
-for excellent research assistance; and J-PAL South Asia for field support. We thank J-PAL and
-CEGA’s Agricultural Technology Adoption Initiative (ATAI), J-PAL South Asia at IFMR’s Cash
-Transfers for Child Health Initiative (CATCH), and Jody and John Arnhold for funding. This
-RCT was registered in the American Economic Association Registry under number
-AEARCTR-0004508. All errors are our own. The views expressed herein are those of the authors
-and do not necessarily reflect the views of the National Bureau of Economic Research.
-NBER working papers are circulated for discussion and comment purposes. They have not been
-peer-reviewed or been subject to the review by the NBER Board of Directors that accompanies
-official NBER publications.
-© 2022 by B. Kelsey Jack, Seema Jayachandran, Namrata Kala, and Rohini Pande. All rights
-reserved. Short sections of text, not to exceed two paragraphs, may be quoted without explicit
-permission provided that full credit, including © notice, is given to the source.
-
-Money (Not) to Burn: Payments for Ecosystem Services to Reduce Crop Residue Burning
-B.Kelsey Jack, Seema Jayachandran, Namrata Kala, and Rohini Pande
-NBER Working Paper No. 30690
-November 2022
-JEL No. O13,Q01,Q56
-ABSTRACT
-Particulate matter significantly reduces life expectancy in India. We use a randomized controlled
-trial in the Indian state of Punjab to evaluate the effectiveness of conditional cash transfers (also
-known as payments for ecosystem services, or PES) in reducing crop residue burning, which is a
-major contributor to the region’s poor air quality. Credit constraints and distrust may make
-farmers less likely to comply with standard PES contracts, which only pay the participant after
-verification of compliance. We randomize paying a portion of the money upfront and
-unconditionally. Despite receiving a lower reward for compliance, farmers offered partial upfront
-payment are 8-12 percentage points more likely to comply than are farmers offered the standard
-contract. Burning measures derived from satellite imagery indicate that PES with upfront
-payments significantly reduced burning, while standard PES payments were inframarginal. We
-also show that PES with an upfront component is a cost-effective way to improve India’s air
-quality.
-B. Kelsey Jack Namrata Kala
-University of California, Santa Barbara MIT Sloan School of Management
-2400 Bren Hall 100 Main Street, E62-517
-Santa Barbara, CA 93106-5131 Cambridge, MA 02142
-and NBER and CEPR
-kelseyjack@ucsb.edu and also NBER
-kala@mit.edu
-Seema Jayachandran
-Department of Economics Rohini Pande
-Julis Romo Rabinowitz Building Yale University
-Princeton University Department of Economics
-Princeton, NJ 08544 27 Hillhouse Avenue
-and NBER New Haven, CT 06520
-jayachandran@princeton.edu and CEPR
-and also NBER
-rohini.pande@yale.edu
-
-1 Introduction
-Worldwide, poor air quality is a leading preventable cause of death and morbidity (Fuller
-et al., 2022). Air pollution reduces the life expectancy of North India’s roughly half a billion
-residents by up to seven years, which represents one of the largest health burdens from
-pollution in the world (Lee and Greenstone, 2021). The use of fires to clear agricultural land
-in India, as in other low- and middle-income countries, is a major source of this pollution.
-Despite a clear economic case for reducing this pollution, as well as efforts to prohibit and
-fine those who produce it, agricultural pollution in North India has increased over the last
-few decades (Appendix Figure A.1). Arguably, existing policies have failed to account for
-incentives of two groups of actors: local officials’ incentives to enforce penalties when the
-costs and benefits of polluting activities are in different political jurisdictions, and farmers’
-incentives to protect the environment given that the costs of pollution are largely borne by
-others.1 In this paper, we ask whether a policy that explicitly considers these incentives can
-reduce pollution.
-Every winter, farmers in North India burn rice stalk (residue) to clear fields. Smoke
-blankets the region and spreads downwind to major population centers such as New Delhi,
-affecting the health of millions of people (Cusworth et al., 2018).2 According to the Global
-Burden of Disease, crop residue burning caused 66,000 premature deaths in India in 2015
-(GlobalBurdenofDiseaseWorkingGroup,2018). Abackoftheenvelopecalculationsuggests
-around 8.7 million acres of annual burning across North India.3 Using these estimates and
-focusingonthemortalitycostalone, valuedatastatisticallifevalueof$1million, theaverage
-annual external damages per acre are $7,600.4 In comparison, paddy production generates
-1Dipoppa and Gulzar (2022) provide evidence of this inter-jurisdictional externality, which undermines
-state and local actors’ incentives to enforce fines and bans. Farmers’ political clout and equity concerns
-around penalizing small farmers undermine enforcement even further.
-2Beyond India, pollution from crop residue burning contributes to the pollution burden in China (Chen
-et al., 2017), Southeast Asia (Oanh et al., 2018), and Africa (Cassou, 2018).
-3Our estimate is based on paddy burning estimates from Liu et al. (2020), who estimate a burn rate of
-50% for all paddy acreage in Punjab, Haryana and Uttar Pradesh.
-4Climate change, labor productivity, and morbidity costs aren’t included. Murali et al. (2010) estimates
-that residue burning in India emits around 4 million metric tons of carbon dioxide equivalents each year, or",[],False,2025-11-04T08:44:44.897670
more papers/Naidu et al. 2023.pdf,latest_papers_post_UJ/Suresh NaiduYaw NyarkoShing-Yi Wang_The Benefits and Costs of Guest Worker Programs- Experimental Evidence From the India-UAE Migration .pdf,confirmed_manual,0.5491803278688525,Suresh NaiduYaw NyarkoShing-Yi Wang_The Benefits and Costs of Guest Worker Programs- Experimental Evidence From the India-UAE Migration ,The Benefits and Costs of Guest Worker Programs: Experimental Evidence From the India-UAE Migration Corridor,Naidu et al. 2023.pdf,Suresh NaiduYaw NyarkoShing-Yi Wang_The Benefits and Costs of Guest Worker Programs- Experimental Evidence From the India-UAE Migration .pdf,success,120013,120013,0,0.0,0,0,0,,[],False,2025-11-04T08:44:52.581117
more papers/Banerjee et al. 2022.pdf,latest_papers_post_UJ/Abhijit BanerjeeMichael FayeAlan KruegerPaul NiehausTavneet Suri_Universal Basic Income- Short-Term Results from a Long-Term Experiment in Kenya.pdf,confirmed_manual,0.5631578947368421,Abhijit BanerjeeMichael FayeAlan KruegerPaul NiehausTavneet Suri_Universal Basic Income- Short-Term Results from a Long-Term Experiment in Kenya,Universal Basic Income: Short-Term Results from a Long-Term Experiment in Kenya,Banerjee et al. 2022.pdf,Abhijit BanerjeeMichael FayeAlan KruegerPaul NiehausTavneet Suri_Universal Basic Income- Short-Term Results from a Long-Term Experiment in Kenya.pdf,success,134815,117281,-17534,-13.005971145644029,1894,2595,4489,"--- 
+++ 
@@ -1,2602 +1,1901 @@
-SELECTING THE MOST EFFECTIVE NUDGE: EVIDENCE FROM A
-LARGE-SCALE EXPERIMENT ON IMMUNIZATION
-ABHIJIT BANERJEE†,∗,§, ARUN G. CHANDRASEKHAR‡,∗,§, SURESH DALPATH#,
-ESTHER DUFLO†,∗,§, JOHN FLORETTA∗, MATTHEW O. JACKSON‡,?, HARINI KANNAN∗,
-FRANCINE LOZA∗, ANIRUDH SANKAR‡, ANNA SCHRIMPF∗, AND MAHESHWOR SHRESTHA§
-Abstract. Policymakers often choose a policy bundle that is a combination of different
-interventions in different dosages. We develop a new technique—treatment variant aggre-
-gation (TVA)—to select a policy from a large factorial design. TVA pools together policy
-variantsthatarenotmeaningfullydifferentandprunesthosedeemedineffective. Thisallows
-us to restrict attention to aggregated policy variants, consistently estimate their effects on
-the outcome, and estimate the best policy effect adjusting for the winner’s curse. We apply
-TVA to a large randomized controlled trial that tests interventions to stimulate demand
-for immunization in Haryana, India. The policies under consideration include reminders,
-incentives, and local ambassadors for community mobilization. Cross-randomizing these
-interventions, with different dosages or types of each intervention, yields 75 combinations.
-The policy with the largest impact (which combines incentives, ambassadors who are in-
-formation hubs, and reminders) increases the number of immunizations by 44% relative to
-the status quo. The most cost-effective policy (information hubs, ambassadors, and SMS
-reminders but no incentives) increases the number of immunizations per dollar by 9.1%
-relative to status quo.
-Date: September 14, 2022.
-We are particularly grateful to the the Haryana Department of Health and Family Welfare for taking the
-lead on this intervention and allowing the evaluation to take place. Among many other, we acknowledge
-the tireless support of Rajeev Arora, Amneet P. Kumar, Sonia Trikha, V.K. Bansal, Sube Singh, and Har-
-ish Bisht. We are also grateful to Isaiah Andrews, Adel Javanmard, Adam McCloskey, and Karl Rohe for
-helpfuldiscussions. WethankEmilyBreza,DenisChetvetrikov,PaulGoldsmith-Pinkham,BenGolub,Nar-
-giz Kalantarova, Shane Lubold, Tyler McCormick, Douglas Miller, Francesca Molinari, Suresh Naidu, Eric
-Verhoogen, and participants at various seminars for suggestions. Financial support from USAID DIV, 3iE,
-J-PAL GPI, and MIT-Givewell, and NSF grant SES-2018554 is gratefully acknowledged. Chandrasekhar
-is grateful to the Alfred P. Sloan foundation for support. We thank Rachna Nag Chowdhuri, Diksha Rad-
-hakrishnan, Mohar Dey, Maaike Bijker, Niki Shrestha, Tanmayta Bansal, Sanjana Malhotra, Aicha Ben
-Dhia, Vidhi Sharma, Mridul Joshi, Rajdev Brar, Paul-Armand Veillon, and Chitra Balasubramanian, as
-well as Shreya Chaturvedi, Vasu Chaudhary, Shobitha Cherian, Louis-Mael Jean, Anoop Singh Rawat, Elsa
-Trezeguet, and Meghna Yadav for excellent research assistance.
-†Department of Economics, MIT.
-‡Department of Economics, Stanford University.
-#Public Health Planning, Policy, and M&E, Health Department, Govt. of Haryana.
-∗J-PAL.
-§NBER.
-?Santa Fe Institute.
+Universal Basic Income: Short-Term Results from a
+∗
+Long-Term Experiment in Kenya
+† ‡ §
+Abhijit Banerjee Michael Faye Alan Krueger
+¶ ‖
+Paul Niehaus Tavneet Suri
+15 September 2023
+Abstract
+What would be the consequences of a long-term commitment to provide everyone enough
+moneytomeettheirbasicneeds? Weexaminethishotlydebatedissueinthecontextofaunique
+field experiment in rural Kenya. Communities receiving UBI experienced substantial economic
+expansion—more enterprises, higher revenues, costs, and net revenues—and structural shifts,
+with the expansion concentrated in the non-agricultural sector. Labor supply did not change
+overall, but shifted out of wage employment and towards self-employment. We also compare
+the effects to those of shorter-term transfers delivered either as a stream of small payments
+or a large lump sum. The lump sums had similar, if not larger, economic impacts, while the
+short-term transfers had noticeably smaller effects, despite having delivered the same amount
+of capital to date. These results are consistent with a simple model of forward-looking lumpy
+investment, and more generally with a role for savings constraints, credit constraints, and some
+degree of (locally) increasing returns, among other factors.
+∗We are indebted to Charles Amuku, Suleiman Asman, Shreya Chandra, Pushyami Chilakapati, Gabriella
+Fleischman,PrekshaJain,EuniceKioko,TeresaLezcano,BonnyfaceMwangi,AroonNarayanan,SimonRobertson,
+MansaSaxena,NikitaSharma,DebborahWambuaandafieldteamofover300peoplefortheirtirelesseffortstohelp
+bringthispaperintoexistence. WegratefullyacknowledgefundingfromtheBillandMelindaGatesFoundation,the
+Robert Wood Johnson Foundation, and an anonymous donor. We thank seminar audiences at Berkeley, Harvard,
+MIT, and NBER for their feedback. Institutional Review Board (IRB) approvals were obtained from MIT and
+Maseno University in Kenya. Princeton University, the University of California San Diego and Innovations for
+Poverty Action ceded IRBs to MIT. Faye and Niehaus serve without compensation as directors of GiveDirectly.
+Suri is the corresponding author: E62-517, 100 Main Street, Cambridge MA 02142. Email: tavneet@mit.edu
+†MIT
+‡GiveDirectly
+§Princeton
+¶University of California, San Diego
+‖MIT Sloan
+
+1 Introduction
+Anydiscussionoftheredesignofthewelfaresystemthesedaysveryquicklyleadstoquestions
+about Universal Basic Income (UBI), the idea that every adult who wants it should be
+entitled to a minimum weekly or monthly income from the government without having to
+do anything to “earn” it. This represents both a philosophical departure from the narrative
+typically used to justify safety net programs, i.e. that only those unable for some reason to
+support themselves should receive help (Ferguson, 2015) but also a different perspective on
+the economic costs and benefits.
+The economic case for UBI is partly based on the premise that targeting transfers is costly.
+This is partly because the process of being identified for the transfer often imposes both time
+costs (e.g. queuing to apply) and psychological costs (e.g. loss of dignity) on the recipients.
+These costs also discourage applicants (including some of the most needy) and, combined
+with errors in the targeting process, often end up depriving precisely those whom society
+most wants to benefit.1
+However (obviously), the case also depends on the economic benefits from the transfers.
+In particular, even though economists resist the idea that there are better and worse uses
+of the money, policy makers are often less comfortable with encouraging beneficiaries to cut
+back on work or spend more on, say, alcohol or tobacco, either for paternalistic reasons or
+based on behavioral considerations.2 This often leads to a focus on the increase in spending
+on desirable forms of consumption (food, schooling etc.) as a measure of benefits to society.3
+One could, in principle, be even more demanding. One could ask whether the transfer",[],False,2025-11-04T08:45:17.589382
more papers/Bhat et al. 2022.pdf,latest_papers_post_UJ/Bhargav BhatJonathan de QuidtJohannes HaushoferVikram PatelGautam Rao Frank SchilbachPierre-Luc Vaut_The Long-Run Effects of Psychotherapy on Depression Beliefs and Economic Outcomes.pdf,confirmed_manual,0.65,Bhargav BhatJonathan de QuidtJohannes HaushoferVikram PatelGautam Rao Frank SchilbachPierre-Luc Vaut_The Long-Run Effects of Psychotherapy on Depression Beliefs and Economic Outcomes,"The Long-Run Effects of Psychotherapy on Depression, Beliefs, and Economic Outcomes",Bhat et al. 2022.pdf,Bhargav BhatJonathan de QuidtJohannes HaushoferVikram PatelGautam Rao Frank SchilbachPierre-Luc Vaut_The Long-Run Effects of Psychotherapy on Depression Beliefs and Economic Outcomes.pdf,success,156287,159809,3522,2.2535463602218995,870,860,1730,"--- 
+++ 
@@ -1,284 +1,234 @@
-NBER WORKING PAPER SERIES
-THE LONG-RUN EFFECTS OF PSYCHOTHERAPY ON DEPRESSION, BELIEFS,
-AND ECONOMIC OUTCOMES
-Bhargav Bhat
-Jonathan de Quidt
-Johannes Haushofer
-Vikram H. Patel
-Gautam Rao
-Frank Schilbach
-Pierre-Luc P. Vautrey
-Working Paper 30011
-http://www.nber.org/papers/w30011
-NATIONAL BUREAU OF ECONOMIC RESEARCH
-1050 Massachusetts Avenue
-Cambridge, MA 02138
-May 2022
-We dedicate this paper to our coauthor Bhargav Bhat, who passed away during the course of this
-work. We thank our entire field team in Goa for excellent research assistance, especially Siddhant
-Gokhale, Advait R. Aiyer, Gunjita Gupta, and Anahita Karandikar. We thank our research
-managers at the Behavioral Development Lab, Adrien Pawlik, and Erik Hausen. We thank Ralph
-Ignacio Lawton, Hongyuan Xia, Zhangchi Ma, Haonan Ye, Kartik Vira, and Sejal Aggarwal for
-research assistance with the data analysis. We thank Benedict Weobong for his early support of
-our project. We thank all our study participants for their time and patience. We received IRB
-approval from Princeton. The experiment was pre-registered on the AEA registry, number
-AEARCTR-0003823. We gratefully acknowledge funding from the Weiss Family Program Fund
-for Research in Development Economics, the Mind Brain Behavior Initiative at Harvard, the
-Dean’s Fund at Harvard, the SHASS Research Fund at MIT, the Pershing Square Venture Fund
-for Research on the Foundations of Human Behavior, and Princeton University. de Quidt
-acknowledges financial support from Handelsbanken’s Research Foundations (grant BF17-0003).
-The views expressed herein are those of the authors and do not necessarily reflect the views of the
-National Bureau of Economic Research.
-At least one co-author has disclosed additional relationships of potential relevance for this
-research. Further information is available online at http://www.nber.org/papers/w30011.ack
-NBER working papers are circulated for discussion and comment purposes. They have not been
-peer-reviewed or been subject to the review by the NBER Board of Directors that accompanies
-official NBER publications.
-© 2022 by Bhargav Bhat, Jonathan de Quidt, Johannes Haushofer, Vikram H. Patel, Gautam Rao,
-Frank Schilbach, and Pierre-Luc P. Vautrey. All rights reserved. Short sections of text, not to
-exceed two paragraphs, may be quoted without explicit permission provided that full credit,
-including © notice, is given to the source.
-
-The Long-Run Effects of Psychotherapy on Depression, Beliefs, and Economic Outcomes
-Bhargav Bhat, Jonathan de Quidt, Johannes Haushofer, Vikram H. Patel, Gautam Rao, Frank
-Schilbach, and Pierre-Luc P. Vautrey
-NBER Working Paper No. 30011
-May 2022
-JEL No. D03,D91,I15,O12
-ABSTRACT
+The Long-Run Effects of Psychotherapy on Depression,
+Beliefs, and Economic Outcomes∗
+Bhargav Bhat† Jonathan de Quidt Johannes Haushofer Vikram Patel
+Gautam Rao Frank Schilbach Pierre-Luc Vautrey
+January 31, 2023
+Latest version available here
+Abstract
 We revisit two clinical trials that randomized depressed adults in India (n=775) to a brief course
 of psychotherapy or a control condition. Four to five years later, the treatment group was 11
-percentage points less likely to be depressed than the control group. The more effective
-intervention averted 9 months of depression on average over five years and cost only $66 per
-recipient. Therapy changed people’s beliefs about themselves in three ways. First, it reduced their
-likelihood of seeing themselves as a failure or feeling bad about themselves. Second, when faced
-with a novel work opportunity, therapy reduced over-optimistic belief updating in response to
-feedback and thus reduced overconfidence. Third, it increased self-assessed levels of patience and
-altruism. Therapy did not increase levels of employment or consumption, possibly because of
-other constraints on employment in the largely female study sample.
-Bhargav Bhat Gautam Rao
-Sangath Department of Economics
-Porvorim, Goa Harvard University
-India 403501 Littauer M-30
-Cambridge, MA 02138
-Jonathan de Quidt and NBER
-Institute for International Economic Studies grao@fas.harvard.edu
-Stockholm University
-106 91 Stockholm Frank Schilbach
-Sweden MIT Department of Economics, E52-560
-jonathan.dequidt@iies.su.se The Morris and Sophie Chang Building
-77 Massachusetts Avenue
-Johannes Haushofer Cambridge, MA 02139
-Department of Economics and NBER
-Stockholm University fschilb@mit.edu
-Universitetsvägen 10 A
-Stockholm 106 91 Sweden Pierre-Luc P. Vautrey
-and Busara Center for Behavioral MIT Department of
-Economics, Nairobi, Kenya EconomicsBuilding E52-300
-and also NBER 50 Memorial Drive
-johannes.haushofer@ne.su.se Cambridge, MA 02142
-vautrey@mit.edu
-Vikram H. Patel
-The Pershing Square Professor of Global Health
-Department of Global Health and Social Medicine
-Harvard Medical School
-vikram_patel@hms.harvard.edu
+percentagepointslesslikelytobedepressedthanthecontrolgroup. Themoreeffectiveintervention
+averted 9 months of depression on average over five years and cost only $66 per recipient. Therapy
+hadbroaderimpactsbeyondmentalhealth,contributingtoamorerobustself-imageinthreeways.
+First, it reduced participants’ likelihood of seeing themselves as a failure. Second, it reduced over-
+optimisticbeliefupdatinginresponsetofeedbackaboutperformanceonanovelworktask,leading",[],False,2025-11-04T08:45:30.828393
more papers/Bahar et al. 2022.pdf,latest_papers_post_UJ/Dany BaharBo CowgillJorge Guzman_Legalizing Entrepreneurship.pdf,confirmed_manual,0.5930232558139534,Dany BaharBo CowgillJorge Guzman_Legalizing Entrepreneurship,Legalizing Entrepreneurship,Bahar et al. 2022.pdf,Dany BaharBo CowgillJorge Guzman_Legalizing Entrepreneurship.pdf,success,97528,97528,0,0.0,0,0,0,,"['unjournal_evaluations/legalizingentrepreneurshipe1.md', 'unjournal_evaluations/legalizingentrepreneurshipe2.md']",True,2025-11-04T08:45:37.846431
more papers/Crawfurd et al. 2023.pdf,latest_papers_post_UJ/Lee CrawfurdRory ToddSusannah HaresJustin SandefurRachel Silverman Bonnifield_How Much Would Reducing Lead Exposure Improve Childrens Learning in the Developing World.pdf,confirmed_manual,0.5747663551401869,Lee CrawfurdRory ToddSusannah HaresJustin SandefurRachel Silverman Bonnifield_How Much Would Reducing Lead Exposure Improve Childrens Learning in the Developing World,How Much Would Reducing Lead Exposure Improve Children’s Learning in the Developing World?,Crawfurd et al. 2023.pdf,Lee CrawfurdRory ToddSusannah HaresJustin SandefurRachel Silverman Bonnifield_How Much Would Reducing Lead Exposure Improve Childrens Learning in the Developing World.pdf,success,91197,91197,0,0.0,0,0,0,,"['unjournal_evaluations/eval1leadexposure.md', 'unjournal_evaluations/eval2leadexposure.md']",True,2025-11-04T08:46:04.537739
more papers/Chuard et al. 2022.pdf,latest_papers_post_UJ/Caroline ChuardHannes SchwandtAlexander D BeckerMasahiko Haraguchi_Economic vs Epidemiological Approaches to Measuring the Human Capital Impacts of Infectious Disease .pdf,confirmed_manual,0.546875,Caroline ChuardHannes SchwandtAlexander D BeckerMasahiko Haraguchi_Economic vs Epidemiological Approaches to Measuring the Human Capital Impacts of Infectious Disease ,Economic vs. Epidemiological Approaches to Measuring the Human Capital Impacts of Infectious Disease Elimination,Chuard et al. 2022.pdf,Caroline ChuardHannes SchwandtAlexander D BeckerMasahiko Haraguchi_Economic vs Epidemiological Approaches to Measuring the Human Capital Impacts of Infectious Disease .pdf,success,76451,76451,0,0.0,0,0,0,,"['unjournal_evaluations/eval1diseaseelimination.md', 'unjournal_evaluations/eval2diseaseelimination.md']",True,2025-11-04T08:46:16.782978
more papers/Salazar and Restrepo 2024.pdf,latest_papers_post_UJ/Verónica Salazar RestrepoGabriel Leite Mariante_Does Conservation Work in General Equilibrium.pdf,confirmed_manual,0.5571428571428572,Verónica Salazar RestrepoGabriel Leite Mariante_Does Conservation Work in General Equilibrium,Does Conservation Work in General Equilibrium?,Salazar and Restrepo 2024.pdf,Verónica Salazar RestrepoGabriel Leite Mariante_Does Conservation Work in General Equilibrium.pdf,success,106930,106417,-513,-0.479753109510895,106,117,223,"--- 
+++ 
@@ -2,7 +2,7 @@
 Does Conservation Work in General Equilibrium?
 † ‡
 Ver´onica Salazar Restrepo and Gabriel Leite Mariante
-January 11, 2024
+March 12, 2024
 PRELIMINARY VERSION: This draft is edited frequently. See latest version HERE.
 Abstract
 Deforestation and the subsequent use of deforested land for agricultural activi-
@@ -84,8 +84,8 @@
 equivalent to the size of Wales, or the American state of Connecticut). As such, outcomes of
 policies aiming at reducing deforestation in Brazil will have significant impact in the global
 forest coverage and, consequently, carbon emissions.
-Deforestation has played a central role in the Brazilian economy over the past 35 years
-as an input for the country’s agricultural sector, currently responsible for approximately
+Deforestation has played an important role in the Brazilian economy over the past 35
+yearsasaninputforthecountry’sagriculturalsector,currentlyresponsibleforapproximately
 one-quarter of the Brazilian GDP (CNA and CEPEA, 2023). Since 1985, the first year for
 which reliable high resolution satellite data on land use is available, total agricultural area
 has increased by more than 45%, or 840,000 km2 (MapBiomas Collection 6.0), of which 92%
@@ -317,12 +317,12 @@
 government. TheyellowlinerepresentstheevolutionofnaturalvegetationcoverageinIndigenousTerritories,
 theorangelinerepresentsrepresentstheevolutionofnaturalvegetationcoverageinConservationUnits,and
 the green line represents the eevolution of natural vegetation cover in municipalities from the Priority List.
+9
+
 or with geographic conditions that make them harder to deforest. But it could also go the
 opposite way, if environmental agencies respond to environmental threats by establishing
 protected areas and indigenous peoples decide to formalise protection as a reaction to set-
 tlers arriving and cutting down the forests in their land. It could go one way in places where
-9
-
 the local politicians and bureaucrats are more aligned with the interests of agricultural busi-
 nesses, and the other way where they are operating with the goal of stopping deforestation.
 In order to evaluate the effectiveness of the establishment of protected areas and indige-
@@ -352,6 +352,8 @@
 and Rocha, 2019) and conduct a standard two-way fixed effects event study around the
 year in which municipalities were added to the priority list. Our baseline specification is as
 follows:
+10
+
 (cid:88)
 NF
 Defor = δ +γ + β Priority +(cid:15) (1)
@@ -359,8 +361,6 @@
 τ=−NL
 Where Defor is log-deforestation observed in municipality r at year t, δ are year
 rt t
-10
-
 fixed-effects, γ are municipality fixed effects, Priority is a dummy variable equal to
 r r,t−τ
 one if municipality r has been added to the priority list exactly τ years ago, and β are
@@ -377,14 +377,10 @@
 rates in the years leading up to 2008, which implies β = 0 ∀ τ ∈ [−N ,0). Given that
 τ L
 the Priority List policy was explicitly targeted at municipalities considered “deforestation
-hotspots”, it is plausible that treated municipalities followed different trends by design. In
-this case, the estimates resulting from a standard event-study approach may be downwards
-biased. To deal with this issue, we complement our analysis by estimating a difference-in-
-differences equation with synthetic controls, where each treated municipality is matched to
-a linear combination of untreated municipalities that results in equal pre-treatment trends,
-as per the equation below:
-Defor = δ +γ +β Priority +(cid:15) (2)
-rt t r τ rt rt
+hotspots”, it is plausible that treated municipalities followed different trends by design. To
+deal with this issue, we complement our analysis by estimating a synthetic difference-in-
+differences model, where each treated municipality is matched to a linear combination of
+untreated municipalities that results in equal pre-treatment trends.
 2.2.2 Protected Areas
 UnlikethePriorityListpolicy, theestablishmentofprotectedareas(bothConservationUnits
 and Indigenous Territories) does not necessarily coincide with municipal borders. Hence, we
@@ -393,7 +389,7 @@
 boundaries.
 We use the hexagon-level data to estimate a Regression Discontinuity Design around the
 border of the conservation unit. Our baseline specification is:
-ForestArea = δ +γ +f(Dist )+βD +(cid:15) (3)
+ForestArea = δ +γ +f(Dist )+βD +(cid:15) (2)
 rt t m rt rt rt
 Where ForestArea is total forest area in logs observed in hexagon r at year t, δ are
 rt t
@@ -509,7 +505,7 @@
 which means that our estimates for the policy effect are likely biased. To deal with that,
 we conduct a synthetic differences-in-differences estimation. The results are qualitatively in
 line with a visual inspection of the event studies: the point estimates (standard errors) are
-1.09% (0.11) for the policy impact on annual deforestation and -0.11% (0.03) on agricultural
+-1.08 log points (S.E. 0.11) for the policy impact on annual deforestation in the ten years
 13
 
 Figure 5: Event-study estimate of the impact of the Priority List policy on various outcomes
@@ -583,7 +579,7 @@
 considerall5,568munipalitiesinBrazil,whereasthethreepanelsontherightconsideronlythemunicipalities
 fromtheBrazilianLegalAmazon,definedbythegovernmentascomprisingallsevenstatesfromtheNorthern
 region of Brazil, plus the states of Maranhao and Mato Grosso.
-area in the ten years following the policy implementation.
+following the policy implementation.
 14
 ",['unjournal_evaluations/e1generalequilibrium.md'],True,2025-11-04T08:46:36.208414
more papers/Banerjee et al. 2022.pdf,latest_papers_post_UJ/Banerjee Abhijit Duflo EstherArun G ChandrasekharJohn FlorettaHarini KannanFrancine LozaAnirudh Sank_Selecting the Most Effective Nudge- Evidence from a Large-Scale Experiment on Immunization.pdf,confirmed_manual,0.5747663551401869,Banerjee Abhijit Duflo EstherArun G ChandrasekharJohn FlorettaHarini KannanFrancine LozaAnirudh Sank_Selecting the Most Effective Nudge- Evidence from a Large-Scale Experiment on Immunization,Selecting the Most Effective Nudge: Evidence from a Large-Scale Experiment on Immunization,Banerjee et al. 2022.pdf,Banerjee Abhijit Duflo EstherArun G ChandrasekharJohn FlorettaHarini KannanFrancine LozaAnirudh Sank_Selecting the Most Effective Nudge- Evidence from a Large-Scale Experiment on Immunization.pdf,success,134815,134815,0,0.0,0,0,0,,['unjournal_evaluations/eval2effectivenudge.md'],True,2025-11-04T08:46:54.457020
more papers/Kremer et al. 2022.pdf,latest_papers_post_UJ/Michael KremerStephen P LubyRicardo MaertensBrandon TanWitold Więcek_Water Treatment and Child Mortality- A Meta-analysis and Cost-effectiveness Analysis.pdf,confirmed_manual,0.62,Michael KremerStephen P LubyRicardo MaertensBrandon TanWitold Więcek_Water Treatment and Child Mortality- A Meta-analysis and Cost-effectiveness Analysis,Water Treatment and Child Mortality: A Meta-analysis and Cost-effectiveness Analysis,Kremer et al. 2022.pdf,Michael KremerStephen P LubyRicardo MaertensBrandon TanWitold Więcek_Water Treatment and Child Mortality- A Meta-analysis and Cost-effectiveness Analysis.pdf,success,87084,83884,-3200,-3.674613017316614,0,50,50,"--- 
+++ 
@@ -8,7 +8,6 @@
 Chicago, IL 60637
 Main: 773.702.5599
 bfi.uchicago.edu
-Electronic copy available at: https://ssrn.com/abstract=4071953
 
 Water treatment and child mortality: a meta-analysis and
 cost-effectiveness analysis
@@ -27,7 +26,6 @@
 under 5 years old. We identified 52 RCTs and then obtained child mortality data from each study
 for which these data were collected and available, contacting authors of the study where
 necessary; this resulted in 18 studies.
-Electronic copy available at: https://ssrn.com/abstract=4071953
 
 Frequentist and Bayesian methods were used to estimate the effect of water treatment on child
 mortality among included studies. We estimated a mean cross-study reduction in the odds of all-
@@ -50,7 +48,6 @@
 existing sources of clean water (3). Yet, even relatively basic and inexpensive measures to
 contain disease spread from fecally-contaminated water remain unimplemented in large parts of
 1
-Electronic copy available at: https://ssrn.com/abstract=4071953
 
 the world. Chlorination, for example, has been found to be effective in reducing the
 concentration of diarrheal pathogens like E.coli in controlled laboratory settings (4–7) and in
@@ -75,7 +72,6 @@
 authors of studies reporting other outcomes. We then used a meta-analysis to estimate the impact
 and cost-effectiveness of water quality programs on child mortality.
 2
-Electronic copy available at: https://ssrn.com/abstract=4071953
 
 Results
 Systematic review
@@ -101,7 +97,6 @@
 author, and one of these had Ricardo Maertens and Brandon Tan as authors. None of the authors have any financial
 interest in these results.
 3
-Electronic copy available at: https://ssrn.com/abstract=4071953
 
 limited when applied to our sample of 18 studies, we also conducted post hoc simulations. We
 find that even if our search strategy has missed as many as 15 unpublished short studies with null
@@ -125,7 +120,6 @@
 and/or treatment arms. The annual risk of mortality in the pooled control group was about 1.6%.
 We found studies to be representative of diarrhea prevalence in LMICs (see Figure S6) and
 4
-Electronic copy available at: https://ssrn.com/abstract=4071953
 
 found no significant differences to the larger set of RCTs which measured diarrhea. We provide
 detailed characteristics of 18 included studies and details of the comparison with other RCTs in
@@ -153,7 +147,6 @@
 An earlier version preprint of this paper, available online, used 15 studies and found very similar reductions in
 ORs.
 5
-Electronic copy available at: https://ssrn.com/abstract=4071953
 
 appropriate. The Bayesian estimate of heterogeneity, in contrast, was considerable (between-
 study SD of 0.24 on log scale, compared to the mean log(OR) effect of -0.33) but imprecisely
@@ -185,7 +178,6 @@
 the expected effect size. A policymaker with a strong prior that water treatment is safe could view this calculation as
 conservative.
 6
-Electronic copy available at: https://ssrn.com/abstract=4071953
 
 whether variables that might have changed over time (such as the overall child mortality rate, the
 rollout of rotavirus vaccines, or the adoption of oral rehydration therapy) influence the treatment
@@ -209,7 +201,6 @@
 chlorination planned in two Indian states. Third, a hypothetical global program delivering free
 water-treatment through maternal and neonatal healthcare services (MCH), which could
 7
-Electronic copy available at: https://ssrn.com/abstract=4071953
 
 potentially be applied in a wide range of settings through existing health systems. Since it has not
 been implemented on a large scale, we consider rough cost estimates.
@@ -236,7 +227,6 @@
 averted) used by lists of the most cost-effective child health interventions, including the most recent edition of
 WHO-CHOICE publication and the World Bank’s DCP-3.
 8
-Electronic copy available at: https://ssrn.com/abstract=4071953
 
 We use cost estimates from India, where state and national governments have expanded access to
 piped water in rural areas, and at least two state governments are planning to incorporate inline
@@ -261,7 +251,6 @@
 water costs USD 0.31 and we estimate the total program costs per-child at USD 13 for five years
 (Table 2, column 3). This implies a cost of USD 27 per DALY averted. This is substantially lower
 9
-Electronic copy available at: https://ssrn.com/abstract=4071953
 
 than the weighted average of GDP per capita for these countries (USD 2,200). MCH delivery
 appears more cost-effective than the other examples discussed here, in part because our analysis
@@ -288,7 +277,6 @@
 WHO-CHOICE uses ‘healthy life years’, which are equivalent to DALYs but represent a year gained rather than a
 year lost. We use DALYs here for consistency.
 10
-Electronic copy available at: https://ssrn.com/abstract=4071953
 
 Control Priorities 3 (DCP-3) “highest priority package for Essential Universal Health Coverage”
 requires interventions to be “very good value for money in low-income countries, less than US
@@ -314,7 +302,6 @@
 It also categorizes water treatment under “Injury and Environmental Health”, with a briefer mention in the volume",[],False,2025-11-04T08:47:03.805025
more papers/Bergeron et al. 2024.pdf,latest_papers_post_UJ/Augustin BergeronJean-Paul CarvalhoJoseph HenrichNathan NunnJonathan L Weigel_Zero-Sum Thinking the Evolution of Effort-Suppressing Beliefs and Economic Development.pdf,confirmed_manual,0.5970873786407767,Augustin BergeronJean-Paul CarvalhoJoseph HenrichNathan NunnJonathan L Weigel_Zero-Sum Thinking the Evolution of Effort-Suppressing Beliefs and Economic Development,"Zero-Sum Thinking, the Evolution of Effort-Suppressing Beliefs, and Economic Development",Bergeron et al. 2024.pdf,Augustin BergeronJean-Paul CarvalhoJoseph HenrichNathan NunnJonathan L Weigel_Zero-Sum Thinking the Evolution of Effort-Suppressing Beliefs and Economic Development.pdf,success,128573,126724,-1849,-1.4380935344123573,1678,1529,3207,"--- 
+++ 
@@ -11,402 +11,385 @@
 NATIONAL BUREAU OF ECONOMIC RESEARCH
 1050 Massachusetts Avenue
 Cambridge, MA 02138
-September 2023, Revised May 2024
-We thank Toke Aidt, Ingela Alger, Maiguel Ballester, Roland Benabou, Chris Bidner, Paola
-Conconi, Meredith Crowley, Gregory Dow, Martin Fiszbein, Paola Giuliano, Karla Hoff, Sriya
-Iyer, Rachel Kranton, Max Kwiek, Suresh Naidu, Jonathan Newton, Jean-Philippe Platteau, Hillel
-Rapoport, Imran Rasul, Arthur Robson, Michael Sacks, Claudia Senik, Moses Shayo, Ludvig
-Sinander, Josh Tasoff, Thierry Verdier, Cole Williams, Peyton Young, Liyu Zheng, and
-conference/seminar participants at the 2024 ASSA Annual Meeting, 2023 NBER Political
-Economy Spring Meeting, 2023 ERINN Conference, British Academy Conference on Toward
-‘Cohesive’ Societies, 10th Oxford workshop on Global Priorities, 2022 ASREC Annual
-Conference, 2022 CNEH Conference, LSE Hayek workshop, PolEconUK, Simon Fraser
-University, University of Cambridge, University of York, Aix-Marseille School of Economics,
-George Mason University, University of Oxford, and University of Nottingham for useful
-discussions and comments on the paper. We thank Michele Mary Bernadine, Grace Finley, and
-Fernando Secco for outstanding research assistance. The views expressed herein are those of the
-authors and do not necessarily reflect the views of the National Bureau of Economic Research.
+September 2023, Revised August 2025
+We thank the editor, Elias Papaioannou, and anonymous referees for comments that have
+substantially improved the paper. We also thank Toke Aidt, Ingela Alger, Maiguel Ballester,
+Roland Benabou, Chris Bidner, Paola Conconi, Meredith Crowley, Gregory Dow, Martin Fiszbein,
+Ray Fisman, Paola Giuliano, John Helliwell, Karla Hoff, Sriya Iyer, Ruixue Jia, Gaurav Khanna,
+Rachel Kranton, James Kung, Max Kwiek, Suresh Naidu, Jonathan Newton, Jean-Philippe
+Platteau, Hillel Rapoport, Imran Rasul, Arthur Robson, Michael Sacks, Claudia Senik, Moses
+Shayo, Ludvig Sinander, Josh Tasoff, Thierry Verdier, Cole Williams, Peyton Young, Liyu Zheng,
+and participants at numerous conferences and seminars. We thank Michele Mary Bernadine, Grace
+Finley, Max Ponce de León, Fernando Secco, and Satish Wasti for outstanding research assistance.
+The views expressed herein are those of the authors and do not necessarily reflect the views of the
+National Bureau of Economic Research.
 NBER working papers are circulated for discussion and comment purposes. They have not been
 peer-reviewed or been subject to the review by the NBER Board of Directors that accompanies
 official NBER publications.
-© 2023 by Augustin Bergeron, Jean-Paul Carvalho, Joseph Henrich, Nathan Nunn, and Jonathan
-L. Weigel. All rights reserved. Short sections of text, not to exceed two paragraphs, may be
-quoted without explicit permission provided that full credit, including © notice, is given to the
-source.
+© 2023 by Augustin Bergeron, Jean-Paul Carvalho, Joseph Henrich, Nathan Nunn, and Jonathan L.
+Weigel. All rights reserved. Short sections of text, not to exceed two paragraphs, may be quoted
+without explicit permission provided that full credit, including © notice, is given to the source.
 
 Zero-Sum Environments, the Evolution of Effort-Suppressing Beliefs, and Economic Development
 Augustin Bergeron, Jean-Paul Carvalho, Joseph Henrich, Nathan Nunn, and Jonathan L. Weigel
 NBER Working Paper No. 31663
-September 2023, Revised May 2024
-JEL No. N10,O10,Q55
+September 2023, Revised August 2025
+JEL No. N10, O10, Q55
 ABSTRACT
-We study the evolution of belief systems that suppress productive effort, including beliefs about
-envy, the importance of luck for success, witchcraft beliefs, and disdain for competitive effort.
-Demotivating beliefs evolve when interactions are zero-sum. They improve short-run material
-welfare by limiting excessive competition but reduce long-run growth. Demotivating beliefs also
-drive a wedge between how well people do and how well they think they do. Whereas material
-welfare is hump-shaped in demotivating beliefs, subjective well-being is decreasing. These
-predictions are supported by data from two samples in the Democratic Republic of Congo and the
-World Values Survey.
+We study the evolution of belief systems that suppress productive effort, such as beliefs about envy,
+witchcraft, the importance of luck for success, or disdain for competitive effort. In our framework,
+demotivating beliefs evolve when interactions are zero-sum, i.e., where one person’s gain comes at
+others’ expense. They improve material welfare but reduce subjective well-being. The model delivers
+testable predictions about the relationship between the degree of zero-sumness, demotivating beliefs,
+material welfare, subjective well-being, and long-run economic development. We find that the
+predictions are supported by data from two samples in the Democratic Republic of Congo, as well as
+global evidence from the World Values Survey and the European Values Study.
 Augustin Bergeron Nathan Nunn
+Harvard University University of British Columbia
 Department of Economics Vancouver School of Economics
-University of Southern California University of British Columbia
-Kaprielian Hall 6000 Iona Drive
-Los Angeles, CA 90089 Vancouver, BC V6T 2E8
-and NBER Canada
-augustin.bergeron@usc.edu and NBER
-nathan.nunn@ubc.ca
-Jean-Paul Carvalho
+and NBER and Canadian Institute for Advanced
+abergeron@fas.harvard.edu Research (CIFAR)
+and also NBER
+Jean-Paul Carvalho nathan.nunn@ubc.ca
+University of Oxford
 Department of Economics Jonathan L. Weigel
-University of Oxford Haas School of Business
-Manor Road Bldg University of California, Berkeley
-Manor Road Berkeley, CA 94720
-Oxford OX1 3UQ United Kingdom and NBER
-jean-paul.carvalho@economics.ox.ac.uk jweigel@berkeley.edu
-Joseph Henrich
+jean-paul.carvalho@economics.ox.ac.uk University of California, Berkeley
+Haas School of Business
+Joseph Henrich and NBER
+Harvard University jweigel@berkeley.edu
 Department of Human Evolutionary Biology
-Harvard University
-11 Divinity Ave
-Cambridge, MA 02138
 joseph.henrich@gmail.com
+An appendix is available at: http://www.nber.org/data-appendix/w31663","['unjournal_evaluations/e1zerosumthinking.md', 'unjournal_evaluations/e2zerosumthinking.md']",True,2025-11-04T08:47:20.468878
more papers/Angrist et al. 2023.pdf,latest_papers_post_UJ/Noam AngristMicheal AinomugishaSai Pramod BathenaPeter BergmanColin CrossleyClaire CullenThato Letso_Building Resilient Education Systems- Evidence from Large-Scale Randomized Trials in Five Countries.pdf,confirmed_manual,0.6043478260869565,Noam AngristMicheal AinomugishaSai Pramod BathenaPeter BergmanColin CrossleyClaire CullenThato Letso_Building Resilient Education Systems- Evidence from Large-Scale Randomized Trials in Five Countries,Building Resilient Education Systems: Evidence from Large-Scale Randomized Trials in Five Countries,Angrist et al. 2023.pdf,Noam AngristMicheal AinomugishaSai Pramod BathenaPeter BergmanColin CrossleyClaire CullenThato Letso_Building Resilient Education Systems- Evidence from Large-Scale Randomized Trials in Five Countries.pdf,success,118096,118096,0,0.0,0,0,0,,['unjournal_evaluations/e2resilienteducation.md'],True,2025-11-04T08:47:28.893176
more papers/Bilal and Kaenzig 2024.pdf,latest_papers_post_UJ/Adrien BilalDiego R Känzig_The Macroeconomic Impact of Climate Change- Global vs Local Temperature.pdf,confirmed_manual,0.5869565217391304,Adrien BilalDiego R Känzig_The Macroeconomic Impact of Climate Change- Global vs Local Temperature,The Macroeconomic Impact of Climate Change: Global vs. Local Temperature ,Bilal and Kaenzig 2024.pdf,Adrien BilalDiego R Känzig_The Macroeconomic Impact of Climate Change- Global vs Local Temperature.pdf,success,111628,113885,2257,2.0218941484215427,1309,1305,2614,"--- 
+++ 
@@ -2,86 +2,114 @@
 Global vs. Local Temperature*
 Adrien Bilal† Diego R. Känzig‡
 Stanford University Northwestern University
-November, 2024
+September, 2025
 Abstract
-This paper estimates that the macroeconomic damages from climate change are six
-timeslargerthanpreviouslythought. Exploitingnaturalglobaltemperaturevariabil-
-ity,wefindthat1°CwarmingreducesworldGDPby12%. Globaltemperaturecorre-
-latesstronglywithextremeclimaticevents,unlikecountry-leveltemperatureusedin
-previouswork,explainingourlargerestimate. Weusethisevidencetoestimatedam-
-age functions in a neoclassical growth model. Business-as-usual warming implies a
-25%presentwelfarelossandaSocialCostofCarbonof$1,367perton. Theseimpacts
-suggestthatunilateraldecarbonizationpolicyiscost-effectiveforlargecountriessuch
-astheUnitedStates.
+This paper estimates that the macroeconomic damages from climate change are an
+orderofmagnitudelargerthanpreviouslythought. Exploitingnaturalglobaltemper-
+ature variability, we find that 1°C warming reduces world GDP by over 20% in the
+long run. Global temperature correlates strongly with extreme climatic events, un-
+likecountry-leveltemperatureusedinpreviouswork,explainingourlargerestimate.
+We use this evidence to estimate damage functions in a neoclassical growth model.
+Business-as-usual warming implies a present welfare loss of more than 30%, and a
+Social Cost of Carbon in excess of $1,500 per ton. These impacts suggest that uni-
+lateral decarbonization policy is cost-effective for large countries such as the United
+States.
 JELclassification: E01,E23,F18,O44,Q54,Q56
 Keywords: Climate change, macroeconomic damages, time-series variation, local and
 globalshocks
 *We thank Marios Angeletos, Marshall Burke, Gabriel Chodorow-Reich, Simon Dietz, Stephane Hal-
 legatte, Jim Hamilton, Xavier Jaravel, Ben Jones, Eben Lazarus, Pooya Molavi, Ishan Nath, Ben Olken,
 Esteban Rossi-Hansberg, Toan Phan, Jón Steinsson, Jeffrey Shrader, Jim Stock, Chris Wolf, and numer-
-ous participants at conferences and seminars for helpful comments and suggestions. We thank Ramya
-Raghavan, Lilian Hartmann and Cathy Wang for outstanding research assistance. Adrien Bilal gratefully
-acknowledgessupportfromtheChaeFamilyEconomicsResearchFundatHarvardUniversity.
+ousparticipantsatconferencesandseminarsforhelpfulcommentsandsuggestions. WethankKrzysztof
+Lisiecki,LilianHartmann,RamyaRaghavan,andCathyWangforoutstandingresearchassistance. Adrien
+BilalgratefullyacknowledgessupportfromtheChaeFamilyEconomicsResearchFundatHarvardUniver-
+sity.
 †Stanford University, CEPR and NBER. E-mail: adrienbilal@stanford.edu. Web:
 www.sites.google.com/site/adrienbilal
 ‡Northwestern University, CEPR and NBER. E-mail: dkaenzig@northwestern.edu. Web:
 www.diegokaenzig.com
 
 1 Introduction
-Climatechangeisfrequentlydescribedasanexistentialthreat. Thisview,however,stands
-in stark contrast to empirical estimates of the impact of climate change on economic ac-
-tivity: they imply that a 1°C rise in temperature reduces world output at most by 1-2%.
-Underanyconventionaldiscounting,sucheffectsseemhardlycatastrophic. Whyareper-
-ceptions of climate change misaligned with empirical estimates? Do existing estimates
-notaccountforthefullimpactofclimatechange,orareitscoststrulysmall?
-In this paper, we demonstrate that the macroeconomic impacts of climate change are
-sixtimeslargerthanpreviouslydocumented. Werelyonatime-serieslocalprojectionap-
-proach to estimate the impact of global temperature on Gross Domestic Product (GDP).
-Thisapproachexploitsnaturalvariabilityinglobalmeantemperature—thesourceofvari-
-ation closest to climate change—which we show to predict damaging extreme climatic
-events much more strongly than country-level temperature. We find that a 1°C rise in
-global temperature lowers world GDP by 12% at peak. We then use our reduced-form
-results to estimate structural damage functions in a simple neoclassical growth model.
-Climate change leads to a present-value welfare loss of 25% and a Social Cost of Carbon
-(SCC)of$1,367pertonofcarbondioxide.
-In the first part of the paper, we develop our time-series approach. We assemble a
-new climate-economy dataset spanning the last 120 years from sources that are regularly
-updated up to recent years. We construct global and country-level measures from high-
-resolution gridded land and ocean surface air temperature data from Berkeley Earth. We
-define physical granular reanalysis measures of extreme temperature, droughts, wind
-speed and precipitation from the Inter-Sectoral Impact Model Intercomparison Project
-(ISIMIP). We obtain economic data on GDP, population, consumption, investment and
-productivity from the Penn World Tables spanning 173 countries from 1960 onward, and
-fromtheJordà-Schularick-TaylorMacrohistorydatabaseforselectcountriessince1900.
-Identification of the impact of temperature on GDP is complicated by their jointly
-trending behavior. We thus construct global and local (country-level) temperature shocks:
-innovations to the temperature process that are orthogonal to their long-run trends and
-persist for two years using the approach in Hamilton (2018). Our choice of period is
-motivated by the geoscience literature. Natural climate variability is driven by multiple
-phenomena. Externalcausessuchassolarcyclesandvolcaniceruptionsleadtomedium-
-andshort-runfluctuationsintheEarth’smeantemperature. Internalclimatevariability—
+Climatechangeisfrequentlydescribedasoneofthedefiningeconomicchallengesofour
+time. This view, however, stands in sharp contrast to empirical estimates of its impact
+oneconomicactivity: theyimplythatapermanent1°Criseintemperaturereducesworld
+outputby1-3%. Underconventionaldiscountingandbackgroundeconomicgrowth,such
+effects seem modest. Why, then, does climate change loom so large in economic debate?
+Do existing estimates not account for the full impact of climate change, or are its true
+economicconsequencesindeedlimited?
+Inthispaper,weshowthatthemacroeconomicimpactsofclimatechangeareanorder
+ofmagnitudelargerthanpreviouslydocumented. Werelyontime-serieslocalprojections
+to estimate the impact of global temperature on Gross Domestic Product (GDP). This ap-
+proach exploits natural variability in global mean temperature—the source of variation
+closest to climate change—which we show to be a stronger predictor of damaging ex-
+treme climatic events than country-level temperature. Our estimates imply that a per-
+manent 1°C rise in global temperature lowers world GDP by over 20%. We then use our
+reduced-form results to estimate structural damage functions in a neoclassical growth
+model. Climate change of 2°C by 2100 leads to a present-value welfare loss of more than
+30%andaSocialCostofCarbon(SCC)inexcessof$1,500pertonofcarbondioxide.
+In the first part of the paper, we develop our time-series approach. We assemble
+two climate-economy datasets whose strengths complement each other. The first dataset
+builds on the Barro-Ursúa measures of economic activity, complemented with global
+mean temperature information from the National Oceanic and Atmospheric Adminis-",[],False,2025-11-04T08:47:52.874312
more papers/Xing et al. 2023.pdf,latest_papers_post_UJ/Jianwei XingZhiren HuFan XiaJintao XuEric Zou_Urban Forests- Environmental Health Values and Risks.pdf,confirmed_manual,0.6060606060606061,Jianwei XingZhiren HuFan XiaJintao XuEric Zou_Urban Forests- Environmental Health Values and Risks,Urban Forests: Environmental Health Values and Risks,Xing et al. 2023.pdf,Jianwei XingZhiren HuFan XiaJintao XuEric Zou_Urban Forests- Environmental Health Values and Risks.pdf,success,147680,147680,0,0.0,0,0,0,,[],False,2025-11-04T08:48:15.003454
more papers/Bhattacharya and Packalen 2020.pdf,latest_papers_post_UJ/Jay BhattacharyaMikko Packalen_Stagnation and Scientific Incentives.pdf,confirmed_manual,0.6818181818181819,Jay BhattacharyaMikko Packalen_Stagnation and Scientific Incentives,Stagnation and Scientific Incentives,Bhattacharya and Packalen 2020.pdf,Jay BhattacharyaMikko Packalen_Stagnation and Scientific Incentives.pdf,success,96576,96576,0,0.0,0,0,0,,['unjournal_evaluations/e1scientificincentives.md'],True,2025-11-04T08:48:23.974814
more papers/Hill et al. 2024.pdf,latest_papers_post_UJ/Ryan HillYian YinCarolyn SteinDashun WangBenjamin F Jones_Adaptability and the Pivot Penalty in Science.pdf,confirmed_manual,0.6,Ryan HillYian YinCarolyn SteinDashun WangBenjamin F Jones_Adaptability and the Pivot Penalty in Science,Adaptability and the Pivot Penalty in Science,Hill et al. 2024.pdf,Ryan HillYian YinCarolyn SteinDashun WangBenjamin F Jones_Adaptability and the Pivot Penalty in Science.pdf,success,111186,111186,0,0.0,0,0,0,,['unjournal_evaluations/e1pivotpenalty.md'],True,2025-11-04T08:48:39.490333
more papers/Hahn et al. 2025.pdf,latest_papers_post_UJ/Robert W HahnNathaniel HendrenRobert D MetcalfeBen Sprung-Keyser_A Welfare Analysis of PoliciesImpacting Climate Change.pdf,confirmed_manual,0.6,Robert W HahnNathaniel HendrenRobert D MetcalfeBen Sprung-Keyser_A Welfare Analysis of PoliciesImpacting Climate Change,"A Welfare Analysis of Policies
Impacting Climate Change",Hahn et al. 2025.pdf,Robert W HahnNathaniel HendrenRobert D MetcalfeBen Sprung-Keyser_A Welfare Analysis of PoliciesImpacting Climate Change.pdf,success,164836,165276,440,0.26693198087796355,649,642,1291,"--- 
+++ 
@@ -1,97 +1,66 @@
-NBER WORKING PAPER SERIES
-A WELFARE ANALYSIS OF POLICIES IMPACTING CLIMATE CHANGE
-Robert W. Hahn
-Nathaniel Hendren
-Robert D. Metcalfe
-Ben Sprung-Keyser
-Working Paper 32728
-http://www.nber.org/papers/w32728
-NATIONAL BUREAU OF ECONOMIC RESEARCH
-1050 Massachusetts Avenue
-Cambridge, MA 02138
-July 2024, Revised February 2025
-We thank Sarah Aaronson, Mira Chaskes, Aidan Creeron, Jamie Emery, Charlie Hutchinson, Jack
-Kelly, Navya Kumar, Isaac Maruyama, Victor Mylonas, Sethu Odayappan, and Lukas Puschnig for
-excellent research assistance. We thank Joseph Aldy, Lucie Gadenne, Ken Gillingham, Michael
-Greenstone, Christopher Knittel, Mark Jacobsen, Al McGartland, Nick Muller, Ishan Nath,
-Jacquelyn Pless, Brian Prest, Imran Rasul, Joe Shapiro, Alex Teytelboym, Rick van der Ploeg, and
-Catherine Wolfram for their excellent comments and thank Jim Stock and Juan Carlos Suárez
-Serrato for both their excellent discussions and additional comments. We also thank seminar
-participants at the NBER Summer Institute Environmental & Energy 2024, Bank of England,
-Carnegie Mellon, European Commission, HEC Lausanne, Harvard University, Institute for Fiscal
-Studies, IMF and the World Bank, London School of Economics, Queen Mary, Paris School of
-Economics, Toulouse School of Economics, Tulane University, University College London,
-University of California San Diego, University of Chicago, and University of Oxford. We thank
-Doyne Farmer and Rupert Way for helpful comments and for sharing their data. This research was
-supported by Policy Impacts, which receives support from the Spiegel Family Fund. The views
-expressed herein are those of the authors and do not necessarily reflect the views of the National
-Bureau of Economic Research.
-NBER working papers are circulated for discussion and comment purposes. They have not been
-peer-reviewed or been subject to the review by the NBER Board of Directors that accompanies
-official NBER publications.
-© 2024 by Robert W. Hahn, Nathaniel Hendren, Robert D. Metcalfe, and Ben Sprung-Keyser. All
-rights reserved. Short sections of text, not to exceed two paragraphs, may be quoted without explicit
-permission provided that full credit, including © notice, is given to the source.
-
-A Welfare Analysis of Policies Impacting Climate Change
-Robert W. Hahn, Nathaniel Hendren, Robert D. Metcalfe, and Ben Sprung-Keyser
-NBER Working Paper No. 32728
-July 2024, Revised February 2025
-JEL No. H0, Q5
-ABSTRACT
-What are the most effective ways to address climate change? This paper extends and applies the
-marginal value of public funds (MVPF) framework to help answer this question. We examine 96
-US climate-related policy changes studied over the past 25 years. These policies span subsidies
-(wind, residential solar, electric and hybrid vehicles, vehicle retirement, appliance rebates,
-weatherization), nudges (marketing, energy conservation), and revenue raisers (fuel taxes, cap and
-trade). For each policy, we draw upon quasi-experimental or experimental evaluations of its causal
-effects and translate those estimates into an MVPF. We apply a consistent translation of these
-behavioral responses into measures of their associated externalities and valuations of those
+A Welfare Analysis of Policies
+Impacting Climate Change∗
+Robert W. Hahn† Nathaniel Hendren‡
+Robert D. Metcalfe§ Ben Sprung-Keyser¶
+November 26, 2024
+Abstract
+What are the most e↵ective ways to address climate change? This paper extends and applies the
+marginal value of public funds (MVPF) framework to help answer this question. We examine
+96 US environmental policy changes studied over the past 25 years. These policies span subsi-
+dies (wind, residential solar, electric and hybrid vehicles, vehicle retirement, appliance rebates,
+weatherization), nudges (marketing, energy conservation), and revenue raisers (fuel taxes, cap
+and trade). For each policy, we draw upon quasi-experimental or experimental evaluations of its
+causal e↵ects and translate those estimates into an MVPF. We apply a consistent translation of
+these behavioral responses into measures of their associated externalities and valuations of those
 externalities. We also provide a new method for incorporating learning-by-doing spillovers. The
 analysis yields three main results: First, subsidies for investments that directly displace the dirty
-production of electricity, such as production tax credits for wind power and subsidies for residential
-solar panels, have higher MVPFs (generally exceeding 2) than all other subsidies in our sample
-(with MVPFs generally around 1). Second, nudges to reduce energy consumption have large
-MVPFs, with values above 5, when targeted to regions of the US with a dirty electric grid. By
-contrast, policies targeting areas with cleaner grids, such as California and the Northeast, have
+production of electricity, such as production tax credits for wind power and subsidies for resi-
+dential solar panels, have higher MVPFs (generally exceeding 2) than all other subsidies in our
+sample (with MVPFs generally around 1). Second, nudges to reduce energy consumption have
+large MVPFs, with values above 5, when targeted to regions of the US with a dirty electric grid.
+Bycontrast,policiestargetingareaswithcleanergrids,suchasCaliforniaandtheNortheast,have
 substantially smaller MVPFs (often below 1). Third, fuel taxes and cap-and-trade policies are
-highly efficient means of raising revenue (with MVPFs below 0.7). We contrast these conclusions
+highly e cient means of raising revenue (with MVPFs below 0.7). We contrast these conclusions
 with those derived from more traditional cost-per-ton metrics used in previous literature.
-Robert W. Hahn Robert D. Metcalfe
-University of Oxford Columbia University
-and Carnegie-Mellon University and NBER
-robert.hahn@smithschool.ox.ac.uk rdm2176@columbia.edu
-Nathaniel Hendren Ben Sprung-Keyser
-Massachusetts Institute of Technology The Wharton School
-and NBER University of Pennsylvania
-nhendren@mit.edu Philadelphia, PA 19104
-bsprungk@wharton.upenn.edu
+∗Acknowledgments: We thank Sarah Aaronson, Mira Chaskes, Aidan Creeron, Jamie Emery, Charlie Hutchinson, Jack Kelly,
+Navya Kumar, Isaac Maruyama, Victor Mylonas, Sethu Odayappan, and Lukas Puschnig for excellent research assistance. We
+thank Joseph Aldy, Lucie Gadenne, Ken Gillingham, Michael Greenstone, Christopher Knittel, Mark Jacobsen, Al McGartland,
+NickMuller,IshanNath,JacquelynPless,BrianPrest,ImranRasul,AlexTeytelboym,RickvanderPloeg,andCatherineWolfram
+for their excellent comments and Jim Stock for both his excellent discussion and comments. We also thank seminar participants
+at the NBER Summer Institute Environmental & Energy 2024, Bank of England, Carnegie Mellon, European Commission, HEC
+Lausanne, Harvard University, Institute for Fiscal Studies, IMF and the World Bank, London School of Economics, Queen Mary,
+Paris School of Economics, Toulouse School of Economics, Tulane University, University College London, University of California
+SanDiego,UniversityofChicago,andUniversityofOxford. WethankDoyneFarmerandRupertWayforhelpfulcommentsand","['unjournal_evaluations/e1welfareclimatechange.md', 'unjournal_evaluations/e2welfareclimatechange.md']",True,2025-11-04T08:48:52.608571
more papers/Carson et al. 2023.pdf,latest_papers_post_UJ/Richard T CarsonJoshua S Graff ZivinJeffrey G Shrader_Choose Your Moments- NIH Peer Review and Scientific Risk Taking.pdf,confirmed_manual,0.5886075949367089,Richard T CarsonJoshua S Graff ZivinJeffrey G Shrader_Choose Your Moments- NIH Peer Review and Scientific Risk Taking,Choose Your Moments: [NIH] Peer Review and Scientific Risk Taking,Carson et al. 2023.pdf,Richard T CarsonJoshua S Graff ZivinJeffrey G Shrader_Choose Your Moments- NIH Peer Review and Scientific Risk Taking.pdf,success,78182,101756,23574,30.152720575068432,932,469,1401,"--- 
+++ 
@@ -1,154 +1,153 @@
-NBER WORKING PAPER SERIES
-CHOOSE YOUR MOMENTS:
-PEER REVIEW AND SCIENTIFIC RISK TAKING
+Choose Your Moments: NIH Peer Review and Scientific
+Risk Taking
 Richard T. Carson
-Joshua S. Graff Zivin
+Joshua Graff Zivin
+∗
 Jeffrey G. Shrader
-Working Paper 31409
-http://www.nber.org/papers/w31409
-NATIONAL BUREAU OF ECONOMIC RESEARCH
-1050 Massachusetts Avenue
-Cambridge, MA 02138
-June 2023
-We acknowledge the financial support of the National Science Foundation through its SciSIP
-Program (Award SBE-1561257). We are grateful for comments from Peter Muennig, Matthew
-Neidell, and Bhaven Sampat, as well as from seminar participants at Columbia University.
-Special thanks to Kyle Myers and Pierre Azoulay for their help with NIH grant data as well as
-their valuable comments. Stephanie Khoury and Tarikua Erda provided excellent research
-assistance. We particularly want to acknowledge the late Jordan Louviere, who shared sage
-advice on experimental design issues before his untimely death. All errors are our own. The
-views expressed herein are those of the authors and do not necessarily reflect the views of the
-National Bureau of Economic Research.
-NBER working papers are circulated for discussion and comment purposes. They have not been
-peer-reviewed or been subject to the review by the NBER Board of Directors that accompanies
-official NBER publications.
-© 2023 by Richard T. Carson, Joshua S. Graff Zivin, and Jeffrey G. Shrader. All rights reserved.
-Short sections of text, not to exceed two paragraphs, may be quoted without explicit permission
-provided that full credit, including © notice, is given to the source.
-
-Choose Your Moments: Peer Review and Scientific Risk Taking
-Richard T. Carson, Joshua S. Graff Zivin, and Jeffrey G. Shrader
-NBER Working Paper No. 31409
-June 2023
-JEL No. H40,O3,O38
-ABSTRACT
-Science funding agencies such as the NIH, NSF, and their counterparts around the world are often
-criticized for being too conservative, funding incremental innovations over more radical but
-riskier projects. One explanation for their conservatism is the way the agencies use peer review of
-scientific proposals. Peer review is the cornerstone of research allocation decisions, but agencies
-typically base decisions on a simple average of peer review scores. More novel ideas are less
-likely to gain consistently high ratings across evaluators and are less likely to be funded. Using a
-discrete choice experiment conducted with a large sample of active biomedical researchers, we
-find that—in contrast to funding agencies—scientists systematically prefer to fund projects with
-more reviewer dissensus. Rather than purely focusing on the first moment of the distribution of
-reviewer scores, they also value the second moment. Further, scientists with the greatest domain
-expertise on a proposal are more enthusiastic about dissensus, and while appetite for dissensus
-shrinks as budgets become tighter, it does not disappear completely. Applying our estimates to
-prior studies mimicking NIH’s review process shows that incorporating expert scientists’
-preferences for dissensus would change marginal funding decisions for ten percent of projects
-worth billions of dollars per year.
-Richard T. Carson Jeffrey G. Shrader
-Department of Economics Columbia University
-University of California, San Diego 420 W 118th St.
-ECON 323 New York, NY 10027
-9500 Gilman Dr. #0508 jgs2103@columbia.edu
-La Jolla, CA 92093-0508
-rcarson@ucsd.edu
-Joshua S. Graff Zivin
-University of California, San Diego
-9500 Gilman Drive, MC 0519
-La Jolla, CA 92093-0519
-and NBER
-jgraffzivin@ucsd.edu
-A data appendix is available at http://www.nber.org/data-appendix/w31409
-
-I. Introduction
+August 19, 2024
+Abstract
+Science funding agencies are often criticized for being too conservative. One explana-
+tion is that agencies typically base decisions on a simple average of peer review scores.
+Using a discrete choice experiment conducted with a large sample of biomedical re-
+searchers, we find that scientists prefer to fund projects with more reviewer dissensus.
+In contrast to funding allocation rules that focus primarily on the first moment of the
+distribution of reviewer scores, they also value the second moment. Scientists with
+the greatest domain expertise are particularly enthusiastic about dissensus. Using
+scientists’ preferences changes funding decisions for projects worth billions of dollars
+annually. (JEL: O31,O32,O38)
+∗Carson: DepartmentofEconomics,UCSanDiego(email: rcarson@ucsd.edu);GraffZivin,Department
+of Economics and School of Global Policy and Strategy, UC San Diego (email: jgraffzivin@ucsd.edu);
+Shrader: School of International and Public Affairs, Columbia University (corresponding author, email:
+jgs2103@columbia.edu). This study was approved by the IRB at the University of California, San Diego.
+WeacknowledgethefinancialsupportoftheNationalScienceFoundationthroughitsSciSIPProgram(Award
+SBE-1561257). We are grateful for comments from Peter Muennig, Matthew Neidell, and Bhaven Sampat,
+as well as from seminar participants at Columbia University, the California Institute of Technology, and
+the NBER Summer Institute. Special thanks to Kyle Myers and Pierre Azoulay for their help with NIH
+grant data as well as their valuable comments. Stephanie Khoury and Tarikua Erda provided excellent
+research assistance. We particularly want to acknowledge the late Jordan Louviere, who shared sage advice
+on experimental design issues before his untimely death. All errors are our own.
+1
+
+1 Introduction
 Fundamental scientific knowledge and the technologies built on it significantly contribute
-toaggregateincomeandeconomicgrowth(NelsonandPhelps1966;Lucas1988;Romer1990;
-Aghion and Howitt 1992; Mokyr 1992). The public good nature of basic scientific discovery",[],False,2025-11-04T08:48:59.252163
papers/Schuett et al. 2023.pdf,latest_papers_post_UJ/Jonas SchuettNoemi DrekslerMarkus AnderljungDavid McCaffaryLennart HeimEmma BluemkeBen Garfinkel_Towards best practices in AGI safety and governance.pdf,confirmed_manual,0.6014492753623188,Jonas SchuettNoemi DrekslerMarkus AnderljungDavid McCaffaryLennart HeimEmma BluemkeBen Garfinkel_Towards best practices in AGI safety and governance,Towards best practices in AGI safety and governance,Schuett et al. 2023.pdf,Jonas SchuettNoemi DrekslerMarkus AnderljungDavid McCaffaryLennart HeimEmma BluemkeBen Garfinkel_Towards best practices in AGI safety and governance.pdf,success,114207,114207,0,0.0,0,0,0,,[],False,2025-11-04T08:49:08.456808
more papers/Arora et al. 2023.pdf,latest_papers_post_UJ/Ashish AroraSharon BelenzonLarisa C CioacaLia SheerHansen Zhang_The Effect of Public Science on Corporate RD.pdf,confirmed_manual,0.6,Ashish AroraSharon BelenzonLarisa C CioacaLia SheerHansen Zhang_The Effect of Public Science on Corporate RD,The Effect of Public Science on Corporate R&D,Arora et al. 2023.pdf,Ashish AroraSharon BelenzonLarisa C CioacaLia SheerHansen Zhang_The Effect of Public Science on Corporate RD.pdf,success,132766,132766,0,0.0,0,0,0,,"['unjournal_evaluations/e2publicscience.md', 'unjournal_evaluations/e1publicscience.md']",True,2025-11-04T08:49:17.130024
more papers/Frech et al. 2023.pdf,latest_papers_post_UJ/H E FrechMark V PaulyWilliam S Comanor Joseph R Martinez_Pharmaceutical Pricing and RD as a Global Public Good.pdf,confirmed_manual,0.5869565217391304,H E FrechMark V PaulyWilliam S Comanor Joseph R Martinez_Pharmaceutical Pricing and RD as a Global Public Good,Pharmaceutical Pricing and R&D as a Global Public Good,Frech et al. 2023.pdf,H E FrechMark V PaulyWilliam S Comanor Joseph R Martinez_Pharmaceutical Pricing and RD as a Global Public Good.pdf,success,82109,82109,0,0.0,0,0,0,,"['unjournal_evaluations/e2pharmpricing.md', 'unjournal_evaluations/e1pharmpricing.md']",True,2025-11-04T08:49:24.120482
more papers/Caviola et al. 2022.pdf,latest_papers_post_UJ/Lucius CaviolaDavid AlthausAndreas L MogensenGeoffrey P Goodwin_Population ethical intuitions.pdf,confirmed_manual,0.6914893617021276,Lucius CaviolaDavid AlthausAndreas L MogensenGeoffrey P Goodwin_Population ethical intuitions,Population ethical intuitions.,Caviola et al. 2022.pdf,Lucius CaviolaDavid AlthausAndreas L MogensenGeoffrey P Goodwin_Population ethical intuitions.pdf,success,180136,180136,0,0.0,0,0,0,,"['unjournal_evaluations/e1popintuitions.md', 'unjournal_evaluations/e2popintuitions.md']",True,2025-11-04T08:49:42.771929
more papers/Blimpo and Castaneda-Dower 2025.pdf,latest_papers_post_UJ/Moussa P BlimpoPaul Castañeda Dower_Asymmetry in Civic Information- An Experiment on Tax Participation among Informal Firms in Togo.pdf,confirmed_manual,0.5806451612903226,Moussa P BlimpoPaul Castañeda Dower_Asymmetry in Civic Information- An Experiment on Tax Participation among Informal Firms in Togo,Asymmetry in Civic Information: An Experiment on Tax Participation among Informal Firms in Togo,Blimpo and Castaneda-Dower 2025.pdf,Moussa P BlimpoPaul Castañeda Dower_Asymmetry in Civic Information- An Experiment on Tax Participation among Informal Firms in Togo.pdf,success,73236,73236,0,0.0,0,0,0,,[],False,2025-11-04T08:49:47.335283
more papers/Acemoglu et al. 2024.pdf,latest_papers_post_UJ/Daron AcemogluCevat Giray AksoyCeren BaysanCarlos MolinaGamze Zeki_Misperceptions and Demand for Democracy under Authoritarianism.pdf,confirmed_manual,0.5987654320987654,Daron AcemogluCevat Giray AksoyCeren BaysanCarlos MolinaGamze Zeki_Misperceptions and Demand for Democracy under Authoritarianism,Misperceptions and Demand for Democracy under Authoritarianism,Acemoglu et al. 2024.pdf,Daron AcemogluCevat Giray AksoyCeren BaysanCarlos MolinaGamze Zeki_Misperceptions and Demand for Democracy under Authoritarianism.pdf,success,116383,120879,4496,3.8631071548250175,849,811,1660,"--- 
+++ 
@@ -10,7 +10,7 @@
 NATIONAL BUREAU OF ECONOMIC RESEARCH
 1050 Massachusetts Avenue
 Cambridge, MA 02138
-October 2024
+October 2024, Revised March 2025
 We are deeply grateful to Evrim Bal, Görkem Başaran, Özer Dondurmacıoğlu, Oltaç Ünsal, the
 volunteers, and the Turkish-American Gezi Platform for their invaluable contributions; this
 project would not have been possible without their support. The project received funding from the
@@ -32,7 +32,7 @@
 Misperceptions and Demand for Democracy under Authoritarianism
 Daron Acemoglu, Cevat Giray Aksoy, Ceren Baysan, Carlos Molina, and Gamze Zeki
 NBER Working Paper No. 33018
-October 2024
+October 2024, Revised March 2025
 JEL No. P16
 ABSTRACT
 This paper investigates whether enduring authoritarian regimes are in part rooted in the
@@ -40,18 +40,18 @@
 preference for authoritarianism. We explore this question using online and field experiments in the
 context of Türkiye’s May 2023 presidential and parliamentary elections. We confirm that voters,
 especially those supporting the incumbent authoritarian government systematically underestimate
-the extent to which democracy and media freedom have been eroded in Türkiye and their usefulness
-in dealing with natural disasters and corruption (two salient issues in Türkiye). We find that
-providing (accurate) information about the state and implications of democracy and media freedom
-have significant effects on beliefs and increase the likelihood of voting for the opposition by about
-3.7 percentage points (6.2 percent) in the online experiment. In the field experiment, we estimate
-similarly-sized impacts on the ballot-box level vote share—with the information treatment leading
-to a 2.4 percentage point (4.4 percent) increase in the opposition’s vote share. Interestingly, both in
-the field and online, the results are driven not by further mobilizing opposition supporters, but by
-influencing those likely to vote for the governing coalition and those holding more misperceived
-beliefs about democracy and media freedom in Türkiye. The evidence suggests that at least part of
-the support for authoritarian regimes may be coming from misperceptions about their institutions
-and policies, and may be more malleable than typically presumed.
+both the extent to which democracy and media freedom have been eroded in Türkiye’ and their
+usefulness in dealing with natural disasters and corruption (two salient issues in Türkiye). We find
+that providing (accurate) information about the state and implications of democracy and media
+freedom have significant effects on beliefs and increase the likelihood of voting for the opposition
+by about 3.7 percentage points (6.2 percent) in the online experiment. In the field experiment, the
+ballot-box level opposition vote share in neighborhoods receiving the information treatment
+increases by 0.8 percentage point (1.5 percent). Interestingly, both in the field and online, the results
+are driven not by further mobilizing opposition supporters, but by influencing those likely to vote
+for the governing coalition and those holding more misperceived beliefs about democracy and
+media freedom in Türkiye. The evidence suggests that at least part of the support for authoritarian
+regimes may be coming from misperceptions about their institutions and policies, and may be more
+malleable than typically presumed.
 Daron Acemoglu Carlos Molina
 Department of Economics, E52-446 University of South Carolina
 Massachusetts Institute of Technology 1014 Greene St
@@ -61,7 +61,12 @@
 daron@mit.edu Gamze Zeki
 Stockholm University
 Cevat Giray Aksoy gamze.zeki@su.se
-King's College London
+King’s College London
+Bush House North East Wing
+30 Aldwych
+London WC2B 4BG
+United Kingdom
+and King's College London
 cevat.aksoy@kcl.ac.uk
 Ceren Baysan
 University of Toronto
@@ -69,7 +74,7 @@
 
 1 Introduction
 A view pithily summarized by the French conservative philosopher Joseph de Maistre’s 1857
-statement, “Toute nation a le gouvernement qu’elle mérite” [Nations get the government
+statement, “Toute nation a le gouvernement qu’elle m´erite” [Nations get the government
 they deserve], explains enduring authoritarian governments in many countries around the
 world by lack of true demand for democracy within their populations. This perspective
 is often invoked in explaining why democracy will not take root in China or Russia (e.g.,
@@ -77,18 +82,18 @@
 regimes also control the media, repress dissent and use rigged elections and propaganda in
 order to convince their populations that they are more democratic than they truly are (as
 in Russia, Hungary or India today) or often argue that democracy would bring gridlock or
-even chaos (as in China or Türkiye). This raises the possibility that the population may
+even chaos (as in China or Tu¨rkiye). This raises the possibility that the population may
 hold misperceived beliefs about the state and the utility of democracy in their country.
-We investigate these issues in the context of Türkiye’s May 2023 parliamentary and (two
+We investigate these issues in the context of Tu¨rkiye’s May 2023 parliamentary and (two
 rounds of) presidential elections, which The Economist Magazine described as the “most
 important election of 2023” and crucial for “the future of democracy.”1 The election came
-after more than 20 years of rule by Recep Tayyip Erdog̃an and his AKP (Justice and Devel-
+after more than 20 years of rule by Recep Tayyip Erdog˜an and his AKP (Justice and Devel-
 opment) party, during which time, according to V-DEM data, the country experienced the
 second largest deterioration in democratic institutions worldwide, only after Nicaragua (e.g.,
 Freedom House [2024]). Consistent with the possibility that there may be systematic misper-
 ceptions in the population, our baseline surveys reveal that Turkish voters, especially those
 supporting the governing coalition, hold more optimistic views about how democracy and
-media freedom/independence in the country have evolved since Erdog̃an came to power in
+media freedom/independence in the country have evolved since Erdog˜an came to power in
 2003andmorepessimisticbeliefsaboutwhetherdemocracycanbemoresuccessfulindealing
 with natural disasters and whether media freedom will be good for controlling corruption.2
 We use an online experiment and a large-scale field experiment, involving 880,000 voters.
@@ -99,244 +104,288 @@
 media freedom and corruption on the other (e.g., Besley and Burgess [2002], Brunetti and
 Weder [2003], Ferraz and Finan [2008], Larreguy et al. [2020]). These two issues were top","['unjournal_evaluations/e2demandfordemocracy.md', 'unjournal_evaluations/e1demandfordemocracy.md']",True,2025-11-04T08:49:59.500683
more papers/Green et al. 2025.pdf,latest_papers_post_UJ/Seth Ariel GreenAustin Benny SmithMaya Mathur_Meaningfully reducing consumption of meat and animal products is an unsolved problem- A meta-analysi.pdf,confirmed_manual,0.5956521739130435,Seth Ariel GreenAustin Benny SmithMaya Mathur_Meaningfully reducing consumption of meat and animal products is an unsolved problem- A meta-analysi,Meaningfully reducing consumption of meat and animal products is an unsolved problem: A meta-analysis,Green et al. 2025.pdf,Seth Ariel GreenAustin Benny SmithMaya Mathur_Meaningfully reducing consumption of meat and animal products is an unsolved problem- A meta-analysi.pdf,success,65016,65016,0,0.0,0,0,0,,[],False,2025-11-04T08:50:04.028058
